# rakshak-hub recording v1
# started: 2026-09-24T22:16:24+05:30
# port: auto  baud: 921600
# format: <seconds since start><TAB><raw line from the ESP32>
0.008	0.044,0.899,0.507,11.76,-2.14,0.14,1.86,65.66]]}
0.008	0.044,0.899,0.507,11.76,-2.14,0.14,1.86,65.66]]}
0.008	0.044,0.899,0.507,11.76,-2.14,0.14,1.86,65.66]]}
0.008	0.044,0.899,0.507,11.76,-2.14,0.14,1.86,65.66]]}
0.008	0.044,0.899,0.507,11.76,-2.14,0.14,1.86,65.66]]}
0.008	0.044,0.899,0.507,11.76,-2.14,0.14,1.86,65.66]]}
0.009	0.044,0.899,0.507,11.76,-2.14,0.14,1.86,65.66]]}
0.009	0.044,0.899,0.507,11.76,-2.14,0.14,1.86,65.66]]}
0.009	0.044,0.899,0.507,11.76,-2.14,0.14,1.86,65.66]]}
0.009	0.044,0.899,0.507,11.76,-2.14,0.14,1.86,65.66]]}
0.009	0.044,0.899,0.507,11.76,-2.14,0.14,1.86,65.66]]}
0.009	0.044,0.899,0.507,11.76,-2.14,0.14,1.86,65.66]]}
0.009	0.044,0.899,0.507,11.76,-2.14,0.14,1.86,65.66]]}
0.009	0.044,0.899,0.507,11.76,-2.14,0.14,1.86,65.66]]}
0.010	0.044,0.899,0.507,11.76,-2.14,0.14,1.86,65.66]]}
0.010	0.044,0.899,0.507,11.76,-2.14,0.14,1.86,65.66]]}
0.010	0.044,0.899,0.507,11.76,-2.14,0.14,1.86,65.66]]}
0.010	0.044,0.899,0.507,11.76,-2.14,0.14,1.86,65.66]]}
0.010	0.044,0.899,0.507,11.76,-2.14,0.14,1.86,65.66]]}
0.010	0.044,0.899,0.507,11.76,-2.14,0.14,1.86,65.66]]}
0.010	0.044,0.899,0.507,11.76,-2.14,0.14,1.86,65.66]]}
0.011	0.044,0.899,0.507,11.76,-2.14,0.14,1.86,65.66]]}
0.011	0.044,0.899,0.507,11.76,-2.14,0.14,1.86,65.66]]}
0.011	0.044,0.899,0.507,11.76,-2.14,0.14,1.86,65.66]]}
0.011	0.044,0.899,0.507,11.76,-2.14,0.14,1.86,65.66]]}
0.011	0.044,0.899,0.507,11.76,-2.14,0.14,1.86,65.66]]}
0.011	0.044,0.899,0.507,11.76,-2.14,0.14,1.86,65.66]]}
0.011	0.044,0.899,0.507,11.76,-2.14,0.14,1.86,65.66]]}
0.011	0.044,0.899,0.507,11.76,-2.14,0.14,1.86,65.66]]}
0.012	0.044,0.899,0.507,11.76,-2.14,0.14,1.86,65.66]]}
0.012	0.044,0.899,0.507,11.76,-2.14,0.14,1.86,65.66]]}
0.012	0.044,0.899,0.507,11.76,-2.14,0.14,1.86,65.66]]}
0.012	0.044,0.899,0.507,11.76,-2.14,0.14,1.86,65.66]]}
0.012	0.044,0.899,0.507,11.76,-2.14,0.14,1.86,65.66]]}
0.012	0.044,0.899,0.507,11.76,-2.14,0.14,1.86,65.66]]}
0.012	0.044,0.899,0.507,11.76,-2.14,0.14,1.86,65.66]]}
0.013	0.044,0.899,0.507,11.76,-2.14,0.14,1.86,65.66]]}
0.013	0.044,0.899,0.507,11.76,-2.14,0.14,1.86,65.66]]}
0.013	0.044,0.899,0.507,11.76,-2.14,0.14,1.86,65.66]]}
0.013	0.044,0.899,0.507,11.76,-2.14,0.14,1.86,65.66]]}
0.013	0.044,0.899,0.507,11.76,-2.14,0.14,1.86,65.66]]}
0.013	0.044,0.899,0.507,11.76,-2.14,0.14,1.86,65.66]]}
0.013	0.044,0.899,0.507,11.76,-2.14,0.14,1.86,65.66]]}
0.013	0.044,0.899,0.507,11.76,-2.14,0.14,1.86,65.66]]}
0.014	0.044,0.899,0.507,11.76,-2.14,0.14,1.86,65.66]]}
0.014	0.044,0.899,0.507,11.76,-2.14,0.14,1.86,65.66]]}
0.014	0.044,0.899,0.507,11.76,-2.14,0.14,1.86,65.66]]}
0.014	0.044,0.899,0.507,11.76,-2.14,0.14,1.86,65.66]]}
0.014	0.044,0.899,0.507,11.76,-2.14,0.14,1.86,65.66]]}
0.014	0.044,0.899,0.507,11.76,-2.14,0.14,1.86,65.66]]}
0.014	0.044,0.899,0.507,11.76,-2.14,0.14,1.86,65.66]]}
0.014	0.044,0.899,0.507,11.76,-2.14,0.14,1.86,65.66]]}
0.014	0.044,0.899,0.507,11.76,-2.14,0.14,1.86,65.66]]}
0.015	0.044,0.899,0.507,11.76,-2.14,0.14,1.86,65.66]]}
0.015	0.044,0.899,0.507,11.76,-2.14,0.14,1.86,65.66]]}
0.015	0.044,0.899,0.507,11.76,-2.14,0.14,1.86,65.66]]}
0.015	0.044,0.899,0.507,11.76,-2.14,0.14,1.86,65.66]]}
0.015	0.044,0.899,0.507,11.76,-2.14,0.14,1.86,65.66]]}
0.015	0.044,0.899,0.507,11.76,-2.14,0.14,1.86,65.66]]}
0.015	0.044,0.899,0.507,11.76,-2.14,0.14,1.86,65.66]]}
0.015	0.044,0.899,0.507,11.76,-2.14,0.14,1.86,65.66]]}
0.016	0.044,0.899,0.507,11.76,-2.14,0.14,1.86,65.66]]}
0.016	0.044,0.899,0.507,11.76,-2.14,0.14,1.86,65.66]]}
0.016	0.044,0.899,0.507,11.76,-2.14,0.14,1.86,65.66]]}
0.016	0.044,0.899,0.507,11.76,-2.14,0.14,1.86,65.66]]}
0.016	0.044,0.899,0.507,11.76,-2.14,0.14,1.86,65.66]]}
0.016	0.044,0.899,0.507,11.76,-2.14,0.14,1.86,65.66]]}
0.016	0.044,0.899,0.507,11.76,-2.14,0.14,1.86,65.66]]}
0.016	0.044,0.899,0.507,11.76,-2.14,0.14,1.86,65.66]]}
0.016	0.044,0.899,0.507,11.76,-2.14,0.14,1.86,65.66]]}
0.017	0.044,0.899,0.507,11.76,-2.14,0.14,1.86,65.66]]}
0.017	0.044,0.899,0.507,11.76,-2.14,0.14,1.86,65.66]]}
0.017	0.044,0.899,0.507,11.76,-2.14,0.14,1.86,65.66]]}
0.017	0.044,0.899,0.507,11.76,-2.14,0.14,1.86,65.66]]}
0.017	0.044,0.899,0.507,11.76,-2.14,0.14,1.86,65.66]]}
0.017	0.044,0.899,0.507,11.76,-2.14,0.14,1.86,65.66]]}
0.017	0.044,0.899,0.507,11.76,-2.14,0.14,1.86,65.66]]}
0.017	0.044,0.899,0.507,11.76,-2.14,0.14,1.86,65.66]]}
0.018	0.044,0.899,0.507,11.76,-2.14,0.14,1.86,65.66]]}
0.018	0.044,0.899,0.507,11.76,-2.14,0.14,1.86,65.66]]}
0.018	0.044,0.899,0.507,11.76,-2.14,0.14,1.86,65.66]]}
0.018	0.044,0.899,0.507,11.76,-2.14,0.14,1.86,65.66]]}
0.018	0.044,0.899,0.507,11.76,-2.14,0.14,1.86,65.66]]}
0.018	0.044,0.899,0.507,11.76,-2.14,0.14,1.86,65.66]]}
0.018	0.044,0.899,0.507,11.76,-2.14,0.14,1.86,65.66]]}
0.018	0.044,0.899,0.507,11.76,-2.14,0.14,1.86,65.66]]}
0.018	0.044,0.899,0.507,11.76,-2.14,0.14,1.86,65.66]]}
0.019	0.044,0.899,0.507,11.76,-2.14,0.14,1.86,65.66]]}
0.019	0.044,0.899,0.507,11.76,-2.14,0.14,1.86,65.66]]}
0.019	0.044,0.899,0.507,11.76,-2.14,0.14,1.86,65.66]]}
0.019	0.044,0.899,0.507,11.76,-2.14,0.14,1.86,65.66]]}
0.019	0.044,0.899,0.507,11.76,-2.14,0.14,1.86,65.66]]}
0.019	0.044,0.899,0.507,11.76,-2.14,0.14,1.86,65.66]]}
0.019	0.044,0.899,0.507,11.76,-2.14,0.14,1.86,65.66]]}
0.019	0.044,0.899,0.507,11.76,-2.14,0.14,1.86,65.66]]}
0.019	0.044,0.899,0.507,11.76,-2.14,0.14,1.86,65.66]]}
0.019	0.044,0.899,0.507,11.76,-2.14,0.14,1.86,65.66]]}
0.020	0.044,0.899,0.507,11.76,-2.14,0.14,1.86,65.66]]}
0.020	0.044,0.899,0.507,11.76,-2.14,0.14,1.86,65.66]]}
0.020	0.044,0.899,0.507,11.76,-2.14,0.14,1.86,65.66]]}
0.020	0.044,0.899,0.507,11.76,-2.14,0.14,1.86,65.66]]}
0.020	0.044,0.899,0.507,11.76,-2.14,0.14,1.86,65.66]]}
0.020	0.044,0.899,0.507,11.76,-2.14,0.14,1.86,65.66]]}
0.020	0.044,0.899,0.507,11.76,-2.14,0.14,1.86,65.66]]}
0.020	0.044,0.899,0.507,11.76,-2.14,0.14,1.86,65.66]]}
0.020	0.044,0.899,0.507,11.76,-2.14,0.14,1.86,65.66]]}
0.021	0.044,0.899,0.507,11.76,-2.14,0.14,1.86,65.66]]}
0.021	0.044,0.899,0.507,11.76,-2.14,0.14,1.86,65.66]]}
0.021	0.044,0.899,0.507,11.76,-2.14,0.14,1.86,65.66]]}
0.021	0.044,0.899,0.507,11.76,-2.14,0.14,1.86,65.66]]}
0.021	0.044,0.899,0.507,11.76,-2.14,0.14,1.86,65.66]]}
0.021	0.044,0.899,0.507,11.76,-2.14,0.14,1.86,65.66]]}
0.021	0.044,0.899,0.507,11.76,-2.14,0.14,1.86,65.66]]}
0.021	0.044,0.899,0.507,11.76,-2.14,0.14,1.86,65.66]]}
0.021	0.044,0.899,0.507,11.76,-2.14,0.14,1.86,65.66]]}
0.021	0.044,0.899,0.507,11.76,-2.14,0.14,1.86,65.66]]}
0.022	0.044,0.899,0.507,11.76,-2.14,0.14,1.86,65.66]]}
0.022	0.044,0.899,0.507,11.76,-2.14,0.14,1.86,65.66]]}
0.022	0.044,0.899,0.507,11.76,-2.14,0.14,1.86,65.66]]}
0.022	0.044,0.899,0.507,11.76,-2.14,0.14,1.86,65.66]]}
0.022	0.044,0.899,0.507,11.76,-2.14,0.14,1.86,65.66]]}
0.022	0.044,0.899,0.507,11.76,-2.14,0.14,1.86,65.66]]}
0.022	0.044,0.899,0.507,11.76,-2.14,0.14,1.86,65.66]]}
0.022	0.044,0.899,0.507,11.76,-2.14,0.14,1.86,65.66]]}
0.022	0.044,0.899,0.507,11.76,-2.14,0.14,1.86,65.66]]}
0.023	0.044,0.899,0.507,11.76,-2.14,0.14,1.86,65.66]]}
0.023	0.044,0.899,0.507,11.76,-2.14,0.14,1.86,65.66]]}
0.023	0.044,0.899,0.507,11.76,-2.14,0.14,1.86,65.66]]}
0.023	0.044,0.899,0.507,11.76,-2.14,0.14,1.86,65.66]]}
0.023	0.044,0.899,0.507,11.76,-2.14,0.14,1.86,65.66]]}
0.023	0.044,0.899,0.507,11.76,-2.14,0.14,1.86,65.66]]}
0.023	0.044,0.899,0.507,11.76,-2.14,0.14,1.86,65.66]]}
0.023	0.044,0.899,0.507,11.76,-2.14,0.14,1.86,65.66]]}
0.023	0.044,0.899,0.507,11.76,-2.14,0.14,1.86,65.66]]}
0.023	0.044,0.899,0.507,11.76,-2.14,0.14,1.86,65.66]]}
0.024	0.044,0.899,0.507,11.76,-2.14,0.14,1.86,65.66]]}
0.024	0.044,0.899,0.507,11.76,-2.14,0.14,1.86,65.66]]}
0.024	0.044,0.899,0.507,11.76,-2.14,0.14,1.86,65.66]]}
0.024	0.044,0.899,0.507,11.76,-2.14,0.14,1.86,65.66]]}
0.024	0.044,0.899,0.507,11.76,-2.14,0.14,1.86,65.66]]}
0.024	0.044,0.899,0.507,11.76,-2.14,0.14,1.86,65.66]]}
0.024	0.044,0.899,0.507,11.76,-2.14,0.14,1.86,65.66]]}
0.024	0.044,0.899,0.507,11.76,-2.14,0.14,1.86,65.66]]}
0.024	0.044,0.899,0.507,11.76,-2.14,0.14,1.86,65.66]]}
0.024	0.044,0.899,0.507,11.76,-2.14,0.14,1.86,65.66]]}
0.025	0.044,0.899,0.507,11.76,-2.14,0.14,1.86,65.66]]}
0.025	0.044,0.899,0.507,11.76,-2.14,0.14,1.86,65.66]]}
0.025	0.044,0.899,0.507,11.76,-2.14,0.14,1.86,65.66]]}
0.025	0.044,0.899,0.507,11.76,-2.14,0.14,1.86,65.66]]}
0.025	0.044,0.899,0.507,11.76,-2.14,0.14,1.86,65.66]]}
0.025	0.044,0.899,0.507,11.76,-2.14,0.14,1.86,65.66]]}
0.025	0.044,0.899,0.507,11.76,-2.14,0.14,1.86,65.66]]}
0.025	0.044,0.899,0.507,11.76,-2.14,0.14,1.86,65.66]]}
0.025	0.044,0.899,0.507,11.76,-2.14,0.14,1.86,65.66]]}
0.025	0.044,0.899,0.507,11.76,-2.14,0.14,1.86,65.66]]}
0.026	0.044,0.899,0.507,11.76,-2.14,0.14,1.86,65.66]]}
0.026	0.044,0.899,0.507,11.76,-2.14,0.14,1.86,65.66]]}
0.026	0.044,0.899,0.507,11.76,-2.14,0.14,1.86,65.66]]}
0.026	0.044,0.899,0.507,11.76,-2.14,0.14,1.86,65.66]]}
0.026	0.044,0.899,0.507,11.76,-2.14,0.14,1.86,65.66]]}
0.026	0.044,0.899,0.507,11.76,-2.14,0.14,1.86,65.66]]}
0.026	0.044,0.899,0.507,11.76,-2.14,0.14,1.86,65.66]]}
0.026	0.044,0.899,0.507,11.76,-2.14,0.14,1.86,65.66]]}
0.026	0.044,0.899,0.507,11.76,-2.14,0.14,1.86,65.66]]}
0.026	0.044,0.899,0.507,11.76,-2.14,0.14,1.86,65.66]]}
0.027	0.044,0.899,0.507,11.76,-2.14,0.14,1.86,65.66]]}
0.027	0.044,0.899,0.507,11.76,-2.14,0.14,1.86,65.66]]}
0.027	0.044,0.899,0.507,11.76,-2.14,0.14,1.86,65.66]]}
0.027	0.044,0.899,0.507,11.76,-2.14,0.14,1.86,65.66]]}
0.027	0.044,0.899,0.507,11.76,-2.14,0.14,1.86,65.66]]}
0.027	0.044,0.899,0.507,11.76,-2.14,0.14,1.86,65.66]]}
0.027	0.044,0.899,0.507,11.76,-2.14,0.14,1.86,65.66]]}
0.027	0.044,0.899,0.507,11.76,-2.14,0.14,1.86,65.66]]}
0.027	0.044,0.899,0.507,11.76,-2.14,0.14,1.86,65.66]]}
0.027	0.044,0.899,0.507,11.76,-2.14,0.14,1.86,65.66]]}
0.028	0.044,0.899,0.507,11.76,-2.14,0.14,1.86,65.66]]}
0.028	0.044,0.899,0.507,11.76,-2.14,0.14,1.86,65.66]]}
0.028	0.044,0.899,0.507,11.76,-2.14,0.14,1.86,65.66]]}
0.028	0.044,0.899,0.507,11.76,-2.14,0.14,1.86,65.66]]}
0.028	0.044,0.899,0.507,11.76,-2.14,0.14,1.86,65.66]]}
0.028	0.044,0.899,0.507,11.76,-2.14,0.14,1.86,65.66]]}
0.028	0.044,0.899,0.507,11.76,-2.14,0.14,1.86,65.66]]}
0.028	0.044,0.899,0.507,11.76,-2.14,0.14,1.86,65.66]]}
0.028	0.044,0.899,0.507,11.76,-2.14,0.14,1.86,65.66]]}
0.028	0.044,0.899,0.507,11.76,-2.14,0.14,1.86,65.66]]}
0.029	0.044,0.899,0.507,11.76,-2.14,0.14,1.86,65.66]]}
0.029	0.044,0.899,0.507,11.76,-2.14,0.14,1.86,65.66]]}
0.029	0.044,0.899,0.507,11.76,-2.14,0.14,1.86,65.66]]}
0.029	0.044,0.899,0.507,11.76,-2.14,0.14,1.86,65.66]]}
0.029	0.044,0.899,0.507,11.76,-2.14,0.14,1.86,65.66]]}
0.029	0.044,0.899,0.507,11.76,-2.14,0.14,1.86,65.66]]}
0.029	0.044,0.899,0.507,11.76,-2.14,0.14,1.86,65.66]]}
0.029	0.044,0.899,0.507,11.76,-2.14,0.14,1.86,65.66]]}
0.029	0.044,0.899,0.507,11.76,-2.14,0.14,1.86,65.66]]}
0.029	0.044,0.899,0.507,11.76,-2.14,0.14,1.86,65.66]]}
0.030	0.044,0.899,0.507,11.76,-2.14,0.14,1.86,65.66]]}
0.030	0.044,0.899,0.507,11.76,-2.14,0.14,1.86,65.66]]}
0.030	0.044,0.899,0.507,11.76,-2.14,0.14,1.86,65.66]]}
0.030	0.044,0.899,0.507,11.76,-2.14,0.14,1.86,65.66]]}
0.030	0.044,0.899,0.507,11.76,-2.14,0.14,1.86,65.66]]}
0.030	0.044,0.899,0.507,11.76,-2.14,0.14,1.86,65.66]]}
0.030	0.044,0.899,0.507,11.76,-2.14,0.14,1.86,65.66]]}
0.030	0.044,0.899,0.507,11.76,-2.14,0.14,1.86,65.66]]}
0.030	0.044,0.899,0.507,11.76,-2.14,0.14,1.86,65.66]]}
0.030	0.044,0.899,0.507,11.76,-2.14,0.14,1.86,65.66]]}
0.031	0.044,0.899,0.507,11.76,-2.14,0.14,1.86,65.66]]}
0.031	0.044,0.899,0.507,11.76,-2.14,0.14,1.86,65.66]]}
0.031	0.044,0.899,0.507,11.76,-2.14,0.14,1.86,65.66]]}
0.031	0.044,0.899,0.507,11.76,-2.14,0.14,1.86,65.66]]}
0.031	0.044,0.899,0.507,11.76,-2.14,0.14,1.86,65.66]]}
0.031	0.044,0.899,0.507,11.76,-2.14,0.14,1.86,65.66]]}
0.031	0.044,0.899,0.507,11.76,-2.14,0.14,1.86,65.66]]}
0.031	0.044,0.899,0.507,11.76,-2.14,0.14,1.86,65.66]]}
0.031	0.044,0.899,0.507,11.76,-2.14,0.14,1.86,65.66]]}
0.031	0.044,0.899,0.507,11.76,-2.14,0.14,1.86,65.66]]}
0.032	0.044,0.899,0.507,11.76,-2.14,0.14,1.86,65.66]]}
0.032	0.044,0.899,0.507,11.76,-2.14,0.14,1.86,65.66]]}
0.032	0.044,0.899,0.507,11.76,-2.14,0.14,1.86,65.66]]}
0.032	0.044,0.899,0.507,11.76,-2.14,0.14,1.86,65.66]]}
0.032	0.044,0.899,0.507,11.76,-2.14,0.14,1.86,65.66]]}
0.032	0.044,0.899,0.507,11.76,-2.14,0.14,1.86,65.66]]}
0.032	0.044,0.899,0.507,11.76,-2.14,0.14,1.86,65.66]]}
0.032	0.044,0.899,0.507,11.76,-2.14,0.14,1.86,65.66]]}
0.032	0.044,0.899,0.507,11.76,-2.14,0.14,1.86,65.66]]}
0.032	0.044,0.899,0.507,11.76,-2.14,0.14,1.86,65.66]]}
0.033	0.044,0.899,0.507,11.76,-2.14,0.14,1.86,65.66]]}
0.033	0.044,0.899,0.507,11.76,-2.14,0.14,1.86,65.66]]}
0.033	0.044,0.899,0.507,11.76,-2.14,0.14,1.86,65.66]]}
0.033	0.044,0.899,0.507,11.76,-2.14,0.14,1.86,65.66]]}
0.033	0.044,0.899,0.507,11.76,-2.14,0.14,1.86,65.66]]}
0.033	0.044,0.899,0.507,11.76,-2.14,0.14,1.86,65.66]]}
0.033	0.044,0.899,0.507,11.76,-2.14,0.14,1.86,65.66]]}
0.033	0.044,0.899,0.507,11.76,-2.14,0.14,1.86,65.66]]}
0.033	0.044,0.899,0.507,11.76,-2.14,0.14,1.86,65.66]]}
0.033	0.044,0.899,0.507,11.76,-2.14,0.14,1.86,65.66]]}
0.034	0.044,0.899,0.507,11.76,-2.14,0.14,1.86,65.66]]}
0.034	0.044,0.899,0.507,11.76,-2.14,0.14,1.86,65.66]]}
0.034	0.044,0.899,0.507,11.76,-2.14,0.14,1.86,65.66]]}
0.034	0.044,0.899,0.507,11.76,-2.14,0.14,1.86,65.66]]}
0.034	0.044,0.899,0.507,11.76,-2.14,0.14,1.86,65.66]]}
0.034	0.044,0.899,0.507,11.76,-2.14,0.14,1.86,65.66]]}
0.034	0.044,0.899,0.507,11.76,-2.14,0.14,1.86,65.66]]}
0.034	0.044,0.899,0.507,11.76,-2.14,0.14,1.86,65.66]]}
0.034	0.044,0.899,0.507,11.76,-2.14,0.14,1.86,65.66]]}
0.035	0.044,0.899,0.507,11.76,-2.14,0.14,1.86,65.66]]}
0.035	0.044,0.899,0.507,11.76,-2.14,0.14,1.86,65.66]]}
0.035	0.044,0.899,0.507,11.76,-2.14,0.14,1.86,65.66]]}
0.035	0.044,0.899,0.507,11.76,-2.14,0.14,1.86,65.66]]}
0.035	0.044,0.899,0.507,11.76,-2.14,0.14,1.86,65.66]]}
0.035	0.044,0.899,0.507,11.76,-2.14,0.14,1.86,65.66]]}
0.035	0.044,0.899,0.507,11.76,-2.14,0.14,1.86,65.66]]}
0.035	0.044,0.899,0.507,11.76,-2.14,0.14,1.86,65.66]]}
0.035	0.044,0.899,0.507,11.76,-2.14,0.14,1.86,65.66]]}
0.035	0.044,0.899,0.507,11.76,-2.14,0.14,1.86,65.66]]}
0.035	0.044,0.899,0.507,11.76,-2.14,0.14,1.86,65.66]]}
0.035	0.044,0.899,0.507,11.76,-2.14,0.14,1.86,65.66]]}
0.036	0.044,0.899,0.507,11.76,-2.14,0.14,1.86,65.66]]}
0.036	0.044,0.899,0.507,11.76,-2.14,0.14,1.86,65.66]]}
0.036	0.044,0.899,0.507,11.76,-2.14,0.14,1.86,65.66]]}
0.036	0.044,0.899,0.507,11.76,-2.14,0.14,1.86,65.66]]}
0.036	0.044,0.899,0.507,11.76,-2.14,0.14,1.86,65.66]]}
0.036	0.044,0.899,0.507,11.76,-2.14,0.14,1.86,65.66]]}
0.036	0.044,0.899,0.507,11.76,-2.14,0.14,1.86,65.66]]}
0.036	0.044,0.899,0.507,11.76,-2.14,0.14,1.86,65.66]]}
0.036	0.044,0.899,0.507,11.76,-2.14,0.14,1.86,65.66]]}
0.036	0.044,0.899,0.507,11.76,-2.14,0.14,1.86,65.66]]}
0.036	0.044,0.899,0.507,11.76,-2.14,0.14,1.86,65.66]]}
0.037	0.044,0.899,0.507,11.76,-2.14,0.14,1.86,65.66]]}
0.037	0.044,0.899,0.507,11.76,-2.14,0.14,1.86,65.66]]}
0.037	0.044,0.899,0.507,11.76,-2.14,0.14,1.86,65.66]]}
0.037	0.044,0.899,0.507,11.76,-2.14,0.14,1.86,65.66]]}
0.037	0.044,0.899,0.507,11.76,-2.14,0.14,1.86,65.66]]}
0.037	0.044,0.899,0.507,11.76,-2.14,0.14,1.86,65.66]]}
0.037	0.044,0.899,0.507,11.76,-2.14,0.14,1.86,65.66]]}
0.037	0.044,0.899,0.507,11.76,-2.14,0.14,1.86,65.66]]}
0.037	0.044,0.899,0.507,11.76,-2.14,0.14,1.86,65.66]]}
0.037	0.044,0.899,0.507,11.76,-2.14,0.14,1.86,65.66]]}
0.037	0.044,0.899,0.507,11.76,-2.14,0.14,1.86,65.66]]}
0.038	0.044,0.899,0.507,11.76,-2.14,0.14,1.86,65.66]]}
0.038	0.044,0.899,0.507,11.76,-2.14,0.14,1.86,65.66]]}
0.038	0.044,0.899,0.507,11.76,-2.14,0.14,1.86,65.66]]}
0.038	0.044,0.899,0.507,11.76,-2.14,0.14,1.86,65.66]]}
0.038	0.044,0.899,0.507,11.76,-2.14,0.14,1.86,65.66]]}
0.038	0.044,0.899,0.507,11.76,-2.14,0.14,1.86,65.66]]}
0.038	0.044,0.899,0.507,11.76,-2.14,0.14,1.86,65.66]]}
0.038	0.044,0.899,0.507,11.76,-2.14,0.14,1.86,65.66]]}
0.038	0.044,0.899,0.507,11.76,-2.14,0.14,1.86,65.66]]}
0.038	0.044,0.899,0.507,11.76,-2.14,0.14,1.86,65.66]]}
0.038	0.044,0.899,0.507,11.76,-2.14,0.14,1.86,65.66]]}
0.038	0.044,0.899,0.507,11.76,-2.14,0.14,1.86,65.66]]}
0.039	0.044,0.899,0.507,11.76,-2.14,0.14,1.86,65.66]]}
0.039	0.044,0.899,0.507,11.76,-2.14,0.14,1.86,65.66]]}
0.039	0.044,0.899,0.507,11.76,-2.14,0.14,1.86,65.66]]}
0.039	0.044,0.899,0.507,11.76,-2.14,0.14,1.86,65.66]]}
0.039	0.044,0.899,0.507,11.76,-2.14,0.14,1.86,65.66]]}
0.039	0.044,0.899,0.507,11.76,-2.14,0.14,1.86,65.66]]}
0.039	0.044,0.899,0.507,11.76,-2.14,0.14,1.86,65.66]]}
0.039	0.044,0.899,0.507,11.76,-2.14,0.14,1.86,65.66]]}
0.039	0.044,0.899,0.507,11.76,-2.14,0.14,1.86,65.66]]}
0.039	0.044,0.899,0.507,11.76,-2.14,0.14,1.86,65.66]]}
0.039	0.044,0.899,0.507,11.76,-2.14,0.14,1.86,65.66]]}
0.040	0.044,0.899,0.507,11.76,-2.14,0.14,1.86,65.66]]}
0.040	0.044,0.899,0.507,11.76,-2.14,0.14,1.86,65.66]]}
0.040	0.044,0.899,0.507,11.76,-2.14,0.14,1.86,65.66]]}
0.040	0.044,0.899,0.507,11.76,-2.14,0.14,1.86,65.66]]}
0.040	0.044,0.899,0.507,11.76,-2.14,0.14,1.86,65.66]]}
0.040	0.044,0.899,0.507,11.76,-2.14,0.14,1.86,65.66]]}
0.040	0.044,0.899,0.507,11.76,-2.14,0.14,1.86,65.66]]}
0.040	0.044,0.899,0.507,11.76,-2.14,0.14,1.86,65.66]]}
0.040	0.044,0.899,0.507,11.76,-2.14,0.14,1.86,65.66]]}
0.040	0.044,0.899,0.507,11.76,-2.14,0.14,1.86,65.66]]}
0.040	0.044,0.899,0.507,11.76,-2.14,0.14,1.86,65.66]]}
0.041	0.044,0.899,0.507,11.76,-2.14,0.14,1.86,65.66]]}
0.041	0.044,0.899,0.507,11.76,-2.14,0.14,1.86,65.66]]}
0.041	0.044,0.899,0.507,11.76,-2.14,0.14,1.86,65.66]]}
0.041	0.044,0.899,0.507,11.76,-2.14,0.14,1.86,65.66]]}
0.041	0.044,0.899,0.507,11.76,-2.14,0.14,1.86,65.66]]}
0.041	0.044,0.899,0.507,11.76,-2.14,0.14,1.86,65.66]]}
0.041	0.044,0.899,0.507,11.76,-2.14,0.14,1.86,65.66]]}
0.041	0.044,0.899,0.507,11.76,-2.14,0.14,1.86,65.66]]}
0.041	0.044,0.899,0.507,11.76,-2.14,0.14,1.86,65.66]]}
0.041	0.044,0.899,0.507,11.76,-2.14,0.14,1.86,65.66]]}
0.041	0.044,0.899,0.507,11.76,-2.14,0.14,1.86,65.66]]}
0.042	0.044,0.899,0.507,11.76,-2.14,0.14,1.86,65.66]]}
0.042	0.044,0.899,0.507,11.76,-2.14,0.14,1.86,65.66]]}
0.042	0.044,0.899,0.507,11.76,-2.14,0.14,1.86,65.66]]}
0.042	0.044,0.899,0.507,11.76,-2.14,0.14,1.86,65.66]]}
0.042	0.044,0.899,0.507,11.76,-2.14,0.14,1.86,65.66]]}
0.042	0.044,0.899,0.507,11.76,-2.14,0.14,1.86,65.66]]}
0.042	0.044,0.899,0.507,11.76,-2.14,0.14,1.86,65.66]]}
0.042	0.044,0.899,0.507,11.76,-2.14,0.14,1.86,65.66]]}
0.042	0.044,0.899,0.507,11.76,-2.14,0.14,1.86,65.66]]}
0.042	0.044,0.899,0.507,11.76,-2.14,0.14,1.86,65.66]]}
0.043	0.044,0.899,0.507,11.76,-2.14,0.14,1.86,65.66]]}
0.043	0.044,0.899,0.507,11.76,-2.14,0.14,1.86,65.66]]}
0.043	0.044,0.899,0.507,11.76,-2.14,0.14,1.86,65.66]]}
0.043	0.044,0.899,0.507,11.76,-2.14,0.14,1.86,65.66]]}
0.043	0.044,0.899,0.507,11.76,-2.14,0.14,1.86,65.66]]}
0.043	0.044,0.899,0.507,11.76,-2.14,0.14,1.86,65.66]]}
0.043	0.044,0.899,0.507,11.76,-2.14,0.14,1.86,65.66]]}
0.043	0.044,0.899,0.507,11.76,-2.14,0.14,1.86,65.66]]}
0.043	0.044,0.899,0.507,11.76,-2.14,0.14,1.86,65.66]]}
0.044	0.044,0.899,0.507,11.76,-2.14,0.14,1.86,65.66]]}
0.044	0.044,0.899,0.507,11.76,-2.14,0.14,1.86,65.66]]}
0.044	0.044,0.899,0.507,11.76,-2.14,0.14,1.86,65.66]]}
0.044	0.044,0.899,0.507,11.76,-2.14,0.14,1.86,65.66]]}
0.044	0.044,0.899,0.507,11.76,-2.14,0.14,1.86,65.66]]}
0.044	0.044,0.899,0.507,11.76,-2.14,0.14,1.86,65.66]]}
0.044	0.044,0.899,0.507,11.76,-2.14,0.14,1.86,65.66]]}
0.044	0.044,0.899,0.507,11.76,-2.14,0.14,1.86,65.66]]}
0.044	0.044,0.899,0.507,11.76,-2.14,0.14,1.86,65.66]]}
0.045	0.044,0.899,0.507,11.76,-2.14,0.14,1.86,65.66]]}
0.045	0.044,0.899,0.507,11.76,-2.14,0.14,1.86,65.66]]}
0.045	0.044,0.899,0.507,11.76,-2.14,0.14,1.86,65.66]]}
0.045	0.044,0.899,0.507,11.76,-2.14,0.14,1.86,65.66]]}
0.045	0.044,0.899,0.507,11.76,-2.14,0.14,1.86,65.66]]}
0.045	0.044,0.899,0.507,11.76,-2.14,0.14,1.86,65.66]]}
0.045	0.044,0.899,0.507,11.76,-2.14,0.14,1.86,65.66]]}
0.045	0.044,0.899,0.507,11.76,-2.14,0.14,1.86,65.66]]}
0.046	0.044,0.899,0.507,11.76,-2.14,0.14,1.86,65.66]]}
0.046	0.044,0.899,0.507,11.76,-2.14,0.14,1.86,65.66]]}
0.046	0.044,0.899,0.507,11.76,-2.14,0.14,1.86,65.66]]}
0.046	0.044,0.899,0.507,11.76,-2.14,0.14,1.86,65.66]]}
0.046	0.044,0.899,0.507,11.76,-2.14,0.14,1.86,65.66]]}
0.046	0.044,0.899,0.507,11.76,-2.14,0.14,1.86,65.66]]}
0.046	0.044,0.899,0.507,11.76,-2.14,0.14,1.86,65.66]]}
0.046	0.044,0.899,0.507,11.76,-2.14,0.14,1.86,65.66]]}
0.046	0.044,0.899,0.507,11.76,-2.14,0.14,1.86,65.66]]}
0.046	0.044,0.899,0.507,11.76,-2.14,0.14,1.86,65.66]]}
0.047	0.044,0.899,0.507,11.76,-2.14,0.14,1.86,65.66]]}
0.047	0.044,0.899,0.507,11.76,-2.14,0.14,1.86,65.66]]}
0.047	0.044,0.899,0.507,11.76,-2.14,0.14,1.86,65.66]]}
0.047	0.044,0.899,0.507,11.76,-2.14,0.14,1.86,65.66]]}
0.047	0.044,0.899,0.507,11.76,-2.14,0.14,1.86,65.66]]}
0.047	0.044,0.899,0.507,11.76,-2.14,0.14,1.86,65.66]]}
0.047	0.044,0.899,0.507,11.76,-2.14,0.14,1.86,65.66]]}
0.047	0.044,0.899,0.507,11.76,-2.14,0.14,1.86,65.66]]}
0.047	0.044,0.899,0.507,11.76,-2.14,0.14,1.86,65.66]]}
0.047	0.044,0.899,0.507,11.76,-2.14,0.14,1.86,65.66]]}
0.047	0.044,0.899,0.507,11.76,-2.14,0.14,1.86,65.66]]}
0.048	0.044,0.899,0.507,11.76,-2.14,0.14,1.86,65.66]]}
0.048	0.044,0.899,0.507,11.76,-2.14,0.14,1.86,65.66]]}
0.048	0.044,0.899,0.507,11.76,-2.14,0.14,1.86,65.66]]}
0.048	0.044,0.899,0.507,11.76,-2.14,0.14,1.86,65.66]]}
0.048	0.044,0.899,0.507,11.76,-2.14,0.14,1.86,65.66]]}
0.048	0.044,0.899,0.507,11.76,-2.14,0.14,1.86,65.66]]}
0.048	0.044,0.899,0.507,11.76,-2.14,0.14,1.86,65.66]]}
0.048	0.044,0.899,0.507,11.76,-2.14,0.14,1.86,65.66]]}
0.048	0.044,0.899,0.507,11.76,-2.14,0.14,1.86,65.66]]}
0.048	0.044,0.899,0.507,11.76,-2.14,0.14,1.86,65.66]]}
0.049	0.044,0.899,0.507,11.76,-2.14,0.14,1.86,65.66]]}
0.049	0.044,0.899,0.507,11.76,-2.14,0.14,1.86,65.66]]}
0.049	0.044,0.899,0.507,11.76,-2.14,0.14,1.86,65.66]]}
0.049	0.044,0.899,0.507,11.76,-2.14,0.14,1.86,65.66]]}
0.050	{"type":"ecg","dev":"node-01","seq":1370,"t0":138560,"fs":250,"l{"type":"ecg","dev":"node-01","seq":1370,"t0":138560,"fs":250,"l{"type":"ecg","dev":"node-01","seq":1370,"t0":138560,"fs":250,"l{"type":"ecg","dev":"node-01","seq":1370,"t0":138560,"fs":250,"l{"type":"ecg","dev":"node-01","seq":1370,"t0":138560,"fs":250,"l{"type":"ecg","dev":"node-01","seq":1370,"t0":138560,"fs":250,"leads_off":false,"bpm":null,"samples":[400,401,395,395,394,389,39eads_off":false,"bpm":null,"samples":[400,401,395,395,394,389,39eads_off":false,"bpm":null,"samples":[400,401,395,395,394,389,39eads_off":false,"bpm":null,"samples":[400,401,395,395,394,389,39eads_off":false,"bpm":null,"samples":[400,401,395,395,394,389,390,383,380,375,378,370,368,368,363,355,355,349,347,352,1349,1313,606,213,230]}
0.069	{"type":"imu","dev":"node-01","seq":1335,"t0":138580,"fs":100,"samples":[[-0.047,0.897,0.515,5.60,-2.87,0.02,1.85,65.61],[-0.042,0.891,0.523,-0.13,-0.92,-0.41,1.85,65.49],[-0.035,0.895,0.523,-0.37,-2.02,-0.59,1.83,65.37],[-0.034,0.891,0.528,-1.59,-1.65,-1.02,1.81,65.23],[-0.033,0.892,0.531,-4.52,-1.95,-2.12,1.80,65.07],[-0.037,0.888,0.532,-5.55,-2.63,-1.45,1.77,64.89],[-0.035,0.890,0.539,-5.55,-2.20,-1.02,1.76,64.72],[-0.035,0.886,0.542,-4.15,-1.83,-0.05,1.74,64.55],[-0.038,0.883,0.531,-5.25,-1.41,0.38,1.74,64.39],[-0.041,0.892,0.533,-6.65,-0.67,-0.47,1.74,64.22]]}
0.151	{"type":"ecg","dev":"node-01","seq":1371,"t0":138660,"fs":250,"leads_off":false,"bpm":null,"samples":[381,480,499,492,496,511,545,560,577,594,605,625,640,657,672,688,703,719,728,741,759,767,784,801,813]}
0.170	{"type":"imu","dev":"node-01","seq":1336,"t0":138680,"fs":100,"samples":[[-0.042,0.885,0.544,-11.04,-0.67,-1.45,1.75,64.00],[-0.039,0.882,0.540,-13.85,0.91,-2.36,1.76,63.75],[-0.032,0.877,0.544,-17.32,2.68,-1.26,1.79,63.47],[-0.037,0.872,0.554,-19.03,1.16,-0.23,1.81,63.17],[-0.038,0.876,0.563,-16.29,2.01,0.14,1.83,62.89],[-0.032,0.871,0.561,-12.75,1.95,0.63,1.85,62.65],[-0.036,0.870,0.560,0.36,1.09,0.32,1.86,62.54],[-0.038,0.873,0.568,11.89,-2.08,1.60,1.85,62.55],[-0.041,0.871,0.570,13.53,-1.65,1.05,1.84,62.57],[-0.035,0.874,0.566,14.63,-1.71,0.08,1.82,62.60]]}
0.250	{"type":"ecg","dev":"node-01","seq":1372,"t0":138760,"fs":250,"leads_off":false,"bpm":null,"samples":[821,832,848,859,878,883,899,909,914,934,944,948,961,645,0,0,0,0,0,0,0,0,0,0,0]}
0.269	{"type":"imu","dev":"node-01","seq":1337,"t0":138780,"fs":100,"samples":[[-0.038,0.872,0.562,16.15,-2.50,1.42,1.80,62.65],[-0.037,0.879,0.562,16.76,-2.20,0.69,1.79,62.71],[-0.038,0.878,0.556,11.64,-2.87,0.87,1.76,62.72],[-0.040,0.874,0.569,0.97,-1.28,0.75,1.76,62.62],[-0.037,0.870,0.559,-1.71,-2.14,0.20,1.75,62.49],[-0.034,0.872,0.570,-5.80,-0.43,0.44,1.74,62.32],[-0.040,0.868,0.571,-7.32,-0.00,-0.35,1.75,62.14],[-0.037,0.865,0.574,-5.13,0.36,-0.53,1.76,61.97],[-0.039,0.863,0.581,-1.71,-0.00,0.02,1.77,61.84],[-0.037,0.864,0.581,4.26,-0.37,0.56,1.77,61.76]]}
0.351	{"type":"ecg","dev":"node-01","seq":1373,"t0":138860,"fs":250,"leads_off":false,"bpm":74.3,"samples":[0,0,0,0,0,0,0,0,0,0,0,0,0,0,217,1060,1450,1403,1265,1197,1202,1237,1262,1271,1275]}
0.369	{"type":"imu","dev":"node-01","seq":1338,"t0":138880,"fs":100,"samples":[[-0.033,0.862,0.582,9.02,-1.95,-1.02,1.75,61.74],[-0.036,0.861,0.577,10.24,-0.86,0.75,1.75,61.73],[-0.039,0.863,0.577,10.36,-2.63,0.63,1.73,61.72],[-0.034,0.864,0.570,12.74,-2.14,2.70,1.72,61.74],[-0.041,0.872,0.576,11.76,-1.65,2.39,1.71,61.75],[-0.068,0.875,0.601,12.74,-1.47,2.21,1.73,61.75],[-0.029,0.873,0.560,18.17,-0.67,0.08,1.72,61.84],[-0.037,0.845,0.578,20.06,-3.11,0.20,1.70,61.91],[-0.031,0.875,0.568,23.17,-2.44,0.56,1.68,62.04],[-0.032,0.886,0.559,18.96,-2.63,-0.59,1.65,62.14]]}
0.451	{"type":"ecg","dev":"node-01","seq":1374,"t0":138960,"fs":250,"leads_off":false,"bpm":74.3,"samples":[1278,1286,1294,1306,1307,1311,1325,1331,1331,1335,1344,1352,1354,1361,1375,1374,1377,1385,1373,1393,1397,1398,1405,1361,1296]}
0.469	{"type":"imu","dev":"node-01","seq":1339,"t0":138980,"fs":100,"samples":[[-0.046,0.877,0.562,14.45,-3.17,0.75,1.64,62.19],[-0.047,0.875,0.549,10.18,-0.06,2.15,1.66,62.20],[-0.037,0.876,0.585,5.06,1.16,1.48,1.68,62.13],[-0.027,0.860,0.588,7.07,0.36,0.50,1.68,62.07],[-0.030,0.853,0.581,4.32,-2.50,-1.20,1.65,61.99],[-0.024,0.861,0.566,7.07,-3.17,-0.23,1.61,61.95],[-0.040,0.875,0.559,5.97,-1.28,1.30,1.61,61.92],[-0.055,0.871,0.570,6.15,-0.13,3.00,1.64,61.88],[-0.047,0.863,0.581,7.43,1.16,2.27,1.67,61.83],[-0.038,0.852,0.589,7.62,2.92,0.75,1.71,61.78]]}
0.551	{"type":"ecg","dev":"node-01","seq":1375,"t0":139060,"fs":250,"leads_off":false,"bpm":74.3,"samples":[1234,1195,1146,1102,1067,1040,1005,999,1006,998,978,986,978,990,1014,1040,1033,1047,1054,1047,1047,1088,1130,1152,1165]}
0.569	{"type":"imu","dev":"node-01","seq":1340,"t0":139080,"fs":100,"samples":[[-0.029,0.858,0.585,5.91,2.86,-0.78,1.73,61.71],[-0.025,0.867,0.582,2.68,1.52,-1.39,1.74,61.63],[-0.035,0.872,0.581,5.67,0.61,-0.17,1.75,61.58],[-0.038,0.869,0.577,6.03,-0.61,-0.29,1.75,61.53],[-0.045,0.867,0.579,8.04,-0.73,0.38,1.76,61.51],[-0.042,0.866,0.586,6.40,-1.28,0.44,1.76,61.46],[-0.040,0.870,0.579,7.80,1.09,0.69,1.78,61.43],[-0.039,0.859,0.587,11.15,0.42,1.60,1.79,61.43],[-0.027,0.860,0.584,14.87,0.48,1.24,1.79,61.46],[-0.038,0.854,0.587,18.17,0.79,1.48,1.80,61.52]]}
0.651	{"type":"ecg","dev":"node-01","seq":1376,"t0":139160,"fs":250,"leads_off":false,"bpm":74.3,"samples":[1172,1187,1215,1232,1265,1294,1326,1367,1406,1438,1479,1523,1583,1637,1683,1741,1793,1842,1903,1967,2023,2064,2127,2191,2245]}
0.669	{"type":"imu","dev":"node-01","seq":1341,"t0":139180,"fs":100,"samples":[[-0.028,0.857,0.586,18.96,0.36,-0.17,1.80,61.59],[-0.032,0.857,0.578,21.70,-1.16,1.24,1.79,61.69],[-0.030,0.863,0.578,20.60,-0.98,-0.59,1.77,61.78],[-0.022,0.863,0.568,19.69,-1.53,0.93,1.75,61.87],[-0.032,0.871,0.569,11.15,0.42,1.17,1.75,61.88],[-0.041,0.875,0.567,10.12,-0.55,1.05,1.76,61.88],[-0.037,0.875,0.574,10.24,0.36,1.42,1.77,61.88],[-0.039,0.865,0.576,14.63,1.28,1.36,1.79,61.91],[-0.047,0.874,0.586,20.24,-1.83,1.30,1.78,61.99],[-0.042,0.870,0.570,24.81,0.97,1.24,1.80,62.13]]}
0.751	{"type":"ecg","dev":"node-01","seq":1377,"t0":139260,"fs":250,"leads_off":false,"bpm":74.3,"samples":[2288,2347,2403,2470,2501,2533,2591,2633,2698,2762,2815,2864,2912,2951,3005,3056,3109,3153,3209,1524,1717,1483,1280,1232,1279]}
0.769	{"type":"imu","dev":"node-01","seq":1342,"t0":139280,"fs":100,"samples":[[-0.047,0.873,0.575,24.20,0.06,2.21,1.82,62.26],[-0.041,0.873,0.573,27.86,-0.31,1.42,1.82,62.42],[-0.038,0.873,0.565,31.28,0.18,1.05,1.83,62.62],[-0.036,0.875,0.567,35.24,-1.59,1.78,1.82,62.85],[-0.035,0.872,0.563,38.90,-1.65,2.21,1.81,63.12],[-0.035,0.876,0.565,38.71,-0.92,2.45,1.80,63.38],[-0.033,0.878,0.545,35.79,-1.28,0.93,1.79,63.63],[-0.032,0.888,0.544,35.91,-2.93,0.81,1.76,63.88],[-0.030,0.888,0.541,36.76,-2.50,0.87,1.73,64.13],[-0.029,0.888,0.537,34.14,-1.83,1.97,1.71,64.36]]}
0.851	{"type":"ecg","dev":"node-01","seq":1378,"t0":139360,"fs":250,"leads_off":false,"bpm":74.3,"samples":[1326,1340,1339,1345,1339,1351,1341,1360,1371,763,631,632,583,569,562,550,541,530,528,511,483,503,495,495,494]}
0.869	{"type":"imu","dev":"node-01","seq":1343,"t0":139380,"fs":100,"samples":[[-0.031,0.886,0.543,29.45,-1.41,2.09,1.70,64.54],[-0.024,0.891,0.528,27.37,-1.04,1.54,1.68,64.70],[-0.034,0.886,0.538,23.29,-1.04,2.58,1.67,64.81],[-0.036,0.887,0.537,18.59,0.48,1.24,1.69,64.87],[-0.032,0.893,0.534,18.78,0.97,2.70,1.70,64.94],[-0.038,0.886,0.537,19.08,1.40,2.88,1.72,65.00],[-0.035,0.883,0.533,20.30,1.64,2.88,1.74,65.08],[-0.029,0.885,0.531,16.89,2.68,1.42,1.76,65.12],[-0.034,0.889,0.529,15.91,1.89,2.09,1.78,65.16],[-0.034,0.887,0.524,13.41,1.40,2.45,1.80,65.18]]}
0.951	{"type":"ecg","dev":"node-01","seq":1379,"t0":139460,"fs":250,"leads_off":false,"bpm":74.3,"samples":[491,493,491,483,480,478,475,475,466,475,471,462,465,458,459,454,453,453,454,451,454,448,451,446,448]}
0.969	{"type":"imu","dev":"node-01","seq":1344,"t0":139480,"fs":100,"samples":[[-0.034,0.883,0.517,14.57,0.97,1.48,1.81,65.21],[-0.034,0.877,0.509,12.31,-0.19,1.78,1.81,65.23],[-0.028,0.890,0.512,11.28,0.18,1.60,1.81,65.23],[-0.037,0.892,0.516,10.24,0.12,2.27,1.81,65.23],[-0.031,0.895,0.520,10.24,-0.00,1.42,1.81,65.22],[-0.030,0.888,0.531,8.78,-1.16,1.85,1.80,65.19],[-0.026,0.897,0.535,4.81,-1.53,0.75,1.78,65.11],[-0.022,0.894,0.521,3.10,-1.16,0.75,1.75,65.04],[-0.045,0.901,0.517,0.67,-1.16,1.85,1.76,64.95],[-0.056,0.892,0.519,-3.66,-0.80,2.76,1.78,64.81]]}
1.051	{"type":"ecg","dev":"node-01","seq":1380,"t0":139560,"fs":250,"leads_off":false,"bpm":74.3,"samples":[448,445,447,440,438,445,436,438,437,436,439,432,433,431,400,441,1397,1328,745,433,448,578,660,679,675]}
1.069	{"type":"imu","dev":"node-01","seq":1345,"t0":139580,"fs":100,"samples":[[-0.044,0.887,0.511,-7.14,1.95,3.49,1.81,64.64],[-0.025,0.880,0.562,-6.71,2.92,1.36,1.83,64.43],[-0.023,0.879,0.546,-6.29,0.97,0.26,1.83,64.25],[-0.023,0.880,0.532,-7.32,-0.31,0.44,1.81,64.07],[-0.025,0.882,0.519,-9.88,-1.41,0.87,1.79,63.88],[-0.040,0.884,0.543,-9.58,1.58,0.56,1.81,63.67],[-0.056,0.877,0.564,-5.92,4.14,1.11,1.88,63.49],[-0.038,0.867,0.572,-3.79,4.14,-0.53,1.93,63.31],[-0.028,0.865,0.577,-5.49,2.25,-1.45,1.94,63.12],[-0.022,0.872,0.564,-4.15,3.11,-1.39,1.95,62.96]]}
1.151	{"type":"ecg","dev":"node-01","seq":1381,"t0":139660,"fs":250,"leads_off":false,"bpm":74.3,"samples":[682,689,712,730,745,763,778,785,802,816,829,845,855,861,880,893,907,911,928,940,951,963,974,986,1004]}
1.169	{"type":"imu","dev":"node-01","seq":1346,"t0":139680,"fs":100,"samples":[[-0.029,0.874,0.562,-3.24,2.31,-1.33,1.97,62.81],[-0.039,0.874,0.557,-0.61,1.28,1.17,1.99,62.70],[-0.040,0.871,0.561,-2.08,0.79,2.76,2.00,62.57],[-0.040,0.873,0.560,-0.31,-0.00,2.03,2.00,62.46],[-0.039,0.875,0.564,3.29,1.64,2.52,2.02,62.39],[-0.042,0.862,0.569,3.41,1.34,1.72,2.04,62.31],[-0.035,0.863,0.576,4.51,0.12,0.63,2.04,62.23],[-0.036,0.855,0.581,9.20,1.22,0.14,2.05,62.19],[-0.031,0.863,0.571,10.54,0.73,0.81,2.05,62.18],[-0.044,0.871,0.581,14.57,0.97,-0.47,2.07,62.21]]}
1.250	{"type":"ecg","dev":"node-01","seq":1382,"t0":139760,"fs":250,"leads_off":false,"bpm":74.3,"samples":[1009,1011,1023,1040,1049,1059,1073,1077,1087,831,42,0,0,0,0,0,0,0,0,0,0,0,0,0,0]}
1.269	{"type":"imu","dev":"node-01","seq":1347,"t0":139780,"fs":100,"samples":[[-0.031,0.878,0.560,20.85,1.28,0.93,2.07,62.32],[-0.031,0.852,0.562,20.42,-0.49,0.50,2.06,62.40],[-0.040,0.865,0.570,17.56,-2.81,0.08,2.04,62.46],[-0.031,0.877,0.556,19.75,-1.22,1.60,2.02,62.56],[-0.038,0.871,0.575,15.48,0.24,1.54,2.02,62.59],[-0.034,0.875,0.569,12.49,1.34,1.48,2.03,62.60],[-0.037,0.874,0.566,10.54,1.64,1.78,2.05,62.59],[-0.032,0.867,0.560,13.41,1.52,1.91,2.06,62.61],[-0.035,0.868,0.566,22.80,0.73,0.02,2.06,62.72],[-0.032,0.873,0.560,27.56,-0.25,1.36,2.05,62.88]]}
1.350	{"type":"ecg","dev":"node-01","seq":1383,"t0":139860,"fs":250,"leads_off":false,"bpm":74.3,"samples":[0,0,0,0,0,0,0,0,0,0,0,0,0,0,0,0,0,0,0,0,0,0,0,0,0]}
1.369	{"type":"imu","dev":"node-01","seq":1348,"t0":139880,"fs":100,"samples":[[-0.033,0.875,0.568,26.28,-0.92,0.02,2.04,63.03],[-0.036,0.871,0.560,25.24,-2.32,0.56,2.02,63.16],[-0.039,0.873,0.553,26.82,-2.14,1.05,2.00,63.31],[-0.042,0.885,0.552,29.69,-2.63,1.78,1.98,63.49],[-0.034,0.884,0.549,25.73,-0.67,2.76,1.97,63.64],[-0.037,0.882,0.547,24.51,-1.53,3.49,1.96,63.77],[-0.030,0.881,0.547,27.49,-2.14,0.99,1.93,63.93],[-0.033,0.877,0.541,31.15,-0.92,1.17,1.92,64.12],[-0.027,0.885,0.541,31.21,-1.28,1.36,1.90,64.32],[-0.031,0.885,0.534,30.48,-2.50,0.26,1.87,64.51]]}
1.450	{"type":"ecg","dev":"node-01","seq":1384,"t0":139960,"fs":250,"leads_off":false,"bpm":74.3,"samples":[0,0,0,0,0,0,0,0,0,0,0,0,0,0,0,0,0,0,0,0,0,0,0,0,0]}
1.469	{"type":"imu","dev":"node-01","seq":1349,"t0":139980,"fs":100,"samples":[[-0.032,0.891,0.535,30.79,-2.20,0.93,1.85,64.70],[-0.029,0.893,0.529,30.30,-2.02,0.20,1.82,64.89],[-0.029,0.890,0.528,28.96,-1.28,0.75,1.81,65.06],[-0.033,0.895,0.523,26.82,-0.43,0.26,1.80,65.22],[-0.033,0.891,0.524,24.57,-2.26,0.93,1.78,65.34],[-0.037,0.893,0.524,23.53,-1.53,1.48,1.77,65.46],[-0.036,0.899,0.520,21.76,-0.86,1.42,1.77,65.56],[-0.036,0.896,0.512,20.42,-0.55,-0.41,1.77,65.66],[-0.033,0.896,0.509,17.31,-1.16,0.44,1.76,65.72],[-0.031,0.894,0.510,14.75,-1.77,-0.72,1.74,65.76]]}
1.550	{"type":"ecg","dev":"node-01","seq":1385,"t0":140060,"fs":250,"leads_off":false,"bpm":74.3,"samples":[0,0,0,0,0,0,0,0,0,0,0,0,0,0,0,0,0,0,0,0,0,0,14,0,0]}
1.569	{"type":"imu","dev":"node-01","seq":1350,"t0":140080,"fs":100,"samples":[[-0.032,0.897,0.509,12.37,-0.31,-0.29,1.74,65.77],[-0.032,0.896,0.510,11.15,-0.55,-0.11,1.73,65.77],[-0.030,0.894,0.509,12.86,-1.04,0.69,1.72,65.79],[-0.035,0.898,0.509,13.35,-1.71,0.02,1.71,65.81],[-0.032,0.892,0.515,14.57,-0.86,-0.05,1.70,65.84],[-0.031,0.897,0.524,16.95,-4.09,0.14,1.66,65.88],[-0.024,0.898,0.507,18.65,-2.93,-0.17,1.62,65.96],[-0.039,0.907,0.509,19.39,-1.34,2.39,1.62,66.05],[-0.045,0.912,0.488,16.89,-0.31,1.97,1.64,66.13],[-0.030,0.898,0.466,5.97,-0.00,0.44,1.64,66.11]]}
1.650	{"type":"ecg","dev":"node-01","seq":1386,"t0":140160,"fs":250,"leads_off":false,"bpm":74.3,"samples":[4,0,7,2,13,17,16,18,31,23,35,30,45,48,32,51,57,57,64,64,70,80,67,80,86]}
1.669	{"type":"imu","dev":"node-01","seq":1351,"t0":140180,"fs":100,"samples":[[-0.021,0.893,0.535,-0.68,0.97,-1.02,1.64,65.97],[-0.022,0.898,0.507,-2.02,2.01,-1.69,1.65,65.84],[-0.020,0.886,0.496,-7.99,-2.14,-0.35,1.62,65.66],[-0.018,0.890,0.486,-10.25,-1.77,0.02,1.59,65.47],[-0.033,0.898,0.502,-9.03,0.36,1.78,1.60,65.29],[-0.055,0.901,0.523,-8.24,3.11,2.03,1.66,65.10],[-0.044,0.890,0.536,4.08,2.74,0.93,1.70,65.02],[-0.034,0.882,0.527,11.28,1.34,1.54,1.72,65.01],[-0.025,0.886,0.524,21.40,0.79,-0.96,1.72,65.11],[-0.025,0.900,0.527,20.18,-1.71,-1.02,1.69,65.20]]}
1.750	{"type":"ecg","dev":"node-01","seq":1387,"t0":140260,"fs":250,"leads_off":false,"bpm":74.3,"samples":[87,94,93,98,101,110,105,111,117,115,116,128,128,128,132,144,135,144,149,143,157,155,156,169,161]}
1.789	{"type":"imu","dev":"node-01","seq":1352,"t0":140280,"fs":100,"samples":[[-0.034,0.904,0.516,18.71,-2.14,-1.02,1.68,65.28],[-0.032,0.902,0.518,16.76,-2.63,0.56,1.65,65.34],[-0.035,0.894,0.516,19.63,-1.95,2.09,1.60,65.81],[-0.029,0.886,0.508,19.45,-3.78,1.36,1.57,65.89],[-0.035,0.879,0.505,23.29,-2.44,0.08,1.55,66.00],[-0.030,0.877,0.510,20.79,-2.99,0.75,1.52,66.08],[-0.015,0.898,0.502,20.91,-2.32,-1.33,1.49,66.18],[-0.036,0.911,0.505,20.54,-1.04,0.20,1.49,66.28],[-0.036,0.908,0.516,18.90,-2.38,-0.84,1.47,66.35],[-0.020,0.917,0.495,9.93,-1.47,0.75,1.45,66.35]]}
1.851	{"type":"ecg","dev":"node-01","seq":1388,"t0":140360,"fs":250,"leads_off":false,"bpm":74.3,"samples":[173,171,174,176,174,177,180,188,190,192,203,198,194,197,202,208,208,205,213,214,209,219,219,224,231]}
1.889	{"type":"imu","dev":"node-01","seq":1353,"t0":140400,"fs":100,"samples":[[-0.039,0.908,0.508,-4.46,-1.16,0.50,1.45,66.20],[-0.040,0.908,0.507,-9.33,0.79,-0.59,1.47,66.00],[-0.031,0.895,0.521,-8.36,0.30,1.54,1.48,65.79],[-0.029,0.892,0.521,-1.96,0.79,0.38,1.49,65.65],[-0.025,0.886,0.514,0.73,0.48,0.69,1.50,65.54],[-0.031,0.885,0.520,6.21,-1.10,0.56,1.49,65.48],[-0.031,0.893,0.524,5.36,-1.28,0.44,1.48,65.42],[-0.032,0.894,0.528,5.85,-1.83,-0.72,1.47,65.36],[-0.032,0.890,0.525,6.21,-1.16,-1.14,1.46,65.30],[-0.039,0.890,0.528,7.62,-2.32,-0.35,1.45,65.25]]}
1.951	{"type":"ecg","dev":"node-01","seq":1389,"t0":140460,"fs":250,"leads_off":false,"bpm":74.3,"samples":[207,233,240,208,239,239,242,240,241,243,250,245,256,254,256,269,262,258,259,259,269,269,272,269,271]}
1.989	{"type":"imu","dev":"node-01","seq":1354,"t0":140500,"fs":100,"samples":[[-0.033,0.893,0.526,8.41,-1.16,0.81,1.45,65.22],[-0.036,0.891,0.533,9.32,-0.49,1.05,1.46,65.19],[-0.035,0.896,0.524,12.92,-1.10,-0.65,1.45,65.21],[-0.034,0.894,0.526,17.68,-2.38,-1.02,1.44,65.27],[-0.032,0.892,0.521,21.40,-1.71,-0.05,1.43,65.37],[-0.034,0.895,0.523,25.12,-3.60,-1.26,1.40,65.50],[-0.029,0.898,0.514,24.75,-1.95,-0.65,1.39,65.63],[-0.031,0.896,0.514,23.29,-3.05,-0.53,1.36,65.75],[-0.033,0.898,0.512,20.06,-1.89,-0.23,1.35,65.84],[-0.040,0.896,0.520,17.31,-2.44,0.20,1.35,65.89]]}
2.051	{"type":"ecg","dev":"node-01","seq":1390,"t0":140560,"fs":250,"leads_off":false,"bpm":74.3,"samples":[273,272,272,275,272,286,281,277,286,281,290,285,290,279,285,295,282,287,291,288,298,295,291,294,291]}
2.089	{"type":"imu","dev":"node-01","seq":1355,"t0":140600,"fs":100,"samples":[[-0.036,0.894,0.513,17.98,-2.26,0.32,1.34,65.95],[-0.039,0.892,0.521,19.63,-3.78,0.87,1.32,66.02],[-0.034,0.902,0.515,23.23,-2.44,1.24,1.30,66.13],[-0.032,0.904,0.526,21.70,-1.34,0.14,1.30,66.22],[-0.036,0.900,0.510,18.65,-2.44,0.38,1.29,66.29],[-0.027,0.906,0.498,21.82,-2.75,0.38,1.27,66.40],[-0.036,0.901,0.505,20.79,-2.81,0.63,1.25,66.49],[-0.035,0.902,0.495,19.51,-1.65,0.69,1.25,66.58],[-0.042,0.901,0.498,21.82,-2.44,0.50,1.25,66.68],[-0.036,0.903,0.502,17.19,-2.93,1.97,1.24,66.73]]}
2.151	{"type":"ecg","dev":"node-01","seq":1391,"t0":140660,"fs":250,"leads_off":false,"bpm":74.3,"samples":[303,296,292,302,304,305,301,301,303,298,307,299,301,304,294,310,304,304,304,267,306,306,307,304,307]}
2.219	{"type":"imu","dev":"node-01","seq":1356,"t0":140700,"fs":100,"samples":[[-0.037,0.896,0.508,15.36,-2.20,0.26,1.23,66.76],[-0.028,0.901,0.516,11.52,-2.93,0.02,1.21,66.74],[-0.034,0.910,0.495,7.62,-2.75,0.26,1.20,66.71],[-0.044,0.907,0.499,8.23,-2.75,2.82,1.19,66.68],[-0.031,1.000,-0.000,8.23,1.77,0.87,1.26,67.39],[-0.018,0.899,0.514,8.23,1.77,0.87,1.27,67.33],[-0.023,0.901,0.509,11.70,-4.45,-1.02,1.23,67.30],[-0.030,0.908,0.482,11.40,-4.45,-0.65,1.19,67.31],[-0.043,0.913,0.492,2.62,-1.95,0.69,1.18,67.25],[-0.048,0.899,0.517,-5.19,1.28,0.56,1.22,67.06]]}
2.251	{"type":"ecg","dev":"node-01","seq":1392,"t0":140760,"fs":250,"leads_off":false,"bpm":74.3,"samples":[317,310,305,298,315,315,279,303,311,304,311,303,305,306,304,328,308,302,280,304,311,303,313,308,307]}
2.319	{"type":"imu","dev":"node-01","seq":1357,"t0":140830,"fs":100,"samples":[[-0.032,0.891,0.526,-8.24,1.64,-0.05,1.25,66.82],[-0.025,0.889,0.523,-8.54,2.98,-0.78,1.28,66.59],[-0.025,0.892,0.519,-6.77,0.97,-0.41,1.29,66.39],[-0.025,0.900,0.523,-2.93,-0.25,-0.84,1.29,66.23],[-0.040,0.904,0.521,0.24,-0.80,0.56,1.30,66.11],[-0.042,0.898,0.522,3.53,-2.08,0.38,1.30,66.02],[-0.038,0.893,0.521,5.24,-1.53,0.93,1.30,65.94],[-0.036,0.894,0.522,5.79,-2.08,0.08,1.29,65.88],[-0.031,0.891,0.528,3.29,-1.77,0.32,1.28,65.78],[-0.036,0.892,0.530,2.74,-0.06,0.26,1.30,65.67]]}
2.350	{"type":"ecg","dev":"node-01","seq":1393,"t0":140860,"fs":250,"leads_off":false,"bpm":74.3,"samples":[311,305,308,318,305,314,303,303,307,302,315,304,306,304,304,304,302,304,304,302,304,301,301,302,298]}
2.419	{"type":"imu","dev":"node-01","seq":1358,"t0":140930,"fs":100,"samples":[[-0.030,0.885,0.536,4.02,-1.04,1.11,1.29,65.58],[-0.033,0.883,0.528,8.71,-1.47,0.93,1.29,65.53],[-0.034,0.885,0.534,11.40,-2.02,1.17,1.28,65.51],[-0.031,0.887,0.542,18.04,-1.59,-0.84,1.28,65.55],[-0.030,0.891,0.532,19.69,-2.63,-0.29,1.26,65.61],[-0.032,0.893,0.525,19.20,-2.32,0.56,1.25,65.68],[-0.039,0.895,0.526,18.96,-2.44,-0.11,1.24,65.74],[-0.035,0.899,0.526,14.45,-0.92,1.30,1.24,65.76],[-0.032,0.896,0.531,12.49,-1.41,0.38,1.24,65.76],[-0.031,0.890,0.524,12.13,-1.34,0.32,1.24,65.75]]}
2.450	{"type":"ecg","dev":"node-01","seq":1394,"t0":140960,"fs":250,"leads_off":false,"bpm":74.3,"samples":[304,298,296,302,292,304,295,294,302,292,300,291,293,295,294,291,293,293,288,288,298,284,286,286,279]}
2.519	{"type":"imu","dev":"node-01","seq":1359,"t0":141030,"fs":100,"samples":[[-0.034,0.888,0.525,14.02,-1.59,0.69,1.24,65.76],[-0.033,0.888,0.531,15.12,-1.04,0.02,1.24,65.78],[-0.037,0.891,0.531,17.86,-1.59,1.24,1.24,65.82],[-0.031,0.891,0.527,17.43,-2.63,0.44,1.22,65.87],[-0.035,0.889,0.523,19.32,-2.69,1.05,1.21,65.93],[-0.037,0.891,0.522,19.39,-3.30,0.99,1.19,65.99],[-0.040,0.895,0.521,17.80,-1.10,1.48,1.20,66.04],[-0.035,0.897,0.524,12.74,-1.10,1.11,1.21,66.04],[-0.034,0.899,0.525,8.65,-1.77,1.17,1.20,66.00],[-0.039,0.896,0.521,3.71,-0.43,1.78,1.22,65.91]]}
2.551	{"type":"ecg","dev":"node-01","seq":1395,"t0":141060,"fs":250,"leads_off":false,"bpm":74.3,"samples":[289,283,285,285,272,291,272,275,257,272,282,274,275,272,272,251,266,269,261,266,271,273,258,259,251]}
2.619	{"type":"imu","dev":"node-01","seq":1360,"t0":141130,"fs":100,"samples":[[-0.032,0.889,0.521,1.15,0.91,1.24,1.24,65.80],[-0.033,0.893,0.517,3.84,0.79,1.60,1.26,65.72],[-0.030,0.893,0.527,5.30,-0.67,1.30,1.26,65.64],[-0.031,0.891,0.525,3.90,-0.55,1.05,1.26,65.56],[-0.028,0.890,0.530,2.13,0.06,0.93,1.27,65.45],[-0.038,0.889,0.529,-5.61,-0.19,-0.05,1.28,65.27],[-0.033,0.891,0.539,-12.63,1.46,1.24,1.31,65.02],[-0.030,0.893,0.538,-15.55,2.50,1.42,1.34,64.75],[-0.036,0.886,0.544,-16.71,1.70,0.81,1.37,64.46],[-0.035,0.874,0.543,-8.18,1.83,2.33,1.40,64.25]]}
2.651	{"type":"ecg","dev":"node-01","seq":1396,"t0":141160,"fs":250,"leads_off":false,"bpm":74.3,"samples":[258,251,249,243,241,248,241,235,236,233,239,238,234,237,226,226,221,226,224,223,229,215,219,215,213]}
2.719	{"type":"imu","dev":"node-01","seq":1361,"t0":141230,"fs":100,"samples":[[-0.032,0.876,0.542,2.80,1.46,2.03,1.42,64.16],[-0.037,0.874,0.547,9.99,0.61,2.33,1.44,64.13],[-0.030,0.872,0.551,18.96,-0.86,2.03,1.44,64.19],[-0.034,0.881,0.540,29.08,-1.53,0.69,1.43,64.36],[-0.030,0.880,0.538,34.69,-2.56,1.30,1.41,64.58],[-0.034,0.887,0.536,36.15,-3.66,0.63,1.38,64.82],[-0.035,0.890,0.537,29.99,-3.23,0.56,1.36,65.00],[-0.033,0.886,0.535,26.89,-2.75,0.56,1.34,65.14],[-0.029,0.882,0.548,19.39,-2.69,1.78,1.32,65.19],[-0.032,0.894,0.524,11.64,-1.59,2.64,1.32,65.19]]}
2.751	{"type":"ecg","dev":"node-01","seq":1397,"t0":141260,"fs":250,"leads_off":false,"bpm":74.3,"samples":[219,208,219,211,204,222,208,203,208,209,208,205,207,203,201,208,203,198,203,199,211,194,199,203,194]}
2.819	{"type":"imu","dev":"node-01","seq":1362,"t0":141330,"fs":100,"samples":[[-0.043,0.895,0.526,8.35,-0.55,3.37,1.33,65.16],[-0.043,0.896,0.517,8.23,1.16,4.77,1.36,65.14],[-0.032,0.889,0.522,7.98,2.98,2.64,1.40,65.10],[-0.027,0.886,0.559,10.73,1.70,2.39,1.42,65.06],[-0.020,0.882,0.537,18.90,-0.80,0.87,1.40,65.12],[-0.014,0.893,0.522,22.07,-2.50,0.93,1.37,65.23],[-0.023,0.893,0.512,21.95,-3.91,1.24,1.33,65.34],[-0.044,0.899,0.520,15.30,-0.61,3.19,1.34,65.38],[-0.049,0.895,0.528,10.42,2.07,3.61,1.39,65.37],[-0.035,0.880,0.541,10.06,3.47,2.27,1.44,65.33]]}
2.850	{"type":"ecg","dev":"node-01","seq":1398,"t0":141360,"fs":250,"leads_off":false,"bpm":74.3,"samples":[208,199,198,204,198,208,198,173,183,204,206,193,194,202,192,193,206,203,182,204,208,215,201,193,202]}
2.903	{"type":"status","dev":"node-01","fw":"0.1.0","uptime_ms":141509,"ecg":{"fs":250},"imu":{"ok":true,"fs":100,"errors":361,"fields":["ax","ay","az","gx","gy","gz","pitch","roll"]}}
2.919	{"type":"imu","dev":"node-01","seq":1363,"t0":141430,"fs":100,"samples":[[-0.029,0.880,0.543,10.30,2.19,1.24,1.46,65.29],[-0.021,0.884,0.532,10.24,2.13,1.42,1.48,65.26],[-0.026,0.896,0.530,11.40,1.09,1.48,1.49,65.26],[-0.028,0.892,0.526,12.13,0.61,1.42,1.49,65.26],[-0.039,0.894,0.528,10.24,-0.31,2.64,1.50,65.24],[-0.038,0.895,0.520,9.32,1.34,1.78,1.53,65.23],[-0.034,0.897,0.529,6.89,-0.19,1.54,1.53,65.18],[-0.028,0.885,0.527,6.15,0.85,2.03,1.54,65.12],[-0.021,0.888,0.533,8.71,1.22,0.69,1.55,65.09],[-0.025,0.888,0.531,7.98,0.61,1.42,1.55,65.04]]}
2.950	{"type":"ecg","dev":"node-01","seq":1399,"t0":141460,"fs":250,"leads_off":false,"bpm":74.3,"samples":[206,197,203,202,195,205,195,199,201,198,205,194,195,198,196,202,208,198,206,194,207,190,193,194,192]}
3.019	{"type":"imu","dev":"node-01","seq":1364,"t0":141530,"fs":100,"samples":[[-0.027,0.890,0.534,7.25,-0.55,0.99,1.54,64.99],[-0.030,0.886,0.535,5.36,-1.16,0.56,1.53,64.92],[-0.026,0.885,0.533,8.65,-2.14,0.69,1.51,64.89],[-0.032,0.884,0.543,11.89,-1.65,2.15,1.50,64.88],[-0.030,0.883,0.535,17.92,-1.28,1.42,1.49,64.93],[-0.026,0.890,0.529,19.69,-0.92,1.36,1.48,65.01],[-0.031,0.896,0.523,20.48,-1.95,0.38,1.46,65.11],[-0.030,0.890,0.530,17.68,-0.92,1.17,1.46,65.16],[-0.030,0.889,0.525,14.26,0.67,1.24,1.47,65.19],[-0.034,0.887,0.528,11.52,-1.04,0.75,1.47,65.18]]}
3.051	{"type":"ecg","dev":"node-01","seq":1400,"t0":141560,"fs":250,"leads_off":false,"bpm":74.3,"samples":[207,192,191,197,194,208,195,192,194,193,202,191,190,192,192,192,192,192,194,191,199,192,187,187,199]}
3.119	{"type":"imu","dev":"node-01","seq":1365,"t0":141630,"fs":100,"samples":[[-0.032,0.889,0.526,9.26,1.09,0.87,1.48,65.16],[-0.029,0.887,0.535,6.89,1.03,0.63,1.50,65.10],[-0.024,0.892,0.530,7.01,0.91,1.11,1.50,65.05],[-0.026,0.886,0.531,8.65,-0.19,-0.11,1.50,65.02],[-0.024,0.891,0.532,9.87,0.30,0.14,1.50,64.99],[-0.029,0.885,0.537,9.63,-0.49,1.36,1.50,64.96],[-0.027,0.893,0.529,13.53,-2.08,0.38,1.47,64.98],[-0.030,0.890,0.534,18.71,-3.05,1.17,1.45,65.05],[-0.032,0.893,0.531,18.17,-1.83,0.38,1.44,65.11],[-0.028,0.886,0.528,16.28,-3.05,0.99,1.41,65.15]]}
3.151	{"type":"ecg","dev":"node-01","seq":1401,"t0":141660,"fs":250,"leads_off":false,"bpm":74.3,"samples":[202,191,189,199,187,208,208,192,179,189,196,157,187,198,187,188,191,191,203,181,197,176,190,191,183]}
3.219	{"type":"imu","dev":"node-01","seq":1366,"t0":141730,"fs":100,"samples":[[-0.026,0.890,0.531,17.62,-3.30,0.38,1.38,65.21],[-0.029,0.886,0.524,19.26,-2.87,-0.11,1.35,65.28],[-0.024,0.890,0.525,19.75,-2.93,-0.29,1.33,65.36],[-0.026,0.890,0.525,20.79,-2.38,-0.05,1.30,65.44],[-0.028,0.896,0.520,21.03,-1.28,0.38,1.30,65.54],[-0.023,0.898,0.518,16.34,-2.75,0.02,1.27,65.59],[-0.034,0.894,0.526,10.06,-2.08,-1.69,1.26,65.56],[-0.025,0.893,0.519,7.68,-1.83,-1.87,1.25,65.52],[-0.027,0.892,0.522,6.09,-1.10,0.20,1.24,65.47],[-0.027,0.894,0.526,4.26,-2.38,0.32,1.22,65.39]]}
3.251	{"type":"ecg","dev":"node-01","seq":1402,"t0":141760,"fs":250,"leads_off":false,"bpm":74.3,"samples":[194,181,181,189,183,199,187,183,179,186,192,181,181,185,177,183,181,179,179,182,191,176,185,183,177]}
3.319	{"type":"imu","dev":"node-01","seq":1367,"t0":141830,"fs":100,"samples":[[-0.026,0.891,0.523,7.49,-1.83,0.63,1.21,65.35],[-0.025,0.886,0.524,11.21,-2.75,0.99,1.19,65.34],[-0.027,0.893,0.517,20.24,-1.71,0.99,1.18,65.43],[-0.026,0.894,0.511,34.14,-3.36,0.26,1.15,65.66],[-0.028,0.892,0.510,42.25,-4.33,-0.29,1.11,65.96],[-0.038,0.898,0.493,54.69,-4.39,0.99,1.09,66.41],[-0.028,0.897,0.510,51.64,-5.25,1.11,1.05,66.79],[-0.034,0.907,0.499,53.65,-5.00,-0.05,1.02,67.20],[-0.037,0.910,0.490,47.74,-4.76,-1.26,0.99,67.56],[-0.023,0.910,0.497,38.65,-4.70,-0.65,0.95,67.82]]}
3.350	{"type":"ecg","dev":"node-01","seq":1403,"t0":141860,"fs":250,"leads_off":false,"bpm":null,"samples":[192,181,181,183,176,192,184,185,179,178,191,178,181,184,177,185,179,181,182,181,190,183,183,179,181]}
3.419	{"type":"imu","dev":"node-01","seq":1368,"t0":141930,"fs":100,"samples":[[-0.022,0.913,0.487,37.86,-3.60,-1.33,0.92,68.07],[-0.027,0.919,0.479,21.76,-2.02,-0.23,0.91,68.17],[-0.040,0.927,0.463,6.15,1.22,3.19,0.95,68.14],[-0.031,0.905,0.470,-10.68,1.77,1.05,0.98,67.92],[-0.024,0.905,0.486,-15.13,3.90,0.63,1.03,67.65],[-0.020,0.909,0.507,-11.65,2.07,1.30,1.05,67.40],[-0.012,0.899,0.495,-11.04,-0.73,-0.29,1.03,67.17],[-0.015,0.910,0.483,-11.41,-2.38,-0.23,1.01,66.95],[-0.026,0.906,0.487,-16.22,-1.77,0.69,1.00,66.69],[-0.042,0.910,0.510,-20.07,1.22,2.21,1.04,66.37]]}
3.450	{"type":"ecg","dev":"node-01","seq":1404,"t0":141960,"fs":250,"leads_off":false,"bpm":null,"samples":[191,180,176,181,176,192,184,178,182,176,191,177,178,182,211,179,177,183,181,184,174,176,176,179,178]}
3.529	{"type":"imu","dev":"node-01","seq":1369,"t0":142030,"fs":100,"samples":[[-0.038,0.898,0.519,-22.32,1.34,1.24,1.07,66.03],[-0.027,0.883,0.532,-27.44,4.57,0.50,1.12,65.62],[-0.017,0.886,0.531,-27.69,5.12,-0.35,1.17,65.21],[-0.022,0.887,0.533,-28.05,5.00,-0.90,1.22,64.81],[-0.033,0.886,0.542,-19.46,3.84,0.87,1.31,64.31],[-0.037,0.883,0.539,-14.82,2.80,2.33,1.35,64.05],[-0.039,0.881,0.546,-4.94,1.46,1.66,1.38,63.88],[-0.037,0.886,0.546,2.37,1.03,1.17,1.40,63.80],[-0.030,0.877,0.545,6.21,-0.13,-0.05,1.41,63.74],[-0.026,0.878,0.547,10.91,-0.61,-1.02,1.40,63.74]]}
3.550	{"type":"ecg","dev":"node-01","seq":1405,"t0":142060,"fs":250,"leads_off":false,"bpm":null,"samples":[187,176,176,181,176,188,176,176,179,175,192,179,177,179,178,187,174,180,178,176,188,180,176,174,174]}
3.629	{"type":"imu","dev":"node-01","seq":1370,"t0":142140,"fs":100,"samples":[[-0.027,0.875,0.555,10.85,-0.86,0.81,1.40,63.72],[-0.028,0.880,0.551,10.06,1.16,1.17,1.41,63.71],[-0.032,0.875,0.549,8.10,0.91,2.09,1.43,63.67],[-0.030,0.880,0.554,10.79,2.19,1.11,1.45,63.66],[-0.026,0.872,0.562,16.95,1.03,0.93,1.46,63.69],[-0.022,0.880,0.547,20.91,0.36,1.24,1.46,63.79],[-0.030,0.888,0.547,32.43,0.36,1.24,1.47,64.00],[-0.034,0.891,0.543,36.58,-1.59,1.72,1.46,64.25],[-0.029,0.887,0.548,34.45,-0.55,0.99,1.46,64.47],[-0.024,0.893,0.533,30.42,-0.67,0.02,1.45,64.66]]}
3.650	{"type":"ecg","dev":"node-01","seq":1406,"t0":142160,"fs":250,"leads_off":false,"bpm":null,"samples":[183,176,176,177,176,185,175,176,176,176,182,177,175,176,171,191,176,171,178,167,183,176,176,176,144]}
3.729	{"type":"imu","dev":"node-01","seq":1371,"t0":142240,"fs":100,"samples":[[-0.029,0.886,0.529,24.63,0.48,0.08,1.46,64.79],[-0.026,0.890,0.529,21.95,-1.10,0.56,1.45,64.90],[-0.032,0.896,0.535,14.57,-0.31,0.63,1.45,64.92],[-0.028,0.890,0.532,5.12,0.12,0.08,1.45,64.86],[-0.029,0.890,0.534,3.90,1.46,2.82,1.47,64.78],[-0.032,0.880,0.539,4.26,0.79,1.17,1.49,64.70],[-0.028,0.887,0.533,13.90,0.42,2.64,1.49,64.72],[-0.024,0.884,0.532,20.42,-1.16,2.09,1.48,64.80],[-0.026,0.890,0.533,28.17,-1.28,1.36,1.46,64.97],[-0.029,0.897,0.522,29.63,-2.08,0.87,1.44,65.15]]}
3.751	{"type":"ecg","dev":"node-01","seq":1407,"t0":142260,"fs":250,"leads_off":false,"bpm":null,"samples":[186,176,179,174,158,182,176,179,177,171,183,171,172,163,179,188,172,174,175,189,187,169,172,155,172]}
3.829	{"type":"imu","dev":"node-01","seq":1372,"t0":142340,"fs":100,"samples":[[-0.026,0.891,0.522,29.69,-1.59,0.75,1.43,65.33],[-0.023,0.895,0.516,28.96,-3.30,0.14,1.39,65.51],[-0.023,0.896,0.515,22.98,-0.73,1.54,1.38,65.63],[-0.027,0.897,0.512,20.54,-0.86,1.24,1.38,65.72],[-0.021,0.891,0.514,20.12,0.12,1.05,1.37,65.81],[-0.027,0.897,0.508,18.65,0.06,1.48,1.38,65.88],[-0.026,0.901,0.511,16.09,-0.13,0.93,1.38,65.93],[-0.024,0.903,0.510,14.08,0.06,0.87,1.38,65.96],[-0.027,0.907,0.508,13.23,-0.49,1.91,1.37,65.99],[-0.023,0.903,0.515,13.53,-0.86,1.78,1.36,66.00]]}
3.850	{"type":"ecg","dev":"node-01","seq":1408,"t0":142360,"fs":250,"leads_off":false,"bpm":null,"samples":[181,167,175,174,172,178,173,176,171,170,176,173,176,170,174,178,175,176,167,165,179,169,164,168,164]}
3.929	{"type":"imu","dev":"node-01","seq":1373,"t0":142440,"fs":100,"samples":[[-0.025,0.904,0.513,12.86,-1.89,1.42,1.35,66.02],[-0.025,0.902,0.514,15.54,-0.25,0.93,1.34,66.06],[-0.021,0.903,0.519,16.09,-0.49,2.27,1.34,66.10],[-0.024,0.907,0.520,15.42,-0.86,2.82,1.33,66.13],[-0.030,0.905,0.519,14.51,-0.73,0.69,1.33,66.15],[-0.028,0.910,0.511,11.95,-1.59,1.42,1.32,66.16],[-0.029,0.900,0.513,10.30,-1.16,2.03,1.31,66.15],[-0.025,0.900,0.510,11.34,-1.04,2.09,1.30,66.14],[-0.027,0.896,0.510,10.24,-0.92,0.81,1.30,66.13],[-0.028,0.894,0.514,10.73,-1.04,1.36,1.29,66.11]]}
3.950	{"type":"ecg","dev":"node-01","seq":1409,"t0":142460,"fs":250,"leads_off":false,"bpm":null,"samples":[199,163,156,166,160,175,161,163,159,162,171,159,155,155,151,166,158,154,166,154,164,155,160,157,160]}
4.029	{"type":"imu","dev":"node-01","seq":1374,"t0":142540,"fs":100,"samples":[[-0.026,0.899,0.515,11.70,-1.83,0.81,1.28,66.11],[-0.026,0.893,0.527,14.75,-3.91,-0.41,1.24,66.12],[-0.020,0.896,0.512,19.08,-4.45,-0.17,1.20,66.19],[-0.024,0.902,0.501,20.54,-3.30,0.75,1.17,66.29],[-0.039,0.904,0.497,21.64,-1.65,2.70,1.17,66.40],[-0.039,0.898,0.476,21.21,-2.26,1.91,1.17,66.52],[-0.026,0.892,0.481,23.47,0.97,2.27,1.18,66.65],[-0.018,0.894,0.526,31.15,0.18,0.75,1.18,66.81],[-0.013,0.894,0.482,35.54,-2.26,0.44,1.15,67.06],[-0.018,0.891,0.471,37.01,-4.82,-0.47,1.10,67.32]]}
4.050	{"type":"ecg","dev":"node-01","seq":1410,"t0":142560,"fs":250,"leads_off":false,"bpm":null,"samples":[166,160,163,159,161,173,155,166,149,149,189,151,157,155,163,176,160,166,205,171,173,164,171,171,163]}
4.139	{"type":"imu","dev":"node-01","seq":1375,"t0":142640,"fs":100,"samples":[[-0.015,0.908,0.469,38.90,-4.45,-1.45,1.05,67.61],[-0.041,0.912,0.478,39.69,-2.50,1.11,1.05,67.89],[-0.032,0.907,0.489,38.10,1.09,0.02,1.09,68.52],[-0.013,0.906,0.468,31.58,0.97,-0.90,1.09,68.71],[-0.018,0.915,0.463,29.14,1.03,-1.81,1.10,68.88],[-0.017,0.920,0.462,20.06,-0.80,0.20,1.09,68.97],[-0.037,0.926,0.458,14.87,-1.83,0.44,1.09,69.01],[-0.036,0.924,0.450,12.56,-1.34,2.76,1.09,69.03],[-0.032,0.922,0.454,11.82,-1.53,2.82,1.09,69.04],[-0.041,0.916,0.464,10.48,-1.95,1.85,1.10,69.03]]}
4.150	{"type":"ecg","dev":"node-01","seq":1411,"t0":142660,"fs":250,"leads_off":false,"bpm":null,"samples":[171,166,147,171,169,176,168,171,172,170,171,170,169,166,170,176,165,165,167,173,175,176,167,166,163]}
4.239	{"type":"imu","dev":"node-01","seq":1376,"t0":142750,"fs":100,"samples":[[-0.029,0.918,0.464,12.19,-2.20,0.14,1.09,69.03],[-0.025,0.916,0.465,11.28,-2.26,-1.14,1.07,69.02],[-0.027,0.916,0.468,10.12,-1.77,-1.02,1.06,69.00],[-0.027,0.928,0.465,10.18,-1.28,-1.26,1.06,68.99],[-0.027,0.922,0.466,9.20,-1.47,-0.17,1.05,68.96],[-0.032,0.928,0.470,2.01,-1.89,-0.53,1.05,68.86],[-0.026,0.917,0.478,-5.61,-2.02,-0.41,1.04,68.68],[-0.020,0.920,0.467,-7.93,-1.28,-0.11,1.03,68.49],[-0.034,0.916,0.475,-13.11,0.24,0.75,1.05,68.24],[-0.038,0.914,0.479,-14.09,-0.31,1.11,1.06,67.99]]}
4.250	{"type":"ecg","dev":"node-01","seq":1412,"t0":142760,"fs":250,"leads_off":false,"bpm":null,"samples":[171,170,167,162,163,177,164,165,166,166,174,168,162,165,154,175,163,164,164,155,157,158,166,159,153]}
4.339	{"type":"imu","dev":"node-01","seq":1377,"t0":142850,"fs":100,"samples":[[-0.027,0.912,0.497,-12.87,1.83,1.05,1.09,67.73],[-0.032,0.904,0.487,-8.42,1.83,0.14,1.12,67.53],[-0.029,0.900,0.491,-2.20,0.36,0.56,1.14,67.38],[-0.029,0.904,0.490,5.48,-0.13,0.08,1.14,67.32],[-0.025,0.909,0.491,6.34,-0.55,-0.59,1.14,67.27],[-0.032,0.903,0.496,6.09,-2.32,-1.08,1.13,67.21],[-0.033,0.904,0.491,-0.31,-2.75,0.50,1.12,67.09],[-0.032,0.909,0.491,-5.01,-1.28,0.32,1.12,66.93],[-0.032,0.912,0.500,-14.70,-0.25,0.20,1.13,66.67],[-0.030,0.902,0.504,-23.66,0.12,2.58,1.14,66.32]]}
4.350	{"type":"ecg","dev":"node-01","seq":1413,"t0":142860,"fs":250,"leads_off":false,"bpm":null,"samples":[170,155,160,160,163,167,155,162,161,160,169,151,157,159,160,167,155,158,159,156,160,119,158,157,155]}
4.439	{"type":"imu","dev":"node-01","seq":1378,"t0":142950,"fs":100,"samples":[[-0.030,0.894,0.513,-26.29,2.07,1.48,1.17,65.94],[-0.027,0.888,0.513,-21.77,1.28,0.50,1.19,65.61],[-0.030,0.886,0.523,-6.59,0.18,0.38,1.21,65.42],[-0.030,0.887,0.523,-0.07,-0.00,-0.17,1.21,65.30],[-0.030,0.888,0.520,12.62,-2.56,-0.84,1.20,65.31],[-0.023,0.891,0.517,22.56,-2.75,-1.08,1.17,65.43],[-0.030,0.895,0.525,24.87,-3.42,-0.47,1.15,65.55],[-0.030,0.902,0.511,22.62,-3.23,0.02,1.13,65.67],[-0.025,0.896,0.515,19.02,-2.81,-0.05,1.11,65.75],[-0.026,0.900,0.514,17.56,-2.08,1.48,1.09,65.81]]}
4.450	{"type":"ecg","dev":"node-01","seq":1414,"t0":142960,"fs":250,"leads_off":false,"bpm":null,"samples":[172,128,154,157,154,149,154,155,154,159,166,156,154,157,150,169,153,153,159,160,160,150,154,154,156]}
4.539	{"type":"imu","dev":"node-01","seq":1379,"t0":143050,"fs":100,"samples":[[-0.033,0.896,0.506,15.97,-1.04,0.87,1.10,65.86],[-0.033,0.892,0.511,16.28,-1.89,1.91,1.09,65.91],[-0.032,0.896,0.508,19.75,-0.55,0.20,1.10,65.99],[-0.033,0.901,0.513,19.63,-1.22,0.75,1.10,66.07],[-0.030,0.895,0.508,21.89,-2.26,0.81,1.09,66.17],[-0.027,0.898,0.503,24.93,-2.26,0.87,1.08,66.31],[-0.029,0.900,0.501,28.47,-3.60,0.14,1.05,66.48],[-0.029,0.908,0.498,27.80,-2.69,1.42,1.04,66.65],[-0.031,0.903,0.505,22.74,-2.63,1.36,1.03,66.75],[-0.032,0.909,0.500,17.98,-2.50,1.48,1.02,66.82]]}
4.550	{"type":"ecg","dev":"node-01","seq":1415,"t0":143060,"fs":250,"leads_off":false,"bpm":null,"samples":[162,154,161,157,158,163,154,160,160,150,169,155,149,159,156,160,148,147,147,144,151,144,144,140,141]}
4.639	{"type":"imu","dev":"node-01","seq":1380,"t0":143150,"fs":100,"samples":[[-0.032,0.901,0.499,10.18,-1.59,1.30,1.02,66.80],[-0.031,0.904,0.502,6.89,-2.87,0.50,1.00,66.75],[-0.032,0.901,0.517,3.04,-2.56,0.14,0.99,66.65],[-0.025,0.902,0.501,-0.49,-2.75,0.69,0.97,66.53],[-0.034,0.904,0.514,-3.11,-3.42,0.50,0.96,66.38],[-0.044,0.903,0.501,0.24,-1.34,0.93,0.97,66.27],[-0.045,0.899,0.495,1.76,-1.04,1.60,0.99,66.19],[-0.025,0.892,0.511,4.99,-1.16,0.14,0.99,66.12],[-0.023,0.893,0.538,6.21,0.06,-1.26,1.00,66.03],[-0.027,0.886,0.511,6.21,-2.44,-2.42,0.98,65.97]]}
4.650	{"type":"ecg","dev":"node-01","seq":1416,"t0":143160,"fs":250,"leads_off":false,"bpm":null,"samples":[146,138,131,129,131,141,130,132,131,132,141,128,128,129,124,128,122,126,128,123,127,124,115,126,118]}
4.739	{"type":"imu","dev":"node-01","seq":1381,"t0":143250,"fs":100,"samples":[[-0.022,0.893,0.504,0.24,-4.27,-0.90,0.95,65.87],[-0.045,0.896,0.509,-5.19,-3.11,-0.11,0.95,65.71],[-0.038,0.900,0.511,-3.48,-0.19,0.63,0.97,65.57],[-0.046,0.899,0.523,5.91,0.12,2.15,1.00,65.51],[-0.029,0.883,0.528,8.53,1.22,-1.26,1.02,65.47],[-0.018,0.886,0.525,10.79,-0.86,-0.53,1.02,65.45],[-0.020,0.892,0.524,14.51,-1.71,-1.08,1.00,65.48],[-0.027,0.900,0.521,9.63,-3.30,-2.85,0.98,65.46],[-0.033,0.904,0.517,4.26,-0.73,-1.20,0.99,65.40],[-0.039,0.902,0.520,-13.79,-1.22,-0.17,1.00,65.15]]}
4.750	{"type":"ecg","dev":"node-01","seq":1417,"t0":143260,"fs":250,"leads_off":false,"bpm":null,"samples":[128,114,122,125,115,130,123,119,120,121,128,124,125,128,125,129,124,128,129,128,133,128,131,133,140]}
4.849	{"type":"imu","dev":"node-01","seq":1382,"t0":143350,"fs":100,"samples":[[-0.034,0.895,0.524,-27.14,1.89,0.99,1.03,64.78],[-0.028,0.886,0.547,-32.51,4.27,1.17,1.13,64.01],[-0.034,0.868,0.552,-22.63,4.14,1.78,1.18,63.66],[-0.035,0.865,0.552,-14.70,3.78,0.75,1.24,63.39],[-0.028,0.874,0.557,-4.76,2.07,0.14,1.26,63.23],[-0.034,0.870,0.554,7.98,0.91,-0.59,1.28,63.19],[-0.030,0.882,0.549,10.18,-0.19,0.87,1.29,63.19],[-0.029,0.877,0.575,7.68,-0.25,-0.90,1.29,63.13],[-0.021,0.897,0.547,-1.29,0.97,1.36,1.30,63.03],[-0.042,0.882,0.573,-13.48,0.79,-0.29,1.33,62.78]]}
4.852	{"type":"ecg","dev":"node-01","seq":1418,"t0":143360,"fs":250,"leads_off":false,"bpm":null,"samples":[138,133,141,141,134,149,143,144,143,143,155,143,142,149,147,154,144,145,150,233,16,1337,1104,277,0]}
4.949	{"type":"imu","dev":"node-01","seq":1383,"t0":143460,"fs":100,"samples":[[-0.038,0.876,0.563,-17.51,1.70,0.32,1.36,62.50],[-0.033,0.875,0.580,-21.53,4.02,1.78,1.41,62.17],[-0.031,0.864,0.575,-21.90,4.27,-0.35,1.46,61.83],[-0.031,0.860,0.577,-20.61,3.35,0.14,1.49,61.52],[-0.037,0.854,0.588,-20.13,3.41,-1.02,1.54,61.20],[-0.037,0.855,0.594,-16.90,2.01,-1.63,1.57,60.91],[-0.038,0.852,0.600,-14.33,1.52,-1.63,1.59,60.65],[-0.031,0.853,0.602,-9.33,1.22,-0.29,1.61,60.44],[-0.050,0.826,0.603,-2.57,0.18,-0.53,1.63,60.29],[-0.009,0.853,0.567,22.31,0.73,3.43,1.62,60.43]]}
4.952	{"type":"ecg","dev":"node-01","seq":1419,"t0":143460,"fs":250,"leads_off":false,"bpm":null,"samples":[0,144,257,274,258,261,277,310,334,351,366,383,402,420,435,459,479,494,505,528,549,560,575,590,610]}
5.049	{"type":"imu","dev":"node-01","seq":1384,"t0":143560,"fs":100,"samples":[[-0.033,0.829,0.590,6.76,-2.38,-2.73,1.60,60.38],[-0.025,0.868,0.594,34.81,-4.21,-1.87,1.55,60.62],[-0.026,0.863,0.588,38.96,-1.71,-0.11,1.53,60.90],[-0.036,0.857,0.584,24.69,-1.28,0.93,1.53,61.04],[-0.036,0.858,0.589,19.39,-0.31,3.06,1.53,61.12],[-0.036,0.855,0.582,13.90,0.73,2.82,1.55,61.15],[-0.031,0.855,0.587,14.81,2.19,2.82,1.57,61.19],[-0.034,0.848,0.584,22.37,0.18,1.72,1.58,61.29],[-0.035,0.858,0.585,27.62,-0.19,2.27,1.59,61.45],[-0.032,0.859,0.585,27.37,-1.53,0.87,1.58,61.60]]}
5.052	{"type":"ecg","dev":"node-01","seq":1420,"t0":143560,"fs":250,"leads_off":false,"bpm":null,"samples":[623,635,652,665,677,690,699,720,727,743,757,769,619,441,418,458,400,391,386,383,385,382,381,379,377]}
5.149	{"type":"imu","dev":"node-01","seq":1385,"t0":143660,"fs":100,"samples":[[-0.038,0.865,0.577,27.98,-1.22,0.44,1.57,61.77],[-0.038,0.867,0.574,23.71,-1.22,1.11,1.57,61.90],[-0.038,0.868,0.579,22.68,0.91,1.72,1.59,62.01],[-0.040,0.866,0.580,17.56,1.83,2.21,1.62,62.06],[-0.033,0.864,0.577,13.59,1.64,2.70,1.64,62.08],[-0.034,0.860,0.575,11.64,2.56,1.42,1.67,62.08],[-0.034,0.872,0.573,10.73,0.12,1.85,1.68,62.08],[-0.036,0.865,0.572,11.64,-0.13,1.72,1.68,62.08],[-0.035,0.867,0.572,11.58,-0.37,0.93,1.68,62.08],[-0.039,0.868,0.573,10.24,-0.98,1.42,1.68,62.07]]}
5.151	{"type":"ecg","dev":"node-01","seq":1421,"t0":143660,"fs":250,"leads_off":false,"bpm":null,"samples":[384,344,374,391,366,395,361,385,368,362,378,365,358,359,366,363,365,367,362,363,368,366,358,367,356]}
5.249	{"type":"imu","dev":"node-01","seq":1386,"t0":143760,"fs":100,"samples":[[-0.041,0.869,0.579,4.39,0.06,0.50,1.70,62.00],[-0.041,0.866,0.584,0.24,0.24,0.99,1.71,61.88],[-0.039,0.861,0.584,-5.68,0.55,1.30,1.72,61.71],[-0.035,0.854,0.601,-5.07,-0.25,-0.35,1.72,61.52],[-0.032,0.870,0.571,1.58,-0.73,0.50,1.72,61.44],[-0.044,0.866,0.580,3.10,-1.22,0.69,1.72,61.36],[-0.050,0.868,0.576,5.36,-0.92,2.27,1.73,61.32],[-0.045,0.858,0.572,6.03,0.06,0.99,1.75,61.28],[-0.034,0.851,0.601,6.03,0.30,0.69,1.75,61.21],[-0.032,0.852,0.593,16.76,0.18,-0.41,1.76,61.25]]}
5.251	{"type":"ecg","dev":"node-01","seq":1422,"t0":143760,"fs":250,"leads_off":false,"bpm":null,"samples":[369,362,362,359,363,370,365,365,370,363,369,367,365,368,368,382,367,368,368,368,381,371,391,371,369]}
5.349	{"type":"imu","dev":"node-01","seq":1387,"t0":143860,"fs":100,"samples":[[-0.019,0.866,0.583,16.21,-3.42,-0.65,1.71,61.31],[-0.027,0.858,0.579,13.04,-4.21,-0.35,1.66,61.33],[-0.037,0.876,0.569,13.41,-2.38,0.75,1.65,61.37],[-0.053,0.867,0.581,14.99,-0.61,2.27,1.67,61.41],[-0.052,0.861,0.589,14.51,1.22,2.27,1.70,61.44],[-0.038,0.853,0.596,10.30,2.44,0.14,1.73,61.41],[-0.032,0.852,0.596,10.18,1.89,-0.29,1.75,61.39],[-0.026,0.863,0.587,12.07,1.16,-0.11,1.76,61.39],[-0.033,0.865,0.579,14.20,0.79,0.50,1.77,61.43],[-0.040,0.865,0.577,15.06,-0.25,0.26,1.77,61.47]]}
5.352	{"type":"ecg","dev":"node-01","seq":1423,"t0":143860,"fs":250,"leads_off":false,"bpm":null,"samples":[384,373,368,375,369,386,373,374,372,379,386,375,384,381,382,395,379,384,373,382,393,384,383,382,385]}
5.449	{"type":"imu","dev":"node-01","seq":1388,"t0":143960,"fs":100,"samples":[[-0.043,0.871,0.577,14.63,0.12,1.48,1.78,61.52],[-0.042,0.862,0.585,10.79,-0.31,0.75,1.79,61.51],[-0.032,0.862,0.582,8.41,-0.61,0.75,1.79,61.48],[-0.024,0.855,0.585,3.23,0.18,0.20,1.78,61.39],[-0.025,0.858,0.585,1.34,-0.25,0.44,1.77,61.29],[-0.036,0.859,0.586,3.17,0.61,0.99,1.78,61.21],[-0.035,0.859,0.585,10.06,0.12,1.72,1.78,61.20],[-0.043,0.850,0.590,12.31,-1.95,0.75,1.78,61.20],[-0.039,0.869,0.584,15.36,-1.89,1.17,1.76,61.25],[-0.034,0.857,0.590,13.96,-1.41,0.81,1.75,61.27]]}
5.451	{"type":"ecg","dev":"node-01","seq":1424,"t0":143960,"fs":250,"leads_off":false,"bpm":null,"samples":[401,377,380,382,381,390,389,387,384,396,397,384,391,392,393,400,385,384,373,391,381,373,383,395,392]}
5.549	{"type":"imu","dev":"node-01","seq":1389,"t0":144060,"fs":100,"samples":[[-0.033,0.864,0.578,11.09,-1.47,-0.17,1.74,61.28],[-0.035,0.864,0.583,8.59,1.52,0.32,1.76,61.26],[-0.039,0.861,0.583,6.76,1.64,0.93,1.78,61.22],[-0.032,0.863,0.588,5.91,1.52,1.11,1.80,61.17],[-0.035,0.854,0.584,9.63,1.40,0.99,1.81,61.15],[-0.036,0.856,0.584,11.52,0.67,1.30,1.82,61.15],[-0.037,0.851,0.586,14.02,1.22,1.97,1.84,61.18],[-0.033,0.857,0.590,15.97,-0.37,0.69,1.84,61.22],[-0.035,0.870,0.584,17.13,-0.25,0.75,1.83,61.28],[-0.033,0.862,0.590,18.35,0.06,1.24,1.83,61.35]]}
5.551	{"type":"ecg","dev":"node-01","seq":1425,"t0":144060,"fs":250,"leads_off":false,"bpm":null,"samples":[400,391,393,400,387,400,390,397,394,395,401,395,393,391,406,405,395,402,389,400,403,398,407,397,399]}
5.649	{"type":"imu","dev":"node-01","seq":1390,"t0":144160,"fs":100,"samples":[[-0.043,0.864,0.583,20.48,-3.11,0.56,1.81,61.44],[-0.039,0.863,0.581,21.64,-1.28,1.24,1.81,61.55],[-0.037,0.867,0.578,20.73,-1.77,-0.11,1.80,61.65],[-0.036,0.864,0.583,20.67,-2.38,1.17,1.78,61.74],[-0.038,0.867,0.577,22.43,-1.71,0.38,1.77,61.85],[-0.027,0.869,0.573,23.78,-1.83,1.42,1.74,61.98],[-0.033,0.868,0.576,22.92,-2.44,1.30,1.72,62.09],[-0.029,0.866,0.577,19.63,-1.59,1.30,1.70,62.17],[-0.024,0.867,0.569,18.71,-2.08,0.56,1.67,62.24],[-0.031,0.873,0.570,17.56,-0.67,0.02,1.67,62.31]]}
5.652	{"type":"ecg","dev":"node-01","seq":1426,"t0":144160,"fs":250,"leads_off":false,"bpm":null,"samples":[411,399,399,400,400,410,401,400,406,398,414,400,400,400,398,410,400,400,408,400,411,400,400,392,401]}
5.749	{"type":"imu","dev":"node-01","seq":1391,"t0":144260,"fs":100,"samples":[[-0.039,0.867,0.568,16.64,0.36,1.30,1.68,62.36],[-0.036,0.871,0.567,17.92,-0.92,1.60,1.68,62.43],[-0.041,0.872,0.571,18.78,-0.67,1.60,1.68,62.50],[-0.039,0.869,0.571,18.96,-0.73,1.24,1.69,62.57],[-0.033,0.873,0.567,18.65,-1.28,0.20,1.68,62.64],[-0.029,0.873,0.563,18.84,-1.28,0.93,1.66,62.71],[-0.031,0.872,0.561,18.41,-1.83,1.30,1.64,62.78],[-0.027,0.873,0.559,16.82,-1.22,1.42,1.63,62.84],[-0.032,0.873,0.560,12.19,-1.59,1.91,1.62,62.85],[-0.030,0.872,0.559,10.24,-0.98,0.93,1.61,62.84]]}
5.751	{"type":"ecg","dev":"node-01","seq":1427,"t0":144260,"fs":250,"leads_off":false,"bpm":null,"samples":[409,401,400,373,397,407,398,401,399,398,407,395,399,400,398,407,396,396,394,400,406,398,395,394,391]}
5.849	{"type":"imu","dev":"node-01","seq":1392,"t0":144360,"fs":100,"samples":[[-0.030,0.869,0.564,9.08,-0.98,0.93,1.60,62.81],[-0.033,0.879,0.559,6.21,-0.98,0.75,1.59,62.77],[-0.035,0.877,0.557,6.15,-0.67,1.11,1.59,62.73],[-0.037,0.870,0.566,8.96,-0.80,1.17,1.59,62.70],[-0.029,0.870,0.562,9.57,-0.49,0.99,1.59,62.68],[-0.031,0.864,0.560,10.42,-0.67,0.99,1.59,62.67],[-0.029,0.870,0.571,15.85,-2.14,-0.72,1.56,62.71],[-0.020,0.869,0.567,17.25,-2.38,-0.65,1.53,62.76],[-0.017,0.876,0.558,17.62,-2.50,0.08,1.50,62.83],[-0.044,0.879,0.546,15.97,-1.59,2.21,1.50,62.89]]}
5.851	{"type":"ecg","dev":"node-01","seq":1428,"t0":144360,"fs":250,"leads_off":false,"bpm":null,"samples":[403,391,396,391,385,401,389,386,389,385,400,390,384,386,382,390,391,388,336,386,400,385,384,444,387]}
5.949	{"type":"imu","dev":"node-01","seq":1393,"t0":144460,"fs":100,"samples":[[-0.044,0.878,0.543,16.40,-0.92,2.27,1.51,62.96],[-0.039,0.876,0.534,15.91,0.48,3.80,1.53,63.03],[-0.025,0.871,0.591,18.65,0.61,0.08,1.53,63.07],[-0.019,0.865,0.562,23.29,-1.65,-0.84,1.50,63.17],[-0.023,0.873,0.551,24.02,-2.69,-0.41,1.47,63.30],[-0.026,0.877,0.541,22.25,-3.30,0.20,1.44,63.42],[-0.040,0.887,0.552,17.13,-1.22,1.60,1.44,63.48],[-0.041,0.879,0.554,13.84,1.58,3.06,1.47,63.50],[-0.033,0.868,0.555,13.10,1.89,0.81,1.50,63.51],[-0.022,0.871,0.562,10.12,1.52,-0.05,1.51,63.48]]}
5.951	{"type":"ecg","dev":"node-01","seq":1429,"t0":144460,"fs":250,"leads_off":false,"bpm":null,"samples":[391,387,385,384,381,394,379,385,384,384,400,378,384,384,383,400,383,384,381,381,397,380,385,376,384]}
6.051	{"type":"ecg","dev":"node-01","seq":1430,"t0":144560,"fs":250,"leads_off":false,"bpm":null,"samples":[391,382,382,375,375,386,371,377,372,374,382,380,368,378,371,382,371,369,368,368,375,366,367,368,363]}
6.059	{"type":"imu","dev":"node-01","seq":1394,"t0":144560,"fs":100,"samples":[[-0.022,0.882,0.552,10.67,1.16,0.38,1.52,63.48],[-0.026,0.877,0.548,10.67,0.61,0.38,1.52,63.47],[-0.035,0.883,0.547,11.34,-0.13,2.03,1.53,63.48],[-0.044,0.883,0.546,11.95,-1.59,1.85,1.53,63.49],[-0.038,0.881,0.546,12.31,-0.55,2.33,1.53,63.62],[-0.030,0.878,0.548,10.91,-0.55,1.48,1.53,63.62],[-0.024,0.880,0.544,10.18,-1.04,0.44,1.51,63.61],[-0.024,0.876,0.548,11.40,-0.00,-0.72,1.51,63.61],[-0.021,0.881,0.553,12.56,-0.19,0.81,1.50,63.62],[-0.029,0.878,0.553,14.75,-1.28,0.75,1.49,63.65]]}
6.150	{"type":"ecg","dev":"node-01","seq":1431,"t0":144661,"fs":250,"leads_off":false,"bpm":null,"samples":[368,357,360,364,354,363,357,357,353,351,358,348,349,355,349,365,342,341,349,336,353,371,337,336,343]}
6.159	{"type":"imu","dev":"node-01","seq":1395,"t0":144670,"fs":100,"samples":[[-0.031,0.879,0.553,17.43,-0.00,0.44,1.49,63.70],[-0.029,0.878,0.559,18.90,-0.92,0.87,1.49,63.76],[-0.023,0.885,0.549,19.45,-1.47,0.44,1.47,63.84],[-0.029,0.887,0.541,15.12,-1.04,0.81,1.46,63.89],[-0.036,0.887,0.544,11.28,-0.49,1.24,1.47,63.89],[-0.032,0.883,0.553,10.18,1.34,0.20,1.48,63.87],[-0.031,0.887,0.547,10.42,-0.43,1.48,1.48,63.86],[-0.032,0.879,0.542,10.24,0.24,0.87,1.49,63.85],[-0.037,0.874,0.552,10.42,0.91,-0.41,1.51,63.83],[-0.027,0.879,0.547,12.49,-0.06,1.05,1.51,63.84]]}
6.250	{"type":"ecg","dev":"node-01","seq":1432,"t0":144761,"fs":250,"leads_off":false,"bpm":null,"samples":[333,337,338,336,316,347,331,333,331,323,336,327,330,318,356,336,320,272,326,326,326,322,320,317,316]}
6.259	{"type":"imu","dev":"node-01","seq":1396,"t0":144770,"fs":100,"samples":[[-0.029,0.880,0.551,11.52,-0.37,0.50,1.51,63.83],[-0.029,0.883,0.541,14.99,-1.53,0.69,1.50,63.87],[-0.032,0.885,0.545,16.40,-1.95,0.20,1.48,63.92],[-0.034,0.883,0.542,17.80,-2.87,0.38,1.46,63.99],[-0.038,0.884,0.546,15.30,-2.69,0.56,1.45,64.02],[-0.036,0.887,0.542,13.78,-1.65,-0.11,1.44,64.05],[-0.043,0.882,0.545,9.14,-2.99,0.87,1.43,64.02],[-0.041,0.886,0.553,5.48,-2.69,0.26,1.42,63.96],[-0.035,0.881,0.543,5.54,-2.38,-0.84,1.41,63.90],[-0.037,0.882,0.546,2.31,-1.47,-0.05,1.41,63.81]]}
6.350	{"type":"ecg","dev":"node-01","seq":1433,"t0":144861,"fs":250,"leads_off":false,"bpm":null,"samples":[316,309,317,316,310,321,315,312,311,311,315,303,306,304,304,313,301,304,299,295,307,299,298,304,294]}
6.359	{"type":"imu","dev":"node-01","seq":1397,"t0":144870,"fs":100,"samples":[[-0.031,0.879,0.548,-0.07,-1.41,1.48,1.40,63.69],[-0.030,0.875,0.542,-1.22,-1.28,0.81,1.39,63.57],[-0.033,0.873,0.556,-1.71,-0.55,0.75,1.40,63.44],[-0.034,0.874,0.556,-3.11,0.42,0.08,1.41,63.29],[-0.027,0.877,0.555,-0.37,-0.37,-0.65,1.41,63.17],[-0.027,0.874,0.560,0.48,-0.49,0.38,1.40,63.06],[-0.033,0.872,0.563,3.53,-0.37,0.93,1.41,62.98],[-0.032,0.878,0.558,6.89,-1.16,0.69,1.40,62.93],[-0.030,0.872,0.565,6.15,-0.67,0.75,1.40,62.88],[-0.035,0.871,0.565,6.21,-1.34,0.63,1.40,62.82]]}
6.450	{"type":"ecg","dev":"node-01","seq":1434,"t0":144961,"fs":250,"leads_off":false,"bpm":null,"samples":[289,290,287,291,287,299,285,282,288,288,290,286,281,282,287,285,283,277,276,274,287,272,260,275,269]}
6.459	{"type":"imu","dev":"node-01","seq":1398,"t0":144970,"fs":100,"samples":[[-0.029,0.874,0.566,8.29,-1.04,1.17,1.40,62.79],[-0.032,0.880,0.559,7.92,-2.69,-0.35,1.38,62.76],[-0.027,0.874,0.562,7.74,-1.65,1.30,1.36,62.73],[-0.034,0.871,0.568,4.57,-1.04,0.63,1.36,62.66],[-0.034,0.877,0.567,3.23,-1.47,-0.11,1.36,62.58],[-0.036,0.870,0.568,3.78,-0.80,1.54,1.36,62.50],[-0.029,0.871,0.570,2.56,-0.67,1.24,1.36,62.41],[-0.038,0.872,0.571,2.01,-1.59,0.81,1.36,62.32],[-0.033,0.868,0.583,4.51,-1.77,0.69,1.35,62.24],[-0.025,0.870,0.574,8.35,-2.44,0.02,1.33,62.21]]}
6.550	{"type":"ecg","dev":"node-01","seq":1435,"t0":145061,"fs":250,"leads_off":false,"bpm":null,"samples":[269,225,272,272,261,275,270,258,266,265,263,259,272,256,255,248,253,247,251,251,256,251,247,241,241]}
6.559	{"type":"imu","dev":"node-01","seq":1399,"t0":145070,"fs":100,"samples":[[-0.039,0.876,0.570,8.41,-2.20,1.91,1.32,62.18],[-0.048,0.875,0.562,7.92,-1.71,1.91,1.33,62.16],[-0.039,0.870,0.551,8.23,-2.08,1.60,1.33,62.15],[-0.024,0.859,0.586,10.36,-0.06,0.26,1.33,62.13],[-0.024,0.860,0.596,11.58,0.06,0.56,1.33,62.10],[-0.022,0.864,0.578,10.12,-3.23,-1.14,1.29,62.08],[-0.022,0.868,0.562,9.14,-3.23,0.32,1.26,62.07],[-0.024,0.872,0.552,8.84,-1.65,-0.05,1.25,62.07],[-0.042,0.876,0.573,7.68,-1.71,0.87,1.25,62.04],[-0.039,0.860,0.586,10.42,0.42,-0.29,1.27,62.02]]}
6.650	{"type":"ecg","dev":"node-01","seq":1436,"t0":145161,"fs":250,"leads_off":false,"bpm":null,"samples":[241,252,243,240,239,241,240,237,233,231,240,234,234,228,227,237,228,223,229,225,229,223,223,223,221]}
6.659	{"type":"imu","dev":"node-01","seq":1400,"t0":145170,"fs":100,"samples":[[-0.028,0.858,0.587,12.25,0.42,-0.35,1.28,62.01],[-0.019,0.860,0.586,11.46,0.30,-1.45,1.28,62.00],[-0.026,0.873,0.580,8.78,0.42,-2.48,1.29,61.97],[-0.029,0.873,0.571,8.17,0.30,-1.39,1.30,61.95],[-0.039,0.873,0.576,7.56,-0.92,0.56,1.30,61.91],[-0.040,0.873,0.575,7.19,-1.65,1.17,1.31,61.88],[-0.043,0.870,0.573,7.68,-2.75,2.76,1.30,61.85],[-0.033,0.868,0.577,5.18,-0.00,0.69,1.31,61.79],[-0.035,0.859,0.586,2.74,-1.10,1.91,1.31,61.69],[-0.032,0.856,0.580,0.30,-2.14,-0.65,1.30,61.58]]}
6.750	{"type":"ecg","dev":"node-01","seq":1437,"t0":145261,"fs":250,"leads_off":false,"bpm":74.3,"samples":[218,215,218,219,219,1141,790,160,0,18,177,251,257,259,267,291,317,336,353,372,391,399,430,443,462]}
6.759	{"type":"imu","dev":"node-01","seq":1401,"t0":145270,"fs":100,"samples":[[-0.027,0.859,0.585,0.73,-0.49,-0.72,1.30,61.47],[-0.027,0.862,0.589,1.40,-1.28,-0.23,1.29,61.37],[-0.030,0.862,0.590,3.65,-0.67,-0.29,1.29,61.29],[-0.035,0.862,0.588,3.23,-0.43,0.63,1.30,61.21],[-0.027,0.852,0.599,4.32,-1.16,-1.14,1.29,61.13],[-0.032,0.860,0.584,4.20,-1.95,0.44,1.28,61.06],[-0.037,0.851,0.588,3.96,-1.71,0.99,1.28,60.99],[-0.042,0.861,0.595,-4.76,-0.37,-0.29,1.30,60.83],[-0.032,0.852,0.598,-3.72,-0.13,-1.02,1.30,60.67],[-0.032,0.855,0.594,-1.47,0.85,-1.33,1.32,60.55]]}
6.850	{"type":"ecg","dev":"node-01","seq":1438,"t0":145361,"fs":250,"leads_off":false,"bpm":74.3,"samples":[491,496,521,528,548,562,577,593,609,629,637,655,666,675,698,710,724,737,751,759,767,787,747,0,0]}
6.859	{"type":"imu","dev":"node-01","seq":1402,"t0":145370,"fs":100,"samples":[[-0.033,0.846,0.593,-4.03,2.19,-0.23,1.35,60.40],[-0.033,0.840,0.605,-8.24,2.98,0.69,1.39,60.19],[-0.034,0.848,0.595,-5.25,0.48,-1.08,1.41,60.04],[-0.034,0.846,0.613,-2.14,1.28,-1.39,1.43,59.90],[-0.037,0.849,0.611,-2.14,-0.86,-2.00,1.43,59.76],[-0.049,0.823,0.613,4.51,-2.93,-1.63,1.43,59.68],[-0.058,0.852,0.630,8.71,-3.48,-0.41,1.43,59.64],[-0.030,0.849,0.602,10.18,-3.54,-2.48,1.40,59.64],[-0.036,0.856,0.605,14.63,-2.81,-0.96,1.38,59.69],[-0.030,0.847,0.600,14.99,-2.26,-0.41,1.37,59.73]]}
6.950	{"type":"ecg","dev":"node-01","seq":1439,"t0":145461,"fs":250,"leads_off":false,"bpm":74.3,"samples":[0,0,0,0,0,0,0,0,0,0,0,0,455,1051,1193,1102,992,976,1021,1042,1059,1067,1065,1077,1081]}
6.959	{"type":"imu","dev":"node-01","seq":1403,"t0":145470,"fs":100,"samples":[[-0.025,0.837,0.606,16.89,-1.10,-0.53,1.36,59.79],[-0.030,0.841,0.607,20.79,-0.86,1.36,1.35,59.88],[-0.034,0.847,0.606,18.96,-0.73,0.93,1.36,59.95],[-0.036,0.844,0.601,18.47,-2.44,0.38,1.35,60.03],[-0.031,0.854,0.602,11.34,-0.98,-1.87,1.34,60.03],[-0.034,0.850,0.601,4.26,-2.63,-0.65,1.33,59.97],[-0.038,0.853,0.606,-11.16,0.24,-1.63,1.35,59.75],[-0.039,0.845,0.612,-20.68,2.62,-0.05,1.39,59.44],[-0.039,0.847,0.621,-24.21,3.23,-0.11,1.43,59.09],[-0.040,0.839,0.625,-24.76,2.86,0.99,1.48,58.73]]}
7.051	{"type":"ecg","dev":"node-01","seq":1440,"t0":145561,"fs":250,"leads_off":false,"bpm":74.3,"samples":[1097,1104,1113,1120,1132,1136,1146,1152,1163,1169,1185,1186,1193,1200,1207,1215,1219,1238,1242,1241,1251,1257,953,136,0]}
7.059	{"type":"imu","dev":"node-01","seq":1404,"t0":145570,"fs":100,"samples":[[-0.037,0.828,0.629,-20.98,3.29,-0.17,1.52,58.40],[-0.033,0.847,0.622,-14.40,1.64,-1.39,1.54,58.17],[-0.070,0.828,0.659,-1.22,-0.92,0.14,1.58,58.02],[-0.036,0.823,0.614,-0.01,-4.58,-4.13,1.54,57.93],[-0.024,0.832,0.621,10.54,-3.36,-2.85,1.50,57.94],[-0.047,0.833,0.643,1.70,-0.98,-0.78,1.52,57.84],[-0.035,0.836,0.634,2.01,-0.37,-0.29,1.52,57.76],[-0.040,0.813,0.643,-2.08,1.16,2.09,1.55,57.62],[-0.037,0.830,0.641,0.54,2.68,3.25,1.58,57.52],[-0.029,0.816,0.642,4.69,1.40,0.32,1.60,57.45]]}
7.150	{"type":"ecg","dev":"node-01","seq":1441,"t0":145661,"fs":250,"leads_off":false,"bpm":74.3,"samples":[0,0,0,0,0,0,0,0,0,0,0,0,0,0,0,0,0,0,0,0,0,0,0,0,0]}
7.159	{"type":"imu","dev":"node-01","seq":1405,"t0":145670,"fs":100,"samples":[[-0.032,0.818,0.644,11.03,-0.13,0.32,1.60,57.44],[-0.035,0.821,0.644,17.74,-1.22,-0.17,1.59,57.51],[-0.056,0.830,0.637,15.97,-1.16,1.42,1.61,57.56],[-0.038,0.834,0.624,9.87,1.52,0.32,1.64,57.57],[-0.030,0.824,0.640,7.19,2.86,0.56,1.66,57.53],[-0.033,0.821,0.644,15.91,1.95,0.02,1.69,57.58],[-0.038,0.818,0.632,15.67,-4.15,-0.41,1.65,57.62],[-0.029,0.828,0.624,18.96,-3.72,-0.29,1.62,57.72],[-0.040,0.835,0.635,22.92,-2.69,0.08,1.60,57.84],[-0.059,0.839,0.632,28.35,-0.31,2.33,1.63,58.02]]}
7.250	{"type":"ecg","dev":"node-01","seq":1442,"t0":145761,"fs":250,"leads_off":false,"bpm":74.3,"samples":[0,0,0,0,0,0,0,0,0,0,0,0,0,0,0,0,0,0,0,0,0,0,0,0,0]}
7.259	{"type":"imu","dev":"node-01","seq":1406,"t0":145770,"fs":100,"samples":[[-0.055,0.836,0.644,29.69,-0.67,1.42,1.65,58.20],[-0.034,0.821,0.646,32.56,0.91,1.60,1.66,58.39],[-0.039,0.839,0.623,39.99,-1.53,-0.17,1.66,58.68],[-0.033,0.842,0.615,31.21,-0.37,-0.35,1.66,58.89],[-0.043,0.848,0.607,31.28,-1.34,-0.11,1.66,59.11],[-0.046,0.851,0.613,31.03,-1.89,0.99,1.66,59.32],[-0.050,0.855,0.602,27.01,-1.53,2.52,1.66,59.49],[-0.044,0.842,0.606,24.75,-1.59,1.91,1.66,59.63],[-0.046,0.840,0.608,21.82,-1.71,3.13,1.67,59.73],[-0.038,0.840,0.607,22.80,-0.80,0.75,1.67,59.85]]}
7.350	{"type":"ecg","dev":"node-01","seq":1443,"t0":145861,"fs":250,"leads_off":false,"bpm":74.3,"samples":[0,0,0,0,0,0,0,0,0,0,0,0,0,0,0,0,0,0,0,0,0,0,0,0,0]}
7.359	{"type":"imu","dev":"node-01","seq":1407,"t0":145870,"fs":100,"samples":[[-0.039,0.842,0.605,24.81,-2.26,0.38,1.65,59.98],[-0.032,0.847,0.611,26.52,-0.98,-0.72,1.65,60.12],[-0.036,0.850,0.603,24.99,-2.32,-1.51,1.63,60.26],[-0.044,0.851,0.607,22.49,-1.65,-0.72,1.63,60.36],[-0.039,0.862,0.608,15.06,-1.22,-0.11,1.63,60.40],[-0.031,0.860,0.593,13.41,-0.98,0.20,1.62,60.43],[-0.035,0.857,0.589,11.89,-2.14,0.81,1.61,60.45],[-0.041,0.857,0.598,7.19,-1.53,1.60,1.60,60.41],[-0.042,0.850,0.610,2.80,0.30,1.60,1.62,60.32],[-0.040,0.848,0.603,2.92,0.79,0.14,1.64,60.23]]}
7.450	{"type":"ecg","dev":"node-01","seq":1444,"t0":145961,"fs":250,"leads_off":false,"bpm":60.3,"samples":[0,0,0,0,0,0,0,0,0,0,0,0,0,47,326,494,565,592,629,722,810,889,961,1044,1120]}
7.459	{"type":"imu","dev":"node-01","seq":1408,"t0":145970,"fs":100,"samples":[[-0.033,0.847,0.599,2.13,0.12,0.87,1.64,60.15],[-0.033,0.842,0.603,-0.61,-0.80,0.26,1.64,60.02],[-0.036,0.843,0.594,1.89,-0.92,-0.47,1.64,59.94],[-0.036,0.839,0.604,4.57,-1.22,0.08,1.63,59.87],[-0.034,0.843,0.605,6.40,-0.98,-0.11,1.63,59.82],[-0.041,0.847,0.600,6.34,-2.50,0.32,1.62,59.78],[-0.040,0.845,0.601,6.21,-2.20,-1.20,1.61,59.74],[-0.040,0.845,0.604,7.37,-1.95,-0.17,1.60,59.70],[-0.037,0.849,0.604,7.37,-1.34,1.24,1.60,59.67],[-0.039,0.843,0.605,8.35,-0.13,0.02,1.61,59.65]]}
7.551	{"type":"ecg","dev":"node-01","seq":1445,"t0":146061,"fs":250,"leads_off":false,"bpm":60.3,"samples":[1222,1276,1354,1421,1488,1571,1648,1726,1792,1865,1932,1996,2067,2133,2252,2351,2427,2483,2541,2603,2642,2669,2673,2676,2703]}
7.559	{"type":"imu","dev":"node-01","seq":1409,"t0":146070,"fs":100,"samples":[[-0.037,0.844,0.602,10.18,-1.10,-0.78,1.60,59.64],[-0.042,0.842,0.602,10.30,-0.92,0.26,1.61,59.64],[-0.036,0.843,0.605,10.30,-2.32,-1.02,1.59,59.64],[-0.033,0.846,0.603,10.18,-1.71,-0.29,1.58,59.63],[-0.039,0.849,0.609,9.99,-0.86,-0.05,1.58,59.63],[-0.034,0.849,0.604,8.71,-0.86,0.50,1.58,59.61],[-0.037,0.846,0.607,9.20,-1.71,0.50,1.57,59.59],[-0.044,0.840,0.614,11.89,-0.98,0.44,1.58,59.60],[-0.042,0.842,0.609,15.18,-1.83,2.45,1.58,59.63],[-0.038,0.842,0.609,17.62,-1.53,2.15,1.57,59.70]]}
7.651	{"type":"ecg","dev":"node-01","seq":1446,"t0":146161,"fs":250,"leads_off":false,"bpm":60.3,"samples":[2785,2825,2891,2934,2977,3019,3069,3137,3173,3154,3056,3021,3111,3332,3793,4095,4095,4095,4095,4095,4095,4095,4095,4095,4095]}
7.659	{"type":"imu","dev":"node-01","seq":1410,"t0":146170,"fs":100,"samples":[[-0.042,0.845,0.612,21.70,-1.28,1.24,1.58,59.80],[-0.040,0.850,0.602,27.86,-2.81,0.93,1.56,59.97],[-0.037,0.853,0.593,32.25,-2.02,0.75,1.55,60.19],[-0.037,0.854,0.596,34.20,-2.56,1.48,1.53,60.42],[-0.039,0.844,0.596,33.53,-3.11,0.87,1.52,60.64],[-0.037,0.853,0.591,33.47,-2.08,1.48,1.51,60.86],[-0.039,0.856,0.590,32.07,-3.05,0.93,1.49,61.06],[-0.037,0.861,0.589,29.08,-3.17,0.93,1.47,61.24],[-0.038,0.856,0.607,28.04,-2.99,0.02,1.45,61.38],[-0.025,0.872,0.575,26.82,-2.02,0.75,1.43,61.55]]}
7.751	{"type":"ecg","dev":"node-01","seq":1447,"t0":146261,"fs":250,"leads_off":false,"bpm":60.3,"samples":[4093,3941,3863,3954,4094,4095,4095,4095,4095,4095,4095,4095,4095,4095,4095,4095,4095,4095,4095,4095,4095,4095,4095,4095,4095]}
7.759	{"type":"imu","dev":"node-01","seq":1411,"t0":146270,"fs":100,"samples":[[-0.045,0.869,0.582,22.80,-1.95,1.17,1.43,61.67],[-0.047,0.872,0.560,21.95,-0.86,1.48,1.45,61.79],[-0.042,0.869,0.564,21.09,-0.31,1.72,1.46,61.91],[-0.030,0.862,0.573,21.76,0.85,1.78,1.47,62.01],[-0.025,0.856,0.601,22.74,0.91,0.44,1.48,62.09],[-0.027,0.862,0.582,29.20,-2.08,0.14,1.46,62.25],[-0.025,0.875,0.545,33.71,-3.97,0.32,1.42,62.50],[-0.026,0.881,0.551,32.80,-3.48,2.15,1.39,62.73],[-0.042,0.883,0.555,30.48,-1.89,0.69,1.39,62.93],[-0.049,0.873,0.568,28.23,1.16,1.66,1.42,63.09]]}
7.851	{"type":"ecg","dev":"node-01","seq":1448,"t0":146361,"fs":250,"leads_off":false,"bpm":60.3,"samples":[4095,4095,4095,4095,4095,4095,4095,4095,4095,4095,4095,4095,3025,709,627,605,587,575,562,553,545,537,532,528,527]}
7.859	{"type":"imu","dev":"node-01","seq":1412,"t0":146370,"fs":100,"samples":[[-0.031,0.868,0.570,29.51,1.34,0.93,1.44,63.25],[-0.033,0.870,0.562,26.95,1.83,0.38,1.47,63.39],[-0.027,0.877,0.553,26.09,1.22,0.56,1.48,63.54],[-0.036,0.893,0.546,22.49,0.91,1.11,1.50,63.66],[-0.034,0.888,0.545,24.20,1.89,1.54,1.53,63.79],[-0.038,0.895,0.540,25.18,0.48,2.39,1.54,63.94],[-0.046,0.886,0.536,28.10,-1.04,2.82,1.55,64.11],[-0.039,0.884,0.535,33.29,-0.86,2.58,1.55,64.33],[-0.038,0.887,0.529,37.74,-1.16,3.19,1.55,64.60],[-0.033,0.888,0.533,36.21,-2.38,0.44,1.54,64.84]]}
7.903	{"type":"status","dev":"node-01","fw":"0.1.0","uptime_ms":146509,"ecg":{"fs":250},"imu":{"ok":true,"fs":100,"errors":365,"fields":["ax","ay","az","gx","gy","gz","pitch","roll"]}}
7.950	{"type":"ecg","dev":"node-01","seq":1449,"t0":146461,"fs":250,"leads_off":false,"bpm":60.3,"samples":[471,511,503,503,503,501,496,497,496,496,494,487,490,487,483,483,485,482,485,482,474,482,472,477,482]}
7.959	{"type":"imu","dev":"node-01","seq":1413,"t0":146470,"fs":100,"samples":[[-0.038,0.879,0.531,35.60,-2.26,-0.59,1.53,65.07],[-0.032,0.886,0.526,24.87,-0.73,0.56,1.52,65.20],[-0.037,0.895,0.532,17.49,-0.25,-0.23,1.53,65.25],[-0.037,0.900,0.526,12.43,1.52,0.87,1.56,65.26],[-0.030,0.892,0.530,6.03,0.79,0.32,1.57,65.20],[-0.030,0.892,0.516,-2.26,2.19,1.66,1.59,65.08],[-0.041,0.894,0.527,0.06,1.03,1.97,1.61,64.97],[-0.040,0.894,0.525,0.67,-0.00,1.36,1.62,64.86],[-0.037,0.887,0.539,4.57,0.30,0.32,1.64,64.79],[-0.030,0.887,0.525,6.76,0.36,-0.53,1.64,64.74]]}
8.051	{"type":"ecg","dev":"node-01","seq":1450,"t0":146561,"fs":250,"leads_off":false,"bpm":60.3,"samples":[477,477,477,473,477,467,471,471,468,466,464,491,435,448,448,464,466,469,459,464,467,465,466,462,467]}
8.059	{"type":"imu","dev":"node-01","seq":1414,"t0":146570,"fs":100,"samples":[[-0.034,0.890,0.534,6.03,0.30,-0.11,1.65,64.69],[-0.038,0.887,0.536,-0.98,0.18,-0.47,1.66,64.56],[-0.040,0.887,0.539,-10.37,0.97,-1.14,1.68,64.34],[-0.029,0.885,0.542,-11.29,1.40,-0.96,1.69,64.12],[-0.035,0.879,0.549,-15.43,2.92,0.08,1.72,63.84],[-0.035,0.878,0.554,-15.25,1.28,1.66,1.74,63.57],[-0.042,0.876,0.559,-15.55,0.97,1.60,1.76,63.30],[-0.040,0.875,0.555,-12.81,1.46,0.81,1.78,63.06],[-0.043,0.869,0.561,-11.65,0.30,1.42,1.80,62.83],[-0.047,0.876,0.562,-9.88,0.97,0.14,1.82,62.62]]}
8.150	{"type":"ecg","dev":"node-01","seq":1451,"t0":146661,"fs":250,"leads_off":false,"bpm":60.3,"samples":[464,469,464,464,464,464,464,459,460,462,452,464,463,462,463,457,455,455,454,453,455,464,457,458,455]}
8.159	{"type":"imu","dev":"node-01","seq":1415,"t0":146670,"fs":100,"samples":[[-0.041,0.869,0.559,-5.31,1.03,-0.05,1.84,62.46],[-0.031,0.865,0.564,1.95,-0.25,0.44,1.84,62.37],[-0.033,0.869,0.566,4.87,-1.95,-0.35,1.82,62.31],[-0.033,0.868,0.572,7.37,-2.99,0.14,1.79,62.27],[-0.042,0.866,0.579,7.13,-1.95,0.44,1.78,62.21],[-0.037,0.873,0.572,7.92,0.06,0.63,1.79,62.18],[-0.041,0.867,0.576,8.53,-2.50,0.38,1.77,62.15],[-0.037,0.865,0.572,10.18,-2.44,0.26,1.75,62.14],[-0.035,0.871,0.578,10.06,-1.47,0.32,1.74,62.12],[-0.037,0.870,0.576,10.12,-1.04,0.99,1.74,62.11]]}
8.250	{"type":"ecg","dev":"node-01","seq":1452,"t0":146761,"fs":250,"leads_off":false,"bpm":60.3,"samples":[449,457,451,449,449,446,446,448,464,445,453,446,447,446,445,447,438,435,436,436,443,443,437,437,432]}
8.259	{"type":"imu","dev":"node-01","seq":1416,"t0":146770,"fs":100,"samples":[[-0.032,0.866,0.571,10.12,-0.98,0.87,1.73,62.10],[-0.035,0.864,0.565,10.48,-0.61,0.63,1.73,62.10],[-0.039,0.868,0.570,10.85,-0.49,0.08,1.73,62.09],[-0.036,0.868,0.572,10.42,-0.92,0.26,1.73,62.09],[-0.044,0.862,0.576,11.28,-0.55,2.03,1.74,62.08],[-0.035,0.871,0.578,12.19,-0.73,0.75,1.73,62.09],[-0.042,0.863,0.583,11.03,-1.10,1.54,1.73,62.07],[-0.025,0.866,0.580,14.08,-3.42,-0.17,1.69,62.09],[-0.025,0.867,0.564,14.69,-2.50,0.02,1.66,62.13],[-0.045,0.875,0.560,14.14,-2.63,2.58,1.65,62.18]]}
8.350	{"type":"ecg","dev":"node-01","seq":1453,"t0":146861,"fs":250,"leads_off":false,"bpm":60.3,"samples":[453,431,432,432,432,432,432,417,429,434,431,429,431,433,435,429,417,432,419,433,432,423,427,433,427]}
8.359	{"type":"imu","dev":"node-01","seq":1417,"t0":146870,"fs":100,"samples":[[-0.050,0.868,0.561,13.59,-1.77,2.70,1.66,62.21],[-0.039,0.874,0.542,13.96,0.30,2.03,1.67,62.27],[-0.030,0.862,0.604,16.46,0.79,1.11,1.68,62.28],[-0.026,0.865,0.577,17.86,-2.63,-0.96,1.65,62.34],[-0.021,0.869,0.560,15.06,-4.94,-0.78,1.59,62.38],[-0.032,0.876,0.549,13.41,-3.42,-1.08,1.56,62.42],[-0.050,0.881,0.559,10.18,-1.77,1.17,1.56,62.43],[-0.051,0.868,0.572,7.07,0.36,2.15,1.59,62.38],[-0.050,0.859,0.580,5.36,1.34,1.91,1.63,62.31],[-0.033,0.859,0.578,3.65,0.79,-0.41,1.64,62.22]]}
8.450	{"type":"ecg","dev":"node-01","seq":1454,"t0":146961,"fs":250,"leads_off":false,"bpm":60.3,"samples":[430,435,428,435,427,430,452,448,450,447,444,441,438,435,438,436,444,439,431,438,432,434,440,432,432]}
8.459	{"type":"imu","dev":"node-01","seq":1418,"t0":146970,"fs":100,"samples":[[-0.033,0.868,0.583,3.35,1.09,-1.14,1.65,62.13],[-0.025,0.872,0.573,2.86,-0.06,-1.14,1.65,62.05],[-0.040,0.870,0.574,1.82,-0.19,0.20,1.66,61.96],[-0.043,0.873,0.571,-2.32,-0.67,0.20,1.66,61.83],[-0.051,0.866,0.571,-2.99,0.18,1.11,1.69,61.70],[-0.042,0.868,0.573,0.73,1.34,2.64,1.71,61.60],[-0.037,0.858,0.577,6.21,1.03,0.32,1.73,61.55],[-0.033,0.859,0.584,9.02,0.48,0.93,1.74,61.52],[-0.032,0.861,0.579,19.39,-0.13,0.81,1.74,61.61],[-0.031,0.862,0.580,28.47,-1.83,0.75,1.72,61.77]]}
8.550	{"type":"ecg","dev":"node-01","seq":1455,"t0":147061,"fs":250,"leads_off":false,"bpm":60.3,"samples":[426,429,432,432,435,432,432,429,442,422,430,431,428,427,429,427,421,417,425,427,424,425,426,423,421]}
8.559	{"type":"imu","dev":"node-01","seq":1419,"t0":147070,"fs":100,"samples":[[-0.028,0.867,0.577,31.34,-2.32,1.05,1.69,61.97],[-0.040,0.872,0.571,28.29,-2.50,1.17,1.68,62.15],[-0.038,0.871,0.586,18.71,-2.56,0.26,1.66,62.21],[-0.037,0.868,0.563,11.28,-0.43,0.75,1.66,62.21],[-0.033,0.873,0.573,8.41,-0.13,1.36,1.67,62.19],[-0.039,0.872,0.572,3.47,0.24,2.21,1.68,62.11],[-0.041,0.861,0.573,-0.01,1.34,0.99,1.70,62.00],[-0.036,0.863,0.577,0.91,1.28,1.48,1.72,61.89],[-0.043,0.858,0.574,4.57,0.42,-0.29,1.74,61.82],[-0.041,0.861,0.578,5.42,1.52,0.32,1.76,61.76]]}
8.650	{"type":"ecg","dev":"node-01","seq":1456,"t0":147161,"fs":250,"leads_off":false,"bpm":60.3,"samples":[431,422,421,423,427,426,414,406,422,419,430,419,414,419,420,417,418,412,407,414,393,409,421,415,419]}
8.659	{"type":"imu","dev":"node-01","seq":1420,"t0":147170,"fs":100,"samples":[[-0.037,0.863,0.577,3.90,1.70,0.02,1.79,61.69],[-0.038,0.861,0.587,4.63,-0.00,-0.96,1.79,61.61],[-0.030,0.858,0.579,6.70,1.28,0.81,1.80,61.57],[-0.040,0.858,0.585,7.25,-0.13,1.17,1.81,61.52],[-0.041,0.861,0.586,9.45,-0.00,1.17,1.82,61.50],[-0.039,0.863,0.587,11.15,-0.73,0.99,1.82,61.49],[-0.041,0.862,0.583,11.09,-2.08,0.56,1.80,61.49],[-0.034,0.869,0.585,10.54,-2.63,-0.65,1.78,61.48],[-0.038,0.863,0.581,9.26,-1.10,0.02,1.78,61.47],[-0.040,0.859,0.585,9.20,-1.34,0.44,1.77,61.44]]}
8.750	{"type":"ecg","dev":"node-01","seq":1457,"t0":147261,"fs":250,"leads_off":false,"bpm":60.3,"samples":[415,423,418,418,409,403,434,417,413,415,419,413,415,415,411,417,416,407,416,422,425,416,427,416,414]}
8.759	{"type":"imu","dev":"node-01","seq":1421,"t0":147270,"fs":100,"samples":[[-0.039,0.860,0.583,7.25,-1.22,0.87,1.77,61.40],[-0.037,0.858,0.578,5.60,-1.53,1.05,1.76,61.35],[-0.037,0.859,0.580,1.76,-0.86,-0.11,1.75,61.26],[-0.036,0.859,0.583,0.18,-0.49,-0.78,1.75,61.15],[-0.039,0.860,0.590,0.24,-0.49,-0.11,1.76,61.04],[-0.032,0.860,0.593,-0.80,0.30,0.75,1.76,60.92],[-0.037,0.859,0.597,-2.93,0.73,-0.05,1.77,60.78],[-0.041,0.852,0.595,-2.75,0.67,-0.05,1.79,60.64],[-0.039,0.855,0.598,0.97,0.06,-0.78,1.80,60.54],[-0.038,0.852,0.593,1.34,-0.61,0.20,1.80,60.44]]}
8.850	{"type":"ecg","dev":"node-01","seq":1458,"t0":147361,"fs":250,"leads_off":false,"bpm":60.3,"samples":[413,416,411,414,417,423,415,417,411,412,421,410,415,409,417,419,411,418,418,417,416,421,415,413,416]}
8.859	{"type":"imu","dev":"node-01","seq":1422,"t0":147370,"fs":100,"samples":[[-0.035,0.854,0.596,2.43,-0.25,0.14,1.80,60.36],[-0.037,0.851,0.597,2.74,-1.47,1.05,1.79,60.28],[-0.040,0.849,0.597,3.10,-2.38,0.63,1.77,60.20],[-0.040,0.851,0.600,6.03,-1.71,0.69,1.76,60.15],[-0.042,0.846,0.608,6.28,-0.86,0.44,1.77,60.09],[-0.045,0.843,0.611,7.43,-2.38,0.81,1.76,60.05],[-0.033,0.843,0.614,11.46,-3.30,-0.47,1.72,60.04],[-0.037,0.850,0.600,12.37,-4.39,0.26,1.69,60.05],[-0.061,0.855,0.588,13.96,-2.75,0.87,1.69,60.10],[-0.057,0.849,0.599,11.09,-3.17,1.36,1.69,60.10]]}
8.950	{"type":"ecg","dev":"node-01","seq":1459,"t0":147461,"fs":250,"leads_off":false,"bpm":60.3,"samples":[413,418,418,416,415,414,411,427,421,418,418,420,426,418,424,375,425,420,414,411,425,414,416,418,413]}
8.959	{"type":"imu","dev":"node-01","seq":1423,"t0":147470,"fs":100,"samples":[[-0.037,0.844,0.600,7.56,-0.00,0.81,1.70,60.07],[-0.032,0.845,0.618,10.24,-0.06,0.14,1.70,60.04],[-0.035,0.846,0.612,9.99,-2.32,-1.14,1.68,60.02],[-0.025,0.855,0.592,8.65,-3.42,-0.84,1.64,60.01],[-0.041,0.857,0.592,3.59,-2.26,1.11,1.63,59.95],[-0.046,0.856,0.598,2.56,-1.59,0.93,1.63,59.88],[-0.055,0.844,0.605,4.87,1.77,1.36,1.68,59.82],[-0.039,0.839,0.623,6.70,2.86,0.26,1.72,59.76],[-0.039,0.838,0.620,7.98,1.52,-0.47,1.74,59.71],[-0.024,0.842,0.611,10.48,1.28,-0.41,1.74,59.70]]}
9.050	{"type":"ecg","dev":"node-01","seq":1460,"t0":147561,"fs":250,"leads_off":false,"bpm":51.1,"samples":[423,406,416,415,426,432,422,416,414,418,423,417,415,421,416,428,416,429,1507,1205,320,0,0,206,305]}
9.059	{"type":"imu","dev":"node-01","seq":1424,"t0":147570,"fs":100,"samples":[[-0.037,0.847,0.615,14.63,-1.04,-0.96,1.74,59.73],[-0.042,0.853,0.607,16.70,-2.50,0.32,1.73,59.79],[-0.051,0.850,0.612,12.13,-1.95,0.75,1.73,59.80],[-0.050,0.853,0.610,9.14,-2.02,0.93,1.73,59.78],[-0.048,0.853,0.607,7.37,-1.77,0.87,1.73,59.75],[-0.043,0.848,0.613,4.32,-0.86,1.05,1.73,59.68],[-0.030,0.841,0.601,2.25,0.12,-0.53,1.73,59.60],[-0.024,0.842,0.607,-0.61,0.42,-0.90,1.73,59.48],[-0.035,0.836,0.614,0.60,-0.92,-0.05,1.72,59.37],[-0.035,0.841,0.613,-2.69,0.12,-0.84,1.73,59.24]]}
9.150	{"type":"ecg","dev":"node-01","seq":1461,"t0":147661,"fs":250,"leads_off":false,"bpm":51.1,"samples":[325,310,314,335,362,389,400,427,438,449,471,495,508,528,546,563,578,593,609,621,635,655,667,682,692]}
9.159	{"type":"imu","dev":"node-01","seq":1425,"t0":147670,"fs":100,"samples":[[-0.052,0.853,0.626,0.60,-1.16,-0.23,1.74,59.13],[-0.038,0.840,0.634,-3.18,-1.71,-1.33,1.73,58.98],[-0.042,0.839,0.621,0.97,-1.41,-0.35,1.73,58.88],[-0.045,0.847,0.625,3.23,-0.73,0.26,1.73,58.80],[-0.045,0.844,0.621,-0.74,-0.13,1.17,1.75,58.69],[-0.041,0.835,0.629,2.98,1.22,0.44,1.77,58.61],[-0.042,0.826,0.622,10.42,-0.00,-0.72,1.78,58.60],[-0.039,0.831,0.617,10.18,0.67,0.63,1.79,58.60],[-0.041,0.834,0.626,11.28,-0.55,0.20,1.80,58.60],[-0.039,0.834,0.624,16.40,1.03,-0.65,1.82,58.65]]}
9.250	{"type":"ecg","dev":"node-01","seq":1462,"t0":147761,"fs":250,"leads_off":false,"bpm":51.1,"samples":[714,721,738,752,763,773,787,799,814,823,817,237,0,0,0,0,0,0,0,0,0,0,0,0,0]}
9.259	{"type":"imu","dev":"node-01","seq":1426,"t0":147770,"fs":100,"samples":[[-0.039,0.836,0.632,18.59,-0.61,0.32,1.81,58.72],[-0.040,0.839,0.626,22.86,-2.63,0.14,1.80,58.83],[-0.039,0.838,0.624,25.48,-2.81,0.63,1.78,58.97],[-0.044,0.837,0.625,27.98,-1.22,1.30,1.78,59.13],[-0.040,0.847,0.616,26.82,-3.23,0.81,1.75,59.29],[-0.041,0.844,0.615,25.97,-3.42,0.44,1.73,59.44],[-0.032,0.862,0.617,22.31,-1.53,-0.11,1.72,59.56],[-0.029,0.843,0.618,17.98,-1.16,1.30,1.70,59.62],[-0.049,0.856,0.608,19.81,-2.56,0.56,1.70,59.71],[-0.032,0.844,0.604,13.10,-0.13,0.44,1.70,59.73]]}
9.350	{"type":"ecg","dev":"node-01","seq":1463,"t0":147861,"fs":250,"leads_off":false,"bpm":51.1,"samples":[0,0,0,0,0,0,0,0,0,1410,1313,914,720,751,834,885,902,896,908,912,932,945,957,969,981]}
9.359	{"type":"imu","dev":"node-01","seq":1427,"t0":147870,"fs":100,"samples":[[-0.035,0.844,0.603,10.12,-0.31,0.63,1.70,59.73],[-0.037,0.843,0.603,9.69,-0.00,1.42,1.70,59.72],[-0.039,0.844,0.605,10.36,-0.67,1.42,1.71,59.71],[-0.045,0.843,0.610,10.18,-0.06,1.97,1.72,59.70],[-0.045,0.845,0.607,10.48,0.30,0.50,1.74,59.69],[-0.047,0.847,0.607,12.19,-1.22,-0.11,1.74,59.71],[-0.042,0.842,0.610,14.39,-1.53,-0.23,1.74,59.73],[-0.045,0.847,0.604,12.49,0.36,1.48,1.76,59.75],[-0.044,0.849,0.603,10.97,0.06,1.78,1.77,59.76],[-0.041,0.845,0.608,9.81,0.36,2.45,1.79,59.74]]}
9.450	{"type":"ecg","dev":"node-01","seq":1464,"t0":147961,"fs":250,"leads_off":false,"bpm":51.1,"samples":[964,1003,1009,1022,1040,1047,1057,1072,1080,1085,1088,1091,1109,1119,1130,1135,1110,612,578,563,559,542,538,528,521]}
9.459	{"type":"imu","dev":"node-01","seq":1428,"t0":147970,"fs":100,"samples":[[-0.041,0.845,0.602,9.20,1.70,2.52,1.81,59.73],[-0.038,0.846,0.604,10.54,1.22,2.03,1.83,59.73],[-0.042,0.842,0.600,12.13,1.09,2.15,1.85,59.74],[-0.037,0.842,0.608,16.46,0.24,1.72,1.86,59.79],[-0.036,0.839,0.620,23.71,-1.95,2.64,1.84,59.90],[-0.028,0.852,0.596,27.43,-2.50,1.17,1.81,60.07],[-0.042,0.856,0.605,24.26,-3.05,2.52,1.79,60.20],[-0.049,0.864,0.585,20.42,-1.04,4.47,1.80,60.32],[-0.038,0.854,0.581,14.81,1.64,3.43,1.82,60.37],[-0.028,0.855,0.600,13.29,2.56,2.21,1.84,60.39]]}
9.550	{"type":"ecg","dev":"node-01","seq":1465,"t0":148061,"fs":250,"leads_off":false,"bpm":51.1,"samples":[511,508,507,501,496,496,493,489,486,483,487,479,479,481,480,479,475,470,475,471,478,464,469,474,467]}
9.559	{"type":"imu","dev":"node-01","seq":1429,"t0":148070,"fs":100,"samples":[[-0.028,0.851,0.612,17.92,1.22,1.66,1.85,60.45],[-0.026,0.844,0.600,18.78,-2.20,1.48,1.82,60.51],[-0.026,0.857,0.587,18.53,-1.83,1.78,1.79,60.60],[-0.037,0.862,0.583,18.23,-2.63,2.88,1.77,60.68],[-0.053,0.863,0.592,24.20,-0.55,4.41,1.79,60.82],[-0.053,0.856,0.598,26.34,-0.37,3.80,1.80,60.96],[-0.038,0.850,0.608,30.24,0.36,3.00,1.81,61.12],[-0.029,0.858,0.598,28.10,0.48,0.69,1.81,61.28],[-0.028,0.863,0.593,27.25,-0.31,0.81,1.81,61.43],[-0.027,0.868,0.583,26.82,-1.04,1.60,1.79,61.59]]}
9.650	{"type":"ecg","dev":"node-01","seq":1466,"t0":148161,"fs":250,"leads_off":false,"bpm":51.1,"samples":[470,464,465,463,465,468,464,465,465,467,468,465,464,462,461,464,464,461,458,463,464,459,463,462,458]}
9.659	{"type":"imu","dev":"node-01","seq":1430,"t0":148170,"fs":100,"samples":[[-0.046,0.869,0.570,31.34,-1.41,3.00,1.79,61.80],[-0.048,0.869,0.570,30.85,-1.53,4.28,1.79,62.00],[-0.050,0.874,0.565,30.97,-1.65,4.47,1.80,62.20],[-0.034,0.867,0.558,30.97,-2.99,1.78,1.77,62.41],[-0.031,0.864,0.564,38.04,-2.87,1.85,1.74,62.67],[-0.029,0.866,0.565,37.01,-1.89,1.05,1.72,62.92],[-0.031,0.871,0.556,38.84,-2.38,0.44,1.69,63.19],[-0.030,0.883,0.552,38.53,-3.60,0.63,1.66,63.46],[-0.035,0.883,0.549,37.98,-2.56,0.69,1.64,63.73],[-0.028,0.886,0.548,31.58,-1.71,1.36,1.62,63.93]]}
9.750	{"type":"ecg","dev":"node-01","seq":1467,"t0":148261,"fs":250,"leads_off":false,"bpm":51.1,"samples":[461,464,464,459,459,461,454,460,458,459,463,453,459,455,461,461,454,452,452,450,464,453,459,449,455]}
9.759	{"type":"imu","dev":"node-01","seq":1431,"t0":148270,"fs":100,"samples":[[-0.029,0.882,0.543,31.89,-0.98,1.91,1.61,64.13],[-0.024,0.894,0.531,31.95,-0.49,2.52,1.60,64.35],[-0.025,0.902,0.535,30.60,-1.95,2.27,1.58,64.55],[-0.032,0.890,0.535,23.35,0.79,2.09,1.59,64.66],[-0.030,0.892,0.539,21.89,-0.92,1.78,1.58,64.76],[-0.022,0.888,0.529,20.91,0.48,1.48,1.58,64.86],[-0.027,0.887,0.521,21.95,0.91,1.66,1.59,64.97],[-0.031,0.888,0.522,22.80,-0.25,1.97,1.59,65.08],[-0.026,0.892,0.529,22.92,1.34,1.91,1.60,65.19],[-0.029,0.892,0.519,21.95,1.40,2.39,1.61,65.30]]}
9.850	{"type":"ecg","dev":"node-01","seq":1468,"t0":148361,"fs":250,"leads_off":false,"bpm":51.1,"samples":[454,454,452,452,454,451,448,450,448,451,450,454,449,450,450,449,448,448,448,448,451,450,458,448,448]}
9.859	{"type":"imu","dev":"node-01","seq":1432,"t0":148370,"fs":100,"samples":[[-0.034,0.891,0.517,19.75,1.58,2.45,1.63,65.38],[-0.038,0.893,0.523,21.03,2.68,1.60,1.67,65.47],[-0.018,0.905,0.503,20.85,2.62,2.33,1.68,65.59],[-0.034,0.893,0.519,18.04,0.36,2.21,1.69,65.65],[-0.030,0.893,0.514,20.24,-0.37,2.03,1.68,65.74],[-0.031,0.897,0.511,21.46,0.24,1.78,1.69,65.84],[-0.023,0.896,0.506,23.10,1.09,2.09,1.69,65.96],[-0.025,0.896,0.512,22.56,1.16,1.36,1.69,66.07],[-0.018,0.902,0.511,19.08,1.46,0.69,1.69,66.14],[-0.029,0.906,0.503,14.63,2.44,0.32,1.72,66.18]]}
9.950	{"type":"ecg","dev":"node-01","seq":1469,"t0":148461,"fs":250,"leads_off":false,"bpm":51.1,"samples":[448,447,448,448,448,452,448,447,445,449,448,445,450,448,445,449,446,447,447,447,451,447,450,437,448]}
9.959	{"type":"imu","dev":"node-01","seq":1433,"t0":148470,"fs":100,"samples":[[-0.022,0.903,0.509,12.62,2.44,0.87,1.73,66.19],[-0.023,0.905,0.507,12.80,2.44,1.17,1.75,66.21],[-0.023,0.901,0.509,10.06,1.83,1.54,1.75,66.19],[-0.022,0.906,0.509,9.99,2.25,2.64,1.77,66.18],[-0.025,0.899,0.508,6.76,4.57,2.82,1.80,66.14],[-0.027,0.896,0.511,9.39,2.44,2.45,1.82,66.11],[-0.029,0.897,0.505,10.06,2.31,2.94,1.84,66.10],[-0.024,0.901,0.504,14.02,2.25,1.60,1.85,66.13],[-0.029,0.895,0.500,15.60,0.36,1.85,1.85,66.18],[-0.028,0.900,0.505,15.85,-0.00,0.75,1.84,66.22]]}
10.050	{"type":"ecg","dev":"node-01","seq":1470,"t0":148561,"fs":250,"leads_off":false,"bpm":51.1,"samples":[448,442,448,445,446,446,447,445,447,448,447,447,443,446,442,449,443,442,445,447,448,442,435,443,442]}
10.059	{"type":"imu","dev":"node-01","seq":1434,"t0":148570,"fs":100,"samples":[[-0.030,0.895,0.508,13.90,-0.13,0.32,1.84,66.24],[-0.032,0.896,0.517,9.93,-1.16,1.78,1.83,66.22],[-0.023,0.898,0.504,6.70,-0.06,0.14,1.81,66.17],[-0.021,0.904,0.498,5.91,0.91,1.17,1.81,66.13],[-0.035,0.907,0.504,4.08,0.91,2.27,1.82,66.07],[-0.038,0.896,0.490,0.67,2.01,2.94,1.85,65.98],[-0.020,0.894,0.490,0.97,3.96,3.92,1.87,65.89],[-0.018,0.891,0.548,7.68,3.11,1.48,1.88,65.82],[-0.018,0.896,0.510,11.95,1.16,1.91,1.88,65.83],[-0.017,0.893,0.504,12.74,-1.10,1.72,1.85,65.85]]}
10.150	{"type":"ecg","dev":"node-01","seq":1471,"t0":148661,"fs":250,"leads_off":false,"bpm":51.1,"samples":[442,437,442,439,441,446,439,432,441,445,441,448,437,438,454,450,436,432,436,464,446,439,443,446,439]}
10.159	{"type":"imu","dev":"node-01","seq":1435,"t0":148670,"fs":100,"samples":[[-0.017,0.897,0.494,12.01,-2.75,2.70,1.80,65.87],[-0.040,0.908,0.517,13.23,0.24,3.49,1.81,65.89],[-0.043,0.910,0.524,13.90,1.77,3.37,1.84,65.91],[-0.036,0.893,0.535,16.82,2.80,2.15,1.87,65.94],[-0.023,0.886,0.519,18.04,1.34,0.56,1.87,65.99],[-0.023,0.893,0.517,18.17,1.40,0.69,1.88,66.05],[-0.020,0.905,0.508,16.95,0.97,0.26,1.87,66.10],[-0.032,0.905,0.510,15.24,-1.16,0.14,1.86,66.14],[-0.036,0.902,0.506,13.78,-2.69,2.52,1.83,66.17],[-0.039,0.895,0.509,14.02,-2.38,1.78,1.82,66.19]]}
10.250	{"type":"ecg","dev":"node-01","seq":1472,"t0":148761,"fs":250,"leads_off":false,"bpm":51.1,"samples":[445,434,441,437,436,449,449,437,435,437,444,443,432,436,439,449,434,438,436,437,442,432,439,435,442]}
10.259	{"type":"imu","dev":"node-01","seq":1436,"t0":148770,"fs":100,"samples":[[-0.029,0.899,0.509,14.20,-2.32,2.58,1.79,66.22],[-0.027,0.893,0.515,14.02,-1.16,1.17,1.77,66.23],[-0.023,0.893,0.514,14.87,-2.14,1.05,1.74,66.25],[-0.027,0.898,0.513,15.06,-1.71,-0.23,1.72,66.28],[-0.027,0.897,0.512,10.12,-0.92,0.50,1.71,66.26],[-0.030,0.902,0.524,6.64,-0.25,-1.39,1.70,66.20],[-0.025,0.902,0.510,4.39,0.30,0.02,1.70,66.13],[-0.023,0.898,0.523,3.90,-1.16,0.38,1.68,66.04],[-0.022,0.900,0.500,3.04,-0.25,0.50,1.67,65.96],[-0.030,0.902,0.512,-1.41,-0.43,1.05,1.66,65.84]]}
10.350	{"type":"ecg","dev":"node-01","seq":1473,"t0":148861,"fs":250,"leads_off":false,"bpm":51.1,"samples":[433,437,435,433,437,434,437,438,433,437,438,432,432,434,435,434,447,441,432,439,438,432,432,432,432]}
10.359	{"type":"imu","dev":"node-01","seq":1437,"t0":148870,"fs":100,"samples":[[-0.031,0.889,0.524,-2.02,0.48,0.20,1.67,65.69],[-0.023,0.894,0.525,0.67,1.77,0.08,1.68,65.58],[-0.027,0.883,0.513,8.84,1.52,0.56,1.69,65.55],[-0.027,0.882,0.515,11.46,-0.49,0.56,1.68,65.54],[-0.027,0.885,0.518,17.31,-0.92,1.17,1.67,65.60],[-0.028,0.888,0.527,20.06,-1.59,0.14,1.65,65.67],[-0.031,0.893,0.531,18.53,-1.83,-0.17,1.64,65.72],[-0.036,0.897,0.531,17.62,-4.15,0.63,1.60,65.77],[-0.032,0.902,0.529,16.40,-3.84,0.81,1.57,65.80],[-0.035,0.897,0.531,15.97,-2.32,1.36,1.55,65.83]]}
10.450	{"type":"ecg","dev":"node-01","seq":1474,"t0":148961,"fs":250,"leads_off":false,"bpm":51.1,"samples":[434,437,429,432,436,435,430,431,432,432,432,434,432,432,432,433,432,433,402,432,436,385,429,387,426]}
10.459	{"type":"imu","dev":"node-01","seq":1438,"t0":148970,"fs":100,"samples":[[-0.033,0.899,0.531,13.71,-4.03,0.87,1.52,65.84],[-0.031,0.898,0.526,12.62,-3.36,1.72,1.49,65.84],[-0.034,0.895,0.520,10.18,-2.63,1.30,1.47,65.82],[-0.032,0.891,0.513,10.36,-1.65,0.44,1.46,65.80],[-0.032,0.888,0.510,10.24,-0.73,-0.53,1.46,65.79],[-0.024,0.881,0.510,10.24,-2.02,-0.72,1.44,65.77],[-0.029,0.890,0.508,11.34,-2.69,-1.02,1.41,65.78],[-0.029,0.892,0.513,11.58,-2.08,-0.35,1.40,65.78],[-0.028,0.895,0.511,11.76,-2.50,-0.35,1.38,65.78],[-0.029,0.891,0.511,9.39,-1.59,-1.57,1.37,65.76]]}
10.550	{"type":"ecg","dev":"node-01","seq":1475,"t0":149061,"fs":250,"leads_off":false,"bpm":51.1,"samples":[427,432,431,430,426,435,432,432,428,410,432,430,432,432,429,427,424,427,427,421,393,424,422,416,419]}
10.559	{"type":"imu","dev":"node-01","seq":1439,"t0":149070,"fs":100,"samples":[[-0.030,0.890,0.511,5.91,-2.63,-0.23,1.35,65.70],[-0.031,0.888,0.510,4.93,-0.67,0.26,1.35,65.64],[-0.029,0.894,0.510,7.98,-1.53,0.32,1.34,65.61],[-0.030,0.893,0.512,7.31,-1.41,-0.05,1.33,65.58],[-0.030,0.896,0.519,7.25,-1.59,-0.05,1.32,65.53],[-0.025,0.899,0.514,8.47,-2.99,-0.96,1.29,65.51],[-0.028,0.890,0.523,9.32,-2.50,0.63,1.27,65.48],[-0.031,0.891,0.530,10.12,-2.63,-0.05,1.26,65.46],[-0.022,0.890,0.535,11.09,-2.87,-0.41,1.23,65.44],[-0.020,0.898,0.515,10.30,-3.42,-0.35,1.19,65.43]]}
10.650	{"type":"ecg","dev":"node-01","seq":1476,"t0":149161,"fs":250,"leads_off":false,"bpm":51.1,"samples":[417,417,415,414,409,417,412,416,405,410,412,404,409,402,403,402,400,401,402,398,395,393,393,393,390]}
10.659	{"type":"imu","dev":"node-01","seq":1440,"t0":149170,"fs":100,"samples":[[-0.027,0.893,0.518,10.36,-1.65,1.24,1.18,65.42],[-0.047,0.894,0.509,13.23,-1.65,2.03,1.19,65.45],[-0.022,0.890,0.488,12.92,-0.73,0.75,1.19,65.49],[-0.017,0.887,0.515,10.60,0.48,0.38,1.19,65.49],[-0.025,0.893,0.531,16.95,-1.41,0.93,1.18,65.53],[-0.031,0.884,0.523,18.04,-3.54,0.20,1.15,65.58],[-0.020,0.888,0.498,22.62,-4.52,1.48,1.11,65.71],[-0.035,0.897,0.508,20.73,-2.14,1.42,1.10,65.80],[-0.042,0.901,0.519,21.89,0.85,1.72,1.14,65.90],[-0.047,0.900,0.524,23.04,1.22,0.38,1.18,66.01]]}
10.750	{"type":"ecg","dev":"node-01","seq":1477,"t0":149261,"fs":250,"leads_off":false,"bpm":51.1,"samples":[386,395,385,384,384,384,380,384,383,373,374,368,373,363,368,370,366,363,367,366,364,368,364,360,357]}
10.759	{"type":"imu","dev":"node-01","seq":1441,"t0":149270,"fs":100,"samples":[[-0.032,0.891,0.522,25.24,2.37,-1.20,1.21,66.13],[-0.020,0.896,0.514,25.12,1.52,-1.94,1.22,66.26],[-0.018,0.913,0.507,17.07,-1.10,-1.20,1.21,66.32],[-0.031,0.909,0.507,15.54,-0.55,-1.02,1.21,66.36],[-0.037,0.907,0.501,11.15,-1.16,0.02,1.22,66.36],[-0.033,0.909,0.499,11.15,-0.13,2.45,1.23,66.37],[-0.035,0.904,0.501,9.93,0.73,3.74,1.25,66.36],[-0.029,0.897,0.498,12.43,-0.73,1.54,1.25,66.37],[-0.024,0.895,0.506,12.56,0.06,1.11,1.25,66.38],[-0.030,0.897,0.504,11.70,0.06,0.56,1.26,66.38]]}
10.850	{"type":"ecg","dev":"node-01","seq":1478,"t0":149361,"fs":250,"leads_off":false,"bpm":51.1,"samples":[356,349,354,355,345,337,340,336,342,346,347,339,338,342,396,331,336,336,334,323,326,328,320,323,320]}
10.859	{"type":"imu","dev":"node-01","seq":1442,"t0":149370,"fs":100,"samples":[[-0.023,0.904,0.502,11.40,-0.86,-0.53,1.25,66.38],[-0.016,0.905,0.499,10.06,-2.14,0.44,1.23,66.38],[-0.029,0.901,0.503,10.12,-0.86,-0.96,1.23,66.36],[-0.025,0.899,0.516,11.34,-2.38,0.38,1.21,66.35],[-0.019,0.906,0.497,17.74,-3.11,1.17,1.17,66.42],[-0.032,0.902,0.493,17.74,-2.14,0.38,1.16,66.50],[-0.040,0.909,0.502,21.09,-3.72,2.03,1.15,66.59],[-0.033,0.905,0.501,20.48,-2.38,1.72,1.14,66.68],[-0.026,0.909,0.507,19.26,-1.59,-0.35,1.13,66.76],[-0.025,0.910,0.494,16.89,-1.04,0.87,1.12,66.82]]}
10.950	{"type":"ecg","dev":"node-01","seq":1479,"t0":149461,"fs":250,"leads_off":false,"bpm":51.1,"samples":[279,321,318,318,320,318,311,314,311,314,310,307,308,305,313,305,304,301,300,303,300,299,297,291,289]}
10.959	{"type":"imu","dev":"node-01","seq":1443,"t0":149470,"fs":100,"samples":[[-0.036,0.903,0.500,14.87,-1.28,0.63,1.13,66.85],[-0.035,0.906,0.497,13.10,0.85,1.05,1.15,66.86],[-0.034,0.904,0.495,12.19,1.16,0.56,1.18,66.87],[-0.033,0.901,0.504,12.13,1.64,0.38,1.21,66.87],[-0.031,0.902,0.487,17.98,0.85,1.42,1.23,66.94],[-0.037,0.902,0.496,18.71,-1.16,0.20,1.23,67.01],[-0.036,0.907,0.497,20.85,-0.31,0.93,1.24,67.10],[-0.032,0.906,0.494,19.63,-0.61,1.36,1.25,67.17],[-0.030,0.905,0.492,19.08,-1.10,0.81,1.25,67.25],[-0.031,0.906,0.498,18.53,-0.19,1.78,1.25,67.31]]}
11.050	{"type":"ecg","dev":"node-01","seq":1480,"t0":149561,"fs":250,"leads_off":false,"bpm":51.1,"samples":[272,292,294,289,286,290,289,282,281,276,283,273,274,271,273,271,272,268,267,272,271,264,260,258,265]}
11.059	{"type":"imu","dev":"node-01","seq":1444,"t0":149570,"fs":100,"samples":[[-0.035,0.904,0.492,17.13,-0.19,1.54,1.27,67.36],[-0.030,0.907,0.492,17.13,0.24,0.63,1.28,67.41],[-0.029,0.901,0.486,17.19,1.09,0.69,1.29,67.46],[-0.032,0.908,0.487,16.70,-1.59,-0.72,1.29,67.51],[-0.030,0.909,0.484,16.15,-1.47,0.50,1.28,67.56],[-0.029,0.911,0.483,16.09,-1.59,0.50,1.27,67.61],[-0.032,0.914,0.482,16.46,-1.83,0.20,1.26,67.66],[-0.037,0.910,0.481,14.63,-0.55,1.60,1.27,67.69],[-0.029,0.913,0.483,13.53,-1.16,0.26,1.27,67.72],[-0.034,0.911,0.483,11.40,-0.67,0.63,1.27,67.72]]}
11.150	{"type":"ecg","dev":"node-01","seq":1481,"t0":149661,"fs":250,"leads_off":false,"bpm":51.1,"samples":[271,261,261,257,250,229,256,254,246,254,240,242,238,240,246,246,241,231,240,240,234,242,229,226,238]}
11.159	{"type":"imu","dev":"node-01","seq":1445,"t0":149670,"fs":100,"samples":[[-0.035,0.912,0.482,10.24,-0.61,0.50,1.28,67.70],[-0.039,0.910,0.484,10.12,-0.19,0.32,1.30,67.69],[-0.036,0.908,0.480,12.37,-0.37,0.69,1.31,67.70],[-0.031,0.913,0.482,14.57,0.06,-0.35,1.32,67.73],[-0.037,0.907,0.499,16.40,-0.98,-0.05,1.32,67.76],[-0.023,0.912,0.488,21.28,-3.48,0.26,1.29,67.85],[-0.033,0.919,0.469,20.18,-3.05,1.30,1.27,67.95],[-0.045,0.915,0.462,22.01,-1.28,2.58,1.28,68.07],[-0.049,0.913,0.461,15.97,-0.43,3.13,1.31,68.13],[-0.030,0.910,0.474,15.12,1.16,1.54,1.32,68.17]]}
11.250	{"type":"ecg","dev":"node-01","seq":1482,"t0":149761,"fs":250,"leads_off":false,"bpm":51.1,"samples":[229,229,222,221,217,224,224,214,208,216,217,214,208,208,208,208,209,206,206,203,208,208,199,201,191]}
11.259	{"type":"imu","dev":"node-01","seq":1446,"t0":149770,"fs":100,"samples":[[-0.024,0.909,0.501,16.40,0.55,-0.23,1.33,68.19],[-0.023,0.906,0.485,17.19,-1.28,0.38,1.32,68.23],[-0.017,0.918,0.468,13.53,-3.60,-0.53,1.27,68.26],[-0.030,0.916,0.454,11.03,-3.30,-0.17,1.25,68.27],[-0.048,0.923,0.472,4.14,-0.92,1.85,1.27,68.21],[-0.051,0.914,0.479,4.75,2.50,0.38,1.32,68.13],[-0.026,0.905,0.491,9.32,3.78,0.50,1.36,68.09],[-0.030,0.906,0.488,12.74,1.34,0.14,1.38,68.09],[-0.026,0.918,0.479,15.42,-0.25,0.38,1.38,68.13],[-0.033,0.920,0.476,14.63,-1.47,-0.41,1.37,68.16]]}
11.350	{"type":"ecg","dev":"node-01","seq":1483,"t0":149861,"fs":250,"leads_off":false,"bpm":51.1,"samples":[197,192,199,192,197,196,190,188,192,188,189,179,178,179,182,189,181,179,176,177,179,179,176,176,177]}
11.359	{"type":"imu","dev":"node-01","seq":1447,"t0":149870,"fs":100,"samples":[[-0.038,0.914,0.475,15.97,-1.89,0.87,1.37,68.21],[-0.037,0.919,0.472,18.47,-2.26,1.78,1.36,68.28],[-0.038,0.924,0.465,14.99,-0.86,2.21,1.37,68.32],[-0.042,0.919,0.467,14.14,-1.71,0.20,1.37,68.36],[-0.032,0.916,0.472,10.73,-0.19,-0.17,1.38,68.35],[-0.034,0.907,0.470,10.30,-0.49,1.17,1.38,68.34],[-0.029,0.905,0.475,10.36,0.48,2.03,1.39,68.32],[-0.030,0.910,0.473,13.71,-1.10,0.93,1.39,68.34],[-0.033,0.915,0.471,15.18,-1.89,0.63,1.38,68.37],[-0.033,0.915,0.472,16.40,-1.34,0.14,1.37,68.42]]}
11.450	{"type":"ecg","dev":"node-01","seq":1484,"t0":149961,"fs":250,"leads_off":false,"bpm":51.1,"samples":[175,170,171,175,162,176,166,166,171,167,174,161,149,149,160,171,186,162,135,183,163,162,150,150,155]}
11.459	{"type":"imu","dev":"node-01","seq":1448,"t0":149970,"fs":100,"samples":[[-0.032,0.914,0.483,16.58,-2.38,0.26,1.36,68.46],[-0.028,0.919,0.462,15.42,-1.28,-0.59,1.35,68.51],[-0.031,0.920,0.479,11.95,-2.93,1.17,1.33,68.50],[-0.038,0.920,0.473,6.15,-1.16,0.20,1.33,68.45],[-0.030,0.918,0.473,3.96,0.30,1.66,1.34,68.37],[-0.032,0.910,0.476,3.29,0.91,1.30,1.36,68.29],[-0.030,0.910,0.471,3.96,1.22,0.26,1.38,68.21],[-0.031,0.916,0.478,6.34,1.83,1.42,1.40,68.16],[-0.028,0.913,0.477,11.70,1.28,0.69,1.42,68.16],[-0.031,0.908,0.482,15.91,0.24,0.26,1.43,68.19]]}
11.550	{"type":"ecg","dev":"node-01","seq":1485,"t0":150061,"fs":250,"leads_off":false,"bpm":51.1,"samples":[154,132,155,155,149,168,158,146,159,167,169,158,161,154,157,164,155,159,165,169,174,162,159,165,165]}
11.559	{"type":"imu","dev":"node-01","seq":1449,"t0":150070,"fs":100,"samples":[[-0.032,0.918,0.473,15.54,-1.04,1.17,1.43,68.24],[-0.032,0.913,0.484,11.03,-0.80,0.26,1.42,68.22],[-0.035,0.916,0.478,13.29,-1.77,1.17,1.42,68.23],[-0.035,0.915,0.478,9.87,-0.25,1.72,1.43,68.22],[-0.032,0.914,0.479,5.18,-1.41,2.27,1.42,68.15],[-0.033,0.918,0.476,6.09,-0.92,1.42,1.42,68.10],[-0.032,0.913,0.473,5.85,-2.44,0.20,1.40,68.05],[-0.031,0.915,0.478,6.28,-1.77,0.63,1.39,67.99],[-0.031,0.916,0.479,6.03,-1.71,0.75,1.38,67.94],[-0.028,0.908,0.479,7.43,-0.55,-0.47,1.38,67.90]]}
11.650	{"type":"ecg","dev":"node-01","seq":1486,"t0":150161,"fs":250,"leads_off":false,"bpm":51.1,"samples":[163,158,161,162,159,174,161,167,158,160,173,162,163,161,162,174,157,159,162,163,173,162,160,158,162]}
11.659	{"type":"imu","dev":"node-01","seq":1450,"t0":150170,"fs":100,"samples":[[-0.029,0.907,0.485,9.75,-1.10,0.44,1.37,67.87],[-0.025,0.909,0.481,9.93,-1.53,-0.11,1.36,67.86],[-0.024,0.913,0.477,9.81,-2.50,0.93,1.33,67.84],[-0.034,0.913,0.485,10.30,-2.26,0.08,1.32,67.83],[-0.030,0.910,0.483,10.18,-0.98,0.32,1.32,67.81],[-0.034,0.915,0.475,10.24,-2.20,0.63,1.31,67.81],[-0.035,0.908,0.475,11.89,-1.71,0.93,1.30,67.81],[-0.034,0.908,0.478,17.74,-1.16,1.11,1.31,67.88],[-0.027,0.906,0.479,19.45,-1.28,0.32,1.30,67.95],[-0.033,0.910,0.483,20.79,-0.49,0.14,1.30,68.04]]}
11.750	{"type":"ecg","dev":"node-01","seq":1487,"t0":150261,"fs":250,"leads_off":false,"bpm":51.1,"samples":[162,161,159,158,143,175,163,170,162,163,167,161,159,158,133,173,161,161,176,170,162,154,157,167,191]}
11.759	{"type":"imu","dev":"node-01","seq":1451,"t0":150270,"fs":100,"samples":[[-0.031,0.910,0.486,20.06,-3.78,-0.29,1.27,68.11],[-0.027,0.908,0.504,19.51,-4.88,-0.59,1.23,68.16],[-0.023,0.917,0.460,18.53,-1.34,-0.29,1.22,68.25],[-0.047,0.921,0.463,11.34,-2.93,2.21,1.22,68.26],[-0.052,0.920,0.461,9.69,-1.47,3.37,1.24,68.25],[-0.037,0.903,0.465,6.34,0.79,1.91,1.26,68.21],[-0.024,0.907,0.505,11.34,1.22,1.66,1.28,68.17],[-0.025,0.905,0.494,12.25,-0.49,-0.53,1.27,68.16],[-0.017,0.911,0.471,13.17,-4.03,-0.35,1.23,68.18],[-0.021,0.920,0.456,9.93,-2.75,0.63,1.20,68.18]]}
11.850	{"type":"ecg","dev":"node-01","seq":1488,"t0":150361,"fs":250,"leads_off":false,"bpm":51.1,"samples":[158,166,171,163,158,171,165,159,161,177,176,169,169,161,171,167,166,161,162,162,172,166,164,165,164]}
11.859	{"type":"imu","dev":"node-01","seq":1452,"t0":150370,"fs":100,"samples":[[-0.040,0.926,0.465,8.35,-1.04,1.85,1.21,68.17],[-0.043,0.918,0.472,9.14,0.79,1.91,1.24,68.15],[-0.037,0.908,0.489,11.28,2.07,2.03,1.28,68.13],[-0.028,0.910,0.488,10.48,0.42,1.17,1.29,68.11],[-0.026,0.910,0.485,10.91,0.24,-0.47,1.29,68.09],[-0.025,0.921,0.477,9.39,-0.80,0.14,1.29,68.07],[-0.038,0.922,0.472,9.63,-0.92,0.20,1.29,68.06],[-0.038,0.917,0.480,9.02,-1.28,0.50,1.30,68.04],[-0.038,0.915,0.478,10.12,-0.92,1.66,1.30,68.02],[-0.028,0.918,0.475,9.51,-0.31,0.99,1.30,68.01]]}
11.950	{"type":"ecg","dev":"node-01","seq":1489,"t0":150461,"fs":250,"leads_off":false,"bpm":51.1,"samples":[160,166,163,165,169,175,165,163,161,161,174,167,158,162,158,175,166,171,170,166,175,163,165,163,168]}
11.959	{"type":"imu","dev":"node-01","seq":1453,"t0":150470,"fs":100,"samples":[[-0.029,0.915,0.479,8.35,-1.59,1.11,1.30,67.98],[-0.031,0.913,0.480,7.80,-0.80,-0.29,1.30,67.94],[-0.029,0.911,0.484,5.97,-1.95,-0.29,1.28,67.88],[-0.031,0.913,0.481,6.21,-1.83,-0.90,1.27,67.83],[-0.032,0.909,0.488,6.34,-2.63,0.26,1.26,67.77],[-0.033,0.911,0.481,5.79,-2.20,1.91,1.25,67.72],[-0.040,0.913,0.488,5.24,-2.02,1.60,1.25,67.65],[-0.032,0.901,0.483,7.07,-1.22,0.93,1.25,67.60],[-0.039,0.908,0.487,6.58,-1.28,-0.17,1.25,67.55],[-0.031,0.912,0.479,5.60,-0.98,0.50,1.25,67.50]]}
12.050	{"type":"ecg","dev":"node-01","seq":1490,"t0":150561,"fs":250,"leads_off":false,"bpm":null,"samples":[171,171,166,164,164,170,160,163,168,165,173,149,165,157,169,179,163,113,178,143,171,161,174,170,169]}
12.059	{"type":"imu","dev":"node-01","seq":1454,"t0":150570,"fs":100,"samples":[[-0.033,0.911,0.486,3.59,-1.28,0.32,1.25,67.42],[-0.029,0.907,0.486,3.04,-0.13,0.08,1.26,67.34],[-0.033,0.904,0.485,2.31,0.79,0.20,1.28,67.25],[-0.033,0.901,0.490,2.68,1.22,1.85,1.30,67.16],[-0.036,0.907,0.493,5.60,0.48,0.08,1.32,67.10],[-0.030,0.903,0.495,10.12,0.42,0.56,1.33,67.09],[-0.029,0.902,0.494,10.54,-0.37,-0.47,1.33,67.07],[-0.038,0.904,0.496,12.31,-1.89,-1.20,1.33,67.08],[-0.028,0.911,0.491,15.30,-2.02,-0.11,1.31,67.12],[-0.029,0.907,0.495,15.60,-1.83,-0.29,1.30,67.16]]}
12.150	{"type":"ecg","dev":"node-01","seq":1491,"t0":150661,"fs":250,"leads_off":false,"bpm":null,"samples":[159,165,158,165,169,176,164,162,161,189,174,165,163,164,170,174,159,165,167,160,173,175,162,164,169]}
12.159	{"type":"imu","dev":"node-01","seq":1455,"t0":150670,"fs":100,"samples":[[-0.031,0.914,0.490,12.43,-1.34,0.56,1.30,67.17],[-0.032,0.905,0.499,4.08,-1.95,0.99,1.29,67.09],[-0.030,0.910,0.489,2.31,-1.04,1.78,1.28,67.01],[-0.029,0.898,0.499,4.08,-1.47,1.60,1.28,66.93],[-0.031,0.904,0.493,8.96,-1.04,2.21,1.27,66.90],[-0.033,0.906,0.500,10.48,-1.83,0.63,1.27,66.89],[-0.032,0.903,0.497,13.04,-1.95,0.69,1.26,66.90],[-0.032,0.903,0.501,15.06,-1.89,-0.41,1.25,66.93],[-0.037,0.904,0.504,11.70,-1.16,0.44,1.25,66.92],[-0.032,0.908,0.500,10.06,-2.14,0.81,1.24,66.91]]}
12.250	{"type":"ecg","dev":"node-01","seq":1492,"t0":150761,"fs":250,"leads_off":false,"bpm":null,"samples":[166,158,165,163,163,172,165,165,163,161,176,160,166,162,166,174,168,167,161,171,166,164,161,170,169]}
12.259	{"type":"imu","dev":"node-01","seq":1456,"t0":150770,"fs":100,"samples":[[-0.035,0.902,0.503,6.46,-1.53,0.99,1.24,66.85],[-0.035,0.902,0.501,8.10,-0.67,0.14,1.25,66.81],[-0.035,0.911,0.506,9.57,0.48,1.60,1.27,66.79],[-0.032,0.903,0.502,7.92,-0.19,0.20,1.28,66.75],[-0.028,0.902,0.505,8.65,-0.86,1.42,1.27,66.71],[-0.033,0.900,0.503,7.68,-1.47,0.87,1.27,66.67],[-0.031,0.900,0.507,6.15,-1.41,0.69,1.26,66.61],[-0.028,0.900,0.512,4.57,-0.86,0.14,1.26,66.53],[-0.032,0.895,0.529,2.98,-2.44,0.44,1.25,66.42],[-0.023,0.901,0.510,-1.53,-0.98,-0.47,1.24,66.28]]}
12.350	{"type":"ecg","dev":"node-01","seq":1493,"t0":150861,"fs":250,"leads_off":false,"bpm":null,"samples":[165,166,165,169,166,174,168,170,173,166,167,165,174,173,167,155,163,173,167,160,176,172,165,159,174]}
12.359	{"type":"imu","dev":"node-01","seq":1457,"t0":150870,"fs":100,"samples":[[-0.036,0.907,0.500,-5.55,-0.73,1.60,1.25,66.13],[-0.042,0.905,0.501,-6.29,0.24,1.91,1.27,65.96],[-0.040,0.890,0.500,-5.01,2.13,1.85,1.31,65.81],[-0.023,0.888,0.545,-0.25,1.09,0.14,1.32,65.66],[-0.031,0.888,0.535,6.09,2.25,-0.29,1.35,65.58],[-0.021,0.888,0.521,10.54,-1.77,0.02,1.33,65.57],[-0.019,0.899,0.504,10.91,-3.11,0.32,1.29,65.58],[-0.041,0.903,0.511,7.49,-2.87,1.54,1.28,65.55],[-0.047,0.901,0.519,6.03,-0.19,1.54,1.31,65.50],[-0.044,0.890,0.533,2.74,1.95,2.70,1.35,65.40]]}
12.450	{"type":"ecg","dev":"node-01","seq":1494,"t0":150961,"fs":250,"leads_off":false,"bpm":null,"samples":[172,203,168,169,206,174,169,168,157,171,179,159,162,160,173,163,165,162,165,165,183,163,163,165,163]}
12.459	{"type":"imu","dev":"node-01","seq":1458,"t0":150970,"fs":100,"samples":[[-0.027,0.889,0.529,6.15,2.80,0.87,1.38,65.33],[-0.022,0.885,0.533,7.01,2.25,-0.23,1.40,65.27],[-0.025,0.893,0.528,7.74,1.52,0.20,1.41,65.23],[-0.040,0.895,0.520,8.71,-1.22,0.20,1.42,65.21],[-0.039,0.897,0.518,9.87,-1.77,0.26,1.42,65.20],[-0.052,0.893,0.523,10.42,-1.34,0.56,1.43,65.19],[-0.043,0.891,0.525,14.39,-1.95,0.87,1.43,65.22],[-0.038,0.893,0.518,14.63,-1.83,1.91,1.43,65.26],[-0.038,0.886,0.527,9.57,-0.49,0.87,1.44,65.23],[-0.025,0.887,0.532,6.09,-1.65,1.24,1.42,65.17]]}
12.550	{"type":"ecg","dev":"node-01","seq":1495,"t0":151061,"fs":250,"leads_off":false,"bpm":null,"samples":[169,163,165,160,166,171,165,167,163,170,170,167,171,166,165,175,162,169,160,161,175,166,172,162,167]}
12.559	{"type":"imu","dev":"node-01","seq":1459,"t0":151070,"fs":100,"samples":[[-0.019,0.891,0.520,7.56,0.30,-0.72,1.41,65.13],[-0.033,0.885,0.536,9.14,-1.47,0.81,1.41,65.10],[-0.037,0.891,0.525,13.90,-0.73,-0.65,1.41,65.12],[-0.028,0.899,0.540,16.82,-0.37,0.75,1.41,65.16],[-0.029,0.890,0.530,18.35,-0.37,0.50,1.41,65.22],[-0.039,0.902,0.526,18.96,-1.16,0.32,1.42,65.30],[-0.035,0.902,0.519,15.12,-2.02,-0.90,1.41,65.34],[-0.034,0.902,0.523,11.76,-2.08,-1.08,1.40,65.35],[-0.027,0.900,0.518,9.87,1.09,-0.05,1.41,65.34],[-0.028,0.889,0.514,9.81,1.09,0.08,1.42,65.33]]}
12.650	{"type":"ecg","dev":"node-01","seq":1496,"t0":151161,"fs":250,"leads_off":false,"bpm":null,"samples":[165,167,167,163,167,176,165,173,169,163,176,178,167,165,163,177,165,171,163,160,170,174,163,175,223]}
12.659	{"type":"imu","dev":"node-01","seq":1460,"t0":151170,"fs":100,"samples":[[-0.029,0.891,0.521,9.63,0.48,-1.08,1.43,65.31],[-0.032,0.896,0.527,11.09,0.73,-0.59,1.45,65.31],[-0.030,0.894,0.522,10.36,-0.00,0.02,1.45,65.30],[-0.027,0.890,0.523,12.07,-0.55,0.56,1.44,65.30],[-0.033,0.888,0.528,17.98,-1.34,0.56,1.44,65.36],[-0.036,0.891,0.523,20.18,-2.08,1.17,1.43,65.44],[-0.030,0.898,0.522,19.99,-2.75,0.26,1.41,65.52],[-0.032,0.895,0.518,19.87,-2.44,1.05,1.39,65.60],[-0.034,0.895,0.515,17.25,-3.05,0.75,1.37,65.66],[-0.035,0.896,0.516,15.73,-1.83,1.30,1.37,65.71]]}
12.750	{"type":"ecg","dev":"node-01","seq":1497,"t0":151261,"fs":250,"leads_off":false,"bpm":null,"samples":[164,167,163,165,161,176,162,161,198,163,173,175,166,158,167,174,166,170,165,167,167,169,171,174,165]}
12.759	{"type":"imu","dev":"node-01","seq":1461,"t0":151270,"fs":100,"samples":[[-0.038,0.895,0.516,12.07,-1.83,0.63,1.36,65.71],[-0.023,0.897,0.508,10.85,-1.47,-0.65,1.35,65.71],[-0.031,0.897,0.518,12.31,-1.47,0.26,1.34,65.72],[-0.031,0.901,0.516,11.21,-1.77,-0.17,1.33,65.72],[-0.034,0.896,0.516,10.18,-1.47,1.24,1.32,65.70],[-0.038,0.900,0.521,9.87,-1.53,-0.47,1.33,65.69],[-0.036,0.900,0.524,10.12,-1.59,-0.84,1.32,65.67],[-0.029,0.901,0.512,8.17,0.12,-1.08,1.33,65.64],[-0.029,0.899,0.511,8.23,-0.49,0.02,1.33,65.62],[-0.034,0.895,0.517,9.93,-1.65,-0.35,1.33,65.60]]}
12.850	{"type":"ecg","dev":"node-01","seq":1498,"t0":151361,"fs":250,"leads_off":false,"bpm":null,"samples":[170,141,169,170,165,169,173,171,163,168,172,171,165,161,167,175,165,165,167,169,178,164,169,169,166]}
12.859	{"type":"imu","dev":"node-01","seq":1462,"t0":151370,"fs":100,"samples":[[-0.037,0.887,0.524,9.81,-2.20,1.30,1.32,65.57],[-0.030,0.894,0.510,9.81,-1.04,1.05,1.32,65.56],[-0.031,0.889,0.514,10.54,-1.89,0.08,1.31,65.56],[-0.033,0.890,0.517,14.75,-2.44,-1.14,1.29,65.59],[-0.030,0.897,0.523,15.79,-1.59,0.69,1.28,65.62],[-0.028,0.901,0.516,16.46,-2.44,1.97,1.26,65.68],[-0.032,0.896,0.517,18.04,-2.14,1.05,1.25,65.74],[-0.034,0.894,0.521,20.67,-3.23,1.48,1.24,65.82],[-0.032,0.891,0.533,21.46,-4.39,0.99,1.20,65.90],[-0.015,0.905,0.519,23.59,-3.54,0.87,1.16,66.02]]}
12.902	{"type":"status","dev":"node-01","fw":"0.1.0","uptime_ms":151509,"ecg":{"fs":250},"imu":{"ok":true,"fs":100,"errors":365,"fields":["ax","ay","az","gx","gy","gz","pitch","roll"]}}
12.950	{"type":"ecg","dev":"node-01","seq":1499,"t0":151461,"fs":250,"leads_off":false,"bpm":null,"samples":[162,163,169,167,170,176,166,165,173,167,175,173,165,162,172,176,166,171,161,177,214,158,166,144,169]}
12.959	{"type":"imu","dev":"node-01","seq":1463,"t0":151470,"fs":100,"samples":[[-0.038,0.906,0.513,23.90,-5.13,2.03,1.13,66.14],[-0.048,0.913,0.510,20.36,-4.27,2.70,1.12,66.23],[-0.043,0.907,0.484,16.52,-1.22,2.64,1.13,66.31],[-0.022,0.901,0.522,11.82,0.06,1.30,1.13,66.29],[-0.021,0.899,0.505,18.17,-2.08,1.11,1.11,66.36],[-0.022,0.897,0.494,16.34,-3.42,0.87,1.08,66.42],[-0.021,0.891,0.476,10.91,-6.28,0.93,1.02,66.43],[-0.032,0.898,0.488,13.59,-2.99,2.39,1.01,66.47],[-0.043,0.902,0.503,15.36,-2.02,4.83,1.02,66.51],[-0.038,0.897,0.508,20.30,1.03,1.48,1.05,66.58]]}
13.050	{"type":"ecg","dev":"node-01","seq":1500,"t0":151561,"fs":250,"leads_off":false,"bpm":null,"samples":[176,159,170,161,162,177,164,167,165,165,176,170,169,161,162,175,161,163,150,174,173,163,170,163,166]}
13.059	{"type":"imu","dev":"node-01","seq":1464,"t0":151570,"fs":100,"samples":[[-0.031,0.893,0.509,19.63,-0.25,-0.11,1.06,66.65],[-0.019,0.896,0.497,19.02,0.18,-0.78,1.06,66.72],[-0.030,0.903,0.491,18.35,-0.06,0.44,1.07,66.80],[-0.029,0.909,0.494,13.35,0.61,1.42,1.09,66.82],[-0.037,0.913,0.490,12.43,0.42,0.63,1.11,66.84],[-0.040,0.911,0.496,9.32,-0.49,2.94,1.13,66.83],[-0.031,0.908,0.495,10.30,-0.43,3.06,1.14,66.82],[-0.037,0.904,0.497,10.67,-0.92,2.15,1.15,66.81],[-0.028,0.900,0.499,12.49,-1.71,2.33,1.14,66.82],[-0.033,0.893,0.506,14.75,-1.47,1.17,1.14,66.84]]}
13.150	{"type":"ecg","dev":"node-01","seq":1501,"t0":151661,"fs":250,"leads_off":false,"bpm":null,"samples":[163,167,163,170,165,161,169,166,166,162,171,171,162,169,169,176,165,169,166,168,165,169,171,167,163]}
13.159	{"type":"imu","dev":"node-01","seq":1465,"t0":151670,"fs":100,"samples":[[-0.028,0.902,0.492,15.18,-0.31,0.69,1.14,66.88],[-0.027,0.900,0.501,15.36,-1.65,-0.78,1.13,66.91],[-0.034,0.908,0.501,20.30,-0.80,0.50,1.14,66.99],[-0.026,0.908,0.503,23.29,-0.86,-0.53,1.14,67.10],[-0.021,0.912,0.499,25.60,-1.53,0.14,1.12,67.23],[-0.031,0.912,0.472,25.24,-2.26,0.63,1.11,67.39],[-0.036,0.911,0.483,24.69,-2.56,1.11,1.11,67.52],[-0.031,0.912,0.483,26.15,-1.34,0.20,1.11,67.67],[-0.024,0.913,0.489,24.08,-1.95,0.32,1.09,67.79],[-0.032,0.907,0.475,17.98,-1.41,2.64,1.09,67.86]]}
13.250	{"type":"ecg","dev":"node-01","seq":1502,"t0":151761,"fs":250,"leads_off":false,"bpm":null,"samples":[173,160,167,165,163,176,170,175,167,171,169,162,169,169,155,172,169,163,160,170,176,165,173,175,168]}
13.259	{"type":"imu","dev":"node-01","seq":1466,"t0":151770,"fs":100,"samples":[[-0.031,0.907,0.477,17.01,-0.73,1.97,1.10,67.91],[-0.024,0.909,0.479,21.70,-0.73,0.50,1.09,68.01],[-0.032,0.909,0.483,23.35,-1.95,0.20,1.09,68.12],[-0.031,0.915,0.478,23.53,-2.32,0.26,1.08,68.24],[-0.034,0.909,0.485,20.91,-2.14,-0.35,1.07,68.32],[-0.030,0.914,0.477,19.14,-1.65,-0.11,1.07,68.39],[-0.028,0.920,0.466,17.31,-0.13,1.72,1.08,68.45],[-0.027,0.923,0.470,15.73,-0.00,1.97,1.09,68.50],[-0.032,0.917,0.468,18.65,-2.26,1.91,1.08,68.57],[-0.022,0.917,0.473,13.84,-2.02,0.63,1.06,68.59]]}
13.350	{"type":"ecg","dev":"node-01","seq":1503,"t0":151861,"fs":250,"leads_off":false,"bpm":null,"samples":[175,174,171,159,175,175,160,164,163,169,173,163,191,171,163,176,173,163,167,162,176,166,166,163,166]}
13.359	{"type":"imu","dev":"node-01","seq":1467,"t0":151870,"fs":100,"samples":[[-0.034,0.913,0.446,15.79,-0.86,0.69,1.07,68.65],[-0.031,0.927,0.479,4.51,0.30,1.66,1.09,68.57],[-0.028,0.925,0.468,4.20,0.06,1.48,1.10,68.51],[-0.028,0.912,0.471,4.39,0.79,1.30,1.11,68.43],[-0.037,0.919,0.474,6.28,-1.16,1.42,1.12,68.38],[-0.031,0.918,0.476,20.30,-2.50,0.56,1.11,68.46],[-0.035,0.919,0.470,22.43,-2.99,-0.47,1.09,68.57],[-0.026,0.914,0.468,28.10,-3.66,1.42,1.06,68.73],[-0.029,0.917,0.468,28.23,-3.42,-0.53,1.04,68.90],[-0.027,0.922,0.457,25.79,-3.91,0.75,1.01,69.04]]}
13.450	{"type":"ecg","dev":"node-01","seq":1504,"t0":151961,"fs":250,"leads_off":false,"bpm":null,"samples":[165,165,163,167,163,176,167,163,176,165,176,166,174,160,163,183,168,172,159,169,172,164,167,163,166]}
13.459	{"type":"imu","dev":"node-01","seq":1468,"t0":151970,"fs":100,"samples":[[-0.025,0.916,0.451,22.25,-2.02,2.03,1.00,69.16],[-0.025,0.915,0.458,16.89,-0.49,1.48,1.00,69.21],[-0.025,0.921,0.453,15.48,-0.86,-0.11,1.00,69.25],[-0.023,0.916,0.461,15.85,-0.55,0.56,1.00,69.29],[-0.028,0.923,0.460,15.18,-1.28,1.78,1.00,69.32],[-0.023,0.921,0.464,18.96,-1.22,-0.41,1.00,69.38],[-0.017,0.921,0.468,20.67,-2.75,1.42,0.97,69.46],[-0.020,0.925,0.436,18.71,-3.60,1.54,0.94,69.55],[-0.037,0.924,0.452,15.36,-1.77,1.91,0.94,69.59],[-0.036,0.926,0.432,14.63,-0.80,2.76,0.95,69.64]]}
13.550	{"type":"ecg","dev":"node-01","seq":1505,"t0":152061,"fs":250,"leads_off":false,"bpm":null,"samples":[170,166,174,165,170,179,169,171,165,165,173,165,166,162,170,176,169,171,161,169,192,163,168,159,173]}
13.559	{"type":"imu","dev":"node-01","seq":1469,"t0":152070,"fs":100,"samples":[[-0.025,0.915,0.419,11.03,0.61,1.36,0.97,69.66],[-0.025,0.920,0.468,16.34,0.67,0.69,0.99,69.69],[-0.030,0.920,0.458,16.82,0.61,0.63,1.01,69.73],[-0.025,0.914,0.449,14.57,-4.03,1.17,0.97,69.76],[-0.027,0.921,0.423,14.20,-3.72,0.44,0.95,69.81],[-0.037,0.925,0.437,13.84,-1.95,1.36,0.95,69.84],[-0.047,0.933,0.445,14.93,1.52,1.42,1.00,69.88],[-0.035,0.921,0.466,15.24,2.62,0.08,1.04,69.89],[-0.025,0.921,0.464,16.28,2.31,0.32,1.07,69.92],[-0.018,0.917,0.448,16.58,-0.37,-1.20,1.07,69.97]]}
13.650	{"type":"ecg","dev":"node-01","seq":1506,"t0":152161,"fs":250,"leads_off":false,"bpm":null,"samples":[171,192,173,165,167,176,166,172,155,167,176,171,165,160,167,151,162,170,163,162,184,171,162,166,167]}
13.659	{"type":"imu","dev":"node-01","seq":1470,"t0":152170,"fs":100,"samples":[[-0.021,0.931,0.444,13.41,0.55,-0.53,1.08,69.99],[-0.024,0.934,0.443,12.43,0.18,-0.59,1.08,70.00],[-0.034,0.930,0.448,10.18,-1.71,0.44,1.08,69.99],[-0.032,0.929,0.440,11.34,-1.53,2.21,1.08,69.99],[-0.024,0.920,0.442,12.86,-0.55,2.52,1.08,70.00],[-0.028,0.923,0.448,12.37,-0.13,2.94,1.09,70.01],[-0.025,0.917,0.443,12.25,-1.83,1.36,1.08,70.01],[-0.025,0.928,0.441,11.64,-0.55,-0.11,1.08,70.02],[-0.025,0.925,0.451,10.48,-0.19,-0.47,1.08,70.00],[-0.029,0.925,0.457,10.36,-0.80,0.75,1.09,69.97]]}
13.750	{"type":"ecg","dev":"node-01","seq":1507,"t0":152261,"fs":250,"leads_off":false,"bpm":null,"samples":[165,176,158,163,163,176,163,176,161,167,176,166,161,170,164,176,166,173,165,171,175,174,171,165,167]}
13.759	{"type":"imu","dev":"node-01","seq":1471,"t0":152270,"fs":100,"samples":[[-0.027,0.935,0.445,11.09,1.64,0.63,1.11,69.97],[-0.030,0.926,0.481,10.60,-0.06,0.32,1.12,69.93],[-0.018,0.920,0.455,14.69,0.97,1.30,1.13,69.95],[-0.031,0.934,0.447,14.51,-1.59,1.42,1.12,69.98],[-0.034,0.922,0.445,14.20,-1.89,1.60,1.12,70.01],[-0.027,0.924,0.453,20.42,-0.92,0.56,1.12,70.08],[-0.024,0.922,0.439,20.12,0.30,0.14,1.13,70.17],[-0.022,0.923,0.432,19.39,0.36,1.11,1.13,70.25],[-0.019,0.924,0.438,19.81,1.09,1.48,1.14,70.34],[-0.024,0.925,0.443,16.52,0.97,1.66,1.16,70.38]]}
13.850	{"type":"ecg","dev":"node-01","seq":1508,"t0":152361,"fs":250,"leads_off":false,"bpm":null,"samples":[171,165,174,168,167,173,163,172,165,169,174,167,165,166,170,176,169,170,164,169,175,169,171,165,169]}
13.859	{"type":"imu","dev":"node-01","seq":1472,"t0":152370,"fs":100,"samples":[[-0.023,0.928,0.438,14.93,0.18,-0.59,1.16,70.41],[-0.024,0.931,0.440,14.26,-0.55,0.93,1.16,70.44],[-0.027,0.937,0.436,10.85,-0.98,0.69,1.16,70.44],[-0.034,0.942,0.430,5.97,-1.04,1.30,1.16,70.40],[-0.021,0.927,0.442,3.04,0.42,1.05,1.17,70.31],[-0.031,0.931,0.435,1.70,-0.31,1.72,1.17,70.22],[-0.030,0.920,0.451,4.14,1.34,1.97,1.20,70.13],[-0.024,0.921,0.448,5.48,0.48,1.66,1.20,70.06],[-0.031,0.921,0.452,7.56,-0.67,0.63,1.21,70.01],[-0.026,0.920,0.451,8.29,-1.34,0.87,1.20,69.97]]}
13.950	{"type":"ecg","dev":"node-01","seq":1509,"t0":152461,"fs":250,"leads_off":false,"bpm":null,"samples":[173,171,162,162,167,176,163,170,167,169,176,166,159,160,163,176,165,169,170,163,176,169,170,167,164]}
13.959	{"type":"imu","dev":"node-01","seq":1473,"t0":152470,"fs":100,"samples":[[-0.018,0.928,0.439,8.17,-1.71,0.14,1.18,69.95],[-0.024,0.924,0.452,7.01,-1.28,-0.59,1.17,69.90],[-0.029,0.917,0.448,6.28,0.06,-0.29,1.18,69.84],[-0.026,0.926,0.450,5.06,-0.06,0.32,1.18,69.77],[-0.032,0.919,0.458,1.95,-0.00,2.27,1.20,69.67],[-0.027,0.920,0.456,-0.80,1.95,2.39,1.22,69.54],[-0.036,0.926,0.450,-2.26,-0.80,1.30,1.23,69.41],[-0.035,0.922,0.464,-1.96,2.92,1.91,1.27,69.27],[-0.035,0.917,0.458,-2.93,1.09,0.87,1.30,69.12],[-0.033,0.917,0.467,-3.72,1.16,1.24,1.32,68.96]]}
14.050	{"type":"ecg","dev":"node-01","seq":1510,"t0":152561,"fs":250,"leads_off":false,"bpm":null,"samples":[164,165,166,162,166,166,167,165,165,165,176,166,171,163,170,171,167,161,165,163,175,167,163,166,164]}
14.059	{"type":"imu","dev":"node-01","seq":1474,"t0":152570,"fs":100,"samples":[[-0.031,0.917,0.464,-4.58,1.83,0.56,1.34,68.80],[-0.033,0.915,0.480,-9.33,0.85,-0.41,1.36,68.58],[-0.018,0.910,0.496,-14.94,-3.11,-0.53,1.32,68.29],[-0.031,0.902,0.496,-16.96,-3.78,0.69,1.30,67.98],[-0.022,0.915,0.479,-17.63,-1.04,0.81,1.28,67.70],[-0.044,0.910,0.485,-20.25,-0.49,3.31,1.30,67.38],[-0.046,0.907,0.483,-18.97,2.37,2.88,1.35,67.09],[-0.032,0.895,0.480,-18.85,3.84,1.30,1.40,66.80],[-0.024,0.897,0.532,-5.92,2.98,-0.23,1.43,66.59],[-0.026,0.890,0.520,0.48,1.95,-0.17,1.45,66.46]]}
14.150	{"type":"ecg","dev":"node-01","seq":1511,"t0":152661,"fs":250,"leads_off":false,"bpm":null,"samples":[166,166,167,166,169,170,170,171,165,166,174,166,165,167,170,171,170,170,163,165,176,162,163,170,165]}
14.159	{"type":"imu","dev":"node-01","seq":1475,"t0":152670,"fs":100,"samples":[[-0.016,0.894,0.508,7.25,-3.78,-0.96,1.40,66.41],[-0.026,0.911,0.492,10.24,-3.60,-0.05,1.36,66.41],[-0.028,0.910,0.489,9.45,-2.38,-0.65,1.34,66.41],[-0.043,0.908,0.501,8.04,-0.25,1.05,1.36,66.39],[-0.032,0.893,0.524,7.49,2.86,-0.41,1.40,66.32],[-0.027,0.888,0.523,9.14,3.66,0.50,1.44,66.28],[-0.018,0.897,0.515,13.53,1.03,-0.29,1.44,66.29],[-0.021,0.904,0.507,15.91,0.18,0.50,1.43,66.33],[-0.037,0.907,0.504,15.42,-1.71,1.85,1.43,66.37],[-0.033,0.907,0.505,17.49,-1.95,1.72,1.42,66.44]]}
14.250	{"type":"ecg","dev":"node-01","seq":1512,"t0":152761,"fs":250,"leads_off":false,"bpm":null,"samples":[174,164,164,167,170,169,163,167,159,165,172,162,164,163,170,174,164,165,166,167,178,162,167,166,161]}
14.259	{"type":"imu","dev":"node-01","seq":1476,"t0":152770,"fs":100,"samples":[[-0.039,0.907,0.499,21.09,-1.83,1.85,1.41,66.54],[-0.038,0.902,0.502,16.34,-1.77,0.87,1.41,66.59],[-0.038,0.895,0.500,17.31,-1.65,0.69,1.41,66.64],[-0.035,0.895,0.502,20.73,-0.13,0.75,1.42,66.72],[-0.024,0.899,0.499,23.29,-1.65,0.56,1.40,66.84],[-0.030,0.906,0.500,24.14,-0.92,-0.11,1.40,66.96],[-0.033,0.906,0.497,27.31,-2.02,0.50,1.39,67.11],[-0.035,0.916,0.490,26.03,-2.75,-0.78,1.37,67.26],[-0.028,0.913,0.498,24.14,-2.81,0.32,1.35,67.38],[-0.026,0.908,0.489,21.76,-1.10,0.26,1.34,67.48]]}
14.350	{"type":"ecg","dev":"node-01","seq":1513,"t0":152861,"fs":250,"leads_off":false,"bpm":null,"samples":[161,161,166,165,167,169,165,163,167,162,176,166,171,165,166,175,162,171,162,163,176,169,159,169,163]}
14.359	{"type":"imu","dev":"node-01","seq":1477,"t0":152870,"fs":100,"samples":[[-0.028,0.912,0.489,18.41,-0.37,0.32,1.34,67.55],[-0.031,0.917,0.483,17.92,-0.55,0.56,1.34,67.62],[-0.027,0.907,0.487,15.30,2.07,1.17,1.36,67.65],[-0.026,0.912,0.484,16.52,2.13,0.69,1.39,67.70],[-0.020,0.906,0.478,18.29,3.05,1.91,1.41,67.77],[-0.024,0.907,0.478,17.13,2.68,0.38,1.44,67.83],[-0.028,0.910,0.487,16.46,1.03,0.08,1.45,67.87],[-0.020,0.910,0.477,16.58,1.46,-0.35,1.46,67.92],[-0.031,0.903,0.481,18.29,1.77,0.75,1.48,67.98],[-0.028,0.909,0.483,18.78,-0.00,0.93,1.48,68.04]]}
14.450	{"type":"ecg","dev":"node-01","seq":1514,"t0":152961,"fs":250,"leads_off":false,"bpm":null,"samples":[161,170,173,167,169,174,170,188,166,165,176,160,165,164,166,176,167,174,166,165,172,169,170,163,161]}
14.459	{"type":"imu","dev":"node-01","seq":1478,"t0":152970,"fs":100,"samples":[[-0.031,0.916,0.481,18.59,-1.34,1.91,1.47,68.11],[-0.032,0.912,0.481,17.80,-0.61,0.44,1.47,68.17],[-0.030,0.913,0.481,18.10,-1.41,1.42,1.46,68.22],[-0.026,0.917,0.480,13.10,-0.25,1.91,1.46,68.24],[-0.033,0.914,0.477,10.85,-1.16,1.05,1.45,68.23],[-0.033,0.913,0.478,8.29,-0.00,-0.35,1.46,68.19],[-0.029,0.914,0.477,6.03,1.34,0.87,1.48,68.14],[-0.024,0.912,0.476,7.62,2.86,0.44,1.50,68.10],[-0.031,0.911,0.481,5.60,0.85,0.26,1.52,68.03],[-0.027,0.914,0.482,1.21,0.67,0.20,1.52,67.93]]}
14.550	{"type":"ecg","dev":"node-01","seq":1515,"t0":153061,"fs":250,"leads_off":false,"bpm":null,"samples":[173,162,173,165,167,167,164,172,166,169,175,169,170,162,161,175,165,169,161,168,176,167,166,164,170]}
14.559	{"type":"imu","dev":"node-01","seq":1479,"t0":153070,"fs":100,"samples":[[-0.029,0.907,0.483,-0.01,-0.19,0.26,1.52,67.81],[-0.029,0.914,0.487,-0.19,1.89,0.32,1.54,67.69],[-0.030,0.911,0.489,-0.68,0.36,0.02,1.55,67.56],[-0.034,0.909,0.486,-2.32,-0.25,0.14,1.55,67.43],[-0.034,0.906,0.491,-2.75,-0.80,-0.35,1.55,67.28],[-0.036,0.907,0.494,-5.74,0.36,-0.47,1.57,67.11],[-0.033,0.901,0.493,-11.10,1.03,0.81,1.58,66.89],[-0.037,0.902,0.502,-13.97,2.25,-0.53,1.61,66.63],[-0.026,0.900,0.500,-17.08,1.64,0.26,1.63,66.35],[-0.033,0.894,0.512,-17.69,1.70,0.08,1.65,66.05]]}
14.650	{"type":"ecg","dev":"node-01","seq":1516,"t0":153161,"fs":250,"leads_off":false,"bpm":null,"samples":[166,170,163,163,166,173,165,169,163,170,173,171,165,137,169,175,165,169,165,167,176,167,165,168,169]}
14.659	{"type":"imu","dev":"node-01","seq":1480,"t0":153170,"fs":100,"samples":[[-0.029,0.895,0.517,-15.61,1.64,-0.17,1.66,65.78],[-0.033,0.896,0.519,-11.10,1.64,2.21,1.68,65.55],[-0.033,0.891,0.531,-3.48,-0.80,0.26,1.68,65.39],[-0.028,0.890,0.542,-1.53,-0.92,-0.47,1.66,65.24],[-0.021,0.896,0.515,0.36,-0.61,-0.05,1.65,65.14],[-0.043,0.901,0.512,-2.69,-4.27,0.75,1.62,65.02],[-0.047,0.893,0.512,-0.55,-1.89,1.48,1.62,64.92],[-0.032,0.885,0.508,-0.49,1.22,0.02,1.64,64.82],[-0.026,0.884,0.568,2.49,-0.37,0.26,1.63,64.69],[-0.026,0.883,0.553,5.48,0.06,-0.90,1.63,64.61]]}
14.750	{"type":"ecg","dev":"node-01","seq":1517,"t0":153261,"fs":250,"leads_off":false,"bpm":null,"samples":[165,163,166,167,170,159,167,167,165,164,174,165,175,171,169,176,169,162,196,159,175,159,171,177,167]}
14.759	{"type":"imu","dev":"node-01","seq":1481,"t0":153270,"fs":100,"samples":[[-0.021,0.883,0.535,8.53,-3.91,-1.20,1.58,64.58],[-0.020,0.891,0.518,6.95,-4.58,-0.23,1.53,64.55],[-0.032,0.901,0.521,6.82,-3.72,1.05,1.49,64.52],[-0.054,0.893,0.533,8.53,-0.67,2.21,1.52,64.50],[-0.040,0.878,0.544,14.45,0.42,0.38,1.53,64.52],[-0.031,0.879,0.552,19.75,1.34,0.56,1.55,64.58],[-0.027,0.886,0.540,19.99,-0.86,-0.35,1.54,64.65],[-0.030,0.890,0.532,19.81,-2.20,0.02,1.52,64.74],[-0.040,0.894,0.531,14.32,-1.71,0.32,1.52,64.77],[-0.040,0.895,0.525,10.85,-2.32,0.69,1.51,64.77]]}
14.850	{"type":"ecg","dev":"node-01","seq":1518,"t0":153361,"fs":250,"leads_off":false,"bpm":null,"samples":[167,176,169,167,174,176,171,171,169,163,173,150,168,163,165,208,170,166,167,163,173,163,176,160,159]}
14.859	{"type":"imu","dev":"node-01","seq":1482,"t0":153370,"fs":100,"samples":[[-0.037,0.892,0.527,9.02,-0.92,1.17,1.51,64.76],[-0.039,0.890,0.529,10.48,1.34,1.30,1.54,64.75],[-0.036,0.893,0.531,10.36,1.22,1.11,1.56,64.74],[-0.039,0.888,0.535,13.78,0.06,0.75,1.57,64.76],[-0.029,0.887,0.525,18.71,-0.55,-0.72,1.57,64.84],[-0.029,0.890,0.528,19.75,-0.13,-0.11,1.57,64.92],[-0.027,0.891,0.526,17.37,-1.04,-0.47,1.55,64.98],[-0.032,0.893,0.521,10.73,0.12,1.42,1.56,64.98],[-0.035,0.898,0.522,9.87,-0.86,1.36,1.56,64.98],[-0.029,0.892,0.531,5.18,1.58,0.44,1.57,64.91]]}
14.950	{"type":"ecg","dev":"node-01","seq":1519,"t0":153461,"fs":250,"leads_off":false,"bpm":null,"samples":[166,167,168,165,170,174,170,163,161,162,176,171,171,163,172,177,167,169,162,171,171,164,171,163,164]}
14.959	{"type":"imu","dev":"node-01","seq":1483,"t0":153470,"fs":100,"samples":[[-0.036,0.891,0.525,2.80,0.18,0.87,1.58,64.83],[-0.037,0.889,0.529,6.34,-0.25,-0.11,1.59,64.78],[-0.036,0.882,0.531,6.76,-0.80,0.44,1.59,64.73],[-0.032,0.885,0.544,10.30,-0.49,0.26,1.59,64.71],[-0.030,0.885,0.524,10.30,-0.00,1.11,1.59,64.70],[-0.032,0.883,0.530,11.15,1.16,-0.35,1.61,64.70],[-0.029,0.889,0.532,8.41,0.48,0.81,1.61,64.67],[-0.026,0.887,0.531,7.13,0.79,-1.14,1.62,64.63],[-0.033,0.885,0.531,6.40,0.42,0.08,1.63,64.58],[-0.033,0.886,0.537,5.06,-1.47,0.81,1.62,64.51]]}
15.050	{"type":"ecg","dev":"node-01","seq":1520,"t0":153561,"fs":250,"leads_off":false,"bpm":null,"samples":[161,170,173,170,174,175,162,167,163,167,173,165,164,161,163,173,165,166,174,168,170,159,167,163,174]}
15.059	{"type":"imu","dev":"node-01","seq":1484,"t0":153570,"fs":100,"samples":[[-0.040,0.887,0.540,5.12,0.55,1.48,1.63,64.44],[-0.039,0.887,0.539,5.42,-0.00,1.91,1.64,64.38],[-0.042,0.883,0.542,6.58,-0.43,1.17,1.65,64.33],[-0.032,0.888,0.540,9.02,-1.47,0.81,1.64,64.30],[-0.037,0.887,0.542,10.24,-0.98,0.02,1.64,64.29],[-0.037,0.882,0.542,11.95,-0.25,0.44,1.64,64.29],[-0.031,0.891,0.540,12.01,-1.53,1.42,1.63,64.30],[-0.031,0.885,0.538,10.97,-1.04,0.50,1.62,64.29],[-0.033,0.887,0.533,11.95,1.16,0.26,1.64,64.30],[-0.034,0.883,0.539,11.34,-0.06,0.08,1.64,64.30]]}
15.150	{"type":"ecg","dev":"node-01","seq":1521,"t0":153661,"fs":250,"leads_off":false,"bpm":null,"samples":[171,171,169,164,159,176,222,186,167,169,170,164,175,174,167,174,167,166,170,170,177,169,173,169,167]}
15.159	{"type":"imu","dev":"node-01","seq":1485,"t0":153670,"fs":100,"samples":[[-0.041,0.878,0.542,10.30,-0.55,-0.23,1.65,64.28],[-0.039,0.883,0.537,10.24,-0.43,0.81,1.65,64.27],[-0.035,0.886,0.536,12.98,-0.00,0.02,1.66,64.29],[-0.039,0.886,0.538,12.31,-1.65,0.44,1.65,64.30],[-0.036,0.886,0.544,14.14,-1.59,1.11,1.65,64.32],[-0.038,0.882,0.541,17.68,-1.89,0.38,1.64,64.38],[-0.031,0.884,0.538,17.49,-1.89,0.44,1.62,64.43],[-0.035,0.884,0.540,15.30,-2.26,1.48,1.60,64.47],[-0.031,0.886,0.535,9.20,-0.98,0.56,1.60,64.45],[-0.035,0.887,0.534,7.86,-0.06,0.14,1.60,64.41]]}
15.250	{"type":"ecg","dev":"node-01","seq":1522,"t0":153761,"fs":250,"leads_off":false,"bpm":null,"samples":[171,176,167,173,165,172,166,167,161,170,169,163,165,170,167,171,162,162,175,167,176,162,167,163,173]}
15.259	{"type":"imu","dev":"node-01","seq":1486,"t0":153770,"fs":100,"samples":[[-0.036,0.883,0.535,8.90,-1.59,0.38,1.59,64.39],[-0.041,0.885,0.544,10.42,-1.59,0.32,1.59,64.37],[-0.042,0.881,0.535,12.86,-0.98,0.44,1.60,64.38],[-0.045,0.887,0.537,12.07,-2.02,0.14,1.60,64.39],[-0.040,0.887,0.546,10.60,-1.22,0.63,1.60,64.37],[-0.026,0.885,0.554,15.42,-1.89,0.08,1.57,64.40],[-0.027,0.890,0.534,16.40,-2.56,0.02,1.55,64.45],[-0.045,0.895,0.531,16.40,-3.66,1.91,1.53,64.51],[-0.049,0.888,0.522,13.78,-1.53,2.27,1.54,64.54],[-0.030,0.884,0.532,16.09,0.36,0.99,1.54,64.59]]}
15.350	{"type":"ecg","dev":"node-01","seq":1523,"t0":153861,"fs":250,"leads_off":false,"bpm":null,"samples":[162,163,166,167,161,170,165,165,161,165,175,168,166,165,171,174,168,174,165,165,174,169,171,165,171]}
15.359	{"type":"imu","dev":"node-01","seq":1487,"t0":153870,"fs":100,"samples":[[-0.031,0.884,0.565,19.14,-0.13,0.38,1.55,64.63],[-0.020,0.885,0.536,25.85,-1.77,-0.84,1.52,64.77],[-0.021,0.893,0.525,22.74,-5.00,-1.45,1.46,64.89],[-0.027,0.899,0.517,19.99,-4.52,-0.41,1.42,64.99],[-0.037,0.900,0.522,14.75,-2.38,1.54,1.41,65.03],[-0.047,0.891,0.532,15.54,-0.73,1.36,1.42,65.07],[-0.042,0.887,0.539,17.31,-0.55,1.60,1.44,65.11],[-0.036,0.883,0.534,21.46,-0.86,0.50,1.44,65.19],[-0.037,0.894,0.530,19.93,-1.22,-0.29,1.44,65.27],[-0.036,0.893,0.521,17.68,-2.50,-0.84,1.43,65.33]]}
15.450	{"type":"ecg","dev":"node-01","seq":1524,"t0":153961,"fs":250,"leads_off":false,"bpm":null,"samples":[165,161,173,170,171,170,169,166,170,163,169,128,167,158,174,175,166,163,175,175,176,166,163,164,159]}
15.459	{"type":"imu","dev":"node-01","seq":1488,"t0":153970,"fs":100,"samples":[[-0.046,0.896,0.517,17.19,-2.50,-0.05,1.42,65.40],[-0.044,0.898,0.509,20.91,-2.50,0.93,1.42,65.50],[-0.046,0.898,0.515,21.09,-3.11,0.99,1.41,65.60],[-0.044,0.897,0.512,18.71,-3.72,1.48,1.39,65.68],[-0.032,0.899,0.509,15.60,-3.11,0.50,1.37,65.73],[-0.039,0.892,0.512,14.51,-2.44,1.60,1.36,65.76],[-0.032,0.898,0.516,15.48,-1.89,0.75,1.35,65.80],[-0.028,0.898,0.510,14.63,-2.50,0.93,1.33,65.83],[-0.029,0.897,0.507,17.31,-2.38,0.32,1.32,65.90],[-0.039,0.893,0.509,19.32,-3.30,1.05,1.30,65.97]]}
15.550	{"type":"ecg","dev":"node-01","seq":1525,"t0":154061,"fs":250,"leads_off":false,"bpm":null,"samples":[161,166,187,149,160,167,166,167,186,167,176,163,161,173,174,167,163,165,166,168,173,165,162,166,169]}
15.559	{"type":"imu","dev":"node-01","seq":1489,"t0":154070,"fs":100,"samples":[[-0.036,0.896,0.527,19.69,-4.09,0.93,1.27,66.04],[-0.037,0.895,0.510,20.91,-3.36,0.56,1.26,66.13],[-0.031,0.911,0.502,19.32,-3.48,1.17,1.23,66.22],[-0.039,0.911,0.503,13.90,-3.11,0.63,1.22,66.25],[-0.037,0.912,0.510,14.20,-1.22,1.36,1.22,66.28],[-0.031,0.908,0.505,14.99,-1.04,1.11,1.22,66.32],[-0.037,0.899,0.500,11.70,-0.25,1.91,1.24,66.33],[-0.040,0.894,0.500,14.99,0.79,0.38,1.26,66.36],[-0.035,0.901,0.503,17.43,0.48,1.30,1.28,66.42],[-0.032,0.899,0.505,21.52,-0.31,1.24,1.29,66.52]]}
15.650	{"type":"ecg","dev":"node-01","seq":1526,"t0":154161,"fs":250,"leads_off":false,"bpm":null,"samples":[167,173,165,165,172,176,160,165,163,173,176,165,167,165,170,170,169,167,167,163,176,162,167,163,170]}
15.659	{"type":"imu","dev":"node-01","seq":1490,"t0":154170,"fs":100,"samples":[[-0.030,0.898,0.499,23.23,-2.44,0.93,1.27,66.64],[-0.034,0.895,0.497,23.35,-2.32,0.81,1.26,66.75],[-0.041,0.904,0.491,21.76,-4.82,0.26,1.24,66.86],[-0.029,0.912,0.498,14.63,-2.38,2.39,1.22,66.89],[-0.031,0.910,0.505,9.87,-1.16,2.21,1.22,66.87],[-0.034,0.906,0.503,10.18,-2.93,1.60,1.20,66.85],[-0.031,0.905,0.507,10.24,-1.83,1.97,1.20,66.83],[-0.031,0.901,0.503,10.30,-2.44,2.33,1.18,66.81],[-0.032,0.902,0.500,13.17,-1.22,1.66,1.18,66.83],[-0.028,0.903,0.498,19.51,-0.55,-0.23,1.18,66.90]]}
15.750	{"type":"ecg","dev":"node-01","seq":1527,"t0":154261,"fs":250,"leads_off":false,"bpm":null,"samples":[163,168,166,167,170,174,167,162,172,170,175,166,166,162,163,191,162,165,162,167,175,171,155,135,168]}
15.759	{"type":"imu","dev":"node-01","seq":1491,"t0":154270,"fs":100,"samples":[[-0.033,0.904,0.496,23.53,-2.20,0.63,1.18,67.02],[-0.032,0.907,0.491,22.25,-3.66,0.44,1.15,67.13],[-0.031,0.907,0.491,21.46,-2.69,0.44,1.14,67.23],[-0.034,0.907,0.488,16.58,-2.69,-0.17,1.13,67.28],[-0.028,0.905,0.488,13.65,-2.44,0.75,1.11,67.30],[-0.038,0.902,0.487,10.06,-2.02,2.27,1.11,67.29],[-0.033,0.906,0.492,7.07,-1.28,2.27,1.11,67.24],[-0.029,0.902,0.490,7.74,-0.06,1.05,1.12,67.20],[-0.031,0.905,0.491,14.14,-1.10,1.42,1.12,67.23],[-0.026,0.904,0.488,19.20,-0.86,0.87,1.12,67.30]]}
15.850	{"type":"ecg","dev":"node-01","seq":1528,"t0":154361,"fs":250,"leads_off":false,"bpm":null,"samples":[174,164,142,153,163,176,172,161,153,171,176,166,166,165,164,167,168,171,161,165,167,165,163,162,161]}
15.859	{"type":"imu","dev":"node-01","seq":1492,"t0":154370,"fs":100,"samples":[[-0.030,0.910,0.482,20.73,-0.49,0.56,1.13,67.40],[-0.024,0.912,0.473,23.17,-2.02,0.56,1.11,67.53],[-0.030,0.906,0.484,24.32,-1.95,0.20,1.10,67.66],[-0.032,0.916,0.480,24.39,-2.69,1.30,1.09,67.79],[-0.033,0.910,0.485,21.76,-1.41,1.36,1.09,67.89],[-0.035,0.912,0.479,17.43,-1.28,0.44,1.10,67.95],[-0.034,0.908,0.488,14.99,-1.71,0.26,1.09,67.97],[-0.024,0.909,0.490,18.59,-3.42,0.26,1.07,68.03],[-0.021,0.919,0.473,14.51,-2.32,1.24,1.04,68.06],[-0.052,0.922,0.467,13.29,-3.72,2.94,1.05,68.09]]}
15.950	{"type":"ecg","dev":"node-01","seq":1529,"t0":154461,"fs":250,"leads_off":false,"bpm":null,"samples":[160,167,165,160,170,171,165,161,169,161,174,166,166,167,163,172,163,168,163,166,173,167,162,163,169]}
15.959	{"type":"imu","dev":"node-01","seq":1493,"t0":154470,"fs":100,"samples":[[-0.052,0.920,0.465,10.12,-2.02,2.70,1.06,68.10],[-0.037,0.910,0.459,9.75,-0.00,1.66,1.08,68.09],[-0.026,0.912,0.513,8.41,-0.13,0.63,1.09,68.03],[-0.026,0.910,0.490,9.93,1.64,1.05,1.11,68.00],[-0.025,0.907,0.468,10.12,-1.22,-0.41,1.11,67.99],[-0.026,0.910,0.463,10.12,-3.30,1.24,1.08,67.99],[-0.038,0.912,0.472,10.42,-1.65,0.99,1.08,67.99],[-0.046,0.916,0.494,11.95,0.48,1.85,1.12,67.98],[-0.035,0.906,0.498,14.08,1.89,-0.90,1.15,67.98],[-0.029,0.905,0.494,13.10,2.19,-0.53,1.18,67.98]]}
16.050	{"type":"ecg","dev":"node-01","seq":1530,"t0":154561,"fs":250,"leads_off":false,"bpm":null,"samples":[151,160,165,166,165,173,162,166,125,160,174,167,170,163,167,171,166,163,160,189,178,166,151,167,172]}
16.059	{"type":"imu","dev":"node-01","seq":1494,"t0":154570,"fs":100,"samples":[[-0.014,0.907,0.487,10.48,0.85,-1.75,1.18,67.95],[-0.021,0.915,0.476,4.26,0.61,0.44,1.19,67.89],[-0.028,0.918,0.476,-0.07,-1.28,0.56,1.18,67.78],[-0.035,0.914,0.479,-0.25,-0.73,1.36,1.19,67.67],[-0.039,0.914,0.481,0.79,-0.98,0.93,1.20,67.57],[-0.036,0.908,0.490,-0.13,-1.65,1.54,1.20,67.45],[-0.034,0.905,0.494,1.58,0.18,0.14,1.22,67.34],[-0.029,0.901,0.493,2.86,-1.04,-0.29,1.22,67.25],[-0.029,0.904,0.492,4.20,-1.65,-0.17,1.21,67.18],[-0.029,0.896,0.497,4.02,-1.83,-1.08,1.20,67.09]]}
16.150	{"type":"ecg","dev":"node-01","seq":1531,"t0":154661,"fs":250,"leads_off":false,"bpm":null,"samples":[159,162,167,142,133,169,167,161,161,183,164,162,147,165,164,176,162,170,163,163,171,161,146,163,169]}
16.159	{"type":"imu","dev":"node-01","seq":1495,"t0":154670,"fs":100,"samples":[[-0.031,0.907,0.495,2.07,-2.14,-0.96,1.19,67.00],[-0.033,0.915,0.497,2.37,-1.16,-0.41,1.19,66.91],[-0.032,0.908,0.495,3.41,-1.47,-0.23,1.19,66.83],[-0.028,0.908,0.500,4.14,-1.41,0.63,1.18,66.76],[-0.034,0.909,0.494,2.49,-1.53,1.60,1.18,66.68],[-0.032,0.905,0.498,2.07,-1.53,0.99,1.17,66.59],[-0.036,0.902,0.508,0.48,-0.49,-0.35,1.19,66.48],[-0.030,0.901,0.504,5.73,-1.83,-0.41,1.18,66.42],[-0.031,0.896,0.506,7.07,-0.86,-0.29,1.18,66.37],[-0.034,0.899,0.508,6.09,-2.32,0.20,1.17,66.31]]}
16.250	{"type":"ecg","dev":"node-01","seq":1532,"t0":154761,"fs":250,"leads_off":false,"bpm":null,"samples":[162,162,169,161,166,167,163,163,166,163,174,167,176,161,160,173,162,163,162,167,174,165,161,158,159]}
16.259	{"type":"imu","dev":"node-01","seq":1496,"t0":154770,"fs":100,"samples":[[-0.030,0.906,0.518,3.23,-0.31,-0.65,1.18,66.22],[-0.031,0.901,0.516,3.71,-1.28,0.02,1.17,66.14],[-0.031,0.900,0.517,4.20,-1.53,0.50,1.17,66.06],[-0.034,0.900,0.515,9.02,-1.10,1.42,1.17,66.03],[-0.032,0.898,0.513,10.12,-2.81,0.38,1.16,66.02],[-0.031,0.896,0.509,11.15,-3.05,0.99,1.14,66.01],[-0.026,0.895,0.508,18.04,-2.50,0.99,1.12,66.08],[-0.031,0.897,0.501,18.29,-2.44,0.38,1.11,66.15],[-0.029,0.897,0.502,18.96,-3.17,0.50,1.09,66.23],[-0.030,0.894,0.502,16.64,-1.59,0.26,1.08,66.28]]}
16.350	{"type":"ecg","dev":"node-01","seq":1533,"t0":154861,"fs":250,"leads_off":false,"bpm":null,"samples":[167,161,167,167,163,171,160,162,162,162,176,162,160,145,162,169,161,149,165,167,174,160,144,178,162]}
16.359	{"type":"imu","dev":"node-01","seq":1497,"t0":154870,"fs":100,"samples":[[-0.027,0.898,0.507,15.06,-2.08,0.69,1.07,66.32],[-0.033,0.899,0.512,12.49,-3.17,0.56,1.06,66.32],[-0.030,0.904,0.512,14.63,-2.26,0.93,1.05,66.34],[-0.037,0.907,0.509,17.13,-1.59,0.87,1.05,66.40],[-0.033,0.906,0.512,17.74,-2.32,1.42,1.04,66.46],[-0.035,0.901,0.512,14.20,-0.80,0.63,1.05,66.47],[-0.029,0.902,0.509,14.81,-0.31,1.97,1.06,66.50],[-0.032,0.903,0.511,15.85,0.06,1.78,1.08,66.54],[-0.030,0.904,0.505,15.42,0.48,2.94,1.09,66.57],[-0.027,0.903,0.498,15.67,-1.71,1.97,1.08,66.62]]}
16.450	{"type":"ecg","dev":"node-01","seq":1534,"t0":154961,"fs":250,"leads_off":false,"bpm":null,"samples":[160,165,171,163,161,169,166,144,155,170,169,166,162,160,164,173,179,169,167,163,171,164,163,161,171]}
16.459	{"type":"imu","dev":"node-01","seq":1498,"t0":154970,"fs":100,"samples":[[-0.025,0.906,0.491,15.91,-1.04,2.45,1.08,66.67],[-0.028,0.901,0.495,16.21,-0.49,1.60,1.08,66.72],[-0.030,0.902,0.499,15.30,-2.14,1.30,1.08,66.76],[-0.031,0.901,0.502,12.31,-0.80,0.50,1.08,66.76],[-0.036,0.897,0.504,12.74,-1.16,0.56,1.09,66.76],[-0.028,0.904,0.511,13.41,-2.02,1.60,1.08,66.77],[-0.025,0.903,0.494,16.40,-2.63,0.14,1.06,66.82],[-0.023,0.907,0.493,15.30,-1.47,0.26,1.05,66.86],[-0.046,0.910,0.494,17.13,-2.56,2.21,1.05,66.92],[-0.036,0.911,0.467,13.47,-2.02,2.45,1.05,66.98]]}
16.550	{"type":"ecg","dev":"node-01","seq":1535,"t0":155061,"fs":250,"leads_off":false,"bpm":null,"samples":[164,167,164,163,157,177,161,163,163,157,171,164,166,174,164,176,163,164,160,166,172,159,162,160,163]}
16.559	{"type":"imu","dev":"node-01","seq":1499,"t0":155070,"fs":100,"samples":[[-0.033,0.900,0.467,12.49,0.06,1.17,1.07,67.01],[-0.028,0.900,0.524,12.98,-1.47,0.14,1.06,66.99],[-0.030,0.897,0.490,15.91,-2.99,0.26,1.05,67.04],[-0.028,0.894,0.489,15.85,-4.39,0.69,1.01,67.08],[-0.028,0.904,0.476,11.21,-3.23,-0.11,0.99,67.09],[-0.049,0.910,0.492,10.42,-2.08,2.03,1.01,67.08],[-0.041,0.907,0.498,16.52,-0.19,0.75,1.03,67.13],[-0.036,0.901,0.506,17.92,1.16,-0.11,1.06,67.18],[-0.022,0.896,0.496,15.67,0.30,0.02,1.07,67.21],[-0.015,0.906,0.486,13.78,-0.13,-1.02,1.06,67.23]]}
16.650	{"type":"ecg","dev":"node-01","seq":1536,"t0":155161,"fs":250,"leads_off":false,"bpm":null,"samples":[173,160,166,164,163,171,165,165,162,161,174,162,162,156,163,176,160,162,158,167,176,163,169,135,163]}
16.659	{"type":"imu","dev":"node-01","seq":1500,"t0":155170,"fs":100,"samples":[[-0.018,0.914,0.486,12.07,-1.59,-1.45,1.04,67.25],[-0.038,0.909,0.486,10.18,-2.26,-0.84,1.04,67.24],[-0.038,0.912,0.485,10.24,-3.60,1.66,1.03,67.24],[-0.038,0.907,0.486,8.96,-2.87,2.33,1.02,67.22],[-0.033,0.900,0.496,6.46,-2.75,1.91,1.01,67.16],[-0.029,0.902,0.500,4.57,-1.04,0.56,1.01,67.08],[-0.020,0.895,0.502,2.98,-1.83,-1.02,1.00,66.98],[-0.021,0.903,0.497,2.80,-1.95,-1.57,0.98,66.89],[-0.031,0.898,0.504,3.47,-1.16,-1.57,0.99,66.80],[-0.024,0.898,0.503,2.37,-1.16,-1.08,0.98,66.70]]}
16.750	{"type":"ecg","dev":"node-01","seq":1537,"t0":155261,"fs":250,"leads_off":false,"bpm":null,"samples":[163,165,161,160,160,157,189,167,167,202,190,163,162,166,158,165,145,177,169,167,176,157,164,169,170]}
16.759	{"type":"imu","dev":"node-01","seq":1501,"t0":155270,"fs":100,"samples":[[-0.032,0.910,0.499,3.65,-0.61,-0.90,0.99,66.63],[-0.022,0.904,0.517,4.45,-1.77,-0.65,0.98,66.55],[-0.023,0.901,0.505,3.71,-1.71,0.69,0.97,66.47],[-0.029,0.907,0.496,2.80,-2.81,1.54,0.95,66.39],[-0.034,0.900,0.509,4.26,-0.92,2.15,0.96,66.31],[-0.027,0.898,0.509,9.32,-0.61,0.87,0.97,66.29],[-0.028,0.902,0.508,10.24,0.36,0.38,0.98,66.28],[-0.032,0.895,0.503,10.42,-0.67,-0.17,0.99,66.27],[-0.035,0.900,0.503,14.32,-1.59,-0.78,0.99,66.30],[-0.029,0.898,0.509,14.99,-1.04,-0.53,1.00,66.33]]}
16.850	{"type":"ecg","dev":"node-01","seq":1538,"t0":155361,"fs":250,"leads_off":false,"bpm":null,"samples":[163,164,170,162,168,230,165,166,166,163,171,163,161,142,159,178,164,164,161,178,175,161,164,165,166]}
16.859	{"type":"imu","dev":"node-01","seq":1502,"t0":155370,"fs":100,"samples":[[-0.029,0.907,0.504,17.07,-2.38,-1.57,0.98,66.39],[-0.027,0.902,0.519,9.93,-2.87,0.02,0.97,66.36],[-0.032,0.901,0.509,10.12,-3.54,1.72,0.95,66.34],[-0.035,0.901,0.512,6.09,-1.04,0.63,0.96,66.28],[-0.027,0.898,0.506,7.19,-1.65,1.72,0.95,66.24],[-0.033,0.899,0.509,8.71,-0.73,1.91,0.96,66.21],[-0.029,0.896,0.512,12.31,-2.56,1.11,0.95,66.21],[-0.032,0.900,0.504,15.18,-2.75,-0.29,0.94,66.25],[-0.034,0.898,0.512,13.59,-2.93,-0.35,0.93,66.26],[-0.030,0.900,0.506,10.42,-0.98,-0.53,0.93,66.25]]}
16.950	{"type":"ecg","dev":"node-01","seq":1539,"t0":155461,"fs":250,"leads_off":false,"bpm":null,"samples":[165,166,165,162,165,173,165,162,167,168,176,163,170,162,165,176,158,160,160,170,172,183,168,153,155]}
16.959	{"type":"imu","dev":"node-01","seq":1503,"t0":155470,"fs":100,"samples":[[-0.030,0.899,0.505,10.30,-1.34,-0.11,0.94,66.24],[-0.026,0.901,0.502,10.85,-0.25,0.56,0.94,66.24],[-0.033,0.904,0.509,12.07,0.18,0.99,0.96,66.25],[-0.031,0.896,0.512,12.25,-0.49,0.32,0.97,66.25],[-0.029,0.896,0.507,13.65,-1.89,1.05,0.97,66.26],[-0.031,0.903,0.506,13.96,-0.37,0.14,0.98,66.29],[-0.024,0.899,0.502,14.63,0.12,1.66,0.99,66.33],[-0.030,0.899,0.500,14.02,0.12,2.52,1.00,66.35],[-0.034,0.900,0.510,10.12,-0.37,1.17,1.02,66.34],[-0.035,0.894,0.506,10.24,0.73,2.27,1.04,66.32]]}
17.050	{"type":"ecg","dev":"node-01","seq":1540,"t0":155561,"fs":250,"leads_off":false,"bpm":null,"samples":[163,169,184,165,167,170,168,143,164,159,170,161,192,144,170,183,158,161,167,171,171,161,162,159,160]}
17.059	{"type":"imu","dev":"node-01","seq":1504,"t0":155570,"fs":100,"samples":[[-0.028,0.899,0.504,11.34,-0.49,1.54,1.05,66.32],[-0.032,0.900,0.516,11.52,-0.67,0.44,1.05,66.31],[-0.024,0.896,0.524,15.85,-1.53,0.32,1.05,66.33],[-0.018,0.912,0.490,17.98,-2.26,-0.05,1.02,66.42],[-0.026,0.910,0.500,12.62,-0.92,0.38,1.02,66.44],[-0.047,0.913,0.500,9.02,-0.43,1.78,1.05,66.42],[-0.036,0.897,0.479,10.18,0.85,2.82,1.08,66.43],[-0.032,0.892,0.486,10.24,3.59,1.48,1.13,66.43],[-0.024,0.894,0.527,11.09,1.83,-0.11,1.15,66.40],[-0.016,0.895,0.501,10.18,-1.10,0.08,1.13,66.39]]}
17.150	{"type":"ecg","dev":"node-01","seq":1541,"t0":155661,"fs":250,"leads_off":false,"bpm":null,"samples":[163,160,161,167,166,176,176,162,162,165,170,162,166,165,165,169,167,167,160,154,171,161,161,161,162]}
17.159	{"type":"imu","dev":"node-01","seq":1505,"t0":155670,"fs":100,"samples":[[-0.019,0.905,0.492,7.43,-3.11,0.08,1.10,66.36],[-0.026,0.906,0.484,5.97,-2.69,0.26,1.08,66.33],[-0.046,0.903,0.509,7.25,-0.67,1.48,1.10,66.29],[-0.045,0.896,0.519,7.86,1.77,1.54,1.15,66.24],[-0.041,0.894,0.531,6.52,1.03,0.93,1.18,66.16],[-0.028,0.894,0.523,12.07,2.19,-0.41,1.21,66.15],[-0.025,0.900,0.511,19.39,0.85,-0.29,1.22,66.23],[-0.032,0.904,0.515,22.98,-0.37,0.08,1.23,66.33],[-0.034,0.902,0.505,25.48,-0.86,0.56,1.23,66.47],[-0.040,0.903,0.505,29.51,-1.65,1.11,1.24,66.65]]}
17.250	{"type":"ecg","dev":"node-01","seq":1542,"t0":155761,"fs":250,"leads_off":false,"bpm":null,"samples":[164,165,171,166,171,178,165,161,159,163,171,162,169,163,167,171,165,167,163,166,175,163,165,165,164]}
17.259	{"type":"imu","dev":"node-01","seq":1506,"t0":155770,"fs":100,"samples":[[-0.036,0.899,0.493,30.73,-0.61,0.99,1.25,66.84],[-0.033,0.905,0.491,24.93,0.97,2.33,1.27,66.98],[-0.032,0.902,0.501,7.25,-0.61,-0.29,1.27,66.93],[-0.042,0.900,0.506,1.40,-0.00,-1.51,1.29,66.82],[-0.031,0.915,0.506,-9.40,2.37,-2.06,1.32,66.61],[-0.011,0.910,0.490,-4.70,4.51,-0.23,1.35,66.47],[-0.036,0.899,0.526,-14.88,2.56,0.69,1.39,66.18],[-0.030,0.901,0.503,-10.49,4.94,1.78,1.45,65.97],[-0.028,0.888,0.518,-5.01,3.66,1.24,1.48,65.80],[-0.033,0.891,0.512,1.64,1.03,0.32,1.50,65.70]]}
17.350	{"type":"ecg","dev":"node-01","seq":1543,"t0":155861,"fs":250,"leads_off":false,"bpm":null,"samples":[167,163,161,161,163,165,158,155,166,171,155,163,165,156,159,170,182,163,173,165,169,161,172,161,167]}
17.359	{"type":"imu","dev":"node-01","seq":1507,"t0":155870,"fs":100,"samples":[[-0.028,0.895,0.513,10.67,-0.98,0.32,1.49,65.70],[-0.032,0.892,0.509,32.80,-2.87,0.50,1.47,65.91],[-0.033,0.897,0.521,43.04,-1.77,1.36,1.46,66.21],[-0.035,0.904,0.511,39.87,-1.83,0.63,1.45,66.49],[-0.037,0.906,0.507,23.90,-2.93,-2.12,1.44,66.61],[-0.031,0.903,0.497,11.15,-1.47,-2.00,1.43,66.61],[-0.026,0.906,0.497,8.71,0.18,-0.41,1.43,66.59],[-0.033,0.904,0.504,2.68,0.24,0.69,1.44,66.50],[-0.039,0.896,0.512,-4.52,0.91,1.11,1.46,66.33],[-0.032,0.899,0.516,-4.82,0.97,2.09,1.48,66.16]]}
17.450	{"type":"ecg","dev":"node-01","seq":1544,"t0":155961,"fs":250,"leads_off":false,"bpm":null,"samples":[158,169,160,167,157,170,170,166,163,164,171,161,165,169,160,173,165,165,161,157,174,159,171,159,160]}
17.459	{"type":"imu","dev":"node-01","seq":1508,"t0":155970,"fs":100,"samples":[[-0.038,0.888,0.515,5.85,-0.67,1.36,1.49,66.09],[-0.032,0.898,0.511,20.36,-1.47,1.42,1.48,66.17],[-0.037,0.897,0.510,24.69,-2.50,1.48,1.46,66.30],[-0.035,0.907,0.511,25.85,-3.36,0.26,1.44,66.44],[-0.039,0.901,0.509,23.17,-2.75,-0.59,1.43,66.55],[-0.031,0.910,0.502,21.76,-2.56,-0.41,1.41,66.65],[-0.033,0.906,0.501,16.28,-1.83,0.63,1.40,66.70],[-0.028,0.902,0.510,16.09,-0.06,1.91,1.40,66.73],[-0.036,0.902,0.506,17.25,0.06,1.66,1.41,66.78],[-0.031,0.902,0.508,18.17,-0.98,2.27,1.41,66.84]]}
17.550	{"type":"ecg","dev":"node-01","seq":1545,"t0":156061,"fs":250,"leads_off":false,"bpm":null,"samples":[175,164,162,162,168,171,162,163,166,172,167,165,166,165,173,173,161,164,162,173,171,170,163,170,171]}
17.559	{"type":"imu","dev":"node-01","seq":1509,"t0":156070,"fs":100,"samples":[[-0.036,0.904,0.499,20.85,-2.81,1.30,1.39,66.93],[-0.032,0.908,0.502,24.69,-2.75,-0.35,1.37,67.05],[-0.032,0.904,0.499,24.20,-2.87,-0.29,1.35,67.17],[-0.050,0.908,0.499,9.32,-4.33,-0.59,1.34,67.14],[-0.019,0.912,0.495,7.74,0.55,0.87,1.34,67.11],[-0.032,0.903,0.515,-3.05,0.12,1.48,1.35,66.94],[-0.038,0.897,0.498,-8.11,1.16,0.93,1.38,66.74],[-0.036,0.894,0.514,-4.82,2.80,1.42,1.42,66.56],[-0.036,0.893,0.509,-2.44,2.37,2.27,1.45,66.41],[-0.032,0.899,0.527,4.26,-0.92,-0.35,1.45,66.32]]}
17.650	{"type":"ecg","dev":"node-01","seq":1546,"t0":156161,"fs":250,"leads_off":false,"bpm":null,"samples":[167,170,158,159,167,176,169,165,170,165,154,171,160,182,162,187,155,165,163,170,162,162,162,163,170]}
17.659	{"type":"imu","dev":"node-01","seq":1510,"t0":156170,"fs":100,"samples":[[-0.030,0.906,0.497,7.56,-3.72,-1.14,1.42,66.29],[-0.040,0.909,0.504,8.29,-5.06,-0.11,1.38,66.26],[-0.053,0.902,0.497,4.39,-2.50,1.72,1.39,66.20],[-0.033,0.896,0.501,-0.92,1.16,0.75,1.41,66.09],[-0.027,0.890,0.530,-3.05,2.37,1.36,1.44,65.92],[-0.026,0.887,0.523,-0.68,0.67,-0.53,1.44,65.78],[-0.017,0.891,0.513,2.25,-2.02,2.03,1.41,65.69],[-0.028,0.898,0.497,6.15,-3.54,-0.05,1.38,65.66],[-0.038,0.895,0.508,5.30,-2.87,1.66,1.37,65.61],[-0.052,0.895,0.517,6.95,0.73,1.36,1.40,65.56]]}
17.750	{"type":"ecg","dev":"node-01","seq":1547,"t0":156261,"fs":250,"leads_off":false,"bpm":null,"samples":[167,159,169,160,166,176,163,166,160,157,170,167,161,160,150,174,157,166,161,161,169,157,163,168,167]}
17.759	{"type":"imu","dev":"node-01","seq":1511,"t0":156270,"fs":100,"samples":[[-0.039,0.884,0.531,9.45,1.03,0.26,1.43,65.52],[-0.031,0.885,0.541,10.42,1.40,0.50,1.45,65.49],[-0.026,0.889,0.529,10.36,1.16,0.44,1.46,65.46],[-0.032,0.895,0.522,10.36,-0.19,0.93,1.46,65.45],[-0.032,0.896,0.518,11.09,-0.55,1.36,1.47,65.45],[-0.046,0.899,0.520,14.32,-1.16,3.06,1.48,65.48],[-0.039,0.898,0.512,15.54,-1.71,1.11,1.47,65.53],[-0.041,0.895,0.517,13.90,-0.31,1.48,1.49,65.55],[-0.038,0.890,0.518,7.92,-0.43,-0.17,1.49,65.52],[-0.036,0.891,0.525,6.03,1.89,0.75,1.52,65.45]]}
17.850	{"type":"ecg","dev":"node-01","seq":1548,"t0":156361,"fs":250,"leads_off":false,"bpm":null,"samples":[167,160,160,165,163,176,162,165,166,161,174,168,165,168,161,174,162,163,167,166,167,165,171,161,170]}
17.859	{"type":"imu","dev":"node-01","seq":1512,"t0":156370,"fs":100,"samples":[[-0.037,0.892,0.518,4.14,1.40,0.26,1.55,65.38],[-0.028,0.895,0.522,3.78,2.80,2.52,1.57,65.31],[-0.031,0.895,0.532,3.96,2.01,1.05,1.60,65.22],[-0.033,0.900,0.519,8.53,0.97,1.24,1.61,65.20],[-0.035,0.893,0.534,10.60,1.34,0.93,1.63,65.19],[-0.024,0.891,0.521,21.95,-0.92,1.24,1.61,65.29],[-0.036,0.895,0.532,31.89,-2.87,1.97,1.59,65.48],[-0.035,0.896,0.524,38.10,-2.14,2.03,1.58,65.74],[-0.034,0.902,0.517,39.51,-1.89,1.24,1.57,66.02],[-0.031,0.903,0.510,38.65,-2.32,0.75,1.55,66.29]]}
17.902	{"type":"status","dev":"node-01","fw":"0.1.0","uptime_ms":156509,"ecg":{"fs":250},"imu":{"ok":true,"fs":100,"errors":365,"fields":["ax","ay","az","gx","gy","gz","pitch","roll"]}}
17.950	{"type":"ecg","dev":"node-01","seq":1549,"t0":156461,"fs":250,"leads_off":false,"bpm":null,"samples":[170,166,163,159,169,171,174,163,169,157,176,163,164,158,182,175,170,169,181,163,174,185,167,171,179]}
17.959	{"type":"imu","dev":"node-01","seq":1513,"t0":156470,"fs":100,"samples":[[-0.035,0.894,0.500,38.90,-2.02,1.48,1.53,66.56],[-0.032,0.900,0.500,34.26,-1.71,-0.90,1.52,66.78],[-0.031,0.906,0.503,25.06,-0.19,1.11,1.52,66.91],[-0.033,0.897,0.493,23.65,-0.80,1.91,1.52,67.03],[-0.034,0.900,0.495,21.46,-0.06,0.75,1.53,67.12],[-0.037,0.904,0.500,18.96,0.06,1.17,1.54,67.19],[-0.033,0.907,0.497,20.42,-1.22,0.81,1.54,67.27],[-0.030,0.906,0.495,23.04,-1.95,0.69,1.52,67.38],[-0.034,0.910,0.490,25.54,-2.14,0.75,1.51,67.51],[-0.034,0.908,0.491,26.28,-2.69,-0.23,1.49,67.65]]}
18.050	{"type":"ecg","dev":"node-01","seq":1550,"t0":156561,"fs":250,"leads_off":false,"bpm":null,"samples":[160,163,168,162,176,170,153,162,156,166,174,160,163,166,169,174,162,163,161,169,171,161,163,166,161]}
18.059	{"type":"imu","dev":"node-01","seq":1514,"t0":156570,"fs":100,"samples":[[-0.029,0.912,0.481,25.85,-1.34,0.20,1.48,67.80],[-0.028,0.918,0.479,20.97,-2.38,-0.05,1.45,67.89],[-0.024,0.914,0.476,18.96,-1.71,0.99,1.44,67.97],[-0.026,0.914,0.475,16.76,-2.32,0.38,1.41,68.03],[-0.029,0.911,0.477,9.93,-1.65,0.93,1.40,68.01],[-0.032,0.911,0.479,5.60,-1.65,0.08,1.39,67.95],[-0.029,0.908,0.481,4.93,-0.37,-0.23,1.39,67.88],[-0.031,0.909,0.487,10.36,-0.86,0.63,1.39,67.86],[-0.032,0.912,0.485,10.42,-1.10,0.93,1.39,67.85],[-0.038,0.910,0.481,10.06,-1.77,0.69,1.38,67.83]]}
18.150	{"type":"ecg","dev":"node-01","seq":1551,"t0":156661,"fs":250,"leads_off":false,"bpm":null,"samples":[169,165,171,162,161,174,165,165,163,166,169,166,169,160,166,174,165,167,166,170,174,172,164,160,166]}
18.159	{"type":"imu","dev":"node-01","seq":1515,"t0":156670,"fs":100,"samples":[[-0.031,0.912,0.479,10.18,-2.50,-1.33,1.37,67.82],[-0.029,0.914,0.483,5.06,-0.67,-0.05,1.37,67.76],[-0.027,0.911,0.485,3.41,-1.95,0.08,1.35,67.68],[-0.033,0.909,0.485,-2.14,1.16,0.56,1.37,67.54],[-0.033,0.906,0.487,-7.32,-0.19,0.02,1.38,67.35],[-0.034,0.905,0.493,-6.53,0.42,1.05,1.39,67.17],[-0.024,0.899,0.512,-2.08,-1.47,1.05,1.38,67.01],[-0.025,0.906,0.494,1.28,-1.95,-0.78,1.36,66.91],[-0.031,0.907,0.493,-1.47,-2.75,0.81,1.34,66.79],[-0.047,0.902,0.494,-3.91,-2.08,1.91,1.34,66.64]]}
18.250	{"type":"ecg","dev":"node-01","seq":1552,"t0":156761,"fs":250,"leads_off":false,"bpm":null,"samples":[159,161,166,147,158,170,169,167,161,163,169,221,135,160,172,161,166,166,188,162,176,165,167,164,163]}
18.259	{"type":"imu","dev":"node-01","seq":1516,"t0":156770,"fs":100,"samples":[[-0.037,0.896,0.484,-7.20,2.01,1.17,1.38,66.47],[-0.026,0.891,0.535,-8.18,2.19,0.44,1.40,66.24],[-0.027,0.893,0.526,-6.77,1.77,1.30,1.42,66.04],[-0.016,0.894,0.503,-5.98,0.06,-0.65,1.41,65.87],[-0.020,0.900,0.499,-0.98,-1.89,0.20,1.38,65.77],[-0.029,0.904,0.503,0.18,-3.72,-0.35,1.35,65.67],[-0.051,0.899,0.519,5.42,-0.92,0.44,1.37,65.61],[-0.038,0.890,0.531,6.21,0.36,-0.53,1.39,65.54],[-0.035,0.891,0.528,6.15,0.91,-0.11,1.41,65.48],[-0.022,0.894,0.531,8.29,0.97,-1.33,1.42,65.44]]}
18.350	{"type":"ecg","dev":"node-01","seq":1553,"t0":156861,"fs":250,"leads_off":false,"bpm":null,"samples":[160,159,163,165,215,162,157,162,163,176,172,164,159,158,158,176,156,162,158,160,163,155,157,158,153]}
18.359	{"type":"imu","dev":"node-01","seq":1517,"t0":156870,"fs":100,"samples":[[-0.028,0.902,0.522,9.87,-0.55,-0.41,1.41,65.42],[-0.034,0.898,0.523,6.58,-1.04,0.26,1.41,65.38],[-0.042,0.897,0.524,7.68,-1.83,0.26,1.41,65.34],[-0.043,0.892,0.525,12.01,-2.20,0.99,1.41,65.34],[-0.039,0.895,0.526,14.81,-2.56,1.60,1.40,65.37],[-0.037,0.894,0.524,12.13,-1.83,0.99,1.39,65.37],[-0.033,0.890,0.526,10.06,-0.98,-0.41,1.39,65.35],[-0.026,0.897,0.529,10.36,-0.19,0.02,1.39,65.33],[-0.027,0.896,0.519,14.14,-1.47,1.36,1.38,65.36],[-0.035,0.897,0.530,13.84,-1.95,0.75,1.37,65.38]]}
18.450	{"type":"ecg","dev":"node-01","seq":1554,"t0":156961,"fs":250,"leads_off":false,"bpm":null,"samples":[159,155,161,158,159,166,156,157,151,154,162,156,159,151,150,163,151,157,148,155,163,146,150,153,149]}
18.459	{"type":"imu","dev":"node-01","seq":1518,"t0":156970,"fs":100,"samples":[[-0.038,0.896,0.520,10.67,-0.86,1.72,1.38,65.38],[-0.033,0.897,0.532,9.75,-1.34,1.91,1.37,65.35],[-0.037,0.886,0.524,10.30,-0.49,0.99,1.38,65.33],[-0.042,0.892,0.528,8.23,-1.41,0.81,1.39,65.29],[-0.036,0.893,0.522,9.39,-1.10,0.69,1.39,65.27],[-0.036,0.894,0.525,11.40,-0.37,0.93,1.40,65.27],[-0.033,0.892,0.524,18.10,-0.06,0.93,1.40,65.34],[-0.036,0.893,0.520,17.01,-0.19,1.91,1.41,65.39],[-0.035,0.891,0.520,14.26,-0.49,-0.17,1.42,65.42],[-0.029,0.889,0.517,20.12,-0.67,0.20,1.42,65.50]]}
18.550	{"type":"ecg","dev":"node-01","seq":1555,"t0":157061,"fs":250,"leads_off":false,"bpm":null,"samples":[146,139,138,135,137,143,130,129,126,128,128,118,122,117,113,119,112,112,106,107,112,94,99,87,87]}
18.559	{"type":"imu","dev":"node-01","seq":1519,"t0":157070,"fs":100,"samples":[[-0.031,0.898,0.520,21.03,-0.43,0.81,1.42,65.60],[-0.039,0.895,0.518,19.26,-0.80,0.63,1.42,65.67],[-0.038,0.897,0.520,16.70,-1.28,1.24,1.43,65.72],[-0.037,0.897,0.515,16.82,-1.28,1.54,1.43,65.77],[-0.035,0.900,0.513,20.85,-0.25,1.60,1.43,65.87],[-0.039,0.897,0.510,19.87,-2.75,2.94,1.42,65.95],[-0.037,0.899,0.511,22.86,-2.08,1.78,1.41,66.07],[-0.034,0.901,0.510,24.63,-3.17,1.66,1.39,66.20],[-0.035,0.902,0.509,24.57,-2.20,1.17,1.38,66.33],[-0.033,0.905,0.500,23.29,-1.04,0.87,1.38,66.45]]}
18.650	{"type":"ecg","dev":"node-01","seq":1556,"t0":157161,"fs":250,"leads_off":false,"bpm":null,"samples":[87,80,94,77,82,82,70,66,65,64,66,57,58,49,49,61,39,46,41,36,35,22,26,26,20]}
18.659	{"type":"imu","dev":"node-01","seq":1520,"t0":157170,"fs":100,"samples":[[-0.034,0.904,0.505,21.64,-2.38,1.05,1.37,66.55],[-0.037,0.907,0.501,15.97,-3.30,-0.17,1.35,66.59],[-0.037,0.906,0.499,10.06,-2.08,0.87,1.34,66.58],[-0.034,0.902,0.499,8.90,-2.14,0.20,1.33,66.56],[-0.033,0.901,0.505,4.81,-0.19,1.48,1.34,66.49],[-0.037,0.902,0.510,0.12,-1.22,1.30,1.34,66.37],[-0.036,0.903,0.503,-1.35,-1.34,0.87,1.34,66.25],[-0.036,0.898,0.508,2.37,-0.43,0.56,1.35,66.16],[-0.034,0.896,0.509,4.99,-2.14,0.56,1.34,66.09],[-0.037,0.896,0.510,6.21,-1.77,0.44,1.34,66.04]]}
18.750	{"type":"ecg","dev":"node-01","seq":1557,"t0":157261,"fs":250,"leads_off":false,"bpm":null,"samples":[48,17,17,16,16,23,6,14,10,12,15,11,8,12,6,15,5,10,6,11,18,10,15,11,13]}
18.759	{"type":"imu","dev":"node-01","seq":1521,"t0":157270,"fs":100,"samples":[[-0.038,0.904,0.513,7.07,-0.31,0.26,1.35,66.00],[-0.032,0.898,0.515,7.74,-0.55,0.26,1.35,65.95],[-0.032,0.893,0.521,8.78,-1.34,0.87,1.35,65.92],[-0.026,0.894,0.527,10.48,-2.81,-0.41,1.32,65.89],[-0.023,0.902,0.504,14.45,-3.91,0.63,1.28,65.93],[-0.047,0.901,0.502,19.08,-3.42,2.09,1.28,66.02],[-0.054,0.901,0.492,18.90,-3.30,2.09,1.28,66.11],[-0.035,0.892,0.498,15.06,-0.80,2.33,1.28,66.15],[-0.027,0.889,0.534,19.08,-1.10,0.44,1.28,66.19],[-0.029,0.891,0.515,21.40,-1.83,-0.23,1.27,66.28]]}
18.850	{"type":"ecg","dev":"node-01","seq":1558,"t0":157361,"fs":250,"leads_off":false,"bpm":null,"samples":[16,16,16,9,16,26,16,26,21,16,27,16,21,18,22,31,17,27,29,22,33,27,30,23,29]}
18.859	{"type":"imu","dev":"node-01","seq":1522,"t0":157370,"fs":100,"samples":[[-0.020,0.899,0.495,20.36,-4.03,-0.41,1.22,66.38],[-0.029,0.896,0.488,12.43,-2.69,0.93,1.21,66.40],[-0.042,0.906,0.491,9.81,-2.56,1.48,1.20,66.40],[-0.047,0.904,0.510,10.67,0.97,1.91,1.24,66.39],[-0.034,0.896,0.524,15.42,1.89,0.44,1.27,66.40],[-0.026,0.888,0.523,17.49,1.40,0.26,1.29,66.44],[-0.025,0.900,0.511,19.32,-1.04,-1.33,1.28,66.51],[-0.026,0.905,0.506,17.49,-0.98,-0.41,1.27,66.56],[-0.033,0.908,0.501,17.43,-0.61,-0.35,1.28,66.63],[-0.036,0.906,0.499,14.39,-3.23,0.50,1.26,66.66]]}
18.950	{"type":"ecg","dev":"node-01","seq":1559,"t0":157461,"fs":250,"leads_off":false,"bpm":null,"samples":[35,23,32,33,34,44,28,35,32,30,46,23,31,21,17,31,16,16,17,7,16,0,0,0,0]}
18.959	{"type":"imu","dev":"node-01","seq":1523,"t0":157470,"fs":100,"samples":[[-0.039,0.908,0.492,13.71,-1.04,1.54,1.27,66.69],[-0.034,0.907,0.499,10.60,-0.43,1.97,1.28,66.68],[-0.034,0.901,0.502,6.52,0.61,2.88,1.30,66.63],[-0.029,0.891,0.509,1.15,1.03,2.21,1.31,66.51],[-0.029,0.898,0.510,3.23,0.36,0.20,1.32,66.42],[-0.028,0.899,0.510,5.73,-0.31,-0.41,1.32,66.36],[-0.029,0.900,0.507,10.06,-0.19,1.05,1.33,66.34],[-0.030,0.899,0.508,10.36,0.36,0.32,1.34,66.33],[-0.030,0.909,0.520,9.63,0.24,-0.17,1.35,66.30],[-0.038,0.897,0.495,11.46,-2.38,-0.05,1.34,66.31]]}
19.049	{"type":"ecg","dev":"node-01","seq":1560,"t0":157561,"fs":250,"leads_off":false,"bpm":null,"samples":[0,0,0,0,0,0,0,0,0,0,0,0,0,0,0,0,0,0,0,0,0,0,0,0,0]}
19.059	{"type":"imu","dev":"node-01","seq":1524,"t0":157570,"fs":100,"samples":[[-0.025,0.899,0.513,8.04,-0.19,1.78,1.34,66.27],[-0.035,0.895,0.518,0.97,-0.67,2.27,1.34,66.15],[-0.026,0.897,0.518,2.62,0.91,1.60,1.35,66.05],[-0.028,0.887,0.503,10.42,0.55,0.93,1.36,66.04],[-0.026,0.897,0.495,16.82,-0.92,0.87,1.36,66.11],[-0.027,0.896,0.512,22.80,-2.69,0.44,1.33,66.22],[-0.031,0.901,0.514,23.29,-2.81,1.05,1.31,66.33],[-0.028,0.902,0.506,23.04,-2.93,0.50,1.29,66.44],[-0.029,0.908,0.501,22.37,-1.22,1.42,1.28,66.55],[-0.035,0.904,0.514,14.39,-2.02,2.27,1.28,66.57]]}
19.149	{"type":"ecg","dev":"node-01","seq":1561,"t0":157661,"fs":250,"leads_off":false,"bpm":null,"samples":[0,0,0,0,0,0,0,0,0,0,0,0,0,0,0,0,0,0,0,0,0,0,0,0,0]}
19.159	{"type":"imu","dev":"node-01","seq":1525,"t0":157670,"fs":100,"samples":[[-0.036,0.898,0.504,13.23,-2.26,1.48,1.27,66.58],[-0.030,0.905,0.497,21.34,-1.16,1.91,1.26,66.68],[-0.039,0.899,0.510,16.34,-2.50,2.15,1.26,66.72],[-0.034,0.897,0.486,26.34,-3.72,0.81,1.23,66.88],[-0.030,0.918,0.482,28.65,-4.15,0.38,1.20,67.06],[-0.030,0.894,0.503,11.95,-0.92,-1.02,1.20,67.05],[-0.032,0.901,0.490,9.02,1.22,1.66,1.23,67.03],[-0.033,0.901,0.493,8.71,0.79,1.36,1.25,67.00],[-0.031,0.905,0.499,13.84,-0.43,0.69,1.25,67.02],[-0.032,0.904,0.499,19.69,-1.53,0.69,1.25,67.09]]}
19.249	{"type":"ecg","dev":"node-01","seq":1562,"t0":157761,"fs":250,"leads_off":false,"bpm":null,"samples":[0,0,0,0,0,0,0,0,0,0,0,0,0,0,0,0,0,0,0,0,0,0,0,0,0]}
19.259	{"type":"imu","dev":"node-01","seq":1526,"t0":157770,"fs":100,"samples":[[-0.031,0.905,0.490,24.08,-1.53,1.72,1.24,67.22],[-0.032,0.905,0.493,24.08,-1.65,0.75,1.24,67.34],[-0.030,0.906,0.485,23.41,-0.98,1.72,1.23,67.46],[-0.035,0.905,0.480,23.35,-0.73,2.15,1.24,67.58],[-0.030,0.911,0.488,22.74,-0.67,0.81,1.24,67.69],[-0.030,0.906,0.480,23.23,-1.65,0.81,1.24,67.80],[-0.030,0.910,0.483,23.23,-0.55,1.78,1.24,67.91],[-0.028,0.911,0.485,26.09,-2.14,1.36,1.22,68.05],[-0.026,0.903,0.487,30.54,-2.87,1.66,1.20,68.22],[-0.022,0.906,0.489,35.67,-5.19,-0.11,1.15,68.44]]}
19.349	{"type":"ecg","dev":"node-01","seq":1563,"t0":157861,"fs":250,"leads_off":false,"bpm":null,"samples":[0,0,0,0,0,0,0,0,0,0,0,0,0,0,0,0,0,0,0,0,89,0,0,0,0]}
19.359	{"type":"imu","dev":"node-01","seq":1527,"t0":157870,"fs":100,"samples":[[-0.023,0.921,0.463,38.78,-4.27,0.02,1.11,68.72],[-0.047,0.924,0.461,38.71,-4.33,1.42,1.10,68.99],[-0.033,0.917,0.428,32.49,-3.23,1.05,1.08,69.23],[-0.024,0.915,0.445,28.59,-2.99,0.69,1.06,69.41],[-0.028,0.925,0.464,29.45,-2.02,-0.41,1.05,69.57],[-0.027,0.912,0.441,22.43,-4.70,1.24,1.01,69.69],[-0.020,0.911,0.446,19.81,-3.84,0.50,0.98,69.77],[-0.030,0.919,0.438,17.01,-1.89,0.81,0.97,69.83],[-0.046,0.934,0.449,19.02,-0.31,2.33,1.00,69.90],[-0.040,0.937,0.460,18.96,0.48,1.54,1.03,69.97]]}
19.449	{"type":"ecg","dev":"node-01","seq":1564,"t0":157961,"fs":250,"leads_off":false,"bpm":null,"samples":[0,0,0,0,0,96,0,0,0,0,0,0,0,0,0,0,0,0,0,0,0,0,0,0,0]}
19.459	{"type":"imu","dev":"node-01","seq":1528,"t0":157970,"fs":100,"samples":[[-0.034,0.923,0.467,21.52,0.30,-0.53,1.05,70.04],[-0.017,0.923,0.446,21.21,-1.34,-1.45,1.04,70.13],[-0.017,0.923,0.447,19.39,-0.98,-0.90,1.02,70.21],[-0.026,0.931,0.442,11.21,-1.77,-0.35,1.02,70.20],[-0.029,0.933,0.442,6.82,-2.02,0.81,1.01,70.16],[-0.035,0.934,0.446,5.42,-0.86,1.42,1.02,70.10],[-0.048,0.917,0.473,-7.32,-2.32,1.72,1.03,69.88],[-0.037,0.917,0.452,3.23,-0.19,5.20,1.05,69.79],[-0.038,0.910,0.466,1.89,-0.61,1.05,1.06,69.67],[-0.022,0.912,0.462,6.21,-0.61,2.52,1.06,69.60]]}
19.549	{"type":"ecg","dev":"node-01","seq":1565,"t0":158061,"fs":250,"leads_off":false,"bpm":null,"samples":[0,0,0,0,0,0,0,0,0,0,0,0,0,0,0,0,0,0,0,0,0,0,0,0,0]}
19.559	{"type":"imu","dev":"node-01","seq":1529,"t0":158070,"fs":100,"samples":[[-0.030,0.911,0.468,8.23,0.48,1.78,1.08,69.54],[-0.025,0.919,0.456,15.06,-1.16,-0.35,1.07,69.57],[-0.036,0.927,0.482,12.49,-0.98,0.14,1.08,69.55],[-0.040,0.903,0.449,22.98,-2.50,-0.53,1.08,69.66],[-0.050,0.926,0.489,-0.86,-8.05,-4.25,1.03,69.50],[-0.013,0.913,0.424,22.01,-7.69,-4.37,0.95,69.63],[-0.038,0.926,0.460,13.65,0.30,2.58,0.98,69.64],[-0.027,0.936,0.439,1.95,-1.95,-0.41,0.97,69.56],[-0.025,0.910,0.470,-7.02,-0.19,1.17,0.98,69.36],[-0.028,0.912,0.443,-7.32,2.50,3.74,1.01,69.18]]}
19.649	{"type":"ecg","dev":"node-01","seq":1566,"t0":158161,"fs":250,"leads_off":false,"bpm":null,"samples":[0,0,0,0,0,0,0,0,0,0,0,0,0,0,0,0,0,0,0,0,0,0,0,0,0]}
19.659	{"type":"imu","dev":"node-01","seq":1530,"t0":158170,"fs":100,"samples":[[-0.030,0.911,0.468,-12.51,0.79,0.38,1.03,68.93],[-0.024,0.917,0.471,-7.69,-0.37,-0.05,1.03,68.73],[-0.035,0.914,0.471,6.34,-0.25,0.20,1.05,68.68],[-0.025,0.915,0.467,12.49,-1.22,0.81,1.05,68.68],[-0.031,0.926,0.462,15.60,-2.02,0.56,1.04,68.73],[-0.032,0.927,0.454,15.54,-1.89,2.45,1.04,68.79],[-0.031,0.918,0.468,6.03,-3.78,0.02,1.01,68.73],[-0.024,0.921,0.472,5.91,-0.98,1.91,1.01,68.67],[-0.029,0.914,0.476,7.07,-1.47,2.33,1.01,68.62],[-0.023,0.926,0.469,11.46,-2.26,2.15,0.99,68.62]]}
19.749	{"type":"ecg","dev":"node-01","seq":1567,"t0":158261,"fs":250,"leads_off":false,"bpm":null,"samples":[0,0,0,0,0,0,0,0,0,0,0,0,0,0,0,0,0,0,0,0,0,0,0,0,0]}
19.759	{"type":"imu","dev":"node-01","seq":1531,"t0":158270,"fs":100,"samples":[[-0.027,0.910,0.481,10.79,-3.30,1.17,0.97,68.60],[-0.027,0.915,0.459,19.69,-3.97,1.36,0.94,68.68],[-0.022,0.921,0.468,29.08,-3.84,1.30,0.91,68.86],[-0.020,0.919,0.462,34.87,-2.14,0.44,0.89,69.09],[-0.027,0.923,0.458,32.98,-2.75,0.44,0.88,69.30],[-0.026,0.923,0.454,29.14,-2.87,1.11,0.86,69.48],[-0.036,0.907,0.447,31.46,-3.17,-0.78,0.85,69.67],[-0.026,0.942,0.440,30.48,-0.67,1.48,0.86,69.87],[-0.028,0.916,0.463,14.20,-2.63,1.54,0.84,69.88],[-0.031,0.933,0.427,25.85,-1.34,0.56,0.85,70.04]]}
19.849	{"type":"ecg","dev":"node-01","seq":1568,"t0":158361,"fs":250,"leads_off":false,"bpm":null,"samples":[0,0,0,0,0,0,0,0,0,0,0,0,0,0,0,0,0,0,0,0,0,0,0,0,0]}
19.859	{"type":"imu","dev":"node-01","seq":1532,"t0":158370,"fs":100,"samples":[[-0.030,0.929,0.426,19.69,-1.65,-0.17,0.85,70.14],[-0.020,0.923,0.443,-13.05,-0.80,1.97,0.85,69.90],[-0.015,0.919,0.444,0.79,0.67,2.15,0.85,69.79],[-0.023,0.926,0.471,6.09,0.48,2.88,0.87,69.72],[-0.013,0.927,0.450,13.10,-1.22,0.56,0.85,69.74],[-0.036,0.934,0.460,18.59,-0.25,1.66,0.87,69.80],[-0.038,0.922,0.438,8.78,-1.10,1.11,0.89,69.78],[-0.034,0.922,0.434,4.75,-0.55,0.38,0.90,69.73],[-0.019,0.924,0.484,-6.41,1.58,1.60,0.92,69.52],[-0.016,0.917,0.465,-19.46,-0.19,1.85,0.92,69.20]]}
19.949	{"type":"ecg","dev":"node-01","seq":1569,"t0":158461,"fs":250,"leads_off":false,"bpm":null,"samples":[0,0,0,0,0,0,0,0,0,0,0,0,0,0,0,0,0,0,0,0,0,0,0,0,0]}
19.959	{"type":"imu","dev":"node-01","seq":1533,"t0":158470,"fs":100,"samples":[[-0.025,0.906,0.533,-19.58,-6.95,-4.01,0.86,68.81],[-0.010,0.933,0.474,-4.15,-2.75,2.88,0.82,68.66],[-0.018,0.936,0.445,8.78,0.42,2.82,0.83,68.66],[-0.025,0.945,0.479,-4.88,1.58,3.92,0.86,68.51],[-0.049,0.896,0.511,-15.49,-0.92,2.27,0.89,68.19],[-0.043,0.897,0.524,15.48,-5.80,-5.17,0.86,68.17],[-0.001,0.933,0.469,34.81,-0.00,-1.63,0.84,68.42],[-0.028,0.926,0.489,9.39,2.07,1.91,0.88,68.38],[-0.044,0.932,0.479,-10.31,2.56,4.16,0.93,68.17],[-0.051,0.916,0.482,-13.91,-0.00,4.10,0.97,67.92]]}
20.049	{"type":"ecg","dev":"node-01","seq":1570,"t0":158561,"fs":250,"leads_off":false,"bpm":null,"samples":[0,0,0,0,0,0,0,0,0,0,0,0,0,0,0,0,0,0,0,0,0,0,0,0,0]}
20.059	{"type":"imu","dev":"node-01","seq":1534,"t0":158570,"fs":100,"samples":[[-0.049,0.912,0.476,1.95,1.09,2.21,1.02,67.82],[-0.027,0.904,0.455,10.67,-0.13,-0.78,1.02,67.84],[-0.027,0.895,0.461,12.56,0.48,-0.53,1.04,67.86],[-0.021,0.888,0.463,12.43,1.09,0.93,1.05,67.87],[-0.018,0.896,0.507,10.18,-0.19,-0.47,1.05,67.83],[-0.008,0.903,0.512,6.28,0.24,-1.14,1.04,67.74],[-0.010,0.899,0.511,8.53,-1.41,0.38,1.02,67.68],[-0.017,0.910,0.479,15.42,-1.04,0.14,1.00,67.72],[-0.024,0.914,0.487,19.57,-1.83,-0.41,0.99,67.79],[-0.021,0.912,0.465,20.73,-2.26,0.44,0.98,67.90]]}
20.149	{"type":"ecg","dev":"node-01","seq":1571,"t0":158661,"fs":250,"leads_off":false,"bpm":null,"samples":[0,0,0,0,0,0,0,0,0,0,0,0,0,0,0,0,0,0,0,0,0,0,0,0,0]}
20.159	{"type":"imu","dev":"node-01","seq":1535,"t0":158670,"fs":100,"samples":[[-0.028,0.920,0.461,10.12,-1.28,2.27,0.97,67.91],[-0.021,0.914,0.445,10.12,-0.37,1.72,0.98,67.93],[-0.025,0.921,0.472,0.60,-2.44,0.38,0.96,67.84],[-0.019,0.902,0.491,-16.59,-1.16,1.78,0.95,67.55],[-0.019,0.907,0.509,-15.92,1.03,0.20,0.96,67.25],[-0.020,0.898,0.515,-14.15,1.77,1.17,0.98,66.97],[-0.022,0.905,0.509,-3.54,0.85,0.14,1.00,66.81],[-0.032,0.899,0.505,-1.41,-1.04,0.69,1.00,66.67],[-0.018,0.904,0.490,-3.72,-0.06,0.38,1.00,66.54],[-0.029,0.908,0.496,-14.76,-1.34,1.42,1.00,66.29]]}
20.249	{"type":"ecg","dev":"node-01","seq":1572,"t0":158761,"fs":250,"leads_off":false,"bpm":null,"samples":[0,0,0,0,0,0,0,0,0,0,0,0,0,0,0,0,0,0,0,0,0,0,0,0,0]}
20.349	{"type":"ecg","dev":"node-01","seq":1573,"t0":158860,"fs":250,"leads_off":false,"bpm":null,"samples":[0,0,0,0,0,0,0,0,0,0,0,0,0,0,0,0,0,0,0,0,0,0,0,0,0]}
20.449	{"type":"ecg","dev":"node-01","seq":1574,"t0":158960,"fs":250,"leads_off":false,"bpm":null,"samples":[0,0,0,0,0,0,0,0,0,0,0,0,0,0,0,0,0,0,0,0,0,0,0,0,0]}
20.539	{"type":"imu","dev":"node-01","seq":1536,"t0":158770,"fs":100,"samples":[[-0.026,0.906,0.497,-25.43,0.18,-0.05,1.01,65.94],[-0.011,0.845,0.609,9.02,2.62,1.78,1.75,68.27],[-0.005,0.859,0.617,9.81,3.90,0.38,1.76,68.08],[0.006,0.843,0.589,17.01,1.77,0.50,1.73,67.99],[-0.022,0.844,0.617,26.70,-0.13,2.52,1.72,67.97],[-0.022,0.849,0.593,34.02,0.79,3.49,1.72,68.04],[-0.032,0.849,0.606,38.96,-1.65,2.39,1.70,68.15],[-0.026,0.859,0.579,46.28,-0.61,3.92,1.69,68.37],[-0.031,0.854,0.591,44.63,-1.22,2.64,1.68,68.54],[-0.021,0.860,0.583,40.30,-0.80,1.97,1.66,68.68]]}
20.549	{"type":"ecg","dev":"node-01","seq":1575,"t0":159060,"fs":250,"leads_off":false,"bpm":null,"samples":[0,0,0,0,0,0,0,0,0,0,0,0,0,0,0,0,0,0,0,0,0,0,0,0,0]}
20.639	{"type":"imu","dev":"node-01","seq":1537,"t0":159150,"fs":100,"samples":[[-0.010,0.868,0.581,35.54,0.48,0.56,1.64,68.78],[-0.007,0.869,0.579,27.25,0.85,1.17,1.63,68.80],[-0.006,0.867,0.573,23.96,0.61,1.60,1.60,68.79],[-0.016,0.870,0.566,14.57,2.07,2.21,1.61,68.70],[-0.012,0.863,0.587,4.75,3.17,4.47,1.62,68.48],[-0.016,0.863,0.573,-0.49,2.86,3.86,1.64,68.24],[-0.013,0.868,0.582,-7.32,6.28,4.83,1.68,67.93],[-0.016,0.865,0.582,-3.24,5.36,3.80,1.72,67.66],[-0.014,0.856,0.580,0.73,6.28,4.41,1.76,67.43],[0.002,0.888,0.585,7.19,5.79,4.16,1.78,67.28]]}
20.649	{"type":"ecg","dev":"node-01","seq":1576,"t0":159160,"fs":250,"leads_off":false,"bpm":null,"samples":[0,0,0,0,0,0,0,0,0,0,0,0,0,0,0,0,0,0,0,0,0,0,0,0,0]}
20.739	{"type":"imu","dev":"node-01","seq":1538,"t0":159250,"fs":100,"samples":[[0.026,0.851,0.522,18.84,5.18,3.55,1.76,67.29],[-0.029,0.868,0.599,23.17,5.18,4.16,1.81,67.28],[-0.005,0.855,0.562,19.69,6.22,3.67,1.84,67.26],[-0.007,0.862,0.585,18.41,4.87,4.89,1.86,67.21],[-0.018,0.861,0.581,16.28,6.52,5.75,1.90,67.15],[-0.036,0.849,0.606,3.53,7.13,5.02,1.98,66.93],[-0.016,0.873,0.571,21.21,5.42,7.03,2.01,66.93],[-0.032,0.854,0.597,17.01,7.56,6.24,2.08,66.86],[-0.021,0.857,0.575,24.81,3.23,5.32,2.09,66.89],[-0.016,0.864,0.574,36.58,4.63,5.87,2.11,67.04]]}
20.749	{"type":"ecg","dev":"node-01","seq":1577,"t0":159260,"fs":250,"leads_off":false,"bpm":null,"samples":[0,0,0,0,0,0,0,0,0,0,0,0,0,0,0,0,0,0,0,0,0,0,0,0,0]}
20.839	{"type":"imu","dev":"node-01","seq":1539,"t0":159350,"fs":100,"samples":[[-0.016,0.870,0.575,25.36,6.64,5.93,2.15,67.08],[-0.013,0.874,0.570,19.63,5.79,5.63,2.18,67.07],[-0.011,0.872,0.575,7.68,8.17,5.87,2.23,66.93],[-0.005,0.875,0.562,4.69,10.91,5.81,2.30,66.79],[-0.018,0.867,0.582,2.68,10.79,7.58,2.37,66.60],[-0.003,0.880,0.579,-3.91,12.25,7.88,2.45,66.36],[0.003,0.866,0.561,-2.75,13.96,8.92,2.54,66.15],[-0.025,0.861,0.582,1.52,11.28,7.94,2.62,65.96],[-0.019,0.844,0.588,-2.57,13.35,7.15,2.72,65.72],[-0.005,0.877,0.555,25.42,10.48,8.19,2.78,65.81]]}
20.849	{"type":"ecg","dev":"node-01","seq":1578,"t0":159360,"fs":250,"leads_off":false,"bpm":null,"samples":[0,0,0,0,0,0,0,0,0,0,0,0,0,0,0,0,0,0,0,0,0,0,0,0,0]}
20.939	{"type":"imu","dev":"node-01","seq":1540,"t0":159450,"fs":100,"samples":[[-0.010,0.854,0.604,25.30,9.08,7.09,2.82,65.83],[-0.014,0.875,0.595,23.53,9.94,6.85,2.88,65.86],[-0.022,0.867,0.552,37.74,7.25,7.27,2.91,66.07],[-0.014,0.864,0.581,38.65,6.28,6.36,2.93,66.25],[-0.009,0.859,0.572,32.86,6.58,6.85,2.95,66.37],[-0.020,0.873,0.555,37.80,9.20,9.22,3.00,66.56],[-0.022,0.880,0.538,32.43,11.64,10.02,3.08,66.72],[-0.028,0.878,0.544,29.75,12.37,9.83,3.17,66.84],[-0.016,0.874,0.568,35.79,13.72,8.25,3.26,67.00],[-0.007,0.872,0.547,34.20,13.17,6.05,3.33,67.15]]}
20.949	{"type":"ecg","dev":"node-01","seq":1579,"t0":159460,"fs":250,"leads_off":false,"bpm":null,"samples":[0,0,0,0,0,0,0,0,0,0,0,0,0,0,0,0,0,0,0,0,0,0,0,0,0]}
21.039	{"type":"imu","dev":"node-01","seq":1541,"t0":159550,"fs":100,"samples":[[-0.001,0.869,0.558,34.32,11.83,5.99,3.38,67.29],[0.001,0.886,0.526,37.13,11.40,7.76,3.42,67.50],[-0.004,0.902,0.528,34.14,13.11,7.82,3.49,67.67],[-0.031,0.891,0.527,36.15,12.92,7.76,3.58,67.86],[-0.016,0.889,0.531,38.84,14.81,7.21,3.67,68.07],[-0.010,0.897,0.533,35.67,14.69,4.83,3.75,68.24],[-0.007,0.894,0.531,28.04,16.40,6.36,3.85,68.34],[-0.010,0.899,0.522,14.93,17.25,6.72,3.95,68.31],[-0.013,0.894,0.512,3.59,19.57,9.16,4.08,68.19],[-0.015,0.889,0.524,0.06,19.69,8.80,4.20,68.01]]}
21.049	{"type":"ecg","dev":"node-01","seq":1580,"t0":159560,"fs":250,"leads_off":false,"bpm":null,"samples":[0,0,0,0,0,0,0,0,0,0,0,0,0,0,0,0,0,0,0,0,0,0,0,0,0]}
21.149	{"type":"ecg","dev":"node-01","seq":1581,"t0":159660,"fs":250,"leads_off":false,"bpm":null,"samples":[0,0,0,0,0,0,0,0,0,0,0,0,0,0,0,0,0,0,0,0,0,0,0,0,0]}
21.239	{"type":"imu","dev":"node-01","seq":1542,"t0":159650,"fs":100,"samples":[[-0.021,0.896,0.529,-3.85,20.97,9.53,4.35,67.80],[-0.012,0.896,0.525,-10.92,21.77,10.81,4.49,67.53],[-0.014,0.889,0.515,-9.27,20.36,10.50,4.61,67.29],[-0.002,0.893,0.522,-3.24,19.81,8.43,4.72,67.11],[-0.013,0.887,0.529,-1.41,19.08,11.42,4.83,66.93],[-0.011,0.884,0.529,0.48,18.90,10.32,4.93,66.78],[-0.011,0.888,0.533,1.89,18.23,10.44,5.02,66.65],[-0.018,0.891,0.529,0.97,19.27,10.32,5.13,66.51],[-0.018,0.882,0.539,-1.29,19.33,9.95,7.13,66.21],[-0.026,0.883,0.515,20.91,25.06,13.74,7.26,66.29]]}
21.249	{"type":"ecg","dev":"node-01","seq":1582,"t0":159760,"fs":250,"leads_off":false,"bpm":null,"samples":[0,0,0,0,0,0,0,0,0,0,0,0,0,0,0,0,0,0,0,0,0,0,0,0,0]}
21.339	{"type":"imu","dev":"node-01","seq":1543,"t0":159850,"fs":100,"samples":[[-0.014,0.907,0.545,-30.68,30.97,12.58,7.43,65.84],[-0.020,0.884,0.585,-65.55,33.05,16.30,7.63,65.01],[-0.005,0.869,0.512,-32.44,26.83,15.99,7.75,64.58],[-0.017,0.879,0.528,59.39,14.75,10.02,7.75,65.05],[0.023,0.912,0.560,110.85,13.96,9.47,7.71,66.01],[-0.048,0.903,0.511,99.26,11.77,8.37,7.73,66.87],[0.009,0.893,0.547,45.60,18.72,6.30,7.74,67.15],[-0.005,0.909,0.490,3.96,22.25,12.94,7.81,67.08],[-0.042,0.891,0.498,-2.99,19.75,9.53,7.90,66.92],[0.038,0.908,0.506,28.90,22.74,9.65,7.92,67.09]]}
21.349	{"type":"ecg","dev":"node-01","seq":1583,"t0":159860,"fs":250,"leads_off":false,"bpm":null,"samples":[0,0,0,0,0,0,0,0,0,0,0,0,0,0,0,0,0,0,0,0,0,0,0,0,0]}
21.449	{"type":"ecg","dev":"node-01","seq":1584,"t0":159960,"fs":250,"leads_off":false,"bpm":null,"samples":[0,0,0,0,0,0,0,0,0,0,0,0,0,0,0,0,0,0,0,0,0,0,0,0,0]}
21.549	{"type":"ecg","dev":"node-01","seq":1585,"t0":160060,"fs":250,"leads_off":false,"bpm":null,"samples":[0,0,0,0,0,0,0,0,0,0,0,0,0,0,0,0,0,0,0,0,0,0,0,0,0]}
21.649	{"type":"ecg","dev":"node-01","seq":1586,"t0":160160,"fs":250,"leads_off":false,"bpm":null,"samples":[0,0,0,0,0,0,0,0,0,0,0,0,0,0,0,0,0,0,0,0,0,0,0,0,0]}
21.719	{"type":"imu","dev":"node-01","seq":1544,"t0":159950,"fs":100,"samples":[[-0.012,0.906,0.492,56.95,18.66,7.70,7.96,67.53],[-0.001,0.908,0.501,62.07,17.98,5.93,7.98,68.01],[-0.006,0.915,0.501,57.01,20.00,10.08,8.02,68.44],[-0.015,0.926,0.485,52.37,18.53,7.52,8.06,68.83],[0.060,0.896,0.472,-3.66,18.72,-0.59,12.23,67.83],[0.069,0.900,0.529,-18.85,21.40,2.15,12.12,67.48],[0.058,0.911,0.553,-14.70,22.07,1.17,12.03,67.17],[0.055,0.919,0.565,-16.65,22.01,2.64,12.17,66.66],[0.020,0.910,0.548,-2.32,16.34,3.13,12.06,66.49],[-0.007,0.900,0.539,0.30,18.53,2.58,12.74,66.35]]}
21.749	{"type":"ecg","dev":"node-01","seq":1587,"t0":160260,"fs":250,"leads_off":false,"bpm":null,"samples":[0,0,0,0,0,0,0,0,0,0,0,0,0,0,0,0,0,0,0,0,0,0,0,0,0]}
21.829	{"type":"imu","dev":"node-01","seq":1545,"t0":160340,"fs":100,"samples":[[-0.001,0.896,0.540,-3.91,19.45,0.99,12.86,66.13],[0.016,0.884,0.541,-11.04,20.42,4.53,12.79,65.87],[-0.014,0.858,0.536,-22.20,18.05,3.55,12.73,65.49],[0.006,0.852,0.535,-23.30,20.24,4.77,12.66,65.11],[-0.016,0.857,0.532,-31.65,21.28,7.03,12.64,64.66],[-0.013,0.845,0.550,-43.24,20.61,4.77,12.60,64.09],[0.001,0.881,0.555,-37.87,20.36,5.87,12.55,63.59],[-0.020,0.913,0.585,-32.93,20.85,3.19,12.52,63.14],[-0.043,0.898,0.589,-28.72,17.50,-1.39,12.49,62.73],[-0.045,0.879,0.609,-37.51,18.35,-1.20,12.47,62.22]]}
21.849	{"type":"ecg","dev":"node-01","seq":1588,"t0":160360,"fs":250,"leads_off":false,"bpm":null,"samples":[0,0,0,0,0,0,0,0,0,0,0,0,0,0,0,0,0,0,139,4095,4095,4095,4095,4095,4095]}
21.929	{"type":"imu","dev":"node-01","seq":1546,"t0":160440,"fs":100,"samples":[[-0.031,0.839,0.592,-36.71,16.28,1.11,12.41,61.71],[-0.065,0.823,0.574,-11.10,12.31,8.43,12.36,61.47],[-0.057,0.811,0.567,3.29,12.98,13.06,12.30,61.37],[-0.073,0.823,0.558,14.32,14.57,12.70,12.29,61.40],[-0.080,0.833,0.576,19.51,10.06,12.52,12.23,61.47],[-0.079,0.848,0.576,44.39,4.02,9.71,12.11,61.79],[-0.075,0.833,0.581,53.23,2.31,10.44,11.98,62.18],[-0.097,0.843,0.549,96.15,-4.27,9.77,11.81,63.02],[-0.111,0.871,0.586,90.54,-1.22,6.97,11.68,63.77],[-0.108,0.852,0.543,84.26,-3.30,6.24,11.53,64.47]]}
21.950	{"type":"ecg","dev":"node-01","seq":1589,"t0":160460,"fs":250,"leads_off":false,"bpm":null,"samples":[4095,4095,4095,4095,4095,4095,4095,3831,1419,0,0,0,233,391,400,368,356,379,400,421,433,426,464,481,495]}
22.029	{"type":"imu","dev":"node-01","seq":1547,"t0":160540,"fs":100,"samples":[[-0.110,0.874,0.544,70.18,6.70,11.60,11.49,65.03],[-0.107,0.861,0.525,52.62,8.90,9.53,11.47,65.41],[0.155,0.863,0.651,56.15,1.28,3.31,11.09,65.72],[-0.125,0.910,0.422,36.82,11.46,10.32,11.12,66.07],[-0.047,0.907,0.511,28.59,22.56,0.50,11.17,66.24],[-0.024,0.911,0.489,23.96,23.41,-1.26,11.20,66.38],[-0.029,0.900,0.532,19.20,20.24,0.75,11.21,66.43],[-0.009,0.911,0.500,20.73,15.97,1.78,11.15,66.53],[-0.029,0.895,0.528,6.34,11.03,8.98,11.07,66.45],[-0.023,0.894,0.516,-0.92,8.17,10.81,10.95,66.31]]}
22.050	{"type":"ecg","dev":"node-01","seq":1590,"t0":160560,"fs":250,"leads_off":false,"bpm":null,"samples":[522,541,551,560,578,593,611,626,622,645,671,581,0,0,0,0,0,0,0,0,0,0,0,304,850]}
22.129	{"type":"imu","dev":"node-01","seq":1548,"t0":160640,"fs":100,"samples":[[-0.044,0.896,0.512,-13.54,9.33,18.67,10.88,66.06],[-0.052,0.896,0.527,-19.58,16.52,22.45,10.88,65.74],[-0.051,0.882,0.544,-26.96,20.67,24.77,10.92,65.33],[-0.040,0.877,0.530,-32.63,24.81,24.22,10.99,64.88],[-0.034,0.864,0.524,-21.41,26.03,22.21,11.06,64.54],[-0.023,0.876,0.527,-15.61,26.28,22.39,11.12,64.28],[-0.037,0.876,0.543,0.18,23.47,21.17,11.17,64.16],[-0.034,0.879,0.536,11.82,18.53,22.58,11.17,64.17],[-0.043,0.877,0.528,16.89,17.37,22.58,11.16,64.23],[-0.033,0.874,0.545,8.29,15.85,23.25,11.13,64.19]]}
22.150	{"type":"ecg","dev":"node-01","seq":1591,"t0":160660,"fs":250,"leads_off":false,"bpm":null,"samples":[1034,959,873,848,876,906,923,934,938,945,958,970,976,983,997,1008,1015,1023,1038,1051,1061,1070,1073,1085,1091]}
22.229	{"type":"imu","dev":"node-01","seq":1549,"t0":160740,"fs":100,"samples":[[-0.020,0.875,0.543,2.74,17.56,25.08,11.10,64.09],[-0.033,0.882,0.543,-0.98,19.20,24.89,11.11,63.97],[-0.016,0.876,0.556,-3.05,20.30,23.74,11.10,63.81],[-0.016,0.870,0.547,6.64,21.46,23.06,11.11,63.76],[-0.029,0.863,0.553,12.49,19.33,22.27,11.11,63.75],[-0.034,0.860,0.536,32.31,16.52,21.17,11.08,63.95],[-0.003,0.867,0.552,51.95,12.92,19.59,10.99,64.33],[-0.010,0.889,0.543,58.10,8.29,18.55,10.86,64.79],[-0.029,0.881,0.545,60.67,6.09,17.88,10.74,65.25],[-0.035,0.890,0.542,63.65,6.03,19.71,10.62,65.74]]}
22.250	{"type":"ecg","dev":"node-01","seq":1592,"t0":160760,"fs":250,"leads_off":false,"bpm":null,"samples":[1091,1105,1123,1121,1131,1137,1151,1152,1183,1069,736,299,0,0,0,0,0,0,0,0,0,0,0,0,0]}
22.329	{"type":"imu","dev":"node-01","seq":1550,"t0":160840,"fs":100,"samples":[[-0.018,0.904,0.529,44.45,8.35,19.83,10.51,66.06],[-0.025,0.900,0.521,34.20,9.33,20.32,10.42,66.27],[-0.030,0.891,0.515,8.90,14.33,20.20,10.38,66.23],[-0.029,0.889,0.537,-20.49,22.74,19.59,10.43,65.88],[-0.032,0.884,0.542,-27.02,23.11,19.04,10.49,65.47],[-0.038,0.872,0.543,-19.88,25.12,16.91,10.56,65.13],[-0.033,0.872,0.541,-0.37,24.33,14.95,10.63,64.99],[-0.035,0.872,0.546,13.84,21.95,13.74,10.67,64.98],[-0.033,0.891,0.532,49.26,18.84,11.36,10.68,65.35],[-0.028,0.905,0.526,61.21,13.90,8.13,10.63,65.84]]}
22.350	{"type":"ecg","dev":"node-01","seq":1593,"t0":160860,"fs":250,"leads_off":false,"bpm":null,"samples":[0,0,210,1022,1328,1260,1126,1072,1088,664,591,1291,1219,1114,1072,1095,1122,1136,1140,1150,1157,1167,1177,1184,1186]}
22.429	{"type":"imu","dev":"node-01","seq":1551,"t0":160940,"fs":100,"samples":[[-0.027,0.912,0.520,63.96,11.03,6.91,10.56,66.36],[-0.024,0.919,0.503,56.52,13.41,5.81,10.50,66.81],[-0.013,0.925,0.495,35.12,14.45,7.33,10.45,67.05],[-0.031,0.933,0.482,-6.83,22.13,8.80,10.49,66.90],[-0.002,0.940,0.506,-39.82,27.25,10.56,10.55,66.40],[-0.018,0.920,0.516,-87.51,34.39,15.44,10.69,65.43],[-0.014,0.887,0.556,-94.15,39.87,18.43,10.89,64.36],[0.004,0.862,0.568,-77.02,38.72,19.41,11.04,63.45],[-0.022,0.854,0.567,-29.21,31.46,21.97,11.15,63.02],[-0.029,0.846,0.565,12.31,23.35,19.35,11.19,63.01]]}
22.450	{"type":"ecg","dev":"node-01","seq":1594,"t0":160960,"fs":250,"leads_off":false,"bpm":null,"samples":[1198,1207,1203,1216,1223,1233,1235,1245,1253,1251,1264,1275,1279,1286,1294,1296,1302,1313,1321,1323,1342,1334,1341,1333,686]}
22.529	{"type":"imu","dev":"node-01","seq":1552,"t0":161040,"fs":100,"samples":[[-0.037,0.849,0.572,34.75,19.45,16.78,11.20,63.21],[-0.037,0.860,0.567,79.26,12.01,11.66,11.14,63.85],[-0.012,0.873,0.597,115.06,8.53,7.58,11.01,64.82],[-0.024,0.881,0.548,129.14,6.22,6.42,10.88,65.95],[-0.051,0.907,0.492,123.29,12.19,7.76,10.84,67.07],[-0.025,0.927,0.483,104.39,23.59,9.10,10.88,68.00],[-0.022,0.936,0.469,85.85,26.28,9.22,10.94,68.75],[-0.013,0.945,0.437,49.69,28.11,9.22,11.01,69.16],[0.024,0.941,0.460,25.67,28.84,7.82,11.05,69.31],[0.020,0.938,0.459,16.70,28.23,10.56,11.08,69.37]]}
22.550	{"type":"ecg","dev":"node-01","seq":1595,"t0":161060,"fs":250,"leads_off":false,"bpm":null,"samples":[635,592,571,559,549,542,535,527,501,506,506,497,496,492,490,484,485,480,475,469,466,473,466,464,457]}
22.629	{"type":"imu","dev":"node-01","seq":1553,"t0":161140,"fs":100,"samples":[[0.015,0.927,0.441,-5.19,26.95,14.95,11.11,69.22],[0.010,0.922,0.430,-19.76,27.44,16.05,11.14,68.94],[0.029,0.891,0.465,-22.87,33.35,21.11,11.21,68.59],[-0.004,0.885,0.464,-14.27,31.70,20.99,11.30,68.32],[0.035,0.868,0.466,1.40,35.00,19.04,11.38,68.21],[0.021,0.874,0.477,19.75,31.64,19.41,11.44,68.26],[0.022,0.871,0.470,27.62,30.36,17.39,11.48,68.40],[0.019,0.901,0.485,38.41,31.03,16.48,11.53,68.65],[0.005,0.939,0.456,46.15,27.19,17.03,11.56,69.01],[0.007,0.935,0.449,42.80,27.31,17.09,11.59,69.33]]}
22.650	{"type":"ecg","dev":"node-01","seq":1596,"t0":161160,"fs":250,"leads_off":false,"bpm":null,"samples":[464,461,457,461,461,459,453,462,458,451,454,455,453,451,451,452,448,449,448,442,445,443,441,446,438]}
22.729	{"type":"imu","dev":"node-01","seq":1554,"t0":161240,"fs":100,"samples":[[0.004,0.938,0.458,25.60,26.28,17.88,11.61,69.48],[0.008,0.931,0.459,4.20,28.05,18.80,11.65,69.40],[0.008,0.933,0.458,-4.88,29.94,18.86,11.70,69.25],[0.016,0.944,0.476,-21.35,37.19,20.14,11.81,68.92],[0.035,0.951,0.489,-27.75,41.52,17.58,11.94,68.52],[0.043,0.949,0.498,-32.26,44.63,17.76,12.10,68.08],[0.046,0.971,0.511,-42.14,45.79,14.59,12.26,67.55],[0.051,0.973,0.515,-45.43,45.12,12.09,12.40,67.00],[0.037,0.961,0.517,-39.21,42.25,9.89,12.53,66.51],[0.068,0.929,0.506,-49.09,43.23,10.50,12.63,65.93]]}
22.750	{"type":"ecg","dev":"node-01","seq":1597,"t0":161260,"fs":250,"leads_off":false,"bpm":null,"samples":[443,439,436,437,442,441,437,435,432,438,428,435,431,432,430,430,430,1353,1392,738,355,352,487,592,615]}
22.829	{"type":"imu","dev":"node-01","seq":1555,"t0":161340,"fs":100,"samples":[[0.051,0.924,0.498,-50.61,41.09,10.87,12.72,65.34],[0.050,0.885,0.533,-49.82,40.91,14.71,12.81,64.73],[0.048,0.876,0.506,-43.48,40.73,15.87,12.90,64.21],[0.040,0.864,0.529,-37.02,35.79,18.80,12.95,63.73],[0.012,0.870,0.513,-31.22,33.29,18.25,13.00,63.34],[-0.014,0.841,0.510,-30.86,30.24,17.94,13.06,62.95],[-0.042,0.832,0.573,-25.98,27.98,9.71,13.12,62.54],[-0.026,0.823,0.569,-8.30,25.36,5.14,13.13,62.32],[-0.021,0.812,0.586,-1.65,27.62,-0.29,13.16,62.14],[-0.032,0.824,0.594,12.37,30.67,-4.86,13.24,62.10]]}
22.850	{"type":"ecg","dev":"node-01","seq":1598,"t0":161360,"fs":250,"leads_off":false,"bpm":null,"samples":[610,613,626,644,662,679,691,713,722,740,735,763,783,793,801,825,833,894,855,867,883,896,911,885,922]}
22.902	{"type":"status","dev":"node-01","fw":"0.1.0","uptime_ms":161509,"ecg":{"fs":250},"imu":{"ok":true,"fs":100,"errors":432,"fields":["ax","ay","az","gx","gy","gz","pitch","roll"]}}
22.929	{"type":"imu","dev":"node-01","seq":1556,"t0":161440,"fs":100,"samples":[[-0.005,0.869,0.589,25.54,35.61,-9.50,13.33,62.23],[0.013,0.921,0.590,31.58,38.41,-7.97,13.42,62.44],[-0.009,0.954,0.595,19.39,42.56,-7.36,13.58,62.54],[0.015,0.959,0.608,1.70,41.52,-5.90,13.70,62.46],[0.005,0.958,0.601,-2.38,40.36,-4.74,13.82,62.34],[0.053,0.918,0.596,-0.13,38.66,-3.15,13.86,62.24],[0.056,0.898,0.595,2.25,32.92,-0.47,13.85,62.14],[0.051,0.897,0.573,10.73,32.07,2.45,13.83,62.15],[0.061,0.884,0.582,9.32,26.64,7.76,13.75,62.13],[0.054,0.876,0.570,10.06,29.39,8.61,13.71,62.13]]}
22.950	{"type":"ecg","dev":"node-01","seq":1599,"t0":161460,"fs":250,"leads_off":false,"bpm":null,"samples":[938,954,963,987,980,993,1008,1011,1018,1040,799,19,0,0,0,0,0,0,0,0,0,0,0,0,0]}
23.029	{"type":"imu","dev":"node-01","seq":1557,"t0":161540,"fs":100,"samples":[[-0.001,0.841,0.564,15.12,23.90,7.94,13.67,62.16],[0.019,0.853,0.550,17.19,29.81,11.24,13.66,62.23],[-0.012,0.823,0.546,17.68,28.66,12.09,13.69,62.28],[0.004,0.805,0.589,6.89,31.64,11.78,13.72,62.18],[-0.005,0.814,0.564,7.13,30.30,11.78,13.75,62.11],[0.040,0.773,0.550,-2.32,36.58,11.48,13.78,61.94],[0.034,0.772,0.571,-5.68,36.70,17.88,13.82,61.72],[-0.002,0.782,0.551,2.62,35.06,18.43,13.89,61.60],[0.002,0.800,0.560,12.98,33.78,17.52,13.94,61.60],[0.026,0.838,0.611,26.28,30.18,12.27,13.93,61.70]]}
23.049	{"type":"ecg","dev":"node-01","seq":1600,"t0":161560,"fs":250,"leads_off":false,"bpm":null,"samples":[0,0,0,0,0,0,0,0,0,0,0,0,0,0,0,0,0,0,0,0,0,0,0,0,0]}
23.129	{"type":"imu","dev":"node-01","seq":1558,"t0":161640,"fs":100,"samples":[[0.008,0.846,0.620,35.73,25.30,9.22,13.89,61.90],[0.027,0.868,0.601,37.92,20.24,4.16,13.78,62.13],[0.012,0.866,0.589,29.08,18.96,5.63,13.68,62.29],[-0.001,0.861,0.587,28.35,16.95,6.17,13.58,62.44],[-0.024,0.846,0.604,31.09,19.63,9.28,13.52,62.58],[-0.023,0.835,0.609,34.08,18.90,7.39,13.46,62.74],[-0.021,0.849,0.597,35.18,20.61,7.39,13.42,62.93],[-0.019,0.840,0.591,37.01,17.25,5.81,13.34,63.13],[0.005,0.853,0.577,53.84,11.28,3.31,13.18,63.52],[0.002,0.852,0.557,57.86,8.29,2.27,12.99,63.95]]}
23.149	{"type":"ecg","dev":"node-01","seq":1601,"t0":161660,"fs":250,"leads_off":false,"bpm":null,"samples":[0,0,0,0,0,0,0,0,0,0,0,0,0,0,0,0,0,0,0,0,0,0,0,0,0]}
23.229	{"type":"imu","dev":"node-01","seq":1559,"t0":161740,"fs":100,"samples":[[-0.003,0.849,0.549,52.80,6.89,2.03,12.81,64.33],[0.006,0.856,0.538,40.54,6.28,0.75,12.60,64.60],[0.010,0.866,0.520,38.84,3.41,-1.14,12.37,64.87],[0.023,0.864,0.507,37.07,3.59,-2.42,12.14,65.12],[0.050,0.885,0.535,23.71,-0.37,-3.09,11.83,65.23],[0.018,0.906,0.509,30.06,-5.25,-0.84,11.53,65.43],[0.014,0.900,0.539,25.79,-3.78,-0.47,11.24,65.56],[0.004,0.892,0.552,17.74,-5.80,0.75,10.96,65.59],[-0.027,0.911,0.547,13.71,-2.63,2.88,10.74,65.59],[-0.025,0.909,0.547,7.49,-3.05,3.80,10.52,65.53]]}
23.249	{"type":"ecg","dev":"node-01","seq":1602,"t0":161760,"fs":250,"leads_off":false,"bpm":null,"samples":[0,0,0,0,0,0,0,0,0,0,0,0,0,0,0,0,0,0,0,0,0,0,0,0,0]}
23.329	{"type":"imu","dev":"node-01","seq":1560,"t0":161840,"fs":100,"samples":[[-0.007,0.951,0.537,16.09,-0.19,0.69,10.32,65.59],[-0.002,1.013,0.499,22.01,4.02,-3.15,10.15,65.77],[0.002,1.010,0.493,20.54,2.01,-4.31,9.97,65.93],[0.017,0.958,0.481,14.51,-0.00,-6.26,9.75,66.02],[0.027,0.891,0.454,11.95,-1.71,-1.51,9.51,66.08],[0.025,0.834,0.438,9.45,3.47,5.99,9.32,66.10],[0.039,0.812,0.380,22.62,4.14,15.14,9.13,66.30],[-0.011,0.822,0.386,33.90,9.51,22.33,9.05,66.60],[-0.078,0.837,0.401,37.37,9.51,28.43,9.06,66.92],[-0.094,0.865,0.419,35.18,9.87,26.66,9.09,67.21]]}
23.349	{"type":"ecg","dev":"node-01","seq":1603,"t0":161860,"fs":250,"leads_off":false,"bpm":39.8,"samples":[0,0,0,0,0,0,0,0,0,0,0,0,0,0,0,0,0,0,0,58,659,1111,1297,1371,1485]}
23.429	{"type":"imu","dev":"node-01","seq":1561,"t0":161940,"fs":100,"samples":[[-0.079,0.882,0.450,37.31,4.14,25.20,9.04,67.49],[-0.064,0.908,0.467,37.19,2.62,21.42,8.95,67.76],[-0.063,0.888,0.475,39.08,1.09,21.66,8.86,68.03],[-0.035,0.916,0.484,37.62,4.02,18.49,8.76,68.28],[-0.061,0.945,0.459,51.76,11.95,20.75,8.77,68.70],[-0.023,0.950,0.468,42.98,20.48,23.67,8.82,69.02],[-0.024,0.950,0.472,37.68,28.90,25.44,8.95,69.28],[-0.016,0.984,0.439,37.74,36.52,25.87,9.15,69.59],[-0.016,0.987,0.454,26.95,40.48,25.38,9.38,69.77],[-0.016,0.980,0.440,26.70,41.22,25.50,9.61,69.95]]}
23.450	{"type":"ecg","dev":"node-01","seq":1604,"t0":161960,"fs":250,"leads_off":false,"bpm":39.8,"samples":[1671,1883,2077,2257,2416,2559,2743,2891,3045,3163,3241,3324,3454,3654,3878,4095,4095,4095,4095,4095,4095,4095,4095,4095,4095]}
23.529	{"type":"imu","dev":"node-01","seq":1562,"t0":162040,"fs":100,"samples":[[-0.006,0.973,0.464,12.86,37.07,22.39,9.79,69.97],[-0.007,0.953,0.469,11.64,32.74,22.27,9.92,69.96],[-0.027,0.948,0.448,17.49,26.22,20.38,10.01,70.02],[-0.042,0.923,0.471,8.90,19.75,22.21,10.05,69.97],[-0.059,0.927,0.468,9.63,20.12,22.45,10.11,69.93],[-0.058,0.925,0.469,10.24,20.97,21.97,10.18,69.89],[-0.057,0.924,0.504,8.78,24.57,23.00,10.28,69.81],[-0.039,0.945,0.489,10.30,27.50,21.66,10.38,69.77],[-0.033,0.962,0.491,10.18,29.14,21.48,10.50,69.73],[-0.040,0.976,0.483,11.64,33.11,21.05,10.65,69.72]]}
23.550	{"type":"ecg","dev":"node-01","seq":1605,"t0":162060,"fs":250,"leads_off":false,"bpm":39.8,"samples":[4095,4095,4095,4095,4095,4095,4095,4095,4095,4095,4095,4095,4095,4095,4095,4095,4095,4095,4095,4095,4095,4095,4095,4095,4095]}
23.629	{"type":"imu","dev":"node-01","seq":1563,"t0":162140,"fs":100,"samples":[[-0.010,0.970,0.478,4.20,32.31,19.35,10.77,69.64],[0.004,0.946,0.509,1.52,31.77,17.45,10.86,69.50],[0.017,0.926,0.513,12.01,29.57,16.91,10.91,69.45],[0.002,0.907,0.477,23.47,30.06,18.19,10.99,69.53],[0.004,0.917,0.476,23.71,28.47,17.33,11.04,69.63],[-0.015,0.907,0.483,9.02,24.69,17.03,11.08,69.56],[-0.047,0.906,0.489,10.06,23.90,15.63,11.14,69.50],[-0.053,0.894,0.496,9.45,23.29,14.65,11.21,69.42],[-0.029,0.895,0.505,8.04,24.81,11.66,11.26,69.33],[-0.022,0.897,0.492,6.15,27.01,9.16,11.32,69.23]]}
23.650	{"type":"ecg","dev":"node-01","seq":1606,"t0":162160,"fs":250,"leads_off":false,"bpm":39.8,"samples":[4095,4095,4095,4095,4095,4095,4095,4095,4095,4095,4095,4095,4095,4095,4095,4095,4095,4095,4095,4095,4095,4095,1162,688,627]}
23.729	{"type":"imu","dev":"node-01","seq":1564,"t0":162240,"fs":100,"samples":[[-0.023,0.901,0.482,9.02,26.95,8.49,11.39,69.17],[-0.024,0.926,0.486,8.29,29.94,8.06,11.48,69.11],[-0.026,0.927,0.454,19.75,31.89,9.53,11.59,69.20],[-0.017,0.917,0.471,15.42,32.62,15.08,11.70,69.22],[-0.013,0.924,0.447,21.89,32.50,15.56,11.80,69.34],[0.009,0.909,0.479,11.15,26.16,13.98,11.81,69.30],[0.004,0.910,0.468,17.98,27.74,16.97,11.84,69.35],[0.007,0.904,0.476,11.09,25.73,16.11,11.85,69.31],[-0.003,0.895,0.476,10.24,20.48,11.36,11.81,69.27],[-0.011,0.887,0.476,10.12,20.12,12.21,11.79,69.22]]}
23.750	{"type":"ecg","dev":"node-01","seq":1607,"t0":162260,"fs":250,"leads_off":false,"bpm":39.8,"samples":[597,581,561,558,546,539,530,528,511,528,511,498,496,491,494,491,490,479,478,474,471,465,470,464,464]}
23.829	{"type":"imu","dev":"node-01","seq":1565,"t0":162340,"fs":100,"samples":[[-0.022,0.879,0.469,10.30,19.39,10.81,11.77,69.17],[-0.015,0.886,0.460,5.60,18.47,8.61,11.73,69.10],[-0.009,0.865,0.473,3.23,17.68,8.61,11.68,68.97],[0.001,0.852,0.463,6.58,19.39,8.86,11.63,68.89],[-0.001,0.856,0.444,9.20,20.30,13.00,11.60,68.85],[-0.010,0.848,0.468,13.41,21.77,13.37,11.59,68.83],[0.007,0.860,0.477,17.07,22.74,11.48,11.58,68.84],[0.020,0.871,0.487,24.26,21.22,8.25,11.53,68.92],[0.044,0.887,0.494,31.52,19.94,5.08,11.44,69.06],[0.049,0.893,0.491,34.02,21.28,5.75,11.37,69.24]]}
23.850	{"type":"ecg","dev":"node-01","seq":1608,"t0":162360,"fs":250,"leads_off":false,"bpm":39.8,"samples":[457,458,455,458,457,459,450,444,452,442,448,443,443,446,445,442,406,433,443,433,432,433,437,423,429]}
23.929	{"type":"imu","dev":"node-01","seq":1566,"t0":162440,"fs":100,"samples":[[0.054,0.927,0.505,33.17,23.90,4.95,11.32,69.41],[0.054,0.990,0.499,22.68,24.02,7.15,11.27,69.51],[0.045,1.012,0.518,8.90,22.56,9.16,11.22,69.46],[0.044,1.013,0.514,5.97,21.58,10.08,11.16,69.40],[0.057,0.989,0.497,3.35,20.12,10.20,11.08,69.31],[0.081,0.936,0.467,-1.16,20.73,11.17,10.97,69.18],[0.084,0.908,0.452,1.58,21.77,12.58,10.87,69.08],[0.068,0.880,0.409,20.30,22.68,11.60,10.79,69.20],[0.063,0.869,0.394,24.26,22.86,14.35,10.73,69.37],[0.054,0.868,0.379,25.18,22.19,11.91,10.66,69.55]]}
23.950	{"type":"ecg","dev":"node-01","seq":1609,"t0":162460,"fs":250,"leads_off":false,"bpm":39.8,"samples":[427,432,428,428,429,426,422,421,420,429,423,421,421,419,420,417,422,414,415,414,422,414,413,411,409]}
24.029	{"type":"imu","dev":"node-01","seq":1567,"t0":162540,"fs":100,"samples":[[0.033,0.874,0.381,24.32,17.31,7.64,10.58,69.73],[0.018,0.886,0.383,34.51,12.86,4.04,10.48,70.01],[0.016,0.898,0.393,37.80,11.89,1.54,10.36,70.30],[0.010,0.932,0.397,45.67,9.87,-2.73,10.24,70.68],[-0.010,0.978,0.398,41.95,9.81,-4.68,10.14,71.04],[-0.020,1.001,0.404,37.98,13.84,-3.22,10.10,71.35],[-0.013,1.037,0.422,24.63,22.19,-1.69,10.13,71.52],[-0.002,1.032,0.432,13.35,27.74,3.19,10.20,71.57],[0.027,0.997,0.455,-7.26,33.90,8.61,10.30,71.37],[0.023,0.990,0.455,-6.10,32.07,8.37,10.38,71.19]]}
24.050	{"type":"ecg","dev":"node-01","seq":1610,"t0":162560,"fs":250,"leads_off":false,"bpm":39.8,"samples":[416,411,418,409,415,406,403,409,409,416,410,410,405,405,406,411,407,403,411,403,403,403,400,400,401]}
24.129	{"type":"imu","dev":"node-01","seq":1568,"t0":162640,"fs":100,"samples":[[0.024,0.979,0.422,7.13,34.02,4.77,10.48,71.17],[0.018,0.926,0.448,7.43,32.25,1.17,10.57,71.11],[0.019,0.950,0.417,13.53,30.30,-2.67,10.64,71.14],[0.021,0.930,0.402,24.93,30.42,-7.24,10.70,71.30],[0.072,0.920,0.403,34.87,32.25,-15.11,10.72,71.54],[0.111,0.916,0.448,35.12,33.29,-15.53,10.70,71.73],[0.133,0.920,0.390,37.13,32.37,-13.89,10.66,72.00],[0.133,0.911,0.383,22.86,28.78,-5.78,10.57,72.13],[0.135,0.921,0.381,17.80,27.31,-0.96,10.47,72.21],[0.091,0.960,0.400,13.17,25.24,9.04,10.41,72.24]]}
24.150	{"type":"ecg","dev":"node-01","seq":1611,"t0":162660,"fs":250,"leads_off":false,"bpm":39.8,"samples":[410,400,408,400,399,395,358,400,397,400,400,395,395,395,394,400,399,374,392,396,400,392,398,393,394]}
24.229	{"type":"imu","dev":"node-01","seq":1569,"t0":162740,"fs":100,"samples":[[0.050,0.950,0.430,9.02,16.89,15.63,10.31,72.20],[0.035,0.933,0.413,7.31,15.36,16.60,10.22,72.15],[0.018,0.884,0.418,-8.36,10.48,17.09,10.10,71.92],[-0.004,0.872,0.419,-15.37,12.19,12.45,10.02,71.62],[-0.002,0.877,0.438,-14.94,13.72,7.70,9.95,71.31],[0.007,0.898,0.436,10.97,17.56,0.56,9.92,71.27],[0.031,0.935,0.448,28.04,19.51,-7.00,9.88,71.41],[0.055,0.968,0.446,34.02,20.73,-12.00,9.82,71.62],[0.065,0.978,0.453,37.01,21.03,-11.75,9.76,71.85],[0.081,0.990,0.447,38.90,17.92,-11.02,9.66,72.11]]}
24.250	{"type":"ecg","dev":"node-01","seq":1612,"t0":162760,"fs":250,"leads_off":false,"bpm":39.8,"samples":[394,393,390,389,384,370,397,389,394,395,390,395,390,385,390,390,385,384,385,388,390,389,384,382,390]}
24.339	{"type":"imu","dev":"node-01","seq":1570,"t0":162840,"fs":100,"samples":[[0.082,0.982,0.418,38.04,17.86,-6.45,9.55,72.38],[0.079,0.965,0.430,29.75,15.00,-4.68,9.42,72.54],[0.066,0.977,0.378,9.20,8.29,-0.96,9.32,72.65],[0.061,0.903,0.407,23.59,7.98,-1.02,9.15,72.74],[0.066,0.879,0.406,10.48,-0.67,-3.58,8.88,72.70],[0.083,0.870,0.446,-7.87,-12.20,-10.35,8.48,72.42],[0.081,0.844,0.404,-1.90,-13.54,-10.78,8.08,72.24],[0.070,0.894,0.396,-11.35,-13.48,-9.68,7.71,72.01],[0.062,0.932,0.408,-5.86,-21.71,-10.53,7.27,71.84],[0.067,0.938,0.406,2.19,-23.48,-8.64,6.82,71.76]]}
24.350	{"type":"ecg","dev":"node-01","seq":1613,"t0":162860,"fs":250,"leads_off":false,"bpm":39.8,"samples":[387,384,385,397,385,384,385,382,380,379,384,384,383,379,377,381,377,382,382,377,384,378,378,374,378]}
24.450	{"type":"ecg","dev":"node-01","seq":1614,"t0":162960,"fs":250,"leads_off":false,"bpm":39.8,"samples":[375,372,369,370,370,373,368,370,375,371,369,368,369,368,369,370,372,371,370,368,369,367,368,369,377]}
24.550	{"type":"ecg","dev":"node-01","seq":1615,"t0":163060,"fs":250,"leads_off":false,"bpm":39.8,"samples":[369,373,370,374,372,371,375,373,378,374,384,371,368,365,370,355,367,365,368,339,382,346,368,363,363]}
24.650	{"type":"ecg","dev":"node-01","seq":1616,"t0":163160,"fs":250,"leads_off":false,"bpm":39.8,"samples":[359,358,368,358,359,370,362,359,357,354,353,361,355,350,349,351,349,361,349,347,349,343,345,349,345]}
24.750	{"type":"ecg","dev":"node-01","seq":1617,"t0":163260,"fs":250,"leads_off":false,"bpm":39.8,"samples":[349,345,346,342,346,343,343,339,339,336,336,341,343,345,346,341,345,336,336,339,337,336,337,336,335]}
24.850	{"type":"ecg","dev":"node-01","seq":1618,"t0":163360,"fs":250,"leads_off":false,"bpm":39.8,"samples":[334,337,335,335,352,334,336,337,333,336,335,336,325,336,336,333,331,338,331,337,336,327,315,325,331]}
24.950	{"type":"ecg","dev":"node-01","seq":1619,"t0":163460,"fs":250,"leads_off":false,"bpm":39.8,"samples":[332,328,336,327,329,333,334,335,329,324,336,325,333,323,319,332,324,331,320,331,327,324,326,323,321]}
24.959	{"type":"imu","dev":"node-01","seq":1571,"t0":162950,"fs":100,"samples":[[0.055,0.992,0.391,13.53,-27.99,-2.36,6.35,71.82],[-0.024,1.039,0.419,21.70,-30.49,6.48,5.65,72.17],[0.047,1.054,0.411,50.18,-3.78,-9.07,-2.36,68.69],[0.102,0.961,0.411,43.04,0.36,-8.46,-2.42,69.08],[0.120,0.948,0.372,35.42,3.59,-8.58,-2.47,69.42],[0.149,0.923,0.305,27.80,1.77,0.87,-2.58,69.73],[0.167,0.945,0.259,5.12,8.78,1.36,-2.63,69.88],[0.127,0.993,0.294,-15.25,-6.59,3.00,-2.79,69.81],[0.109,1.000,0.325,-12.38,-12.08,3.25,-2.97,69.73],[0.047,1.038,0.367,7.43,-29.33,0.99,-3.25,69.82]]}
25.050	{"type":"ecg","dev":"node-01","seq":1620,"t0":163561,"fs":250,"leads_off":false,"bpm":39.8,"samples":[320,320,318,321,319,321,320,320,318,320,323,320,319,316,318,321,314,315,322,320,321,317,316,317,309]}
25.059	{"type":"imu","dev":"node-01","seq":1572,"t0":163570,"fs":100,"samples":[[-0.000,1.029,0.403,16.40,-26.53,3.25,-3.44,69.95],[-0.014,0.993,0.437,12.25,-31.53,1.30,-3.67,70.00],[-0.069,0.965,0.423,23.59,-26.65,-5.29,-3.78,70.16],[-0.048,0.950,0.370,24.51,-6.34,-5.17,-3.71,70.37],[-0.052,0.965,0.363,22.86,2.98,-4.07,-3.55,70.57],[-0.021,0.993,0.346,25.18,21.03,-2.85,-3.25,70.82],[0.043,1.003,0.355,10.06,29.51,-5.96,-2.94,70.92],[0.064,1.013,0.363,1.95,26.16,-9.37,-2.70,70.92],[0.107,0.981,0.383,0.48,20.73,-11.94,-2.55,70.88],[0.125,0.979,0.378,0.12,12.50,-17.30,-2.52,70.85]]}
25.150	{"type":"ecg","dev":"node-01","seq":1621,"t0":163661,"fs":250,"leads_off":false,"bpm":39.8,"samples":[320,309,315,306,318,317,310,313,304,307,320,309,304,306,307,317,310,307,305,304,311,311,312,309,305]}
25.159	{"type":"imu","dev":"node-01","seq":1573,"t0":163670,"fs":100,"samples":[[0.122,0.976,0.381,-8.97,5.55,-19.01,-2.54,70.71],[0.103,0.955,0.384,-13.91,-7.26,-21.57,-2.68,70.53],[0.084,0.972,0.362,0.73,-10.37,-20.72,-2.82,70.51],[0.064,0.965,0.358,0.73,-10.92,-19.62,-2.94,70.50],[0.056,0.929,0.376,-7.93,-12.69,-13.64,-3.07,70.38],[0.050,0.914,0.375,-3.79,-4.33,-5.90,-3.11,70.28],[0.049,0.896,0.380,-0.80,0.61,-1.20,-3.10,70.21],[0.048,0.912,0.374,2.92,3.41,-2.85,-3.06,70.19],[0.076,0.923,0.414,5.60,5.36,-3.76,-3.03,70.16],[0.095,0.936,0.397,17.43,3.90,-8.76,-3.04,70.27]]}
25.250	{"type":"ecg","dev":"node-01","seq":1622,"t0":163761,"fs":250,"leads_off":false,"bpm":39.8,"samples":[321,305,302,313,316,320,313,320,317,321,317,323,321,323,323,326,327,323,320,329,322,323,330,329,332]}
25.350	{"type":"ecg","dev":"node-01","seq":1623,"t0":163860,"fs":250,"leads_off":false,"bpm":35.2,"samples":[326,327,336,326,327,330,321,336,327,331,428,1635,945,66,0,0,166,268,270,258,261,285,315,336,354]}
25.359	{"type":"imu","dev":"node-01","seq":1574,"t0":163770,"fs":100,"samples":[[0.118,0.939,0.397,18.65,1.64,-9.44,-3.10,70.38],[0.110,0.949,0.358,18.41,-0.98,-10.23,-3.17,70.54],[0.103,0.937,0.362,7.31,-4.70,-8.09,-3.27,70.58],[0.105,0.909,0.375,-34.94,-7.20,-3.83,-3.96,67.44],[0.027,0.980,0.370,5.91,-2.63,-4.80,-3.99,67.65],[0.023,0.924,0.430,-37.63,5.55,-10.53,-3.88,67.23],[-0.011,1.042,0.393,-35.13,14.02,-10.47,-3.65,66.93],[-0.435,1.154,0.471,-8.42,44.45,-21.45,-2.76,66.86],[-0.274,0.934,0.468,17.86,133.90,-26.87,-1.10,66.97],[0.278,0.882,0.654,14.20,167.31,-19.92,0.28,66.84]]}
25.450	{"type":"ecg","dev":"node-01","seq":1624,"t0":163961,"fs":250,"leads_off":false,"bpm":35.2,"samples":[377,391,407,425,441,464,481,492,511,534,546,562,582,590,595,624,635,656,664,685,693,710,722,708,726]}
25.459	{"type":"imu","dev":"node-01","seq":1575,"t0":163970,"fs":100,"samples":[[-0.059,0.950,0.473,-20.86,5.12,-11.02,0.39,66.57],[-0.119,0.825,0.392,-41.29,9.27,23.37,0.62,66.12],[-0.183,0.875,0.405,-5.07,9.20,19.04,0.92,66.05],[-0.152,0.892,0.459,8.90,18.96,12.39,1.26,66.08],[-0.108,0.893,0.509,-0.80,24.57,2.94,1.59,65.95],[-0.158,0.935,0.503,-4.58,22.62,-3.58,1.95,65.82],[-0.072,0.876,0.503,-8.66,13.90,-7.48,2.13,65.63],[-0.087,0.875,0.507,3.35,1.89,-2.06,2.20,65.54],[-0.111,0.864,0.514,-8.79,-2.93,0.87,2.26,65.33],[-0.161,0.818,0.515,-25.80,-9.58,7.88,2.31,64.93]]}
25.550	{"type":"ecg","dev":"node-01","seq":1625,"t0":164061,"fs":250,"leads_off":false,"bpm":35.2,"samples":[768,777,784,697,0,0,0,0,0,0,0,0,0,0,0,0,0,0,150,851,1180,1152,1023,976,995]}
25.559	{"type":"imu","dev":"node-01","seq":1576,"t0":164070,"fs":100,"samples":[[-0.251,0.828,0.488,-13.24,-14.64,20.50,2.41,64.69],[-0.210,0.825,0.487,9.75,-11.59,28.86,2.49,64.68],[-0.203,0.815,0.500,13.29,-9.94,32.58,2.59,64.69],[-0.204,0.843,0.500,34.02,-11.47,34.83,2.66,64.91],[-0.197,0.879,0.484,68.35,-16.59,30.38,2.66,65.51],[-0.174,0.912,0.507,73.84,-15.00,25.81,2.65,66.14],[-0.155,0.960,0.538,64.57,-15.49,18.67,2.61,66.66],[-0.128,1.006,0.511,59.26,-20.49,15.93,2.48,67.17],[-0.177,0.990,0.508,54.93,-27.08,15.63,2.35,67.62],[-0.132,0.975,0.522,53.96,-24.45,12.39,2.20,68.04]]}
25.650	{"type":"ecg","dev":"node-01","seq":1626,"t0":164161,"fs":250,"leads_off":false,"bpm":35.2,"samples":[1023,1059,1065,1071,1073,1082,1089,1103,1067,595,564,560,536,539,533,529,511,503,498,506,506,496,491,485,482]}
25.659	{"type":"imu","dev":"node-01","seq":1577,"t0":164170,"fs":100,"samples":[[-0.173,0.929,0.506,61.09,-35.25,13.49,2.00,68.50],[-0.104,0.928,0.517,59.20,-30.00,14.04,1.77,68.93],[-0.140,0.901,0.499,56.70,-32.32,16.91,1.58,69.33],[-0.088,0.921,0.510,50.36,-23.54,13.13,1.41,69.65],[-0.166,0.912,0.465,52.31,-26.83,13.37,1.30,70.03],[-0.101,0.895,0.517,33.10,-26.77,6.48,1.13,70.16],[-0.089,0.891,0.509,19.63,-69.03,0.26,0.53,70.15],[-0.211,0.891,0.464,17.68,-72.02,8.06,0.05,70.17],[-0.204,0.890,0.438,43.78,-17.32,5.63,0.11,70.47],[-0.073,0.910,0.479,36.09,-1.53,-1.94,0.17,70.66]]}
25.750	{"type":"ecg","dev":"node-01","seq":1627,"t0":164261,"fs":250,"leads_off":false,"bpm":35.2,"samples":[485,479,479,464,464,481,469,455,455,456,470,458,452,449,464,464,448,445,443,446,458,444,462,435,443]}
25.759	{"type":"imu","dev":"node-01","seq":1578,"t0":164270,"fs":100,"samples":[[-0.086,0.897,0.475,25.79,-1.65,-1.87,0.25,70.75],[-0.074,0.890,0.434,32.98,5.24,0.50,0.38,70.93],[-0.084,0.917,0.425,12.62,6.46,1.72,0.53,70.94],[-0.051,0.892,0.494,-13.18,7.19,-1.14,0.65,70.61],[-0.051,0.919,0.440,10.73,13.53,1.78,0.83,70.59],[-0.030,0.942,0.436,7.68,20.85,4.10,1.05,70.56],[-0.048,0.913,0.448,7.01,14.45,-0.72,1.22,70.50],[-0.024,0.926,0.453,18.96,17.50,-2.06,1.40,70.55],[-0.061,0.887,0.317,31.15,50.97,-19.31,1.94,70.85],[-0.088,0.965,0.429,10.48,-0.37,-0.96,2.00,70.86]]}
25.850	{"type":"ecg","dev":"node-01","seq":1628,"t0":164361,"fs":250,"leads_off":false,"bpm":35.2,"samples":[447,455,432,438,433,445,438,430,421,432,438,430,427,420,425,432,429,419,409,422,431,414,409,423,414]}
25.859	{"type":"imu","dev":"node-01","seq":1579,"t0":164370,"fs":100,"samples":[[-0.082,0.940,0.406,4.69,4.94,-2.12,2.10,70.82],[-0.006,0.934,0.449,-18.72,3.23,1.17,2.09,70.51],[-0.088,0.925,0.399,-13.97,-4.58,-1.20,2.11,70.29],[-0.041,0.933,0.387,-26.83,6.03,-1.69,2.17,69.97],[0.018,0.977,0.396,-36.53,7.74,0.44,2.18,69.57],[0.042,0.969,0.474,-49.09,8.23,-9.80,2.17,68.98],[0.058,0.933,0.440,-42.99,8.59,-8.22,2.15,68.47],[0.076,0.929,0.445,-46.47,5.42,-7.42,2.08,67.94],[0.051,0.902,0.476,-54.88,-7.81,-0.29,1.90,67.28],[-0.021,0.827,0.317,-74.64,-19.76,13.06,1.70,66.59]]}
25.950	{"type":"ecg","dev":"node-01","seq":1629,"t0":164461,"fs":250,"leads_off":false,"bpm":35.2,"samples":[407,411,406,400,407,406,409,400,398,392,406,397,390,390,389,402,397,385,390,387,401,388,387,386,386]}
25.959	{"type":"imu","dev":"node-01","seq":1580,"t0":164470,"fs":100,"samples":[[0.036,0.885,0.428,-90.19,-37.44,27.94,1.25,65.65],[-0.059,0.856,0.436,-46.16,-6.65,13.92,1.23,65.15],[0.008,0.864,0.498,-33.66,8.47,6.11,1.28,64.72],[-0.018,0.875,0.472,-13.18,4.20,4.47,1.32,64.53],[-0.000,0.899,0.487,3.84,5.55,0.81,1.35,64.51],[0.059,0.945,0.762,13.78,-16.16,-4.56,1.11,64.37],[0.010,0.894,0.565,20.67,11.70,-6.63,1.19,64.44],[0.017,0.938,0.557,44.69,18.35,-7.55,1.33,64.78],[0.006,0.952,0.565,54.26,19.27,-5.41,1.48,65.20],[0.025,0.969,0.551,52.13,23.47,-1.94,1.66,65.62]]}
26.050	{"type":"ecg","dev":"node-01","seq":1630,"t0":164561,"fs":250,"leads_off":false,"bpm":35.2,"samples":[388,385,383,387,387,396,382,375,374,378,385,373,368,366,368,368,366,350,351,365,359,334,339,337,343]}
26.059	{"type":"imu","dev":"node-01","seq":1581,"t0":164570,"fs":100,"samples":[[0.016,1.000,0.504,34.63,14.27,3.92,1.75,65.91],[0.006,0.971,0.485,17.68,10.00,11.17,1.80,66.03],[0.010,0.968,0.488,11.40,9.51,11.24,1.85,66.09],[0.009,0.940,0.470,18.47,8.29,12.21,1.88,66.22],[0.012,0.919,0.495,14.93,6.70,10.26,1.90,66.27],[0.015,0.905,0.505,10.97,7.44,6.91,1.92,66.27],[0.045,0.878,0.512,4.32,7.98,-1.14,1.91,66.18],[0.060,0.869,0.500,4.26,6.89,-5.17,1.87,66.10],[0.063,0.875,0.514,10.60,5.18,-7.42,1.81,66.08],[0.059,0.877,0.509,16.21,4.57,-8.16,1.75,66.11]]}
26.150	{"type":"ecg","dev":"node-01","seq":1631,"t0":164661,"fs":250,"leads_off":false,"bpm":35.2,"samples":[336,336,332,334,330,341,325,325,322,305,327,318,317,316,305,316,304,304,303,304,300,299,293,299,295]}
26.159	{"type":"imu","dev":"node-01","seq":1582,"t0":164670,"fs":100,"samples":[[0.056,0.919,0.528,17.13,4.33,-8.83,1.70,66.16],[0.080,0.911,0.533,12.74,4.08,-8.40,1.62,66.15],[0.079,0.920,0.544,9.75,1.03,-5.84,1.51,66.12],[0.077,0.917,0.524,-0.07,-1.53,-0.35,1.38,66.00],[0.059,0.914,0.505,-3.42,-3.30,8.06,1.26,65.87],[0.038,0.918,0.488,-1.59,-4.94,9.53,1.14,65.77],[0.029,0.902,0.489,-7.38,-4.03,9.53,1.05,65.62],[0.037,0.873,0.480,-10.19,-5.61,5.02,0.93,65.43],[0.031,0.863,0.501,-2.02,-8.11,2.45,0.80,65.30],[0.056,0.851,0.493,14.20,-8.17,-2.00,0.63,65.33]]}
26.250	{"type":"ecg","dev":"node-01","seq":1632,"t0":164761,"fs":250,"leads_off":false,"bpm":35.2,"samples":[288,301,273,279,279,304,283,278,277,281,298,281,278,270,275,288,271,271,263,271,276,268,272,260,272]}
26.259	{"type":"imu","dev":"node-01","seq":1583,"t0":164770,"fs":100,"samples":[[0.064,0.827,0.483,35.60,-11.71,-3.76,0.43,65.56],[0.068,0.844,0.500,40.85,-12.44,-5.35,0.22,65.84],[0.073,0.833,0.483,38.96,-12.32,-3.83,0.01,66.10],[0.086,0.838,0.487,24.20,-11.77,0.93,-0.21,66.21],[0.054,1.032,0.445,13.90,-7.50,3.06,-0.33,66.36],[0.022,1.135,0.494,14.57,-8.17,-1.81,-0.43,66.51],[0.119,0.848,0.625,27.19,-24.03,2.33,-0.78,66.51],[0.092,0.918,0.426,62.62,-22.38,7.09,-1.09,67.10],[0.039,0.964,0.385,55.54,-18.48,9.28,-1.29,67.66],[-0.026,1.013,0.526,43.78,-13.72,12.82,-1.38,67.99]]}
26.350	{"type":"ecg","dev":"node-01","seq":1633,"t0":164861,"fs":250,"leads_off":false,"bpm":35.2,"samples":[268,264,272,260,269,273,266,260,259,260,272,257,258,256,259,269,256,242,247,253,262,246,243,252,240]}
26.359	{"type":"imu","dev":"node-01","seq":1584,"t0":164870,"fs":100,"samples":[[-0.011,0.991,0.489,53.53,-12.56,12.45,-1.46,68.43],[-0.009,0.931,0.468,52.37,-16.04,11.60,-1.58,68.84],[-0.007,0.861,0.386,54.93,-11.04,17.39,-1.65,69.32],[-0.042,0.896,0.404,59.02,-7.81,21.60,-1.64,69.83],[-0.052,0.906,0.416,60.79,-4.03,19.16,-1.59,70.33],[-0.154,0.920,0.275,97.31,58.66,-6.81,-0.80,71.35],[-0.015,0.916,0.477,69.08,-2.20,13.98,-0.79,71.85],[-0.003,0.918,0.459,64.14,-0.86,9.22,-0.78,72.31],[0.035,0.919,0.365,71.76,-1.04,9.77,-0.81,72.93],[0.013,0.914,0.408,44.69,1.22,15.81,-0.80,73.23]]}
26.450	{"type":"ecg","dev":"node-01","seq":1634,"t0":164961,"fs":250,"leads_off":false,"bpm":35.2,"samples":[247,261,244,238,240,234,240,243,242,241,259,234,245,239,237,256,240,240,238,237,243,231,245,232,237]}
26.459	{"type":"imu","dev":"node-01","seq":1585,"t0":164970,"fs":100,"samples":[[0.008,0.912,0.400,39.75,2.80,17.70,-0.77,73.48],[-0.003,0.908,0.409,23.04,-5.00,17.39,-0.80,73.55],[-0.024,0.922,0.381,16.70,-6.59,18.43,-0.82,73.59],[-0.032,0.924,0.398,-1.47,-4.21,17.45,-0.81,73.44],[-0.027,0.932,0.402,-8.66,-4.45,17.45,-0.80,73.22],[-0.041,0.942,0.406,-10.86,-2.14,15.99,-0.76,72.99],[-0.046,0.928,0.414,-6.16,-3.42,13.43,-0.73,72.78],[-0.061,0.928,0.406,2.13,-5.00,12.33,-0.69,72.68],[-0.062,0.918,0.360,27.56,-0.55,14.53,-0.61,72.87],[-0.088,0.912,0.362,14.08,-0.55,14.83,-0.50,72.91]]}
26.569	{"type":"imu","dev":"node-01","seq":1586,"t0":165070,"fs":100,"samples":[[-0.074,0.880,0.383,10.12,4.14,15.38,-0.36,72.88],[-0.143,0.914,0.451,18.84,27.19,17.82,0.07,72.88],[-0.020,0.915,0.352,18.65,10.36,10.08,0.19,72.99],[-0.061,0.943,0.527,15.24,18.90,20.26,0.44,72.90],[0.050,0.927,0.392,14.69,-12.99,-2.67,-0.40,73.65],[0.050,0.927,0.392,14.69,-12.99,-2.67,-0.46,73.53],[0.050,0.927,0.392,14.69,-12.99,-2.67,-0.51,73.41],[0.050,0.927,0.392,14.69,-12.99,-2.67,-0.57,73.29],[0.050,0.927,0.392,14.69,-12.99,-2.67,-0.62,73.17],[0.035,0.967,0.355,21.89,-5.55,7.39,-0.68,73.26]]}
26.598	{"type":"ecg","dev":"node-01","seq":1635,"t0":165061,"fs":250,"leads_off":false,"bpm":35.2,"samples":[230,227,241,223,227,241,224,229,225,231,236,217,228,231,218,224,217,218,227,193,209,208,215,227,221]}
26.669	{"type":"imu","dev":"node-01","seq":1587,"t0":165180,"fs":100,"samples":[[0.036,0.924,0.439,16.34,-3.97,8.06,-0.75,73.24],[0.038,0.935,0.375,27.25,-5.49,9.95,-0.83,73.41],[0.033,0.927,0.391,21.28,-8.36,9.28,-0.93,73.49],[0.003,0.925,0.362,14.32,-6.65,8.06,-0.98,73.54],[-0.031,0.928,0.386,22.13,-4.76,6.91,-0.98,73.63],[-0.024,0.929,0.372,30.60,-3.97,4.83,-0.97,73.82],[-0.056,0.919,0.308,36.82,-5.61,1.36,-0.94,74.14],[-0.013,0.906,0.355,10.48,0.79,2.03,-0.90,74.13],[-0.025,0.898,0.352,6.76,0.18,-1.81,-0.85,74.08],[-0.005,0.894,0.318,10.91,-2.56,-3.76,-0.85,74.12]]}
26.698	{"type":"ecg","dev":"node-01","seq":1636,"t0":165208,"fs":250,"leads_off":false,"bpm":35.2,"samples":[213,208,208,209,203,208,207,208,210,197,206,202,202,176,192,209,208,202,208,191,203,202,207,208,183]}
26.769	{"type":"imu","dev":"node-01","seq":1588,"t0":165280,"fs":100,"samples":[[-0.000,0.897,0.337,-8.05,1.34,-9.92,-0.82,73.94],[0.006,0.906,0.351,-12.02,5.24,-11.45,-0.76,73.72],[0.035,0.943,0.318,-10.31,15.24,-9.19,-0.63,73.58],[0.068,0.992,0.341,-10.19,21.70,-9.50,-0.48,73.42],[0.081,0.992,0.342,-5.31,23.72,-8.58,-0.33,73.32],[0.110,0.972,0.378,8.47,19.57,-7.06,-0.25,73.32],[0.156,0.972,0.335,19.02,8.23,-5.72,-0.34,73.45],[0.170,0.969,0.320,16.09,2.44,-4.98,-0.49,73.58],[0.164,0.965,0.302,10.48,-10.86,0.20,-0.77,73.66],[0.118,0.981,0.322,10.30,-19.15,8.31,-1.08,73.72]]}
26.798	{"type":"ecg","dev":"node-01","seq":1637,"t0":165308,"fs":250,"leads_off":false,"bpm":35.2,"samples":[207,198,197,208,197,198,195,200,205,191,192,192,195,207,187,199,176,195,201,181,197,192,192,194,178]}
26.869	{"type":"imu","dev":"node-01","seq":1589,"t0":165380,"fs":100,"samples":[[0.029,1.016,0.343,6.40,-19.88,14.04,-1.28,73.74],[-0.015,1.028,0.363,2.07,-14.27,16.42,-1.38,73.70],[-0.063,1.027,0.388,-0.92,-1.34,15.50,-1.30,73.60],[-0.078,1.000,0.397,-0.61,14.51,7.82,-1.05,73.49],[-0.067,0.985,0.428,-1.77,20.12,2.88,-0.76,73.33],[-0.017,0.955,0.442,-1.35,28.47,-12.48,-0.45,73.16],[0.033,0.958,0.418,-0.92,30.73,-25.47,-0.17,73.01],[0.062,0.962,0.408,-0.68,29.94,-30.96,0.06,72.89],[0.110,0.965,0.377,9.45,22.25,-35.47,0.15,72.89],[0.136,0.956,0.368,22.49,13.53,-32.61,0.13,73.03]]}
26.898	{"type":"ecg","dev":"node-01","seq":1638,"t0":165408,"fs":250,"leads_off":false,"bpm":35.2,"samples":[192,194,188,198,178,192,187,192,202,176,186,153,185,193,183,198,187,175,194,157,192,147,183,191,170]}
26.969	{"type":"imu","dev":"node-01","seq":1590,"t0":165480,"fs":100,"samples":[[0.150,0.969,0.368,28.65,7.07,-28.16,0.03,73.24],[0.132,0.953,0.374,21.28,1.64,-19.19,-0.10,73.35],[0.106,0.939,0.401,9.93,3.53,-9.44,-0.18,73.32],[0.087,0.919,0.401,5.12,3.23,-4.86,-0.24,73.23],[0.065,0.922,0.423,-6.71,0.36,-4.50,-0.31,73.01],[0.051,0.950,0.413,-18.36,1.77,-6.51,-0.34,72.70],[0.050,0.951,0.408,-32.93,2.13,-9.31,-0.37,72.26],[0.029,0.920,0.876,-49.64,14.94,-11.33,-0.24,71.26],[0.079,0.911,0.469,-35.13,-2.08,-11.51,-0.35,70.74],[0.078,0.916,0.432,-12.14,-7.44,-12.79,-0.50,70.50]]}
26.998	{"type":"ecg","dev":"node-01","seq":1639,"t0":165508,"fs":250,"leads_off":false,"bpm":35.2,"samples":[180,182,189,193,177,193,181,171,191,176,189,182,177,193,176,178,238,189,196,176,171,186,187,194,176]}
27.069	{"type":"imu","dev":"node-01","seq":1591,"t0":165580,"fs":100,"samples":[[0.087,0.915,0.436,-8.11,-13.11,-12.85,-0.72,70.30],[0.308,0.804,0.182,-0.01,-8.66,-14.50,-1.20,70.44],[0.111,0.903,0.455,-2.08,-13.84,-7.42,-1.43,70.28],[0.108,0.903,0.451,-6.16,-14.33,-7.67,-1.67,70.08],[0.090,0.879,0.473,-3.97,-14.88,-5.11,-1.88,69.88],[0.022,0.937,0.399,1.58,-17.50,-18.16,-2.04,69.83],[0.095,0.908,0.465,-24.82,-10.37,-13.83,-2.21,69.45],[0.033,0.898,0.451,-30.98,-16.83,-12.91,-2.37,69.03],[0.038,0.893,0.470,-15.37,-15.19,-11.94,-2.51,68.74],[-0.014,0.909,0.467,-18.72,-21.89,-12.85,-2.66,68.44]]}
27.098	{"type":"ecg","dev":"node-01","seq":1640,"t0":165608,"fs":250,"leads_off":false,"bpm":35.2,"samples":[189,181,192,192,174,192,187,189,192,175,186,182,190,195,170,186,183,189,185,171,185,181,186,183,175]}
27.169	{"type":"imu","dev":"node-01","seq":1592,"t0":165680,"fs":100,"samples":[[0.030,0.907,0.506,-11.71,-30.31,-24.56,-2.94,68.17],[0.025,1.083,0.485,11.40,-14.94,-16.02,-3.05,68.24],[-0.011,1.199,0.497,17.62,-14.09,-15.53,-3.12,68.39],[0.029,1.095,0.446,15.91,-19.64,-19.07,-3.28,68.54],[0.017,0.861,0.539,25.48,-84.52,-0.47,-4.06,68.58],[-0.006,0.855,0.416,43.65,-34.70,8.74,-4.31,68.91],[-0.024,0.860,0.355,42.01,-33.84,13.43,-4.52,69.30],[-0.108,0.875,0.388,18.78,-36.59,19.04,-4.66,69.42],[-0.143,0.901,0.435,18.41,-31.53,12.33,-4.72,69.49],[-0.121,0.895,0.404,27.01,-29.09,8.19,-4.77,69.68]]}
27.198	{"type":"ecg","dev":"node-01","seq":1641,"t0":165708,"fs":250,"leads_off":false,"bpm":35.2,"samples":[181,176,188,185,164,178,181,176,186,166,177,202,178,183,163,176,151,170,179,160,176,171,173,176,155]}
27.269	{"type":"imu","dev":"node-01","seq":1593,"t0":165780,"fs":100,"samples":[[-0.134,0.914,0.470,21.34,-33.97,4.28,-4.86,69.75],[-0.106,0.891,0.464,-2.02,-31.53,-3.40,-4.95,69.59],[-0.090,0.883,0.478,-6.96,-31.77,-4.98,-5.06,69.36],[-0.047,0.885,0.460,0.36,-40.43,-3.15,-5.30,69.23],[-0.068,0.824,0.407,3.23,-23.42,-1.57,-5.34,69.15],[-0.058,0.832,0.412,4.08,-20.73,0.93,-5.36,69.08],[0.115,0.857,0.459,11.89,-56.16,-0.90,-5.94,69.05],[-0.221,0.880,0.366,6.34,-67.81,8.98,-6.22,69.08],[-0.264,0.903,0.378,12.86,-29.88,6.78,-6.09,69.17],[0.024,0.926,0.447,23.17,22.80,-1.20,-5.77,69.30]]}
27.298	{"type":"ecg","dev":"node-01","seq":1642,"t0":165808,"fs":250,"leads_off":false,"bpm":35.2,"samples":[180,155,173,171,153,163,171,166,155,154,166,158,165,169,154,160,160,165,167,144,158,163,160,168,143]}
27.369	{"type":"imu","dev":"node-01","seq":1594,"t0":165880,"fs":100,"samples":[[0.009,0.956,0.528,31.40,-4.76,-0.78,-5.71,69.44],[-0.040,0.954,0.507,41.28,-11.22,-0.35,-5.67,69.70],[-0.071,0.979,0.464,52.19,-11.41,-4.37,-5.59,70.11],[-0.031,0.968,0.489,52.13,-6.47,-2.24,-5.51,70.48],[-0.044,0.979,0.463,48.59,-8.60,3.86,-5.44,70.84],[-0.060,0.967,0.447,47.31,-10.13,6.24,-5.36,71.19],[-0.072,0.957,0.434,39.69,-5.55,5.93,-5.23,71.47],[-0.060,0.951,0.434,25.54,-7.44,3.61,-5.13,71.60],[-0.066,0.958,0.424,22.19,-7.63,0.50,-5.03,71.71],[-0.060,0.960,0.427,7.56,-8.17,-2.55,-4.95,71.67]]}
27.398	{"type":"ecg","dev":"node-01","seq":1643,"t0":165908,"fs":250,"leads_off":false,"bpm":35.2,"samples":[154,153,162,163,145,150,151,155,158,139,154,146,149,162,136,151,145,149,146,132,145,143,147,144,127]}
27.469	{"type":"imu","dev":"node-01","seq":1595,"t0":165980,"fs":100,"samples":[[-0.035,0.967,0.460,-7.38,-11.04,-4.92,-4.92,71.45],[-0.024,0.957,0.457,-5.98,-12.08,-3.52,-4.92,71.25],[-0.023,0.946,0.463,5.30,-9.21,0.02,-4.88,71.16],[-0.019,0.920,0.487,13.71,-11.65,3.74,-4.88,71.11],[-0.030,0.912,0.476,24.87,-10.61,3.86,-4.85,71.18],[-0.020,0.908,0.463,32.49,-8.17,6.97,-4.81,71.34],[-0.034,0.914,0.465,39.20,-10.98,5.99,-4.79,71.56],[-0.051,0.923,0.458,38.96,-7.99,7.15,-4.71,71.78],[-0.062,0.915,0.451,34.75,-5.06,5.63,-4.60,71.96],[-0.053,0.898,0.424,24.51,-3.91,2.76,-4.48,72.05]]}
27.498	{"type":"ecg","dev":"node-01","seq":1644,"t0":166008,"fs":250,"leads_off":false,"bpm":35.2,"samples":[141,139,139,144,127,133,135,137,134,120,128,126,128,130,113,127,133,119,123,103,121,108,119,123,96]}
27.569	{"type":"imu","dev":"node-01","seq":1596,"t0":166080,"fs":100,"samples":[[-0.057,0.907,0.406,22.13,-2.08,1.17,-4.35,72.15],[-0.059,0.897,0.401,10.36,0.06,-1.20,-4.19,72.13],[-0.058,0.917,0.393,3.59,3.96,-4.44,-4.00,72.05],[-0.058,0.907,0.393,2.49,7.74,-2.30,-3.78,71.97],[-0.044,0.903,0.386,4.81,11.40,-2.00,-3.54,71.91],[-0.069,0.845,0.401,10.18,21.58,-1.57,-3.17,71.87],[-0.029,0.872,0.372,20.91,28.17,-5.59,-2.80,71.97],[0.017,0.965,0.350,32.98,34.39,-3.46,-2.42,72.26],[0.060,0.951,0.423,28.90,22.86,-1.57,-2.22,72.42],[0.070,0.991,0.499,44.32,27.98,-12.55,-1.97,72.67]]}
27.598	{"type":"ecg","dev":"node-01","seq":1645,"t0":166108,"fs":250,"leads_off":false,"bpm":35.2,"samples":[99,111,137,112,77,106,89,103,107,67,94,99,82,99,70,86,86,87,90,60,80,79,80,80,61]}
27.669	{"type":"imu","dev":"node-01","seq":1597,"t0":166180,"fs":100,"samples":[[0.001,0.912,0.395,48.29,21.83,-15.29,-1.72,73.02],[-0.013,0.957,0.387,43.47,-16.22,-3.58,-1.83,73.34],[0.036,0.943,0.402,16.82,-5.98,-2.97,-1.89,73.38],[0.038,0.943,0.388,3.47,-3.42,0.69,-1.93,73.30],[0.030,0.941,0.375,-15.49,-3.84,7.70,-1.96,73.05],[0.016,0.936,0.430,-36.83,3.11,11.78,-1.91,72.53],[0.013,0.929,0.436,-37.69,9.51,14.04,-1.79,72.01],[0.015,0.943,0.431,-29.21,12.13,13.13,-1.66,71.59],[-0.033,0.968,0.448,-16.53,5.73,9.35,-1.53,71.30],[-0.046,0.977,0.432,-2.87,8.17,3.61,-1.37,71.17]]}
27.697	{"type":"ecg","dev":"node-01","seq":1646,"t0":166208,"fs":250,"leads_off":false,"bpm":35.2,"samples":[80,77,75,77,53,67,57,67,66,44,61,64,60,68,34,51,41,52,53,31,47,46,48,48,20]}
27.769	{"type":"imu","dev":"node-01","seq":1598,"t0":166280,"fs":100,"samples":[[-0.047,1.003,0.395,24.69,11.40,-3.70,-1.18,71.36],[-0.060,1.011,0.377,37.31,10.91,-10.66,-0.99,71.69],[-0.033,1.021,0.360,32.68,11.58,-16.87,-0.82,71.99],[-0.022,1.015,0.359,25.18,9.51,-17.06,-0.69,72.20],[-0.017,1.028,0.373,4.14,8.96,-17.42,-0.57,72.20],[-0.025,1.057,0.365,-22.69,10.06,-14.92,-0.43,71.96],[-0.030,1.050,0.309,-40.92,16.83,-10.53,-0.23,71.59],[0.002,0.996,0.423,-68.36,30.42,-8.89,0.07,70.83],[0.066,0.965,0.433,-62.57,27.74,-6.57,0.27,70.11],[0.039,0.936,0.407,-50.37,22.44,-3.22,0.44,69.55]]}
27.797	{"type":"ecg","dev":"node-01","seq":1647,"t0":166308,"fs":250,"leads_off":false,"bpm":35.2,"samples":[41,37,41,43,16,36,32,35,31,13,30,30,28,32,5,23,23,30,26,0,16,17,20,33,0]}
27.869	{"type":"imu","dev":"node-01","seq":1599,"t0":166380,"fs":100,"samples":[[0.010,0.890,0.439,-21.77,17.50,-2.61,0.59,69.22],[0.035,0.855,0.442,17.62,17.37,-2.36,0.71,69.26],[-0.010,0.834,0.427,38.29,12.37,-3.03,0.83,69.50],[0.035,0.817,0.424,61.70,16.28,-2.12,0.93,69.97],[0.045,0.820,0.380,73.84,13.59,1.30,0.99,70.60],[0.040,0.823,0.393,65.60,13.96,2.45,1.05,71.12],[0.054,0.854,0.374,38.96,16.64,3.80,1.13,71.40],[0.049,0.857,0.357,10.60,14.33,3.67,1.19,71.43],[0.068,0.843,0.365,-1.83,9.75,6.11,1.17,71.31],[0.049,0.857,0.394,-8.85,7.80,6.48,1.17,71.11]]}
27.897	{"type":"ecg","dev":"node-01","seq":1648,"t0":166408,"fs":250,"leads_off":false,"bpm":35.2,"samples":[11,13,16,15,0,5,16,16,7,0,5,0,0,4,0,0,6,0,0,0,0,0,0,0,0]}
27.902	{"type":"status","dev":"node-01","fw":"0.1.0","uptime_ms":166509,"ecg":{"fs":250},"imu":{"ok":true,"fs":100,"errors":496,"fields":["ax","ay","az","gx","gy","gz","pitch","roll"]}}
27.969	{"type":"imu","dev":"node-01","seq":1600,"t0":166480,"fs":100,"samples":[[0.050,0.883,0.439,-10.98,3.53,7.70,1.12,70.85],[0.026,0.897,0.410,-14.09,1.83,8.98,1.09,70.60],[0.007,0.894,0.433,-11.83,-0.37,10.81,1.05,70.36],[-0.034,0.925,0.451,1.64,4.27,11.17,1.11,70.25],[-0.042,0.966,0.473,19.20,8.72,5.32,1.22,70.31],[-0.032,0.974,0.463,27.43,13.41,1.91,1.36,70.46],[0.021,0.969,0.481,35.91,12.80,-9.13,1.44,70.67],[0.047,0.985,0.460,34.81,8.84,-13.22,1.44,70.90],[0.053,0.986,0.451,27.31,4.69,-13.95,1.41,71.06],[0.040,0.987,0.459,10.18,-4.09,-8.09,1.29,71.04]]}
27.997	{"type":"ecg","dev":"node-01","seq":1649,"t0":166508,"fs":250,"leads_off":false,"bpm":35.2,"samples":[0,0,0,0,0,0,0,0,0,0,0,0,0,0,0,0,0,0,0,0,0,0,0,0,0]}
28.069	{"type":"imu","dev":"node-01","seq":1601,"t0":166580,"fs":100,"samples":[[0.027,0.967,0.453,2.01,-11.04,-2.18,1.13,70.94],[0.027,0.962,0.465,-3.11,-12.75,1.24,0.95,70.77],[0.028,0.951,0.468,-9.03,-14.15,4.83,0.77,70.54],[0.037,0.932,0.482,-14.33,-16.95,6.85,0.54,70.24],[0.053,0.922,0.495,-15.25,-16.77,8.00,0.31,69.93],[0.040,0.897,0.471,-16.53,-19.15,4.83,0.07,69.61],[0.046,0.890,0.488,-7.32,-19.88,1.66,-0.18,69.37],[0.049,0.898,0.480,7.37,-16.47,-2.67,-0.39,69.30],[0.041,0.919,0.483,11.52,-15.98,-4.98,-0.58,69.27],[0.049,0.948,0.475,19.63,-15.80,-6.57,-0.78,69.34]]}
28.097	{"type":"ecg","dev":"node-01","seq":1650,"t0":166608,"fs":250,"leads_off":false,"bpm":35.2,"samples":[0,0,0,0,0,0,0,0,0,0,0,0,0,0,0,0,0,0,0,0,0,0,0,0,0]}
28.169	{"type":"imu","dev":"node-01","seq":1602,"t0":166680,"fs":100,"samples":[[0.032,1.023,0.444,26.95,-14.15,-5.96,-0.94,69.55],[0.024,1.059,0.439,26.09,-12.50,-6.20,-1.06,69.77],[0.018,1.016,0.436,24.08,-14.15,-5.84,-1.20,69.94],[0.033,0.861,0.429,21.82,-24.94,3.92,-1.46,70.03],[0.008,0.834,0.412,26.82,-25.80,8.49,-1.69,70.16],[-0.023,0.864,0.393,20.91,-17.56,13.92,-1.80,70.28],[0.125,0.903,0.412,22.62,-30.86,12.94,-2.21,70.40],[0.068,0.942,0.408,21.09,-81.47,4.04,-3.04,70.53],[-0.338,0.943,0.300,33.47,-80.19,9.22,-3.39,70.89],[-0.031,1.011,0.388,53.96,0.73,-12.06,-3.28,71.39]]}
28.197	{"type":"ecg","dev":"node-01","seq":1651,"t0":166708,"fs":250,"leads_off":false,"bpm":35.2,"samples":[0,0,0,0,0,0,0,0,0,0,0,0,0,0,0,0,0,0,0,0,0,0,0,0,0]}
28.269	{"type":"imu","dev":"node-01","seq":1603,"t0":166780,"fs":100,"samples":[[0.068,0.993,0.455,48.71,-3.97,-14.80,-3.33,71.74],[0.028,0.992,0.396,38.90,-26.04,-9.25,-3.55,72.05],[-0.014,0.981,0.370,12.62,-21.28,-0.53,-3.67,72.12],[0.004,0.975,0.390,0.06,-14.76,2.82,-3.74,72.05],[-0.004,0.976,0.407,-16.22,-7.99,14.41,-3.74,71.79],[-0.036,0.981,0.397,-29.09,-0.73,20.93,-3.64,71.43],[-0.025,0.961,0.422,-49.09,7.62,17.70,-3.46,70.85],[-0.006,0.954,0.428,-44.15,7.19,11.97,-3.32,70.31],[0.041,0.946,0.424,-17.81,6.70,3.13,-3.23,70.05],[0.046,0.923,0.429,-3.79,-1.22,-2.91,-3.23,69.91]]}
28.297	{"type":"ecg","dev":"node-01","seq":1652,"t0":166808,"fs":250,"leads_off":false,"bpm":35.2,"samples":[0,0,0,0,0,0,0,0,0,0,0,0,0,0,0,0,0,0,0,0,0,0,0,0,0]}
28.369	{"type":"imu","dev":"node-01","seq":1604,"t0":166880,"fs":100,"samples":[[0.047,0.919,0.416,2.25,-4.03,-2.42,-3.26,69.85],[0.024,0.892,0.424,-10.13,-4.70,1.48,-3.26,69.65],[0.009,0.857,0.413,-21.10,-8.78,9.04,-3.30,69.33],[-0.024,0.847,0.429,-16.77,-8.66,12.27,-3.29,69.04],[-0.014,0.827,0.439,-13.36,-6.10,18.49,-3.26,68.77],[-0.092,0.833,0.478,-12.87,-7.26,21.78,-3.16,68.47],[-0.064,0.848,0.477,-11.83,-2.63,20.87,-3.05,68.20],[-0.091,0.860,0.481,17.80,-4.82,12.27,-2.93,68.23],[-0.052,0.892,0.488,49.57,-7.56,6.85,-2.89,68.58],[-0.040,0.905,0.499,53.35,-9.15,5.02,-2.87,68.95]]}
28.397	{"type":"ecg","dev":"node-01","seq":1653,"t0":166908,"fs":250,"leads_off":false,"bpm":null,"samples":[0,0,0,0,0,0,0,0,0,0,0,0,0,0,0,0,0,0,0,0,0,0,0,0,0]}
28.469	{"type":"imu","dev":"node-01","seq":1605,"t0":166980,"fs":100,"samples":[[-0.027,0.946,0.489,54.51,-10.37,1.91,-2.89,69.36],[0.000,0.944,0.498,61.64,-14.94,3.13,-2.98,69.82],[0.006,0.937,0.506,64.39,-13.72,4.10,-3.06,70.28],[0.035,0.920,0.487,58.71,-13.11,8.61,-3.16,70.70],[0.017,0.938,0.456,51.09,-5.92,10.44,-3.18,71.07],[0.002,0.943,0.429,35.48,0.42,9.77,-3.11,71.30],[-0.015,0.950,0.404,23.65,0.30,9.22,-3.03,71.45],[-0.005,0.928,0.406,7.68,1.77,7.45,-2.95,71.42],[-0.011,0.932,0.465,14.81,2.62,1.24,-2.85,71.41],[0.026,0.926,0.449,22.13,0.12,-0.72,-2.82,71.48]]}
28.497	{"type":"ecg","dev":"node-01","seq":1654,"t0":167008,"fs":250,"leads_off":false,"bpm":null,"samples":[0,0,0,0,0,0,0,0,0,0,0,0,0,0,0,0,0,0,0,0,0,0,0,0,0]}
28.569	{"type":"imu","dev":"node-01","seq":1606,"t0":167080,"fs":100,"samples":[[0.002,0.935,0.444,24.51,-1.77,-2.00,-2.78,71.58],[0.011,0.948,0.442,27.25,2.07,-1.33,-2.72,71.71],[0.012,0.936,0.469,26.40,1.77,-1.08,-2.66,71.81],[-0.010,0.924,0.440,37.07,12.98,-1.75,-2.47,72.02],[0.002,0.908,0.457,26.40,2.62,1.72,-2.40,72.11],[0.031,0.927,0.428,26.89,7.56,4.28,-2.31,72.23],[0.041,0.958,0.438,9.81,3.72,5.32,-2.27,72.19],[0.025,0.969,0.411,2.56,-0.55,2.70,-2.26,72.12],[0.026,0.935,0.421,-4.03,-3.17,2.82,-2.27,71.95],[0.038,0.859,0.418,1.34,-2.08,5.38,-2.29,71.80]]}
28.597	{"type":"ecg","dev":"node-01","seq":1655,"t0":167108,"fs":250,"leads_off":false,"bpm":null,"samples":[0,0,0,0,0,0,0,0,0,0,0,0,0,0,0,0,0,0,0,0,0,0,0,0,0]}
28.669	{"type":"imu","dev":"node-01","seq":1607,"t0":167180,"fs":100,"samples":[[0.035,0.912,0.385,-11.65,-0.86,4.16,-2.30,71.60],[0.022,0.931,0.386,-8.42,0.06,2.21,-2.28,71.43],[0.037,0.921,0.405,-3.24,0.55,1.24,-2.27,71.30],[0.055,0.891,0.420,18.29,6.46,-1.94,-2.22,71.35],[0.044,0.873,0.434,21.89,4.94,-3.89,-2.18,71.40],[0.047,0.893,0.418,26.09,5.30,-4.62,-2.14,71.53],[0.053,0.899,0.449,35.60,9.14,-3.70,-2.07,71.72],[0.038,0.903,0.391,52.80,15.48,-1.57,-1.92,72.13],[0.030,0.917,0.393,48.04,3.41,-0.05,-1.88,72.50],[0.040,0.948,0.357,31.15,5.67,-0.17,-1.83,72.74]]}
28.697	{"type":"ecg","dev":"node-01","seq":1656,"t0":167208,"fs":250,"leads_off":false,"bpm":null,"samples":[0,0,0,0,0,0,0,0,0,0,0,0,0,0,0,0,0,0,0,0,0,0,0,0,0]}
28.769	{"type":"imu","dev":"node-01","seq":1608,"t0":167280,"fs":100,"samples":[[0.013,0.958,0.384,5.67,-0.25,1.42,-1.81,72.70],[0.007,0.964,0.378,0.18,2.56,3.67,-1.76,72.62],[0.009,0.952,0.398,-2.63,6.40,3.25,-1.67,72.49],[0.021,0.956,0.391,-4.21,12.13,-2.18,-1.54,72.35],[0.022,0.957,0.386,-8.91,14.87,-4.44,-1.39,72.18],[0.050,0.983,0.355,-20.98,20.55,-7.48,-1.22,71.93],[0.033,1.001,0.358,-14.52,50.36,-13.22,-0.73,71.76],[0.043,0.989,0.424,-6.59,14.87,-8.46,-0.62,71.60],[0.008,0.957,0.323,12.62,29.45,-3.64,-0.33,71.71],[0.042,1.009,0.424,30.97,12.56,-5.78,-0.24,71.93]]}
28.797	{"type":"ecg","dev":"node-01","seq":1657,"t0":167308,"fs":250,"leads_off":false,"bpm":null,"samples":[0,0,0,0,0,0,0,0,0,0,0,0,0,0,0,0,0,0,0,0,0,0,0,0,0]}
28.869	{"type":"imu","dev":"node-01","seq":1609,"t0":167380,"fs":100,"samples":[[0.002,0.954,0.230,42.07,12.44,-4.07,-0.12,72.43],[0.123,1.035,0.512,27.37,26.83,8.31,0.02,72.52],[0.025,0.953,0.444,29.99,8.41,-10.47,0.08,72.67],[0.035,0.945,0.380,37.98,5.91,-14.37,0.10,72.95],[0.051,0.944,0.375,38.23,1.89,-15.96,0.06,73.23],[0.058,0.946,0.404,16.52,0.12,-18.09,-0.01,73.26],[0.072,0.950,0.411,0.79,1.34,-17.48,-0.08,73.14],[0.097,0.943,0.414,-10.55,4.87,-15.35,-0.13,72.90],[0.095,0.939,0.422,-29.70,0.67,-12.42,-0.23,72.47],[0.095,0.920,0.447,-34.09,-2.20,-12.42,-0.35,71.96]]}
28.897	{"type":"ecg","dev":"node-01","seq":1658,"t0":167408,"fs":250,"leads_off":false,"bpm":null,"samples":[0,0,0,0,0,0,0,0,0,0,0,0,0,0,0,0,0,0,0,0,0,0,0,0,0]}
28.969	{"type":"imu","dev":"node-01","seq":1610,"t0":167480,"fs":100,"samples":[[0.098,0.922,0.460,-34.15,-4.27,-11.20,-0.50,71.46],[0.091,0.947,0.453,-25.92,-3.97,-6.33,-0.63,71.06],[0.075,0.970,0.472,-19.33,-5.61,-7.06,-0.75,70.73],[0.065,0.940,0.450,-12.44,-4.21,-8.16,-0.85,70.49],[0.053,0.884,0.466,9.26,-4.15,-0.05,-0.93,70.41],[0.059,0.870,0.464,33.96,-2.99,0.02,-1.01,70.57],[0.044,0.869,0.459,41.28,-4.27,-0.72,-1.08,70.81],[0.030,0.881,0.458,48.29,-4.76,-4.62,-1.14,71.12],[0.032,0.890,0.466,47.56,-2.93,-6.87,-1.19,71.41],[0.060,0.896,0.456,46.70,-5.19,-7.06,-1.28,71.70]]}
28.997	{"type":"ecg","dev":"node-01","seq":1659,"t0":167508,"fs":250,"leads_off":false,"bpm":null,"samples":[0,0,0,0,0,0,0,0,0,0,0,0,0,0,0,0,0,0,0,0,0,0,0,0,0]}
29.069	{"type":"imu","dev":"node-01","seq":1611,"t0":167580,"fs":100,"samples":[[0.045,0.893,0.432,44.81,-7.02,-9.19,-1.38,71.99],[0.049,0.901,0.422,35.48,-11.59,-9.44,-1.52,72.19],[0.055,0.918,0.400,17.43,-9.88,-7.85,-1.65,72.25],[0.066,0.900,0.390,5.24,-10.61,-6.33,-1.80,72.19],[0.085,0.881,0.463,-4.09,-17.75,-4.44,-2.03,71.95],[0.109,0.910,0.388,-3.05,-25.37,-2.18,-2.37,71.82],[0.100,0.914,0.376,-8.85,-30.37,-0.84,-2.73,71.65],[0.069,0.956,0.388,-20.49,-36.10,-0.05,-3.11,71.37],[0.036,0.927,0.436,-14.88,-39.33,2.03,-3.47,71.09],[0.020,0.963,0.464,-3.42,-37.08,2.94,-3.79,70.92]]}
29.097	{"type":"ecg","dev":"node-01","seq":1660,"t0":167608,"fs":250,"leads_off":false,"bpm":null,"samples":[0,0,0,0,0,0,0,0,0,0,0,0,0,0,0,0,0,0,0,0,0,0,0,0,0]}
29.169	{"type":"imu","dev":"node-01","seq":1612,"t0":167680,"fs":100,"samples":[[-0.052,1.356,0.504,10.60,-23.36,-10.47,-3.90,71.00],[0.026,0.995,0.314,-10.43,-15.67,-16.45,-4.00,70.93],[0.001,0.899,0.411,-19.70,-25.80,-7.79,-4.18,70.63],[-0.022,0.861,0.436,13.17,-26.59,-3.64,-4.33,70.61],[-0.100,0.905,0.334,35.48,-32.20,5.99,-4.44,70.94],[-0.159,0.933,0.349,34.63,-36.95,10.08,-4.53,71.25],[-0.254,0.948,0.418,27.62,-30.49,13.00,-4.46,71.42],[-0.191,0.938,0.415,23.10,-19.70,10.02,-4.36,71.54],[-0.115,0.939,0.419,23.47,-17.26,0.02,-4.31,71.65],[-0.073,0.940,0.422,22.74,-15.80,-4.86,-4.30,71.76]]}
29.197	{"type":"ecg","dev":"node-01","seq":1661,"t0":167708,"fs":250,"leads_off":false,"bpm":null,"samples":[0,0,0,0,0,0,0,0,0,0,0,0,0,0,0,0,0,0,0,0,0,0,0,0,0]}
29.269	{"type":"imu","dev":"node-01","seq":1613,"t0":167780,"fs":100,"samples":[[-0.020,0.929,0.400,16.40,-13.54,-10.47,-4.32,71.82],[-0.016,0.885,0.413,14.57,-10.67,-12.30,-4.32,71.83],[-0.025,0.874,0.422,14.26,-9.39,-11.45,-4.30,71.81],[-0.013,0.846,0.408,14.75,-8.78,-9.01,-4.28,71.81],[0.020,0.875,0.386,7.74,-11.59,-6.87,-4.33,71.77],[0.037,0.902,0.399,-2.26,-13.11,-6.02,-4.42,71.64],[0.032,0.919,0.419,-15.68,-23.60,-6.20,-4.60,71.36],[-0.004,0.926,0.454,-17.75,-29.58,-3.58,-4.79,71.04],[-0.035,0.921,0.450,-15.37,-31.89,-4.01,-4.97,70.74],[-0.063,0.947,0.458,-31.65,-30.25,-4.01,-5.10,70.30]]}
29.297	{"type":"ecg","dev":"node-01","seq":1662,"t0":167808,"fs":250,"leads_off":false,"bpm":null,"samples":[0,0,0,0,0,0,0,0,0,0,0,0,0,0,0,0,0,0,0,0,0,0,0,0,0]}
29.369	{"type":"imu","dev":"node-01","seq":1614,"t0":167880,"fs":100,"samples":[[-0.084,0.955,0.501,-46.53,-33.23,-3.76,-5.23,69.69],[-0.098,0.958,0.488,-47.08,-24.82,-0.23,-5.27,69.09],[-0.021,0.891,0.491,-47.87,-15.49,1.66,-5.29,68.46],[-0.107,0.903,0.669,-9.21,-65.55,-9.01,-5.72,68.07],[-0.051,0.914,0.468,26.70,-30.61,-7.67,-5.85,68.23],[-0.082,0.916,0.502,33.53,-30.13,-8.40,-5.94,68.42],[-0.044,0.915,0.583,27.01,-27.75,-9.98,-6.04,68.47],[-0.082,0.886,0.506,30.60,-18.11,-18.03,-6.01,68.60],[-0.042,0.945,0.502,26.46,-16.04,-19.01,-6.00,68.73],[-0.048,0.931,0.502,25.91,-13.78,-15.65,-5.96,68.84]]}
29.397	{"type":"ecg","dev":"node-01","seq":1663,"t0":167908,"fs":250,"leads_off":false,"bpm":null,"samples":[0,0,0,0,0,0,0,0,0,0,0,0,0,0,0,0,0,0,0,0,0,0,0,0,0]}
29.469	{"type":"imu","dev":"node-01","seq":1615,"t0":167980,"fs":100,"samples":[[-0.044,0.919,0.485,24.57,-11.34,-10.66,-5.91,68.95],[-0.043,0.896,0.495,18.71,-10.43,-8.28,-5.84,68.98],[-0.044,0.877,0.489,3.59,-6.10,-2.48,-5.73,68.85],[-0.044,0.840,0.483,-5.92,-0.19,0.69,-5.57,68.62],[-0.020,0.840,0.485,-2.14,0.85,0.20,-5.43,68.42],[-0.102,0.786,0.233,33.17,40.85,-1.75,-4.78,68.85],[-0.038,0.818,0.436,33.35,-0.86,2.21,-4.64,69.04],[-0.051,0.849,0.441,33.35,2.01,4.16,-4.47,69.23],[-0.110,0.809,-0.016,27.74,4.63,7.94,-4.18,69.94],[-0.028,0.836,0.438,35.30,4.45,9.83,-4.02,70.14]]}
29.497	{"type":"ecg","dev":"node-01","seq":1664,"t0":168008,"fs":250,"leads_off":false,"bpm":null,"samples":[0,0,0,0,0,0,0,0,0,0,0,0,0,0,0,0,0,0,0,0,0,0,0,0,0]}
29.569	{"type":"imu","dev":"node-01","seq":1616,"t0":168080,"fs":100,"samples":[[-0.035,0.856,0.448,25.85,12.19,6.85,-3.78,70.24],[0.040,0.977,0.402,37.98,20.67,12.70,-3.54,70.56],[0.013,1.099,0.427,43.10,30.30,-0.90,-3.19,70.94],[0.060,1.109,0.518,47.62,16.34,5.87,-3.02,71.29],[0.123,0.985,0.395,38.29,15.42,2.09,-2.94,71.60],[0.180,0.948,0.382,24.02,13.72,-6.63,-2.95,71.77],[0.165,0.959,0.345,20.97,-0.86,-0.78,-3.08,71.94],[0.150,0.976,0.336,21.34,-9.09,2.52,-3.27,72.13],[0.096,1.022,0.363,7.13,-14.70,7.21,-3.45,72.17],[0.042,1.048,0.428,-2.51,-16.65,9.47,-3.59,72.05]]}
29.597	{"type":"ecg","dev":"node-01","seq":1665,"t0":168108,"fs":250,"leads_off":false,"bpm":null,"samples":[0,0,0,0,0,0,0,0,0,0,0,0,0,0,0,0,0,0,0,0,0,0,0,0,0]}
29.669	{"type":"imu","dev":"node-01","seq":1617,"t0":168180,"fs":100,"samples":[[0.021,1.033,0.391,-6.71,-13.60,9.41,-3.67,71.93],[-0.007,1.000,0.415,-21.71,-10.86,8.37,-3.70,71.63],[-0.043,0.981,0.395,-33.85,10.24,-17.73,-3.47,71.23],[-0.473,1.109,0.806,-41.53,6.77,-17.30,-2.96,70.48],[-0.070,0.912,0.459,-36.59,-6.34,-5.35,-2.88,69.97],[-0.056,0.886,0.463,-46.77,-3.23,-11.87,-2.79,69.36],[-0.046,0.894,0.452,-46.10,-4.88,-13.70,-2.73,68.79],[-0.022,0.904,0.469,-37.44,-3.72,-13.58,-2.69,68.30],[0.004,0.903,0.491,-10.92,-6.28,-11.81,-2.70,68.05],[0.019,0.918,0.485,2.49,-5.80,-9.44,-2.73,67.96]]}
29.697	{"type":"ecg","dev":"node-01","seq":1666,"t0":168208,"fs":250,"leads_off":false,"bpm":null,"samples":[0,0,0,0,0,0,0,0,0,0,0,0,0,0,0,0,0,0,0,0,0,0,0,0,0]}
29.769	{"type":"imu","dev":"node-01","seq":1618,"t0":168280,"fs":100,"samples":[[0.017,0.897,0.515,6.70,-5.67,-8.52,-2.75,67.87],[0.021,0.851,0.501,8.71,-0.92,-9.25,-2.72,67.79],[0.034,0.861,0.506,7.49,-2.93,-12.67,-2.74,67.70],[-0.002,0.883,0.527,11.15,-6.47,-16.57,-2.74,67.63],[0.039,0.907,0.508,19.93,-12.87,-17.61,-2.86,67.69],[0.034,0.955,0.511,5.30,-6.59,-12.06,-2.90,67.63],[0.027,0.928,0.529,-5.55,-4.64,-8.89,-2.92,67.43],[0.037,0.907,0.526,-7.14,-6.59,-2.97,-2.96,67.21],[0.040,0.873,0.535,-5.68,-7.08,-1.20,-3.02,66.98],[0.047,0.867,0.535,-3.24,-6.77,0.81,-3.08,66.77]]}
29.797	{"type":"ecg","dev":"node-01","seq":1667,"t0":168308,"fs":250,"leads_off":false,"bpm":null,"samples":[0,0,0,0,0,0,0,0,0,0,0,0,0,0,0,0,0,0,0,0,0,0,0,0,0]}
29.869	{"type":"imu","dev":"node-01","seq":1619,"t0":168380,"fs":100,"samples":[[0.037,0.881,0.514,8.47,-8.23,-2.24,-3.14,66.71],[0.048,0.897,0.512,7.86,-7.50,-2.00,-3.20,66.66],[0.038,0.899,0.509,9.87,-10.61,-2.97,-3.28,66.63],[0.103,0.869,0.569,14.87,-31.04,-11.51,-3.64,66.58],[0.065,0.901,0.516,34.26,-15.61,-10.11,-3.79,66.79],[0.060,0.903,0.510,35.91,-15.67,-9.92,-3.93,67.02],[0.044,0.903,0.516,20.91,-13.17,-8.52,-4.03,67.09],[0.033,0.899,0.515,-2.38,-10.61,-6.63,-4.09,66.93],[0.040,0.906,0.501,-13.66,-8.84,-5.90,-4.14,66.68],[0.029,0.873,0.527,-24.03,-12.08,-2.79,-4.21,66.28]]}
29.897	{"type":"ecg","dev":"node-01","seq":1668,"t0":168408,"fs":250,"leads_off":false,"bpm":null,"samples":[0,0,0,0,0,0,0,0,0,0,0,0,0,0,0,0,0,0,0,0,0,0,0,0,0]}
29.969	{"type":"imu","dev":"node-01","seq":1620,"t0":168480,"fs":100,"samples":[[0.056,0.853,0.512,-9.33,-16.53,-2.61,-4.35,66.05],[0.052,0.845,0.514,-0.25,-20.00,1.97,-4.52,65.90],[0.038,0.842,0.520,4.99,-26.34,3.31,-4.73,65.79],[0.042,0.867,0.523,-1.04,-20.31,4.16,-4.88,65.65],[0.012,0.905,0.526,10.91,-24.15,-0.78,-5.04,65.64],[0.036,0.957,0.516,11.76,-23.97,-4.44,-5.21,65.67],[0.004,1.141,0.542,16.76,-19.94,-8.34,-5.30,65.81],[0.028,1.126,0.505,17.25,-28.97,-14.44,-5.51,65.98],[0.045,0.901,0.547,10.73,-38.30,-10.66,-5.82,65.94],[0.021,0.859,0.575,30.67,-39.03,1.54,-6.11,66.05]]}
29.997	{"type":"ecg","dev":"node-01","seq":1669,"t0":168508,"fs":250,"leads_off":false,"bpm":null,"samples":[0,0,0,0,0,0,0,0,0,0,0,0,0,0,0,0,0,0,0,0,0,0,0,0,0]}
30.069	{"type":"imu","dev":"node-01","seq":1621,"t0":168580,"fs":100,"samples":[[-0.041,0.852,0.480,17.43,-32.50,10.99,-6.26,66.11],[-0.094,0.833,0.458,19.69,-30.55,16.85,-6.32,66.21],[-0.133,0.887,0.419,19.14,-20.31,21.97,-6.24,66.36],[-0.149,0.874,0.471,14.57,-20.00,12.94,-6.14,66.41],[-0.115,0.874,0.474,20.24,-17.87,7.03,-6.06,66.51],[-0.072,0.885,0.469,29.51,-15.00,-0.84,-6.00,66.71],[-0.032,0.861,0.478,35.73,-14.15,-8.34,-5.98,66.95],[-0.006,0.861,0.464,50.48,-14.82,-10.72,-6.00,67.34],[0.016,0.860,0.460,54.51,-15.37,-9.19,-6.05,67.76],[0.003,0.868,0.447,47.19,-15.37,-2.55,-6.08,68.12]]}
30.097	{"type":"ecg","dev":"node-01","seq":1670,"t0":168608,"fs":250,"leads_off":false,"bpm":null,"samples":[0,0,0,0,0,0,0,0,0,0,0,0,0,0,0,0,0,0,0,0,0,0,0,0,0]}
30.169	{"type":"imu","dev":"node-01","seq":1622,"t0":168680,"fs":100,"samples":[[0.005,0.920,0.414,24.63,-12.32,4.95,-6.09,68.32],[-0.000,0.931,0.428,14.63,-13.48,9.10,-6.10,68.40],[0.026,0.965,0.466,4.20,-12.44,16.66,-6.12,68.36],[0.052,0.967,0.508,8.90,-16.28,17.03,-6.22,68.33],[0.051,0.959,0.485,8.78,-19.58,16.24,-6.34,68.31],[0.043,0.961,0.475,5.42,-24.39,13.43,-6.50,68.27],[0.003,0.917,0.458,16.89,-28.17,12.94,-6.65,68.34],[0.005,0.910,0.473,28.17,-27.38,11.42,-6.79,68.50],[-0.010,0.904,0.478,43.59,-24.70,12.15,-6.88,68.80],[-0.012,0.907,0.465,41.09,-22.02,13.43,-6.95,69.08]]}
30.197	{"type":"ecg","dev":"node-01","seq":1671,"t0":168708,"fs":250,"leads_off":false,"bpm":null,"samples":[0,0,0,0,0,0,0,0,0,0,0,0,0,0,0,0,0,0,0,0,0,0,0,0,0]}
30.269	{"type":"imu","dev":"node-01","seq":1623,"t0":168780,"fs":100,"samples":[[-0.014,0.918,0.456,39.81,-21.16,12.94,-7.00,69.36],[-0.020,0.920,0.465,36.40,-19.70,9.65,-7.03,69.59],[-0.018,0.922,0.471,34.20,-16.22,6.36,-7.03,69.80],[-0.025,0.910,0.477,29.39,-15.00,4.16,-7.01,69.94],[-0.008,0.934,0.478,19.08,-14.39,-0.05,-7.00,69.98],[-0.014,0.943,0.479,12.43,-15.19,-1.08,-6.99,69.97],[-0.005,0.945,0.492,15.91,-15.13,-1.94,-7.00,69.97],[0.001,0.935,0.482,19.32,-14.88,-2.00,-7.00,70.02],[0.010,0.900,0.473,24.69,-17.08,-5.47,-7.04,70.10],[0.016,0.881,0.443,16.70,-17.08,-4.01,-7.09,70.13]]}
30.297	{"type":"ecg","dev":"node-01","seq":1672,"t0":168808,"fs":250,"leads_off":false,"bpm":null,"samples":[0,0,0,0,0,0,0,0,0,0,0,0,0,0,0,0,0,0,0,0,0,0,0,0,0]}
30.369	{"type":"imu","dev":"node-01","seq":1624,"t0":168880,"fs":100,"samples":[[-0.004,0.873,0.455,10.42,-16.77,-6.20,-7.11,70.08],[-0.012,0.863,0.447,8.47,-17.87,-5.23,-7.12,70.01],[-0.034,0.851,0.439,10.12,-17.75,-5.90,-7.11,69.97],[-0.038,0.882,0.444,8.53,-19.76,-6.45,-7.12,69.92],[-0.016,0.900,0.428,15.42,-12.14,-3.40,-7.08,69.96],[-0.036,0.858,0.407,7.68,4.02,-6.02,-6.86,69.93],[-0.025,0.869,0.424,6.03,-12.14,-4.50,-6.81,69.87],[-0.016,0.930,0.427,9.93,-9.70,-6.51,-6.75,69.88],[0.165,1.039,0.659,27.56,2.19,-8.16,-6.74,69.90],[-0.047,0.908,0.213,27.74,26.52,-10.35,-6.29,70.31]]}
30.397	{"type":"ecg","dev":"node-01","seq":1673,"t0":168908,"fs":250,"leads_off":false,"bpm":null,"samples":[0,0,0,0,0,0,0,0,0,0,0,0,0,0,0,0,0,0,0,0,0,0,0,0,0]}
30.479	{"type":"imu","dev":"node-01","seq":1625,"t0":168980,"fs":100,"samples":[[-0.013,0.829,0.467,10.85,-8.72,0.50,-6.24,70.22],[-0.018,0.918,0.311,19.32,-0.25,-2.91,-6.09,70.43],[-0.026,0.945,0.341,11.21,-0.06,-2.00,-5.94,70.54],[-0.029,0.973,0.429,18.23,5.00,-4.13,-5.74,70.63],[0.048,0.956,0.352,9.81,8.47,-10.53,-5.52,70.81],[0.120,0.948,0.541,-1.35,9.33,-1.26,-5.44,70.58],[0.164,0.930,0.395,-1.47,-5.31,-1.45,-5.57,70.50],[0.109,0.952,0.388,5.67,-10.67,6.60,-5.68,70.50],[0.097,0.942,0.407,9.93,-14.58,4.59,-5.82,70.52],[0.089,0.937,0.415,10.73,-14.64,4.47,-5.94,70.54]]}
30.497	{"type":"ecg","dev":"node-01","seq":1674,"t0":169008,"fs":250,"leads_off":false,"bpm":null,"samples":[0,0,0,0,0,0,0,0,0,0,0,0,0,0,0,0,0,0,0,0,0,0,0,0,0]}
30.579	{"type":"imu","dev":"node-01","seq":1626,"t0":169090,"fs":100,"samples":[[0.079,0.940,0.399,8.10,-12.87,9.65,-6.04,70.55],[0.058,0.930,0.413,5.97,-10.61,11.11,-6.09,70.52],[0.035,0.921,0.427,10.24,-7.63,10.50,-6.08,70.51],[0.018,0.906,0.433,14.26,-1.16,9.89,-5.99,70.53],[0.023,0.954,0.411,16.46,-0.86,7.45,-5.91,70.61],[0.043,0.953,0.436,11.76,-0.31,-3.70,-5.84,70.62],[0.062,0.988,0.424,10.30,3.23,-6.75,-5.76,70.65],[0.074,1.012,0.440,10.18,3.78,-5.41,-5.68,70.66],[0.072,0.988,0.418,16.28,2.37,-5.29,-5.62,70.75],[0.073,0.985,0.454,16.70,-0.55,-6.45,-5.59,70.80]]}
30.597	{"type":"ecg","dev":"node-01","seq":1675,"t0":169108,"fs":250,"leads_off":false,"bpm":null,"samples":[0,0,0,0,0,0,0,0,0,0,0,0,0,0,0,0,0,0,0,0,0,0,0,0,0]}
30.679	{"type":"imu","dev":"node-01","seq":1627,"t0":169190,"fs":100,"samples":[[0.067,0.951,0.451,11.64,2.13,-5.05,-5.53,70.80],[0.071,0.934,0.408,28.78,-3.05,-4.25,-5.53,70.99],[0.054,0.919,0.407,34.39,-7.02,-5.53,-5.55,71.23],[0.066,0.909,0.450,24.08,-4.82,-9.86,-5.56,71.31],[0.052,0.871,0.352,48.29,-9.64,-11.69,-5.61,71.72],[0.077,0.888,0.423,31.40,-2.75,-10.53,-5.61,71.88],[0.099,0.879,0.369,25.79,-4.45,-11.75,-5.66,72.04],[0.107,0.880,0.367,24.75,-7.99,-11.39,-5.75,72.19],[0.111,0.887,0.387,24.75,-8.84,-11.20,-5.86,72.32],[0.109,0.913,0.401,25.91,-6.83,-5.72,-5.93,72.45]]}
30.697	{"type":"ecg","dev":"node-01","seq":1676,"t0":169208,"fs":250,"leads_off":false,"bpm":null,"samples":[0,0,0,0,0,0,0,0,0,0,0,0,0,0,0,0,0,0,0,0,0,0,0,0,0]}
30.779	{"type":"imu","dev":"node-01","seq":1628,"t0":169290,"fs":100,"samples":[[0.108,0.930,0.401,22.68,-8.17,-4.50,-6.01,72.56],[0.098,0.953,0.411,15.73,-8.05,-2.00,-6.08,72.60],[0.087,1.000,0.416,13.65,-7.81,-3.03,-6.13,72.63],[0.083,0.988,0.423,13.96,-6.95,-4.01,-6.16,72.65],[0.086,1.001,0.414,12.37,-3.84,-6.75,-6.17,72.67],[0.087,0.969,0.417,13.35,-5.92,-9.01,-6.20,72.68],[0.083,0.977,0.407,14.81,-8.30,-10.35,-6.24,72.72],[0.085,0.967,0.424,14.87,-11.10,-12.73,-6.32,72.74],[0.098,0.966,0.418,17.43,-16.10,-12.91,-6.46,72.78],[0.109,0.949,0.433,8.10,-16.89,-12.67,-6.61,72.72]]}
30.797	{"type":"ecg","dev":"node-01","seq":1677,"t0":169308,"fs":250,"leads_off":false,"bpm":null,"samples":[0,0,0,0,0,0,0,0,0,0,0,0,0,0,0,0,0,0,0,0,0,0,0,0,0]}
30.879	{"type":"imu","dev":"node-01","seq":1629,"t0":169390,"fs":100,"samples":[[0.097,0.933,0.444,6.46,-18.17,-13.76,-6.77,72.62],[0.106,0.918,0.421,9.02,-18.84,-11.75,-6.93,72.56],[0.103,0.921,0.430,3.23,-21.71,-13.52,-7.12,72.44],[0.109,0.915,0.435,-0.86,-21.77,-12.30,-7.32,72.27],[0.099,0.906,0.433,1.09,-20.31,-10.17,-7.48,72.13],[0.119,0.902,0.448,-5.49,-24.27,-8.52,-7.71,71.90],[0.120,0.893,0.446,-7.14,-23.54,-8.46,-7.92,71.66],[0.116,0.915,0.428,-13.72,-23.05,-5.65,-8.12,71.39],[0.102,0.911,0.447,-14.94,-24.09,-7.67,-8.31,71.10],[0.110,0.922,0.459,-10.74,-24.94,-7.36,-8.51,70.84]]}
30.897	{"type":"ecg","dev":"node-01","seq":1678,"t0":169408,"fs":250,"leads_off":false,"bpm":null,"samples":[0,0,0,0,0,0,0,0,0,0,0,0,0,0,0,0,0,0,0,0,0,0,0,0,0]}
30.979	{"type":"imu","dev":"node-01","seq":1630,"t0":169490,"fs":100,"samples":[[0.099,0.908,0.464,-1.59,-26.47,-9.37,-8.71,70.67],[0.077,0.914,0.456,4.87,-29.15,-7.73,-8.90,70.57],[0.049,0.910,0.445,10.06,-33.91,-7.55,-9.12,70.54],[0.021,0.879,0.441,10.60,-28.66,-5.05,-9.24,70.50],[-0.002,0.882,0.424,22.01,-29.82,-6.02,-9.34,70.59],[-0.016,0.891,0.411,28.17,-30.25,-7.30,-9.43,70.76],[-0.021,0.922,0.382,24.26,-27.20,-13.58,-9.49,70.93],[-0.033,1.018,0.390,19.26,-20.37,-16.02,-9.46,71.08],[-0.017,1.105,0.408,12.98,-11.28,-22.67,-9.37,71.18],[0.003,1.047,0.402,11.40,-13.42,-26.02,-9.32,71.25]]}
30.997	{"type":"ecg","dev":"node-01","seq":1679,"t0":169508,"fs":250,"leads_off":false,"bpm":null,"samples":[0,0,0,0,0,0,0,0,0,0,0,0,0,0,0,0,0,0,0,0,0,0,0,0,0]}
31.079	{"type":"imu","dev":"node-01","seq":1631,"t0":169590,"fs":100,"samples":[[0.024,0.918,0.417,15.48,-25.31,-18.76,-9.41,71.29],[0.016,0.906,0.427,15.24,-35.55,-9.07,-9.58,71.31],[-0.005,0.897,0.398,11.28,-37.69,-5.96,-9.76,71.31],[-0.062,0.901,0.403,0.24,-36.47,-0.65,-9.85,71.21],[-0.068,0.924,0.385,0.36,-30.13,1.30,-9.87,71.13],[-0.049,0.925,0.399,5.12,-29.94,-2.30,-9.91,71.10],[-0.006,0.917,0.411,19.99,-27.44,-8.89,-9.97,71.19],[0.045,0.888,0.416,23.10,-24.21,-15.41,-10.06,71.29],[0.062,0.870,0.413,24.87,-24.45,-18.40,-10.17,71.40],[0.067,0.862,0.398,24.69,-25.98,-19.68,-10.31,71.52]]}
31.097	{"type":"ecg","dev":"node-01","seq":1680,"t0":169608,"fs":250,"leads_off":false,"bpm":null,"samples":[0,0,0,0,0,0,0,0,0,0,0,0,0,0,0,0,0,0,0,0,0,0,0,0,0]}
31.179	{"type":"imu","dev":"node-01","seq":1632,"t0":169690,"fs":100,"samples":[[0.071,0.866,0.400,25.36,-27.69,-15.53,-10.46,71.64],[0.070,0.869,0.382,24.51,-26.83,-15.17,-10.59,71.77],[0.058,0.881,0.404,21.89,-35.61,-11.26,-10.80,71.86],[0.347,0.791,0.107,10.91,-28.54,-21.14,-11.33,72.17],[-0.002,1.001,0.393,1.09,-21.34,-36.45,-11.31,72.11],[0.017,0.958,0.377,13.04,-41.65,-2.42,-11.51,72.17],[0.004,0.951,0.397,5.60,-33.17,2.27,-11.61,72.12],[-0.008,0.935,0.391,7.19,-30.43,1.17,-11.67,72.10],[-0.004,0.935,0.437,1.15,-29.45,-2.18,-11.72,71.97],[0.013,0.936,0.421,-2.20,-26.77,-5.65,-11.76,71.82]]}
31.197	{"type":"ecg","dev":"node-01","seq":1681,"t0":169708,"fs":250,"leads_off":false,"bpm":null,"samples":[0,0,0,0,0,0,0,0,0,0,0,0,0,0,0,0,0,0,0,0,0,0,0,0,0]}
31.299	{"type":"imu","dev":"node-01","seq":1633,"t0":169790,"fs":100,"samples":[[0.012,0.947,0.378,6.70,-30.43,-6.20,-11.84,71.82],[0.024,0.938,0.391,8.78,-29.64,-4.07,-11.92,71.81],[-0.030,0.937,0.405,21.82,-21.47,-6.39,-12.28,72.35],[-0.022,0.930,0.409,19.26,-23.17,-8.52,-12.24,72.42],[-0.042,0.943,0.425,10.60,-27.08,-11.75,-12.21,72.39],[-0.011,0.941,0.397,9.32,-26.10,-12.55,-12.21,72.38],[-0.012,0.960,0.376,10.30,-29.09,-8.09,-12.24,72.40],[-0.049,0.924,0.422,10.67,-31.53,-9.98,-12.25,72.37],[-0.000,-0.000,-0.000,8.23,1.77,0.87,-11.28,68.30],[-0.000,-0.000,-0.000,8.23,1.77,0.87,-10.33,64.31]]}
31.301	{"type":"ecg","dev":"node-01","seq":1682,"t0":169808,"fs":250,"leads_off":false,"bpm":null,"samples":[0,0,0,0,0,0,0,0,0,0,0,0,0,0,0,0,0,0,0,0,0,0,0,0,0]}
31.399	{"type":"imu","dev":"node-01","seq":1634,"t0":169910,"fs":100,"samples":[[-0.030,0.952,0.417,27.74,-30.67,-15.53,-10.39,64.63],[-0.018,0.967,0.416,23.23,-29.15,-14.74,-10.45,64.90],[-0.022,0.973,0.428,8.71,-29.52,-15.78,-10.51,65.01],[-0.027,0.970,0.430,-2.57,-28.48,-17.48,-10.55,65.00],[-0.020,0.969,0.435,-11.29,-23.36,-12.30,-10.54,64.91],[-0.031,0.967,0.438,-8.05,-24.45,-10.59,-10.54,64.85],[-0.028,0.953,0.443,-1.04,-26.47,-9.44,-10.56,64.84],[-0.032,0.937,0.437,10.48,-33.48,-8.16,-10.64,64.95],[-0.022,0.947,0.412,15.97,-35.86,-8.03,-10.75,65.13],[-0.049,0.939,0.425,35.12,-26.41,-6.02,-10.74,65.49]]}
31.401	{"type":"ecg","dev":"node-01","seq":1683,"t0":169908,"fs":250,"leads_off":false,"bpm":null,"samples":[0,0,0,0,0,0,0,0,0,0,0,0,0,0,0,0,0,0,0,0,0,0,0,0,0]}
31.499	{"type":"imu","dev":"node-01","seq":1635,"t0":170010,"fs":100,"samples":[[-0.047,0.931,0.415,57.80,-28.17,-7.48,-10.75,66.07],[-0.038,0.938,0.429,60.97,-29.09,-12.67,-10.78,66.65],[-0.034,0.951,0.409,46.09,-28.42,-16.39,-10.80,67.10],[-0.040,0.934,0.406,31.52,-30.67,-17.00,-10.84,67.40],[-0.044,0.934,0.410,28.59,-30.13,-18.28,-10.87,67.66],[-0.041,0.931,0.394,32.07,-32.99,-17.18,-10.93,67.96],[-0.044,0.935,0.436,13.65,-36.16,-17.30,-11.02,68.03],[-0.054,0.957,0.401,9.14,-33.23,-15.96,-11.06,68.11],[-0.025,0.963,0.420,-8.79,-27.56,-14.01,-11.09,67.99],[-0.037,0.945,0.430,-26.04,-18.84,-7.00,-11.01,67.68]]}
31.501	{"type":"ecg","dev":"node-01","seq":1684,"t0":170008,"fs":250,"leads_off":false,"bpm":null,"samples":[0,0,0,0,0,0,0,0,0,0,0,0,0,0,0,0,0,0,0,0,0,0,0,0,0]}
31.599	{"type":"imu","dev":"node-01","seq":1636,"t0":170110,"fs":100,"samples":[[-0.045,0.933,0.447,-30.61,-20.67,-7.55,-10.94,67.32],[-0.034,0.952,0.442,-28.85,-21.28,-8.58,-10.89,66.99],[-0.037,0.951,0.453,-32.63,-19.58,-8.95,-10.83,66.62],[-0.045,0.917,0.463,-26.47,-20.43,-9.56,-10.76,66.29],[-0.033,0.924,0.463,-14.94,-20.13,-7.42,-10.71,66.09],[-0.057,0.915,0.463,6.34,-21.83,-8.40,-10.64,66.09],[-0.054,0.927,0.450,27.86,-23.66,-10.47,-10.60,66.33],[-0.059,0.910,0.456,30.85,-24.70,-9.50,-10.57,66.57],[-0.059,0.919,0.439,36.34,-24.64,-12.36,-10.53,66.88],[-0.055,0.941,0.437,38.96,-22.56,-12.55,-10.48,67.23]]}
31.601	{"type":"ecg","dev":"node-01","seq":1685,"t0":170108,"fs":250,"leads_off":false,"bpm":null,"samples":[0,0,0,0,0,0,0,0,0,0,0,0,0,0,0,0,0,0,0,0,0,0,0,0,0]}
31.699	{"type":"imu","dev":"node-01","seq":1637,"t0":170210,"fs":100,"samples":[[-0.065,0.958,0.438,38.65,-24.09,-12.00,-10.44,67.57],[-0.045,0.955,0.423,27.92,-24.45,-8.83,-10.42,67.82],[-0.043,0.915,0.429,21.15,-24.82,-4.31,-10.40,67.97],[-0.052,0.928,0.454,20.12,-21.71,-3.34,-10.35,68.08],[-0.034,0.907,0.424,14.63,-20.73,-3.34,-10.31,68.16],[0.014,0.933,0.424,13.23,-19.58,-7.42,-10.31,68.24],[-0.006,0.947,0.401,12.25,-22.69,-9.62,-10.32,68.34],[0.020,0.935,0.406,9.57,-20.67,-4.62,-10.34,68.39],[0.007,0.913,0.424,-2.93,-17.93,-1.94,-10.31,68.30],[0.019,0.919,0.477,10.91,-23.05,-0.05,-10.36,68.29]]}
31.701	{"type":"ecg","dev":"node-01","seq":1686,"t0":170208,"fs":250,"leads_off":false,"bpm":null,"samples":[0,0,0,0,0,0,0,0,0,0,0,0,0,0,0,0,0,0,0,0,0,0,0,0,0]}
31.799	{"type":"imu","dev":"node-01","seq":1638,"t0":170310,"fs":100,"samples":[[0.040,0.903,0.467,23.53,-26.47,1.66,-10.45,68.41],[0.011,0.903,0.416,25.67,-31.77,2.76,-10.57,68.60],[-0.017,0.907,0.400,15.12,-29.70,6.17,-10.63,68.70],[-0.027,0.913,0.414,2.62,-19.27,11.97,-10.57,68.66],[-0.051,0.920,0.419,13.71,-17.02,7.88,-10.47,68.73],[-0.037,0.915,0.443,17.19,-15.55,5.69,-10.37,68.81],[-0.010,0.950,0.435,14.08,-14.03,3.49,-10.29,68.88],[-0.015,0.923,0.421,11.58,-16.28,-2.91,-10.23,68.93],[-0.015,0.946,0.425,5.36,-14.52,-4.80,-10.15,68.92],[-0.021,0.969,0.417,5.85,-14.15,-5.59,-10.06,68.93]]}
31.801	{"type":"ecg","dev":"node-01","seq":1687,"t0":170308,"fs":250,"leads_off":false,"bpm":null,"samples":[0,0,0,0,0,0,0,0,0,0,0,0,0,0,0,0,0,0,0,0,0,0,0,0,0]}
31.899	{"type":"imu","dev":"node-01","seq":1639,"t0":170410,"fs":100,"samples":[[-0.050,0.987,0.414,7.43,-13.84,-2.61,-9.94,68.97],[-0.044,0.972,0.401,5.30,-9.58,0.99,-9.79,68.99],[-0.065,0.968,0.393,7.86,-6.28,2.15,-9.59,69.05],[-0.031,0.952,0.364,14.87,-3.42,0.69,-9.39,69.20],[-0.020,0.922,0.374,14.57,-1.47,-0.35,-9.20,69.31],[0.002,0.904,0.373,14.39,-0.80,-1.02,-9.02,69.42],[0.011,0.890,0.355,18.04,-1.47,-2.48,-8.87,69.57],[0.040,0.900,0.345,20.54,-2.99,-6.39,-8.77,69.76],[0.060,0.915,0.355,17.98,-6.28,-9.44,-8.73,69.92],[0.077,0.940,0.346,15.67,-6.16,-10.41,-8.70,70.07]]}
31.900	{"type":"ecg","dev":"node-01","seq":1688,"t0":170408,"fs":250,"leads_off":false,"bpm":null,"samples":[0,0,0,0,0,0,0,0,0,0,0,0,0,0,0,0,0,0,0,0,0,0,0,0,0]}
31.999	{"type":"imu","dev":"node-01","seq":1640,"t0":170510,"fs":100,"samples":[[0.065,0.987,0.373,14.99,-11.65,-11.87,-8.71,70.20],[0.073,1.022,0.383,15.97,-13.60,-9.25,-8.75,70.34],[0.068,1.028,0.381,16.52,-15.86,-7.00,-8.80,70.49],[0.042,1.021,0.379,10.30,-15.00,-2.18,-8.81,70.58],[0.023,0.992,0.397,13.53,-18.97,1.60,-8.85,70.66],[0.014,0.977,0.402,15.67,-23.72,2.27,-8.92,70.75],[-0.039,0.959,0.381,10.06,-20.06,3.31,-8.89,70.80],[-0.035,0.983,0.373,10.91,-18.30,2.03,-8.86,70.88],[-0.037,0.935,0.392,10.73,-18.30,-3.46,-8.82,70.91],[-0.011,0.933,0.398,17.56,-20.43,-10.23,-8.83,71.00]]}
32.000	{"type":"ecg","dev":"node-01","seq":1689,"t0":170508,"fs":250,"leads_off":false,"bpm":null,"samples":[0,0,0,0,0,0,0,0,0,0,0,0,0,0,0,0,0,0,0,0,0,0,0,0,0]}
32.099	{"type":"imu","dev":"node-01","seq":1641,"t0":170610,"fs":100,"samples":[[0.029,0.936,0.417,8.47,-15.55,-14.25,-8.84,70.99],[0.037,0.929,0.389,7.98,-13.78,-14.25,-8.84,70.99],[0.065,0.920,0.410,10.67,-22.38,-21.39,-8.95,70.99],[0.075,0.921,0.414,15.54,-27.69,-22.18,-9.13,71.04],[0.087,0.926,0.410,13.10,-29.03,-18.95,-9.33,71.07],[0.074,0.929,0.426,6.40,-29.82,-15.35,-9.52,71.02],[0.064,0.998,0.402,2.01,-29.09,-10.59,-9.68,70.98],[0.043,0.987,0.418,4.93,-36.83,-13.46,-9.90,70.95],[0.042,0.984,0.424,5.18,-39.39,-12.97,-10.13,70.92],[0.050,0.962,0.440,-0.37,-37.20,-10.72,-10.35,70.80]]}
32.101	{"type":"ecg","dev":"node-01","seq":1690,"t0":170608,"fs":250,"leads_off":false,"bpm":null,"samples":[0,0,0,0,0,0,0,0,0,0,0,0,0,0,0,0,0,0,0,0,0,0,0,0,0]}
32.199	{"type":"imu","dev":"node-01","seq":1642,"t0":170710,"fs":100,"samples":[[0.036,0.939,0.423,4.57,-44.82,-14.62,-10.62,70.75],[0.041,0.944,0.438,2.25,-45.25,-14.44,-10.89,70.66],[0.037,0.948,0.425,-3.79,-43.84,-14.86,-11.15,70.52],[0.043,0.935,0.439,-11.47,-38.54,-16.20,-11.35,70.30],[0.060,0.935,0.439,-9.15,-39.27,-16.33,-11.57,70.10],[0.066,0.919,0.437,3.65,-46.59,-16.20,-11.87,70.02],[0.073,0.914,0.446,-0.13,-43.23,-13.76,-12.14,69.90],[0.077,0.903,0.443,-4.27,-41.71,-13.58,-12.39,69.74],[0.089,0.888,0.476,-7.51,-43.30,-12.48,-12.67,69.51],[0.104,0.911,0.423,-0.49,-46.95,-12.67,-13.00,69.41]]}
32.201	{"type":"ecg","dev":"node-01","seq":1691,"t0":170708,"fs":250,"leads_off":false,"bpm":null,"samples":[0,0,0,0,0,0,0,0,0,0,0,0,0,0,0,0,0,0,0,0,0,0,0,0,0]}
32.299	{"type":"imu","dev":"node-01","seq":1643,"t0":170810,"fs":100,"samples":[[0.072,0.893,0.447,-9.21,-47.08,-12.18,-13.28,69.20],[0.067,0.883,0.434,-7.44,-47.32,-12.24,-13.56,69.02],[0.090,0.876,0.425,-17.32,-43.23,-8.28,-13.82,68.76],[0.083,0.866,0.469,-16.90,-47.81,-11.20,-14.10,68.45],[0.088,0.854,0.451,-1.22,-54.94,-18.09,-14.46,68.31],[0.075,0.885,0.408,-4.70,-58.23,-19.25,-14.83,68.20],[0.049,0.869,0.427,-10.92,-58.05,-19.56,-15.16,68.01],[0.034,0.883,0.446,-8.30,-55.92,-18.34,-15.45,67.83],[0.009,0.881,0.465,6.21,-56.22,-21.26,-15.70,67.78],[0.034,0.940,0.432,10.79,-53.23,-30.53,-15.95,67.83]]}
32.301	{"type":"ecg","dev":"node-01","seq":1692,"t0":170808,"fs":250,"leads_off":false,"bpm":null,"samples":[0,0,0,0,0,0,0,0,0,0,0,0,0,0,0,0,0,0,0,0,0,0,0,0,0]}
32.399	{"type":"imu","dev":"node-01","seq":1644,"t0":170910,"fs":100,"samples":[[-0.054,1.106,0.466,9.45,-51.47,-34.80,-16.08,67.91],[-0.042,1.141,0.414,7.92,-54.45,-24.56,-16.25,68.03],[-0.020,0.968,0.509,1.52,-56.16,-16.63,-16.46,67.93],[-0.012,0.922,0.500,11.70,-57.63,-11.39,-16.68,67.92],[-0.035,0.886,0.423,15.60,-61.53,-4.01,-16.91,68.00],[-0.101,0.898,0.414,5.67,-67.08,-0.05,-17.11,68.00],[-0.118,0.906,0.405,-1.47,-64.39,1.72,-17.26,67.95],[-0.133,0.893,0.417,-16.53,-62.44,1.60,-17.38,67.73],[-0.123,0.907,0.434,-6.59,-60.31,-3.70,-17.48,67.60],[-0.100,0.861,0.447,-0.25,-58.54,-9.31,-17.59,67.49]]}
32.401	{"type":"ecg","dev":"node-01","seq":1693,"t0":170908,"fs":250,"leads_off":false,"bpm":null,"samples":[0,0,0,0,0,0,0,0,0,0,0,0,0,0,0,0,0,0,0,0,0,0,0,0,0]}
32.499	{"type":"imu","dev":"node-01","seq":1645,"t0":171010,"fs":100,"samples":[[-0.101,0.861,0.454,6.76,-52.50,-16.63,-17.63,67.45],[-0.046,0.843,0.379,15.48,-43.66,-10.53,-17.65,67.57],[-0.096,0.803,0.508,-2.32,-48.66,-19.92,-17.66,67.35],[-0.061,0.817,0.475,7.01,-43.60,-19.37,-17.66,67.27],[-0.068,0.845,0.463,13.47,-43.66,-17.97,-17.65,67.28],[-0.053,0.910,0.477,33.90,-48.17,-18.64,-17.71,67.51],[-0.045,0.946,0.478,39.08,-46.22,-15.96,-17.76,67.81],[-0.040,1.003,0.495,47.19,-48.66,-15.78,-17.84,68.19],[-0.043,1.018,0.502,45.91,-49.03,-13.52,-17.92,68.55],[-0.050,1.021,0.485,42.13,-47.08,-12.55,-17.98,68.89]]}
32.501	{"type":"ecg","dev":"node-01","seq":1694,"t0":171008,"fs":250,"leads_off":false,"bpm":null,"samples":[0,0,0,0,0,0,0,0,0,0,0,0,0,0,0,0,0,0,0,0,0,0,0,0,0]}
32.599	{"type":"imu","dev":"node-01","seq":1646,"t0":171110,"fs":100,"samples":[[-0.052,0.996,0.481,34.02,-42.93,-8.03,-17.98,69.13],[-0.041,0.983,0.473,33.47,-40.55,-4.19,-17.98,69.36],[-0.026,0.970,0.474,35.24,-42.08,-4.31,-18.00,69.60],[-0.022,0.979,0.470,32.74,-41.28,-1.87,-18.02,69.81],[-0.019,0.966,0.479,23.84,-40.73,-1.20,-18.04,69.92],[-0.022,0.953,0.478,21.21,-39.64,-2.85,-18.05,70.00],[-0.025,0.937,0.482,20.12,-42.99,-3.76,-18.08,70.05],[-0.015,0.914,0.475,26.40,-46.41,-4.19,-18.15,70.16],[-0.001,1.024,0.457,28.71,-48.66,-4.56,-18.27,70.36],[-0.033,0.895,0.505,8.90,-43.23,-1.57,-18.29,70.25]]}
32.601	{"type":"ecg","dev":"node-01","seq":1695,"t0":171108,"fs":250,"leads_off":false,"bpm":null,"samples":[0,0,0,0,0,0,0,0,0,0,0,0,0,0,0,0,0,0,0,0,0,0,0,0,0]}
32.699	{"type":"imu","dev":"node-01","seq":1647,"t0":171210,"fs":100,"samples":[[-0.032,0.912,0.484,4.93,-33.60,0.93,-18.22,70.13],[-0.051,0.902,0.492,8.53,-29.52,5.99,-18.09,70.04],[-0.046,0.900,0.493,14.32,-25.80,5.63,-17.93,70.01],[-0.012,0.871,0.494,26.58,-29.52,17.52,-17.84,70.07],[-0.041,0.855,0.455,19.87,-19.76,-1.94,-17.63,70.11],[-0.010,0.860,0.465,19.99,-17.69,-5.84,-17.44,70.13],[-0.021,0.847,0.447,21.40,-14.21,-5.65,-17.20,70.18],[-0.037,0.913,0.403,20.67,-14.15,-10.23,-16.96,70.31],[-0.036,0.978,0.362,21.46,-13.78,-13.95,-16.71,70.50],[-0.054,1.008,0.396,27.37,-9.15,-10.72,-16.41,70.73]]}
32.701	{"type":"ecg","dev":"node-01","seq":1696,"t0":171208,"fs":250,"leads_off":false,"bpm":null,"samples":[0,0,0,0,0,0,0,0,0,0,0,0,0,0,0,0,0,0,0,0,0,0,0,0,0]}
32.799	{"type":"imu","dev":"node-01","seq":1648,"t0":171310,"fs":100,"samples":[[-0.041,1.030,0.371,45.73,0.24,-8.52,-16.04,71.17],[-0.028,0.995,0.343,45.06,3.78,-8.95,-15.65,71.61],[0.043,0.889,0.388,38.90,3.11,-4.80,-15.36,71.89],[0.090,0.871,0.273,38.78,1.03,-7.06,-15.15,72.28],[0.112,0.865,0.261,32.43,-7.26,-7.91,-15.06,72.62],[0.138,0.898,0.232,25.30,-17.99,-10.72,-15.10,72.92],[0.142,0.925,0.215,20.79,-24.88,-10.90,-15.22,73.21],[0.132,0.942,0.283,20.79,-26.28,-9.37,-15.32,73.41],[0.093,0.957,0.252,23.23,-28.72,-6.33,-15.40,73.68],[0.049,0.954,0.326,21.03,-30.55,-2.18,-15.45,73.83]]}
32.801	{"type":"ecg","dev":"node-01","seq":1697,"t0":171308,"fs":250,"leads_off":false,"bpm":null,"samples":[0,0,0,0,0,0,0,0,0,0,0,0,0,0,0,0,0,0,0,0,0,0,0,0,0]}
32.899	{"type":"imu","dev":"node-01","seq":1649,"t0":171410,"fs":100,"samples":[[0.012,0.973,0.376,20.97,-21.77,2.33,-15.37,73.94],[0.008,0.992,0.424,19.08,-15.86,2.03,-15.23,73.98],[-0.002,1.002,0.366,16.34,-18.30,-5.47,-15.10,74.06],[0.008,1.012,0.374,18.84,-25.80,-12.30,-15.06,74.16],[0.011,1.006,0.340,10.67,-21.53,-10.90,-14.98,74.21],[0.006,1.022,0.351,-5.55,-19.88,-11.81,-14.88,74.09],[0.019,1.012,0.354,4.26,-21.22,-13.83,-14.81,74.06],[0.010,1.010,0.350,13.53,-23.78,-15.29,-14.76,74.13],[0.007,0.985,0.363,13.17,-21.89,-16.81,-14.69,74.17],[0.019,0.951,0.383,2.31,-13.54,-18.64,-14.55,74.07]]}
32.901	{"type":"ecg","dev":"node-01","seq":1698,"t0":171408,"fs":250,"leads_off":false,"bpm":null,"samples":[0,0,0,0,0,0,0,0,0,0,0,0,0,0,0,0,0,0,0,0,0,0,0,0,0]}
32.903	{"type":"status","dev":"node-01","fw":"0.1.0","uptime_ms":171509,"ecg":{"fs":250},"imu":{"ok":true,"fs":100,"errors":499,"fields":["ax","ay","az","gx","gy","gz","pitch","roll"]}}
32.999	{"type":"imu","dev":"node-01","seq":1650,"t0":171510,"fs":100,"samples":[[0.014,0.938,0.397,-2.81,-9.76,-17.85,-14.37,73.91],[0.046,0.923,0.408,-6.47,-9.64,-20.72,-14.23,73.69],[0.067,0.932,0.403,-10.25,-11.53,-20.78,-14.13,73.45],[0.071,0.929,0.417,-12.69,-14.94,-22.48,-14.07,73.17],[0.078,0.943,0.414,-9.94,-20.98,-24.13,-14.08,72.94],[0.072,0.952,0.420,-1.41,-30.06,-21.14,-14.18,72.79],[0.070,0.953,0.433,-1.71,-32.63,-21.08,-14.29,72.63],[0.073,0.953,0.438,0.30,-37.38,-16.20,-14.45,72.48],[0.073,0.947,0.423,4.75,-38.97,-10.23,-14.62,72.40],[0.052,0.939,0.411,14.51,-38.84,-5.47,-14.77,72.42]]}
33.001	{"type":"ecg","dev":"node-01","seq":1699,"t0":171508,"fs":250,"leads_off":false,"bpm":null,"samples":[0,0,0,0,0,0,0,0,0,0,0,0,0,0,0,0,0,0,0,0,0,0,0,0,0]}
33.099	{"type":"imu","dev":"node-01","seq":1651,"t0":171610,"fs":100,"samples":[[0.047,0.949,0.413,16.70,-37.44,-5.11,-14.89,72.47],[0.050,0.935,0.403,13.29,-32.81,-4.44,-14.97,72.48],[0.051,0.916,0.385,13.41,-32.08,-6.02,-15.04,72.51],[0.054,0.912,0.384,12.56,-34.09,-9.19,-15.14,72.52],[0.049,0.908,0.398,13.84,-35.98,-11.69,-15.25,72.53],[0.056,0.914,0.390,11.95,-36.89,-14.19,-15.37,72.54],[0.051,0.911,0.384,10.30,-37.50,-14.31,-15.49,72.53],[0.047,0.926,0.412,0.97,-33.91,-13.64,-15.56,72.41],[0.043,0.941,0.405,-3.36,-26.65,-11.33,-15.56,72.26],[0.061,0.972,0.390,1.52,-25.55,-10.35,-15.57,72.19]]}
33.101	{"type":"ecg","dev":"node-01","seq":1700,"t0":171608,"fs":250,"leads_off":false,"bpm":null,"samples":[0,0,0,0,0,0,0,0,0,0,0,0,0,0,0,0,0,0,0,0,0,0,0,0,0]}
33.199	{"type":"imu","dev":"node-01","seq":1652,"t0":171710,"fs":100,"samples":[[0.053,0.994,0.404,7.37,-29.58,-11.08,-15.60,72.18],[0.046,0.988,0.425,5.24,-28.97,-8.28,-15.62,72.12],[0.041,0.971,0.421,5.36,-31.53,-9.19,-15.66,72.06],[0.019,0.957,0.404,2.01,-36.47,-6.69,-15.73,71.98],[-0.022,0.942,0.415,1.58,-40.00,-5.90,-15.78,71.88],[-0.038,0.950,0.374,1.34,-33.66,-6.63,-15.75,71.83],[-0.036,0.915,0.403,3.10,-35.86,-10.23,-15.75,71.75],[-0.024,0.901,0.395,11.15,-32.50,-11.39,-15.72,71.75],[-0.009,0.905,0.384,7.68,-25.31,-13.95,-15.64,71.73],[-0.002,0.915,0.395,6.15,-23.30,-16.20,-15.56,71.69]]}
33.201	{"type":"ecg","dev":"node-01","seq":1701,"t0":171708,"fs":250,"leads_off":false,"bpm":null,"samples":[0,0,0,0,0,0,0,0,0,0,0,0,0,0,0,0,0,0,0,0,0,0,0,0,0]}
33.299	{"type":"imu","dev":"node-01","seq":1653,"t0":171810,"fs":100,"samples":[[0.027,0.956,0.412,10.42,-25.13,-17.00,-15.52,71.69],[0.050,0.985,0.412,15.42,-28.48,-17.55,-15.54,71.75],[0.061,0.980,0.415,14.32,-31.10,-16.14,-15.60,71.80],[0.053,0.951,0.428,9.57,-33.36,-6.81,-15.68,71.77],[0.037,0.924,0.430,4.08,-34.76,2.88,-15.75,71.68],[0.012,0.925,0.415,-0.13,-33.97,6.60,-15.78,71.56],[-0.007,0.939,0.405,-12.69,-23.84,12.03,-15.69,71.34],[-0.018,0.934,0.402,-13.72,-16.53,12.03,-15.52,71.11],[-0.009,0.925,0.386,-11.35,-13.91,9.28,-15.33,70.93],[0.021,0.889,0.421,-5.13,-13.42,2.64,-15.18,70.75]]}
33.301	{"type":"ecg","dev":"node-01","seq":1702,"t0":171808,"fs":250,"leads_off":false,"bpm":null,"samples":[0,0,0,0,0,0,0,0,0,0,0,0,0,0,0,0,0,0,0,0,0,0,0,0,0]}
33.399	{"type":"imu","dev":"node-01","seq":1654,"t0":171910,"fs":100,"samples":[[0.033,0.875,0.419,5.97,-16.95,-4.74,-15.08,70.68],[0.042,0.862,0.403,7.43,-18.54,-4.86,-15.02,70.64],[0.031,0.854,0.396,3.35,-19.82,-4.50,-14.95,70.56],[-0.006,0.863,0.415,6.03,-17.32,-0.72,-14.81,70.50],[-0.020,0.886,0.417,10.48,-11.41,2.76,-14.60,70.49],[0.004,0.894,0.403,10.18,-9.58,0.87,-14.41,70.49],[-0.043,0.926,0.436,5.67,-3.23,-1.69,-14.10,70.43],[0.011,0.910,0.387,4.02,-1.22,-2.55,-13.85,70.40],[-0.031,0.958,0.434,2.92,-2.87,-2.12,-13.56,70.33],[-0.038,0.948,0.434,4.02,-4.45,-0.72,-13.29,70.27]]}
33.400	{"type":"ecg","dev":"node-01","seq":1703,"t0":171908,"fs":250,"leads_off":false,"bpm":null,"samples":[0,0,0,0,0,0,0,0,0,0,0,0,0,0,0,0,0,0,0,0,0,0,0,0,0]}
33.499	{"type":"imu","dev":"node-01","seq":1655,"t0":172010,"fs":100,"samples":[[-0.032,0.945,0.437,-2.20,-2.02,-3.09,-13.01,70.15],[-0.024,0.937,0.439,-6.04,-2.20,-3.03,-12.75,69.99],[-0.016,0.927,0.447,-10.43,-0.25,-4.80,-12.48,69.77],[-0.006,0.935,0.451,-8.36,-2.69,-5.11,-12.25,69.58],[-0.003,0.930,0.459,-7.02,-5.13,-7.18,-12.05,69.39],[0.021,0.935,0.468,-3.05,-8.42,-8.28,-11.91,69.24],[0.029,0.927,0.474,-4.09,-9.70,-6.75,-11.80,69.08],[0.026,0.921,0.473,-2.20,-11.10,-5.78,-11.70,68.93],[0.026,0.931,0.460,0.18,-15.37,-6.87,-11.65,68.83],[0.022,0.909,0.485,1.70,-17.44,-7.42,-11.61,68.70]]}
33.500	{"type":"ecg","dev":"node-01","seq":1704,"t0":172008,"fs":250,"leads_off":false,"bpm":null,"samples":[0,0,0,0,0,0,0,0,0,0,0,0,0,0,0,0,0,0,0,0,0,0,0,0,0]}
33.599	{"type":"imu","dev":"node-01","seq":1656,"t0":172110,"fs":100,"samples":[[0.017,0.914,0.467,7.62,-18.05,-3.34,-11.58,68.66],[-0.006,0.917,0.433,23.47,-18.78,-0.35,-11.52,68.81],[0.000,0.895,0.441,-5.68,-14.82,-4.13,-11.44,68.66],[-0.004,0.865,0.463,-14.88,-16.34,-8.09,-11.36,68.38],[-0.011,0.857,0.464,-7.32,-15.80,-7.85,-11.28,68.17],[-0.008,0.846,0.422,4.08,-17.38,-6.45,-11.21,68.11],[-0.031,0.858,0.458,9.39,-20.31,-7.18,-11.15,68.08],[-0.039,0.879,0.441,10.85,-22.44,-8.58,-11.10,68.09],[-0.040,0.876,0.464,12.37,-23.54,-8.70,-11.07,68.09],[-0.062,0.912,0.463,10.06,-26.28,-6.39,-11.03,68.09]]}
33.601	{"type":"ecg","dev":"node-01","seq":1705,"t0":172108,"fs":250,"leads_off":false,"bpm":null,"samples":[0,0,0,0,0,0,0,0,0,0,0,0,0,0,0,0,0,0,0,0,0,0,0,0,0]}
33.699	{"type":"imu","dev":"node-01","seq":1657,"t0":172210,"fs":100,"samples":[[-0.072,0.917,0.473,9.69,-27.08,-7.79,-11.00,68.08],[-0.073,0.937,0.464,28.04,-27.14,-4.98,-10.96,68.27],[-0.087,0.952,0.481,29.39,-27.02,-1.39,-10.91,68.45],[-0.089,0.941,0.494,27.68,-24.82,-0.72,-10.84,68.60],[-0.081,0.936,0.483,19.02,-20.73,-0.35,-10.74,68.67],[-0.078,0.909,0.483,17.43,-18.42,-1.02,-10.62,68.71],[-0.070,0.907,0.484,18.65,-18.30,-3.03,-10.51,68.75],[-0.072,0.901,0.478,24.45,-16.04,-8.76,-10.38,68.86],[-0.058,0.888,0.465,31.09,-14.03,-12.06,-10.24,69.03],[-0.043,0.890,0.464,33.84,-12.44,-14.74,-10.11,69.23]]}
33.701	{"type":"ecg","dev":"node-01","seq":1706,"t0":172208,"fs":250,"leads_off":false,"bpm":null,"samples":[0,0,0,0,0,0,0,0,0,0,0,0,0,0,0,0,0,0,0,0,0,0,0,0,0]}
33.799	{"type":"imu","dev":"node-01","seq":1658,"t0":172310,"fs":100,"samples":[[-0.038,0.906,0.456,40.48,-10.06,-16.75,-9.96,69.51],[-0.031,0.936,0.458,39.45,-7.44,-13.70,-9.80,69.79],[-0.033,0.963,0.456,31.95,-4.45,-11.57,-9.62,70.00],[-0.022,0.964,0.457,31.58,-2.56,-9.50,-9.42,70.20],[-0.045,0.982,0.465,19.32,-9.03,-8.95,-9.28,70.28],[-0.015,0.970,0.458,29.63,-9.70,-5.72,-9.17,70.46],[-0.015,0.992,0.455,28.53,-12.38,-0.17,-9.09,70.63],[-0.032,0.952,0.485,17.01,-18.72,3.49,-9.06,70.65],[-0.038,0.960,0.443,18.90,-18.36,6.17,-9.02,70.73],[-0.052,0.956,0.441,19.02,-21.89,8.61,-8.99,70.80]]}
33.800	{"type":"ecg","dev":"node-01","seq":1707,"t0":172308,"fs":250,"leads_off":false,"bpm":null,"samples":[0,0,0,0,0,0,0,0,0,0,0,0,0,0,0,0,0,0,0,0,0,0,0,0,0]}
33.899	{"type":"imu","dev":"node-01","seq":1659,"t0":172410,"fs":100,"samples":[[-0.083,0.946,0.426,18.53,-18.23,12.70,-8.90,70.88],[-0.091,0.937,0.462,14.39,-9.76,10.93,-8.72,70.88],[-0.079,0.933,0.508,21.28,-7.38,7.52,-8.53,70.90],[-0.063,0.953,0.440,32.74,-2.50,4.10,-8.32,71.11],[-0.042,0.955,0.426,27.37,0.97,0.56,-8.10,71.27],[-0.051,0.963,0.401,27.80,5.24,-0.41,-7.83,71.47],[-0.049,0.916,0.400,25.24,16.34,-0.41,-7.45,71.61],[-0.022,0.889,0.412,39.87,20.24,-0.41,-7.08,71.88],[0.025,0.912,0.389,49.08,22.01,-5.11,-6.75,72.26],[0.024,0.931,0.395,46.46,20.24,-6.75,-6.45,72.61]]}
33.900	{"type":"ecg","dev":"node-01","seq":1708,"t0":172408,"fs":250,"leads_off":false,"bpm":null,"samples":[0,0,0,0,0,0,0,0,0,0,0,0,0,0,0,0,0,0,0,0,0,0,0,0,0]}
33.999	{"type":"imu","dev":"node-01","seq":1660,"t0":172510,"fs":100,"samples":[[0.044,0.950,0.375,39.51,18.78,-5.29,-6.18,72.91],[0.024,0.997,0.379,38.78,16.52,-3.76,-5.92,73.22],[0.025,1.033,0.361,39.81,16.77,-4.92,-5.66,73.56],[0.020,1.042,0.369,28.53,18.84,-4.31,-5.39,73.78],[0.044,0.965,0.378,26.89,20.06,-1.63,-5.13,73.94],[0.053,0.939,0.383,30.67,17.98,-0.41,-4.91,74.11],[0.088,0.920,0.357,25.60,7.25,-0.84,-4.85,74.26],[0.094,0.927,0.312,20.79,-2.69,1.05,-4.89,74.40],[0.075,0.934,0.291,19.51,-6.47,4.83,-4.94,74.56],[0.021,0.940,0.295,18.41,-10.86,10.44,-4.97,74.70]]}
34.000	{"type":"ecg","dev":"node-01","seq":1709,"t0":172508,"fs":250,"leads_off":false,"bpm":null,"samples":[0,0,0,0,0,0,0,0,0,0,0,0,0,0,0,0,0,0,0,0,0,0,0,0,0]}
34.099	{"type":"imu","dev":"node-01","seq":1661,"t0":172610,"fs":100,"samples":[[-0.024,0.941,0.322,14.75,-4.70,12.45,-4.89,74.78],[-0.032,0.938,0.333,12.31,-1.34,11.36,-4.77,74.81],[-0.027,0.931,0.360,8.10,6.40,7.15,-4.58,74.77],[-0.000,0.924,0.360,8.29,8.05,-0.90,-4.41,74.73],[0.020,0.929,0.346,7.13,8.90,-5.47,-4.26,74.69],[0.025,0.956,0.365,-1.65,4.45,-12.55,-4.16,74.57],[0.033,0.960,0.337,5.91,2.68,-12.36,-4.08,74.55],[0.005,0.963,0.385,4.02,-2.32,-14.07,-4.03,74.46],[0.011,0.974,0.373,9.02,-2.75,-14.13,-3.99,74.44],[-0.008,0.963,0.405,7.92,-2.44,-13.34,-3.92,74.37]]}
34.100	{"type":"ecg","dev":"node-01","seq":1710,"t0":172608,"fs":250,"leads_off":false,"bpm":null,"samples":[0,0,0,0,0,0,0,0,0,0,0,0,0,0,0,0,0,0,0,0,0,0,0,0,0]}
34.199	{"type":"imu","dev":"node-01","seq":1662,"t0":172710,"fs":100,"samples":[[-0.002,0.973,0.387,15.54,-0.13,-8.58,-3.84,74.40],[-0.008,0.995,0.413,3.17,-2.32,-9.31,-3.78,74.30],[0.022,0.950,0.407,2.43,0.55,-8.76,-3.73,74.17],[0.022,0.957,0.401,1.46,-4.70,-9.86,-3.72,74.05],[0.020,0.961,0.414,-0.49,-8.05,-10.72,-3.75,73.89],[0.040,0.959,0.420,2.74,-12.32,-10.17,-3.84,73.77],[0.048,0.912,0.416,5.79,-17.38,-6.14,-3.99,73.66],[0.020,0.962,0.441,16.09,-26.65,-7.12,-4.19,73.65],[0.019,0.906,0.467,4.45,-29.21,-7.30,-4.41,73.48],[0.035,0.925,0.421,4.93,-27.75,0.81,-4.64,73.37]]}
34.200	{"type":"ecg","dev":"node-01","seq":1711,"t0":172708,"fs":250,"leads_off":false,"bpm":null,"samples":[0,0,0,0,0,0,0,0,0,0,0,0,0,0,0,0,0,0,0,0,0,0,0,0,0]}
34.299	{"type":"imu","dev":"node-01","seq":1663,"t0":172810,"fs":100,"samples":[[0.013,0.911,0.428,5.18,-28.11,2.94,-4.84,73.25],[0.046,0.916,0.433,16.70,-17.08,9.47,-4.96,73.24],[-0.017,0.901,0.437,19.57,-24.27,6.78,-5.08,73.25],[-0.007,0.905,0.460,13.96,-18.17,1.17,-5.15,73.18],[0.013,0.936,0.397,26.95,-11.47,-0.17,-5.17,73.32],[-0.014,0.938,0.438,17.13,-12.69,-9.13,-5.18,73.32],[0.000,0.944,0.418,26.70,-10.13,-12.67,-5.17,73.44],[-0.002,0.940,0.409,27.31,-11.28,-12.91,-5.18,73.57],[-0.029,0.937,0.418,26.95,-13.66,-12.36,-5.17,73.68],[-0.055,0.919,0.409,28.35,-13.11,-8.28,-5.14,73.80]]}
34.300	{"type":"ecg","dev":"node-01","seq":1712,"t0":172808,"fs":250,"leads_off":false,"bpm":null,"samples":[0,0,0,0,0,0,0,0,0,0,0,0,0,0,0,0,0,0,0,0,0,0,0,0,0]}
34.399	{"type":"imu","dev":"node-01","seq":1664,"t0":172910,"fs":100,"samples":[[-0.059,0.899,0.415,31.09,-13.97,-5.90,-5.10,73.94],[-0.059,0.891,0.372,38.23,-14.88,-3.15,-5.08,74.18],[-0.080,0.891,0.346,38.96,-14.76,-1.26,-5.02,74.45],[-0.087,0.893,0.336,38.90,-14.03,-0.35,-4.96,74.73],[-0.071,0.918,0.311,39.02,-8.60,-3.28,-4.86,75.05],[-0.041,0.935,0.391,48.10,-7.81,-8.58,-4.79,75.36],[-0.031,0.967,0.371,54.02,-8.23,-10.66,-4.74,75.77],[0.006,1.014,0.336,51.40,-10.61,-16.87,-4.76,76.19],[-0.003,1.011,0.318,42.31,-14.03,-11.45,-4.80,76.53],[-0.011,0.994,0.334,38.65,-15.00,-6.69,-4.84,76.80]]}
34.400	{"type":"ecg","dev":"node-01","seq":1713,"t0":172908,"fs":250,"leads_off":false,"bpm":null,"samples":[0,0,0,0,0,0,0,0,0,0,0,0,0,0,0,0,0,0,0,0,0,0,0,0,0]}
34.499	{"type":"imu","dev":"node-01","seq":1665,"t0":173010,"fs":100,"samples":[[-0.042,0.969,0.344,35.42,-13.66,1.36,-4.83,77.03],[-0.062,0.962,0.334,22.56,-9.64,6.30,-4.75,77.12],[-0.075,0.970,0.331,14.57,-6.71,5.69,-4.64,77.15],[-0.070,0.991,0.324,5.85,-2.81,3.49,-4.50,77.10],[-0.058,0.977,0.347,10.73,-1.34,2.03,-4.36,77.07],[-0.042,0.984,0.345,18.59,-1.95,-0.65,-4.24,77.12],[-0.035,0.982,0.353,21.52,-1.04,-0.84,-4.13,77.20],[-0.024,0.965,0.358,24.63,-3.48,-0.59,-4.06,77.29],[-0.016,0.968,0.343,25.12,-3.54,3.06,-3.99,77.40],[-0.023,0.963,0.338,23.35,-3.97,3.86,-3.92,77.49]]}
34.500	{"type":"ecg","dev":"node-01","seq":1714,"t0":173008,"fs":250,"leads_off":false,"bpm":null,"samples":[0,0,0,0,0,0,0,0,0,0,0,0,0,0,0,0,0,0,0,0,0,0,0,0,0]}
34.599	{"type":"imu","dev":"node-01","seq":1666,"t0":173110,"fs":100,"samples":[[-0.030,0.958,0.336,19.45,-7.08,9.10,-3.88,77.55],[-0.037,0.951,0.326,13.10,-6.71,13.98,-3.83,77.55],[-0.050,0.955,0.322,10.97,-5.49,16.24,-3.75,77.53],[-0.055,0.959,0.319,5.97,-4.33,18.06,-3.65,77.47],[-0.063,0.970,0.327,0.91,0.73,15.69,-3.50,77.36],[-0.063,0.970,0.338,-0.55,1.70,14.89,-3.35,77.22],[-0.050,0.963,0.345,3.29,6.52,10.93,-3.16,77.11],[-0.025,0.965,0.334,10.85,7.74,5.87,-2.99,77.09],[-0.018,0.957,0.329,13.35,7.31,3.31,-2.84,77.10],[0.000,0.962,0.323,14.93,11.70,1.78,-2.67,77.14]]}
34.600	{"type":"ecg","dev":"node-01","seq":1715,"t0":173108,"fs":250,"leads_off":false,"bpm":null,"samples":[0,0,0,0,0,0,0,0,0,0,0,0,0,0,0,0,0,0,0,0,0,0,0,0,0]}
34.699	{"type":"imu","dev":"node-01","seq":1667,"t0":173210,"fs":100,"samples":[[0.009,0.958,0.304,13.59,10.06,0.87,-2.53,77.18],[0.003,0.957,0.304,14.99,10.18,0.75,-2.38,77.23],[-0.004,0.964,0.305,13.78,9.69,-0.23,-2.23,77.27],[-0.013,0.964,0.323,14.75,7.07,-1.51,-2.10,77.29],[-0.021,0.970,0.320,16.58,5.18,-0.96,-1.99,77.35],[-0.020,0.971,0.323,16.34,2.80,-0.90,-1.90,77.39],[-0.025,0.973,0.326,19.57,1.03,0.32,-1.82,77.46],[-0.032,0.975,0.331,19.14,-1.10,-0.11,-1.76,77.53],[-0.026,0.979,0.329,19.69,-0.55,0.50,-1.70,77.60],[-0.015,0.978,0.333,20.54,-0.86,-0.23,-1.66,77.67]]}
34.700	{"type":"ecg","dev":"node-01","seq":1716,"t0":173208,"fs":250,"leads_off":false,"bpm":null,"samples":[0,0,0,0,0,0,0,0,0,0,0,0,0,0,0,0,0,0,0,0,0,0,0,0,0]}
34.799	{"type":"imu","dev":"node-01","seq":1668,"t0":173310,"fs":100,"samples":[[0.002,0.976,0.327,22.01,-2.87,-0.05,-1.66,77.76],[0.005,0.977,0.326,21.95,0.36,0.44,-1.62,77.85],[0.019,0.976,0.335,19.39,0.67,-1.33,-1.61,77.91],[0.027,0.969,0.334,21.34,2.31,-0.05,-1.58,77.98],[0.036,0.958,0.332,19.93,1.58,-0.17,-1.58,78.03],[0.037,0.942,0.344,17.43,2.74,-1.94,-1.56,78.04],[0.032,0.941,0.319,41.89,-5.19,-3.95,-1.62,78.32],[0.042,0.958,0.338,38.65,-3.91,-4.50,-1.67,78.54],[0.029,0.968,0.335,26.03,-0.92,-4.74,-1.68,78.64],[0.025,0.942,0.352,20.85,1.22,-3.34,-1.66,78.67]]}
34.800	{"type":"ecg","dev":"node-01","seq":1717,"t0":173308,"fs":250,"leads_off":false,"bpm":null,"samples":[0,0,0,0,0,0,0,0,0,0,0,0,0,0,0,0,0,0,0,0,0,0,0,0,0]}
34.899	{"type":"imu","dev":"node-01","seq":1669,"t0":173410,"fs":100,"samples":[[0.028,0.964,0.369,27.74,-3.23,-1.08,-1.69,78.75],[0.031,0.980,0.361,29.99,-3.60,-0.47,-1.73,78.86],[0.020,0.999,0.363,27.92,-4.82,-0.78,-1.76,78.96],[0.012,1.016,0.368,25.54,-3.11,0.44,-1.77,79.03],[0.002,1.027,0.370,23.71,-3.23,1.54,-1.77,79.08],[-0.007,0.980,0.394,20.24,-2.56,5.02,-1.75,79.06],[-0.002,0.955,0.355,27.92,-5.43,8.06,-1.76,79.15],[-0.007,0.955,0.362,28.35,-5.98,8.19,-1.78,79.23],[-0.023,0.944,0.320,21.52,-3.05,11.30,-1.75,79.28],[-0.037,0.923,0.340,12.37,2.01,9.53,-1.65,79.21]]}
34.900	{"type":"ecg","dev":"node-01","seq":1718,"t0":173408,"fs":250,"leads_off":false,"bpm":null,"samples":[0,0,0,0,0,0,0,0,0,0,0,0,0,0,0,0,0,0,0,0,0,0,0,0,0]}
34.999	{"type":"imu","dev":"node-01","seq":1670,"t0":173510,"fs":100,"samples":[[-0.028,0.922,0.364,22.31,1.28,11.60,-1.57,79.21],[0.001,0.918,0.323,34.81,-5.80,5.50,-1.60,79.38],[0.001,0.869,0.261,27.56,-8.05,-1.26,-1.64,79.53],[-0.061,0.923,0.280,24.57,-4.52,-0.90,-1.58,79.64],[0.019,0.851,0.288,2.43,10.18,5.50,-1.48,79.50],[0.000,0.867,0.292,8.71,8.23,4.53,-1.37,79.42],[0.014,0.887,0.284,10.36,8.35,5.14,-1.27,79.38],[0.029,0.913,0.292,14.69,1.58,-1.14,-1.27,79.38],[0.037,0.947,0.282,14.57,-8.48,-7.12,-1.37,79.41],[0.073,1.021,0.271,6.89,-10.67,-10.05,-1.53,79.39]]}
35.000	{"type":"ecg","dev":"node-01","seq":1719,"t0":173508,"fs":250,"leads_off":false,"bpm":null,"samples":[0,0,0,0,0,0,0,0,0,0,0,0,0,0,0,0,0,0,0,0,0,0,0,0,0]}
35.099	{"type":"imu","dev":"node-01","seq":1671,"t0":173610,"fs":100,"samples":[[0.058,1.024,0.282,0.36,-14.64,-14.13,-1.70,79.30],[0.021,1.058,0.281,-0.68,-17.75,-9.50,-1.86,79.21],[-0.021,1.050,0.282,3.10,-19.88,-5.11,-2.00,79.15],[-0.033,1.058,0.266,5.24,-21.41,-1.26,-2.13,79.14],[-0.072,1.065,0.267,6.21,-18.42,3.00,-2.20,79.13],[-0.072,0.977,0.256,10.79,-16.04,9.47,-2.23,79.16],[-0.058,0.965,0.239,14.99,-18.48,11.97,-2.30,79.25],[-0.067,0.936,0.207,16.89,-21.28,10.63,-2.38,79.38],[-0.073,0.924,0.201,13.35,-23.97,6.60,-2.48,79.48],[-0.080,0.951,0.205,15.12,-25.37,2.82,-2.58,79.59]]}
35.100	{"type":"ecg","dev":"node-01","seq":1720,"t0":173608,"fs":250,"leads_off":false,"bpm":null,"samples":[0,0,0,0,0,0,0,0,0,0,0,0,0,0,0,0,0,0,0,0,0,0,0,0,0]}
35.199	{"type":"imu","dev":"node-01","seq":1672,"t0":173710,"fs":100,"samples":[[-0.080,1.010,0.210,15.97,-21.89,-4.25,-2.66,79.72],[-0.052,1.066,0.249,17.92,-18.84,-9.98,-2.74,79.84],[-0.029,1.089,0.252,18.84,-17.63,-13.09,-2.82,79.97],[0.004,1.122,0.245,10.18,-12.93,-15.47,-2.90,80.02],[0.034,1.069,0.248,7.25,-12.50,-14.01,-3.00,80.03],[0.044,1.064,0.236,7.98,-16.34,-11.57,-3.15,80.06],[0.031,1.014,0.225,6.15,-19.94,-5.90,-3.31,80.07],[0.029,1.015,0.210,-8.42,-16.47,4.53,-3.44,79.95],[-0.015,0.966,0.253,-31.10,-12.02,8.92,-3.47,79.55],[-0.012,0.945,0.245,-23.42,-15.67,13.25,-3.54,79.24]]}
35.200	{"type":"ecg","dev":"node-01","seq":1721,"t0":173708,"fs":250,"leads_off":false,"bpm":null,"samples":[0,0,0,0,0,0,0,0,0,0,0,0,0,0,0,0,0,0,0,0,0,0,0,0,0]}
35.299	{"type":"imu","dev":"node-01","seq":1673,"t0":173810,"fs":100,"samples":[[-0.055,0.930,0.265,-19.70,-26.89,9.35,-3.67,78.94],[-0.058,0.927,0.296,-28.72,-23.05,10.14,-3.75,78.53],[-0.062,0.905,0.301,-27.81,-20.86,11.17,-3.81,78.12],[-0.065,0.901,0.314,-24.64,-16.41,13.55,-3.81,77.73],[-0.063,0.901,0.320,-26.90,-7.99,10.63,-3.74,77.32],[-0.069,0.917,0.323,-27.20,-6.83,8.92,-3.65,76.92],[-0.048,0.958,0.348,-15.49,-7.20,2.94,-3.59,76.63],[-0.056,1.003,0.353,-2.99,-10.13,-5.59,-3.56,76.48],[-0.041,1.015,0.358,-1.16,-9.09,-6.57,-3.54,76.35],[-0.037,1.003,0.396,-3.24,-9.52,-12.61,-3.52,76.16]]}
35.300	{"type":"ecg","dev":"node-01","seq":1722,"t0":173808,"fs":250,"leads_off":false,"bpm":null,"samples":[0,0,0,0,0,0,0,0,0,0,0,0,0,0,0,0,0,0,0,0,0,0,0,0,0]}
35.399	{"type":"imu","dev":"node-01","seq":1674,"t0":173910,"fs":100,"samples":[[-0.027,1.028,0.348,4.81,-15.61,-14.19,-3.57,76.11],[-0.026,1.044,0.380,-3.42,-14.82,-15.47,-3.62,75.96],[-0.033,1.022,0.372,-4.03,-14.58,-11.33,-3.66,75.80],[-0.057,0.982,0.404,-8.30,-13.72,-9.01,-3.66,75.55],[-0.030,0.960,0.396,0.24,-13.91,-3.89,-3.69,75.40],[-0.065,0.955,0.395,-10.80,-12.99,-1.57,-3.67,75.13],[-0.016,0.877,0.394,-5.13,-12.14,2.03,-3.69,74.90],[-0.068,0.932,0.404,-2.57,-18.48,-0.17,-3.72,74.70],[-0.052,0.896,0.411,-10.25,-12.08,2.27,-3.71,74.42],[-0.091,0.926,0.413,-11.16,-10.06,3.49,-3.63,74.14]]}
35.400	{"type":"ecg","dev":"node-01","seq":1723,"t0":173908,"fs":250,"leads_off":false,"bpm":null,"samples":[0,0,0,0,0,0,0,0,0,0,0,0,0,0,0,0,0,0,0,0,0,0,0,0,0]}
35.499	{"type":"imu","dev":"node-01","seq":1675,"t0":174010,"fs":100,"samples":[[-0.100,1.039,0.352,18.10,-6.34,3.80,-3.52,74.26],[-0.109,0.996,0.361,16.64,-4.27,3.19,-3.37,74.34],[-0.067,0.816,0.502,19.75,-7.93,14.16,-3.30,74.21],[-0.012,0.882,0.232,22.86,-0.37,7.82,-3.22,74.46],[-0.029,0.882,0.268,4.87,-3.60,7.09,-3.16,74.48],[-0.101,0.941,0.389,6.58,-4.64,8.06,-3.03,74.40],[-0.044,0.963,0.371,15.12,8.17,0.99,-2.84,74.44],[-0.016,0.972,0.395,16.58,7.50,-3.28,-2.69,74.47],[-0.009,0.959,0.373,21.89,2.07,-14.25,-2.61,74.57],[0.011,0.891,0.366,16.95,4.69,-8.64,-2.52,74.60]]}
35.500	{"type":"ecg","dev":"node-01","seq":1724,"t0":174008,"fs":250,"leads_off":false,"bpm":null,"samples":[0,0,0,0,0,0,0,0,0,0,0,0,0,0,0,0,0,0,0,0,0,0,0,0,0]}
35.598	{"type":"imu","dev":"node-01","seq":1676,"t0":174110,"fs":100,"samples":[[0.014,0.899,0.335,12.13,7.13,-5.23,-2.42,74.62],[0.010,0.887,0.344,11.64,4.14,-8.03,-2.34,74.62],[0.024,0.959,0.341,27.01,1.34,0.38,-2.31,74.80],[0.008,0.945,0.351,17.31,5.24,3.25,-2.22,74.87],[0.034,0.960,0.303,18.59,4.08,6.72,-2.17,75.00],[0.014,0.943,0.334,11.40,1.22,8.74,-2.13,75.02],[-0.006,0.954,0.312,17.19,-1.83,11.54,-2.10,75.13],[-0.011,0.951,0.324,9.69,-1.59,9.35,-2.06,75.14],[0.000,0.926,0.320,0.48,2.50,6.11,-2.00,75.07],[-0.007,0.905,0.317,3.29,2.31,3.86,-1.93,75.01]]}
35.600	{"type":"ecg","dev":"node-01","seq":1725,"t0":174108,"fs":250,"leads_off":false,"bpm":null,"samples":[0,0,0,0,0,0,0,0,0,0,0,0,0,0,0,0,0,0,0,0,0,0,0,0,0]}
35.699	{"type":"imu","dev":"node-01","seq":1677,"t0":174210,"fs":100,"samples":[[-0.007,0.914,0.337,12.68,-0.25,2.21,-1.88,75.03],[-0.014,0.946,0.327,26.15,-5.98,-0.90,-1.89,75.20],[0.014,0.990,0.335,20.91,-1.04,-6.69,-1.87,75.33],[0.012,0.977,0.368,12.80,0.55,-12.61,-1.84,75.34],[0.028,1.030,0.368,20.91,-3.97,-18.46,-1.88,75.44],[0.016,1.006,0.377,17.98,-5.86,-15.84,-1.91,75.50],[0.011,1.036,0.356,15.18,-5.73,-15.17,-1.94,75.56],[0.004,0.978,0.377,11.76,-11.04,-14.31,-2.02,75.54],[-0.000,0.972,0.325,8.47,-3.97,-4.13,-2.01,75.54],[-0.011,0.965,0.322,3.10,-3.78,-1.75,-2.00,75.49]]}
35.700	{"type":"ecg","dev":"node-01","seq":1726,"t0":174208,"fs":250,"leads_off":false,"bpm":null,"samples":[0,0,0,0,0,0,0,0,0,0,0,0,0,0,0,0,0,0,0,0,0,0,0,0,0]}
35.798	{"type":"imu","dev":"node-01","seq":1678,"t0":174310,"fs":100,"samples":[[-0.016,0.959,0.308,4.87,-1.10,2.76,-1.95,75.47],[0.001,0.947,0.335,1.64,1.83,-0.35,-1.90,75.39],[0.025,0.922,0.348,2.74,4.14,-3.70,-1.85,75.30],[0.050,0.910,0.336,9.45,2.37,-3.15,-1.85,75.28],[0.053,0.937,0.352,1.76,1.46,-6.75,-1.85,75.18],[0.096,0.913,0.389,-5.80,1.70,-10.59,-1.91,74.96],[0.085,0.941,0.360,6.03,-2.99,-10.05,-2.00,74.90],[0.093,0.956,0.390,5.67,-7.26,-7.18,-2.13,74.81],[0.056,0.966,0.404,-12.63,-6.77,-5.90,-2.22,74.54],[0.058,0.966,0.440,-16.29,-11.10,-6.26,-2.35,74.20]]}
35.800	{"type":"ecg","dev":"node-01","seq":1727,"t0":174308,"fs":250,"leads_off":false,"bpm":null,"samples":[0,0,0,0,0,0,0,0,0,0,0,0,0,0,0,0,0,0,0,0,0,0,0,0,0]}
35.899	{"type":"imu","dev":"node-01","seq":1679,"t0":174410,"fs":100,"samples":[[0.061,0.988,0.430,-0.92,-12.75,-1.02,-2.49,74.03],[0.026,0.992,0.441,-0.98,-13.11,-0.47,-2.59,73.86],[0.018,0.987,0.433,-2.20,-11.95,0.14,-2.68,73.69],[-0.004,0.959,0.433,1.34,-9.94,-0.23,-2.72,73.54],[-0.002,0.934,0.421,6.64,-10.55,-1.33,-2.76,73.45],[0.004,0.914,0.432,8.10,-9.82,-1.20,-2.81,73.36],[-0.002,0.900,0.407,9.20,-8.05,0.87,-2.83,73.29],[-0.009,0.892,0.430,-1.29,-4.03,-0.78,-2.80,73.10],[-0.001,0.885,0.421,5.91,-3.91,-0.47,-2.78,72.99],[-0.003,0.904,0.420,21.40,-7.38,-2.30,-2.80,73.04]]}
35.900	{"type":"ecg","dev":"node-01","seq":1728,"t0":174408,"fs":250,"leads_off":false,"bpm":null,"samples":[0,0,0,0,0,0,0,0,0,0,0,0,0,0,0,0,0,0,0,0,0,0,0,0,0]}
35.999	{"type":"imu","dev":"node-01","seq":1680,"t0":174510,"fs":100,"samples":[[0.016,0.895,0.417,28.84,-9.33,-3.76,-2.85,73.16],[0.022,0.895,0.411,29.93,-9.45,-4.19,-2.91,73.30],[0.021,0.900,0.415,27.98,-11.04,-5.96,-2.99,73.41],[0.023,0.911,0.403,29.32,-12.02,-6.81,-3.07,73.55],[0.021,0.914,0.403,33.90,-16.28,-6.02,-3.20,73.74],[0.018,0.917,0.397,34.63,-17.75,-5.11,-3.33,73.94],[0.020,0.922,0.395,30.79,-18.66,-6.26,-3.47,74.10],[0.025,0.927,0.385,27.56,-20.98,-7.30,-3.63,74.23],[0.031,0.927,0.365,26.40,-20.06,-7.61,-3.79,74.38],[0.021,0.941,0.355,24.39,-22.20,-8.64,-3.96,74.51]]}
36.000	{"type":"ecg","dev":"node-01","seq":1729,"t0":174508,"fs":250,"leads_off":false,"bpm":null,"samples":[0,0,0,0,0,0,0,0,0,0,0,0,0,0,0,0,0,0,0,0,0,0,0,0,0]}
36.099	{"type":"imu","dev":"node-01","seq":1681,"t0":174610,"fs":100,"samples":[[0.006,0.937,0.343,21.09,-21.71,-10.47,-4.10,74.63],[0.007,0.943,0.333,19.45,-21.16,-9.56,-4.23,74.74],[0.014,0.945,0.400,16.34,-22.63,-10.90,-4.38,74.74],[0.007,0.972,0.363,21.34,-28.30,-11.39,-4.58,74.85],[0.012,1.007,0.353,18.35,-29.33,-11.87,-4.79,74.95],[-0.033,1.124,0.337,11.15,-28.11,-14.50,-4.94,75.02],[-0.050,0.994,0.344,6.09,-19.03,-10.23,-4.97,75.00],[-0.038,0.959,0.361,9.57,-19.03,-5.41,-5.01,74.98],[-0.015,0.937,0.356,18.17,-17.38,-2.61,-5.07,75.04],[-0.039,0.884,0.313,7.43,-19.21,-1.94,-5.11,75.02]]}
36.100	{"type":"ecg","dev":"node-01","seq":1730,"t0":174608,"fs":250,"leads_off":false,"bpm":null,"samples":[0,0,0,0,0,0,0,0,0,0,0,0,0,0,0,0,0,0,0,0,0,0,0,0,0]}
36.199	{"type":"imu","dev":"node-01","seq":1682,"t0":174710,"fs":100,"samples":[[-0.059,0.895,0.325,2.80,-16.95,-1.26,-5.10,74.95],[-0.072,0.906,0.325,4.57,-17.50,-4.19,-5.08,74.90],[-0.048,0.932,0.323,6.28,-18.97,-9.50,-5.11,74.88],[-0.016,0.953,0.320,6.34,-20.55,-14.80,-5.19,74.88],[-0.012,0.959,0.334,7.92,-19.94,-15.05,-5.27,74.87],[-0.022,0.982,0.332,2.74,-16.83,-12.73,-5.31,74.83],[-0.035,1.007,0.331,-2.63,-14.21,-8.16,-5.30,74.74],[-0.044,1.021,0.340,-5.61,-12.44,-6.51,-5.27,74.63],[-0.052,1.035,0.348,-9.82,-9.39,-3.52,-5.20,74.47],[-0.053,1.042,0.365,-12.81,-10.37,0.20,-5.14,74.27]]}
36.200	{"type":"ecg","dev":"node-01","seq":1731,"t0":174708,"fs":250,"leads_off":false,"bpm":null,"samples":[0,0,0,0,0,0,0,0,0,0,0,0,0,0,0,0,0,0,0,0,0,0,0,0,0]}
36.299	{"type":"imu","dev":"node-01","seq":1683,"t0":174810,"fs":100,"samples":[[-0.048,1.039,0.378,-14.94,-11.41,0.02,-5.10,74.03],[-0.057,1.032,0.391,-15.92,-14.09,-0.23,-5.08,73.78],[-0.052,1.011,0.414,-18.66,-14.03,-0.17,-5.06,73.48],[-0.059,0.997,0.423,-20.25,-15.61,-0.84,-5.05,73.15],[-0.063,0.976,0.399,-15.80,-16.22,-3.46,-5.04,72.89],[-0.073,0.942,0.405,-5.98,-17.69,-1.02,-5.03,72.71],[-0.076,0.941,0.390,-6.96,-14.70,1.91,-4.99,72.53],[-0.071,0.917,0.422,-10.49,-14.39,3.25,-4.95,72.29],[-0.066,0.887,0.446,-11.77,-10.43,4.71,-4.88,71.99],[-0.078,0.892,0.439,-7.32,-13.54,5.20,-4.82,71.75]]}
36.300	{"type":"ecg","dev":"node-01","seq":1732,"t0":174808,"fs":250,"leads_off":false,"bpm":null,"samples":[0,0,0,0,0,0,0,0,0,0,0,0,0,0,0,0,0,0,0,0,0,0,0,0,0]}
36.399	{"type":"imu","dev":"node-01","seq":1684,"t0":174910,"fs":100,"samples":[[-0.085,0.884,0.462,-11.10,-14.70,3.25,-4.77,71.46],[-0.082,0.886,0.458,6.58,-17.20,1.97,-4.75,71.35],[-0.105,0.920,0.460,6.34,-15.86,-0.59,-4.70,71.25],[-0.102,0.896,0.477,7.56,-16.71,-3.22,-4.65,71.14],[-0.105,0.954,0.461,20.60,-14.88,-3.28,-4.59,71.20],[-0.084,0.940,0.468,15.30,-16.47,-8.28,-4.57,71.20],[-0.081,0.925,0.459,14.08,-15.61,-7.73,-4.54,71.18],[-0.090,0.884,0.470,15.91,-15.80,-8.46,-4.50,71.16],[-0.068,0.923,0.426,25.91,-13.72,-1.02,-4.47,71.29],[-0.108,0.904,0.450,13.23,-17.38,-6.81,-4.43,71.27]]}
36.400	{"type":"ecg","dev":"node-01","seq":1733,"t0":174908,"fs":250,"leads_off":false,"bpm":null,"samples":[0,0,0,0,0,0,0,0,0,0,0,0,0,0,0,0,0,0,0,0,0,0,0,0,0]}
36.499	{"type":"imu","dev":"node-01","seq":1685,"t0":175010,"fs":100,"samples":[[-0.066,0.895,0.439,22.37,-15.49,-5.35,-4.42,71.34],[-0.077,0.904,0.435,24.02,-15.00,-3.15,-4.39,71.43],[-0.079,0.900,0.442,23.90,-14.09,-3.34,-4.35,71.52],[-0.087,0.903,0.432,32.37,-13.60,-1.94,-4.29,71.69],[-0.095,0.906,0.432,34.57,-14.39,1.85,-4.24,71.89],[-0.108,0.900,0.428,29.45,-11.28,2.76,-4.14,72.03],[-0.104,0.904,0.428,29.45,-12.20,3.92,-4.06,72.17],[-0.109,0.914,0.414,27.01,-11.89,4.28,-3.97,72.30],[-0.114,0.952,0.397,23.29,-7.99,4.59,-3.84,72.43],[-0.116,0.985,0.408,22.01,-7.81,2.21,-3.72,72.55]]}
36.500	{"type":"ecg","dev":"node-01","seq":1734,"t0":175008,"fs":250,"leads_off":false,"bpm":null,"samples":[0,0,0,0,0,0,0,0,0,0,0,0,0,0,0,0,0,0,0,0,0,0,0,0,0]}
36.599	{"type":"imu","dev":"node-01","seq":1686,"t0":175110,"fs":100,"samples":[[-0.111,0.943,0.350,21.76,-1.89,2.09,-3.54,72.70],[-0.088,0.861,0.405,24.02,-2.75,3.55,-3.39,72.78],[-0.080,0.861,0.404,34.93,-4.64,1.36,-3.27,72.96],[-0.061,0.899,0.361,41.03,-5.80,2.45,-3.19,73.27],[-0.064,0.937,0.358,22.98,-2.56,-2.79,-3.08,73.41],[-0.066,0.963,0.350,21.52,-0.13,-2.91,-2.94,73.55],[-0.059,0.989,0.366,27.49,2.98,-2.97,-2.79,73.75],[-0.025,0.954,0.412,25.24,4.39,-4.37,-2.67,73.85],[-0.017,0.941,0.383,43.10,-1.89,-3.03,-2.61,74.15],[0.014,0.978,0.355,37.07,-5.13,-1.45,-2.62,74.43]]}
36.600	{"type":"ecg","dev":"node-01","seq":1735,"t0":175108,"fs":250,"leads_off":false,"bpm":null,"samples":[0,0,0,0,0,0,0,0,0,0,0,0,0,0,0,0,0,0,0,0,0,0,0,0,0]}
36.698	{"type":"imu","dev":"node-01","seq":1687,"t0":175210,"fs":100,"samples":[[0.010,1.012,0.328,18.65,-7.32,3.80,-2.65,74.57],[-0.012,1.003,0.301,15.18,-7.56,8.25,-2.66,74.69],[-0.043,0.994,0.335,13.23,-5.37,16.48,-2.62,74.76],[-0.038,0.991,0.354,15.36,-2.50,20.93,-2.55,74.82],[-0.012,0.969,0.352,12.74,-0.06,20.08,-2.48,74.85],[-0.007,0.968,0.344,11.28,0.24,17.21,-2.42,74.87],[0.000,0.950,0.343,7.86,0.42,13.86,-2.37,74.85],[0.002,0.950,0.333,10.24,-2.08,6.42,-2.35,74.87],[0.002,0.951,0.334,9.93,-2.38,3.80,-2.32,74.88],[0.009,0.951,0.327,9.99,-0.67,-3.28,-2.29,74.90]]}
36.700	{"type":"ecg","dev":"node-01","seq":1736,"t0":175208,"fs":250,"leads_off":false,"bpm":null,"samples":[0,0,0,0,0,0,0,0,0,0,0,0,0,0,0,0,0,0,0,0,0,0,0,0,0]}
36.798	{"type":"imu","dev":"node-01","seq":1688,"t0":175310,"fs":100,"samples":[[0.009,0.984,0.329,9.20,0.12,-5.29,-2.26,74.93],[0.023,0.988,0.328,8.10,-0.19,-7.79,-2.24,74.94],[0.015,0.993,0.341,-1.35,3.53,-5.78,-2.18,74.85],[0.015,1.009,0.358,-2.75,5.42,-4.37,-2.10,74.73],[0.011,1.011,0.350,-1.35,3.78,-4.19,-2.03,74.64],[-0.000,1.016,0.361,-12.93,6.83,-4.62,-1.92,74.43],[-0.019,0.998,0.358,-12.57,5.79,-2.36,-1.81,74.23],[-0.022,1.003,0.363,-14.76,6.40,-0.59,-1.68,74.00],[-0.031,0.992,0.354,-20.92,7.68,-1.08,-1.54,73.72],[-0.034,0.979,0.370,-10.86,6.03,1.91,-1.41,73.53]]}
36.800	{"type":"ecg","dev":"node-01","seq":1737,"t0":175308,"fs":250,"leads_off":false,"bpm":null,"samples":[0,0,0,0,0,0,0,0,0,0,0,0,0,0,0,0,0,0,0,0,0,0,0,0,0]}
36.898	{"type":"imu","dev":"node-01","seq":1689,"t0":175410,"fs":100,"samples":[[-0.015,0.950,0.388,-12.08,4.75,0.81,-1.32,73.29],[-0.018,0.950,0.372,-17.75,1.83,-1.87,-1.26,73.03],[0.011,0.907,0.381,-4.58,6.09,1.30,-1.19,72.86],[0.004,0.926,0.361,-2.32,9.81,3.00,-1.07,72.76],[0.021,0.942,0.396,-22.32,10.67,-4.13,-0.97,72.43],[0.085,0.881,0.393,1.09,4.63,-4.13,-1.00,72.31],[0.052,0.885,0.426,2.98,5.61,-2.79,-0.99,72.18],[0.039,0.890,0.407,-5.98,8.47,-4.07,-0.93,71.98],[0.048,0.860,0.456,-17.63,6.09,-7.79,-0.91,71.61],[0.038,0.884,0.438,3.47,3.23,-5.41,-0.91,71.49]]}
36.900	{"type":"ecg","dev":"node-01","seq":1738,"t0":175408,"fs":250,"leads_off":false,"bpm":null,"samples":[0,0,0,0,0,0,0,0,0,0,0,0,0,0,0,0,0,0,0,0,0,0,0,0,0]}
36.998	{"type":"imu","dev":"node-01","seq":1690,"t0":175510,"fs":100,"samples":[[0.034,0.893,0.438,-1.47,3.47,-5.96,-0.89,71.32],[0.051,0.833,0.505,-18.11,-0.98,-13.22,-0.94,70.89],[0.035,0.910,0.417,8.65,-2.69,-6.39,-0.99,70.87],[0.002,0.928,0.415,-3.66,-6.95,-10.90,-1.04,70.73],[0.031,0.946,0.363,2.01,-7.02,-9.50,-1.12,70.72],[0.010,0.966,0.383,0.79,-4.03,-6.57,-1.15,70.68],[0.020,0.954,0.392,2.86,-2.20,-4.44,-1.17,70.65],[0.020,0.919,0.432,3.65,1.28,4.22,-1.16,70.57],[0.015,0.898,0.463,-6.90,1.46,7.58,-1.14,70.34],[-0.005,0.885,0.491,-9.09,-6.59,8.00,-1.17,70.06]]}
37.000	{"type":"ecg","dev":"node-01","seq":1739,"t0":175508,"fs":250,"leads_off":false,"bpm":null,"samples":[0,0,0,0,0,0,0,0,0,0,0,0,0,0,0,0,0,0,0,0,0,0,0,0,0]}
37.098	{"type":"imu","dev":"node-01","seq":1691,"t0":175610,"fs":100,"samples":[[0.011,0.904,0.470,1.89,-7.14,9.95,-1.23,69.93],[-0.020,0.928,0.498,-6.59,-8.30,5.87,-1.27,69.71],[0.003,0.899,0.508,-6.59,-7.32,-1.57,-1.32,69.46],[-0.002,0.910,0.507,-6.59,-9.45,-1.75,-1.38,69.22],[0.010,0.907,0.531,-10.43,-8.91,-2.85,-1.45,68.93],[0.045,0.869,0.460,11.52,-4.15,1.11,-1.52,68.90],[0.002,0.903,0.450,-2.26,-7.93,1.54,-1.57,68.77],[0.008,0.851,0.558,-5.01,-5.86,-2.91,-1.60,68.48],[0.022,0.876,0.503,13.78,-13.78,-2.73,-1.73,68.45],[0.010,0.871,0.507,16.46,-14.58,-2.85,-1.85,68.44]]}
37.100	{"type":"ecg","dev":"node-01","seq":1740,"t0":175608,"fs":250,"leads_off":false,"bpm":null,"samples":[0,0,0,0,0,0,0,0,0,0,0,0,0,0,0,0,0,0,0,0,0,0,0,0,0]}
37.199	{"type":"imu","dev":"node-01","seq":1692,"t0":175710,"fs":100,"samples":[[0.010,0.860,0.483,9.02,-10.98,-4.07,-1.93,68.37],[-0.018,0.872,0.488,17.56,-13.36,-2.55,-2.00,68.39],[-0.004,0.861,0.487,32.31,-12.93,-0.17,-2.08,68.55],[-0.011,0.894,0.515,58.29,-11.65,3.92,-2.14,68.95],[0.009,0.943,0.493,62.43,-14.15,0.99,-2.25,69.43],[0.012,0.958,0.490,56.64,-13.60,-0.17,-2.35,69.86],[0.021,0.966,0.464,57.56,-10.49,-2.67,-2.43,70.31],[0.018,0.989,0.457,67.92,-16.65,-2.61,-2.56,70.88],[0.023,0.986,0.491,61.46,-17.14,-4.31,-2.70,71.33],[0.028,0.979,0.480,56.21,-15.92,-4.01,-2.83,71.73]]}
37.200	{"type":"ecg","dev":"node-01","seq":1741,"t0":175708,"fs":250,"leads_off":false,"bpm":null,"samples":[0,0,0,0,0,0,0,0,0,0,0,0,0,0,0,0,0,0,0,0,0,0,0,0,0]}
37.299	{"type":"imu","dev":"node-01","seq":1693,"t0":175810,"fs":100,"samples":[[0.036,0.972,0.477,40.24,-16.71,-7.61,-2.98,71.97],[0.010,1.018,0.445,43.84,-23.42,-4.74,-3.16,72.29],[-0.002,1.031,0.440,40.24,-24.88,-7.06,-3.34,72.57],[-0.007,1.012,0.421,23.65,-24.82,-6.39,-3.51,72.70],[-0.016,0.961,0.428,21.58,-25.43,-6.45,-3.67,72.78],[-0.015,0.952,0.408,22.19,-25.19,-3.46,-3.83,72.88],[-0.025,0.947,0.389,10.97,-19.94,-2.85,-3.92,72.88],[-0.039,0.912,0.401,-1.83,-15.25,-1.87,-3.94,72.73],[-0.036,0.908,0.389,-1.16,-13.48,-1.26,-3.95,72.60],[-0.006,0.908,0.388,-2.51,-8.72,-2.97,-3.95,72.46]]}
37.300	{"type":"ecg","dev":"node-01","seq":1742,"t0":175808,"fs":250,"leads_off":false,"bpm":null,"samples":[0,0,0,0,0,0,0,0,0,0,0,0,0,0,0,0,0,0,0,0,0,0,0,0,0]}
37.399	{"type":"imu","dev":"node-01","seq":1694,"t0":175910,"fs":100,"samples":[[-0.008,0.910,0.397,-6.59,-12.20,-12.24,-3.99,72.27],[-0.001,0.876,0.411,-0.86,-12.02,-12.67,-4.02,72.12],[0.012,0.893,0.437,9.81,-13.54,-11.63,-4.09,72.05],[0.005,0.911,0.395,17.07,-21.22,-12.06,-4.22,72.11],[0.004,0.906,0.400,20.73,-26.34,-11.87,-4.40,72.19],[-0.010,0.915,0.359,22.49,-29.88,-9.13,-4.59,72.34],[-0.032,0.942,0.327,15.06,-29.39,-4.80,-4.75,72.46],[-0.060,0.946,0.319,7.92,-22.38,1.91,-4.81,72.51],[-0.060,0.944,0.316,7.56,-20.25,3.19,-4.84,72.57],[-0.071,0.932,0.318,3.47,-13.54,7.82,-4.79,72.57]]}
37.400	{"type":"ecg","dev":"node-01","seq":1743,"t0":175908,"fs":250,"leads_off":false,"bpm":null,"samples":[0,0,0,0,0,0,0,0,0,0,0,0,0,0,0,0,0,0,0,0,0,0,0,0,0]}
37.499	{"type":"imu","dev":"node-01","seq":1695,"t0":176010,"fs":100,"samples":[[-0.065,0.929,0.357,7.68,-11.28,6.17,-4.73,72.58],[-0.064,0.941,0.397,15.54,-11.04,5.50,-4.67,72.62],[-0.056,0.973,0.432,26.76,-14.21,0.63,-4.66,72.75],[-0.044,0.984,0.404,25.85,-16.41,-1.33,-4.68,72.90],[-0.044,0.984,0.409,23.47,-16.95,-1.69,-4.70,73.02],[-0.041,0.995,0.414,16.89,-15.49,-2.97,-4.72,73.08],[-0.026,0.989,0.409,10.12,-11.10,-0.47,-4.71,73.06],[-0.030,0.977,0.398,9.14,-9.15,-0.17,-4.67,73.05],[-0.017,0.953,0.393,3.53,-3.42,2.52,-4.59,72.97],[-0.008,0.900,0.398,7.13,-4.21,4.77,-4.53,72.91]]}
37.500	{"type":"ecg","dev":"node-01","seq":1744,"t0":176008,"fs":250,"leads_off":false,"bpm":null,"samples":[0,0,0,0,0,0,0,0,0,0,0,0,0,0,0,0,0,0,0,0,0,0,0,0,0]}
37.599	{"type":"imu","dev":"node-01","seq":1696,"t0":176110,"fs":100,"samples":[[-0.005,0.889,0.404,13.78,-7.50,5.81,-4.51,72.90],[-0.031,0.867,0.413,15.85,-15.86,2.03,-4.53,72.88],[-0.049,0.828,0.424,34.39,-19.88,6.85,-4.58,73.02],[-0.062,0.884,0.404,34.93,-18.72,8.49,-4.60,73.21],[-0.073,0.892,0.435,31.15,-23.72,5.99,-4.65,73.33],[-0.079,0.927,0.439,25.73,-21.71,5.87,-4.68,73.41],[-0.100,0.962,0.467,16.95,-17.32,4.22,-4.65,73.39],[-0.106,0.975,0.431,16.15,-15.06,3.86,-4.59,73.40],[-0.105,0.990,0.406,13.23,-8.54,1.60,-4.47,73.42],[-0.098,0.973,0.382,11.76,-3.72,1.11,-4.31,73.44]]}
37.600	{"type":"ecg","dev":"node-01","seq":1745,"t0":176108,"fs":250,"leads_off":false,"bpm":null,"samples":[0,0,0,0,0,0,0,0,0,0,0,0,0,0,0,0,0,0,0,0,0,0,0,0,0]}
37.699	{"type":"imu","dev":"node-01","seq":1697,"t0":176210,"fs":100,"samples":[[-0.069,0.958,0.406,9.45,-2.08,-0.90,-4.17,73.40],[-0.050,0.926,0.409,22.01,-6.53,-7.18,-4.10,73.47],[-0.054,0.934,0.397,22.80,-10.31,-10.11,-4.06,73.57],[-0.052,0.940,0.419,17.31,-11.53,-10.29,-4.03,73.58],[-0.055,0.936,0.432,19.63,-14.70,-10.17,-4.03,73.61],[-0.058,0.948,0.402,18.65,-11.34,-7.55,-4.00,73.66],[-0.075,0.950,0.383,11.76,-10.55,-9.56,-3.94,73.66],[-0.074,0.916,0.370,21.82,-4.21,-1.39,-3.81,73.76],[-0.052,0.910,0.376,14.57,5.24,2.15,-3.63,73.78],[-0.052,0.908,0.427,12.37,5.30,1.30,-3.44,73.72]]}
37.700	{"type":"ecg","dev":"node-01","seq":1746,"t0":176208,"fs":250,"leads_off":false,"bpm":null,"samples":[0,0,0,0,0,0,0,0,0,0,0,0,0,0,0,0,0,0,0,0,0,0,0,0,0]}
37.798	{"type":"imu","dev":"node-01","seq":1698,"t0":176310,"fs":100,"samples":[[-0.033,0.908,0.367,22.25,2.56,2.52,-3.31,73.83],[-0.049,0.906,0.361,10.91,1.03,2.39,-3.18,73.82],[-0.069,0.973,0.376,15.97,3.35,2.88,-3.00,73.88],[-0.074,1.030,0.372,18.84,6.28,0.81,-2.80,73.99],[-0.059,0.882,0.388,16.21,11.34,4.77,-2.57,73.99],[-0.024,0.886,0.436,38.96,9.45,4.83,-2.40,74.17],[-0.020,0.951,0.378,44.08,8.72,1.54,-2.24,74.49],[-0.039,1.029,0.378,27.01,12.37,-2.00,-2.03,74.66],[-0.011,1.064,0.369,26.52,20.48,-2.97,-1.78,74.84],[0.010,1.027,0.352,31.89,21.40,-2.79,-1.55,75.08]]}
37.800	{"type":"ecg","dev":"node-01","seq":1747,"t0":176308,"fs":250,"leads_off":false,"bpm":null,"samples":[0,0,0,0,0,0,0,0,0,0,0,0,0,0,0,0,0,0,0,0,0,0,0,0,0]}
37.898	{"type":"imu","dev":"node-01","seq":1699,"t0":176410,"fs":100,"samples":[[0.049,0.960,0.344,37.19,12.62,-2.30,-1.45,75.35],[0.036,0.964,0.329,29.20,6.16,-0.23,-1.40,75.55],[0.028,0.957,0.327,16.21,5.73,2.64,-1.35,75.62],[-0.007,0.956,0.307,-0.19,8.05,10.75,-1.23,75.55],[-0.047,0.948,0.311,-2.51,6.64,15.93,-1.09,75.45],[-0.027,0.954,0.338,-0.80,10.06,16.30,-0.94,75.35],[-0.035,0.942,0.335,-1.96,16.46,16.11,-0.72,75.23],[-0.021,0.940,0.368,-5.37,25.12,15.50,-0.43,75.04],[-0.014,0.941,0.372,-4.09,26.09,12.58,-0.15,74.87],[0.012,0.953,0.370,4.26,21.64,3.19,0.05,74.79]]}
37.901	{"type":"ecg","dev":"node-01","seq":1748,"t0":176408,"fs":250,"leads_off":false,"bpm":null,"samples":[0,0,0,0,0,0,0,0,0,0,0,0,0,0,0,0,0,0,0,0,0,0,0,0,0]}
37.902	{"type":"status","dev":"node-01","fw":"0.1.0","uptime_ms":176509,"ecg":{"fs":250},"imu":{"ok":true,"fs":100,"errors":499,"fields":["ax","ay","az","gx","gy","gz","pitch","roll"]}}
37.998	{"type":"imu","dev":"node-01","seq":1700,"t0":176510,"fs":100,"samples":[[0.025,0.983,0.372,9.93,17.25,-2.18,0.19,74.78],[0.021,1.020,0.368,12.68,12.37,-8.09,0.28,74.81],[0.021,1.042,0.378,16.15,10.97,-7.00,0.36,74.87],[0.019,1.043,0.370,22.74,9.63,-6.51,0.43,75.01],[0.010,1.059,0.377,19.39,9.27,-3.83,0.50,75.10],[-0.010,1.040,0.386,13.29,10.30,-3.03,0.60,75.13],[-0.024,1.004,0.345,13.41,12.44,0.75,0.74,75.18],[-0.034,0.981,0.344,6.03,12.98,3.49,0.89,75.14],[-0.033,0.961,0.346,1.76,14.51,2.27,1.05,75.06],[-0.039,0.957,0.350,-2.99,15.06,1.72,1.22,74.93]]}
38.000	{"type":"ecg","dev":"node-01","seq":1749,"t0":176508,"fs":250,"leads_off":false,"bpm":null,"samples":[0,0,0,0,0,0,0,0,0,0,0,0,0,0,0,0,0,0,0,0,0,0,0,0,0]}
38.098	{"type":"imu","dev":"node-01","seq":1701,"t0":176610,"fs":100,"samples":[[-0.032,0.955,0.373,-2.51,14.33,1.24,1.37,74.78],[-0.021,0.950,0.381,-0.55,12.92,-1.63,1.50,74.64],[0.008,0.945,0.393,2.56,8.90,-5.05,1.54,74.52],[0.020,0.946,0.413,0.54,5.48,-9.68,1.55,74.37],[0.045,0.929,0.416,2.86,4.51,-10.78,1.51,74.22],[0.035,0.923,0.403,1.40,2.74,-6.57,1.46,74.08],[0.040,0.918,0.413,-4.70,6.03,-4.37,1.45,73.87],[0.033,0.917,0.419,-0.98,3.72,-2.67,1.42,73.69],[0.037,0.928,0.432,2.56,3.11,-1.51,1.38,73.54],[0.035,0.922,0.439,2.92,-0.25,-1.51,1.31,73.39]]}
38.100	{"type":"ecg","dev":"node-01","seq":1750,"t0":176608,"fs":250,"leads_off":false,"bpm":null,"samples":[0,0,0,0,0,0,0,0,0,0,0,0,0,0,0,0,0,0,0,0,0,0,0,0,0]}
38.198	{"type":"imu","dev":"node-01","seq":1702,"t0":176710,"fs":100,"samples":[[0.037,0.934,0.428,0.54,-1.89,-6.51,1.22,73.24],[0.037,0.927,0.432,-2.75,-0.80,-4.86,1.15,73.05],[0.019,0.923,0.412,3.23,-3.66,-5.53,1.07,72.94],[0.021,0.912,0.405,9.69,-5.31,-5.41,0.97,72.89],[0.015,0.905,0.397,10.73,-7.63,-4.37,0.86,72.87],[-0.004,0.895,0.394,14.93,-8.05,-0.59,0.77,72.88],[-0.007,0.899,0.411,16.64,-5.31,5.08,0.71,72.90],[-0.008,0.896,0.431,19.32,-6.71,6.36,0.64,72.91],[0.013,0.910,0.431,28.10,-12.08,3.92,0.49,73.02],[0.021,0.910,0.412,28.71,-15.13,0.63,0.31,73.16]]}
38.200	{"type":"ecg","dev":"node-01","seq":1751,"t0":176708,"fs":250,"leads_off":false,"bpm":null,"samples":[0,0,0,0,0,0,0,0,0,0,0,0,0,0,0,0,0,0,0,0,0,0,0,0,0]}
38.299	{"type":"imu","dev":"node-01","seq":1703,"t0":176810,"fs":100,"samples":[[0.017,0.900,0.408,28.35,-16.71,-0.41,0.12,73.28],[0.019,0.901,0.390,21.95,-11.34,-1.33,-0.02,73.37],[0.023,0.882,0.426,18.53,-5.55,-1.26,-0.10,73.36],[0.025,0.884,0.453,22.13,-8.48,-2.12,-0.21,73.37],[0.045,0.887,0.416,28.71,-11.04,-3.15,-0.36,73.48],[0.024,0.892,0.382,20.36,-12.81,-2.06,-0.51,73.55],[0.020,0.867,0.377,19.51,-10.73,-1.39,-0.63,73.60],[0.013,0.880,0.378,25.30,-8.42,1.17,-0.72,73.71],[0.001,0.871,0.391,27.62,-5.73,-1.02,-0.76,73.82],[0.022,0.888,0.440,18.59,-6.47,-10.84,-0.83,73.80]]}
38.300	{"type":"ecg","dev":"node-01","seq":1752,"t0":176808,"fs":250,"leads_off":false,"bpm":null,"samples":[0,0,0,0,0,0,0,0,0,0,0,0,0,0,0,0,0,0,0,0,0,0,0,0,0]}
38.399	{"type":"imu","dev":"node-01","seq":1704,"t0":176910,"fs":100,"samples":[[0.037,0.875,0.410,15.42,-2.08,-5.96,-0.88,73.77],[0.040,0.967,0.361,24.45,-6.22,-5.11,-0.97,73.93],[0.033,1.034,0.381,14.63,-9.39,-9.68,-1.07,73.99],[0.033,1.023,0.381,17.43,-12.20,-9.25,-1.21,74.07],[0.004,1.025,0.388,18.59,-17.44,-4.56,-1.36,74.16],[-0.019,1.012,0.369,11.40,-17.69,0.75,-1.48,74.19],[-0.032,0.976,0.405,6.28,-20.43,2.39,-1.62,74.11],[-0.072,0.986,0.379,5.24,-20.61,4.28,-1.71,74.06],[-0.078,0.995,0.361,-0.61,-17.38,5.50,-1.76,73.97],[-0.081,0.966,0.387,-3.54,-16.53,1.91,-1.80,73.82]]}
38.400	{"type":"ecg","dev":"node-01","seq":1753,"t0":176908,"fs":250,"leads_off":false,"bpm":null,"samples":[0,0,0,0,0,0,0,0,0,0,0,0,0,0,0,0,0,0,0,0,0,0,0,0,0]}
38.499	{"type":"imu","dev":"node-01","seq":1705,"t0":177010,"fs":100,"samples":[[-0.084,0.971,0.368,0.73,-12.14,-0.53,-1.79,73.74],[-0.067,0.972,0.378,4.57,-11.28,-8.46,-1.79,73.68],[-0.059,0.950,0.382,5.42,-9.27,-11.51,-1.78,73.62],[-0.034,0.953,0.375,10.06,-7.44,-13.09,-1.78,73.62],[0.013,0.914,0.382,13.71,-8.78,-11.87,-1.85,73.63],[-0.005,0.913,0.333,7.92,-5.86,-9.19,-1.86,73.63],[0.012,0.874,0.319,10.67,-7.81,-5.65,-1.92,73.66],[0.003,0.893,0.319,8.47,-5.06,-2.61,-1.93,73.68],[0.016,0.887,0.299,14.87,-5.67,-0.59,-1.97,73.78],[0.006,0.878,0.308,14.51,-9.15,-1.87,-2.02,73.86]]}
38.500	{"type":"ecg","dev":"node-01","seq":1754,"t0":177008,"fs":250,"leads_off":false,"bpm":null,"samples":[0,0,0,0,0,0,0,0,0,0,0,0,0,0,0,0,0,0,0,0,0,0,0,0,0]}
38.599	{"type":"imu","dev":"node-01","seq":1706,"t0":177110,"fs":100,"samples":[[0.003,0.881,0.298,18.35,-12.08,-3.15,-2.11,73.99],[-0.017,0.882,0.336,20.18,-20.06,-0.90,-2.24,74.09],[-0.023,0.898,0.333,20.97,-18.97,-0.84,-2.35,74.21],[-0.057,0.927,0.316,18.96,-20.37,-0.53,-2.44,74.33],[-0.083,0.972,0.350,13.47,-19.09,-0.53,-2.49,74.38],[-0.086,1.002,0.346,13.35,-17.14,0.81,-2.51,74.44],[-0.090,1.041,0.361,9.51,-12.08,2.03,-2.49,74.46],[-0.085,1.055,0.389,9.39,-10.49,-0.59,-2.45,74.46],[-0.074,1.057,0.403,9.99,-8.17,-1.87,-2.41,74.45],[-0.061,1.069,0.406,16.40,-9.82,-3.89,-2.39,74.51]]}
38.600	{"type":"ecg","dev":"node-01","seq":1755,"t0":177108,"fs":250,"leads_off":false,"bpm":null,"samples":[0,0,0,0,0,0,0,0,0,0,0,0,0,0,0,0,0,0,0,0,0,0,0,0,0]}
38.699	{"type":"imu","dev":"node-01","seq":1707,"t0":177210,"fs":100,"samples":[[-0.047,1.052,0.403,14.93,-7.14,-7.67,-2.37,74.55],[-0.046,1.063,0.391,16.46,-7.14,-8.09,-2.34,74.61],[-0.011,1.044,0.348,26.09,-11.65,-5.11,-2.40,74.81],[-0.020,1.014,0.366,20.42,-12.38,-3.70,-2.45,74.91],[-0.028,1.021,0.360,13.35,-11.47,-2.00,-2.49,74.96],[-0.037,0.986,0.369,9.81,-11.47,-2.67,-2.51,74.94],[-0.053,0.990,0.348,9.93,-10.61,-0.59,-2.50,74.96],[-0.063,0.965,0.366,0.97,-8.60,2.27,-2.47,74.85],[-0.085,0.969,0.350,-1.29,-8.11,2.58,-2.40,74.74],[-0.084,0.967,0.366,-1.04,-6.47,0.99,-2.33,74.62]]}
38.700	{"type":"ecg","dev":"node-01","seq":1756,"t0":177208,"fs":250,"leads_off":false,"bpm":null,"samples":[0,0,0,0,0,0,0,0,0,0,0,0,0,0,0,0,0,0,0,0,0,0,0,0,0]}
38.799	{"type":"imu","dev":"node-01","seq":1708,"t0":177310,"fs":100,"samples":[[-0.086,0.974,0.385,-5.43,-5.31,-0.78,-2.24,74.45],[-0.088,0.970,0.382,-6.22,-3.48,-1.33,-2.13,74.27],[-0.099,0.970,0.408,-4.21,-4.88,-3.03,-2.03,74.08],[-0.096,0.975,0.401,4.45,-5.61,-4.44,-1.94,74.00],[-0.099,0.962,0.400,7.31,-5.37,-5.59,-1.84,73.94],[-0.108,0.955,0.365,10.18,-2.02,-7.48,-1.71,73.94],[-0.123,0.928,0.354,3.23,2.74,-9.19,-1.50,73.88],[-0.118,0.917,0.372,0.12,3.66,-10.41,-1.30,73.76],[-0.104,0.914,0.397,-3.18,2.31,-14.25,-1.13,73.58],[-0.103,0.901,0.364,-16.53,2.86,-19.19,-0.96,73.31]]}
38.800	{"type":"ecg","dev":"node-01","seq":1757,"t0":177308,"fs":250,"leads_off":false,"bpm":null,"samples":[0,0,0,0,0,0,0,0,0,0,0,0,0,0,0,0,0,0,0,0,0,0,0,0,0]}
38.899	{"type":"imu","dev":"node-01","seq":1709,"t0":177410,"fs":100,"samples":[[-0.105,0.903,0.369,-20.74,0.97,-18.76,-0.81,72.99],[-0.138,0.899,0.394,-27.57,8.11,-15.90,-0.56,72.59],[-0.152,0.887,0.441,-18.36,12.98,-14.13,-0.24,72.23],[-0.132,0.892,0.445,-8.36,12.31,-11.69,0.03,71.97],[-0.128,0.890,0.449,-4.76,11.70,-11.45,0.29,71.75],[-0.111,0.892,0.450,8.65,8.23,-8.34,0.50,71.67],[-0.112,0.912,0.437,31.46,4.14,-4.13,0.65,71.83],[-0.123,0.911,0.438,41.40,0.18,-4.13,0.78,72.09],[-0.100,0.924,0.428,57.62,-3.60,-1.75,0.84,72.51],[-0.101,0.930,0.395,58.65,-5.25,-0.53,0.89,72.98]]}
38.900	{"type":"ecg","dev":"node-01","seq":1758,"t0":177408,"fs":250,"leads_off":false,"bpm":null,"samples":[0,0,0,0,0,0,0,0,0,0,0,0,0,0,0,0,0,0,0,0,0,0,0,0,0]}
38.998	{"type":"imu","dev":"node-01","seq":1710,"t0":177510,"fs":100,"samples":[[-0.092,0.925,0.389,51.64,-4.94,0.44,0.93,73.37],[-0.089,0.910,0.377,39.32,-0.80,-0.47,1.00,73.63],[-0.086,0.890,0.386,29.63,2.80,-2.30,1.11,73.78],[-0.086,0.874,0.388,24.99,5.24,-1.39,1.24,73.87],[-0.093,0.869,0.385,20.06,8.66,-2.24,1.42,73.91],[-0.104,0.878,0.385,14.02,10.30,-2.24,1.61,73.90],[-0.110,0.897,0.386,13.10,10.18,-0.35,1.81,73.88],[-0.129,0.919,0.388,12.62,9.27,-0.53,2.01,73.87],[-0.137,0.963,0.408,15.97,7.68,0.75,2.20,73.89],[-0.144,1.005,0.406,19.39,7.68,0.63,2.38,73.97]]}
39.000	{"type":"ecg","dev":"node-01","seq":1759,"t0":177508,"fs":250,"leads_off":false,"bpm":null,"samples":[0,0,0,0,0,0,0,0,0,0,0,0,0,0,0,0,0,0,0,0,0,0,0,0,0]}
39.098	{"type":"imu","dev":"node-01","seq":1711,"t0":177610,"fs":100,"samples":[[-0.132,0.984,0.393,18.41,8.90,2.39,2.56,74.03],[-0.107,0.937,0.372,23.53,8.23,6.54,2.71,74.15],[-0.086,0.981,0.338,24.51,10.12,6.48,2.85,74.33],[-0.067,1.005,0.354,21.28,11.46,5.44,2.98,74.46],[-0.049,1.029,0.373,18.47,13.90,1.97,3.11,74.55],[-0.015,0.965,0.391,22.74,12.07,-1.63,3.18,74.64],[-0.012,0.941,0.383,23.35,8.72,-0.41,3.21,74.74],[-0.014,0.921,0.345,20.73,1.46,1.54,3.18,74.83],[-0.059,0.922,0.329,10.12,1.09,7.21,3.20,74.84],[-0.078,0.917,0.329,9.87,2.80,10.69,3.25,74.85]]}
39.100	{"type":"ecg","dev":"node-01","seq":1760,"t0":177608,"fs":250,"leads_off":false,"bpm":null,"samples":[0,0,0,0,0,0,0,0,0,0,0,0,0,0,0,0,0,0,0,0,0,0,0,0,0]}
39.198	{"type":"imu","dev":"node-01","seq":1712,"t0":177710,"fs":100,"samples":[[-0.108,0.915,0.343,7.07,7.13,14.10,3.38,74.81],[-0.097,0.921,0.356,7.74,9.94,15.99,3.52,74.77],[-0.093,0.927,0.348,7.56,11.64,15.26,3.67,74.73],[-0.079,0.938,0.368,-0.43,14.20,13.86,3.83,74.61],[-0.064,0.931,0.365,-3.42,16.64,11.97,3.99,74.45],[-0.061,0.929,0.376,-3.24,16.22,10.81,4.14,74.29],[-0.044,0.939,0.361,5.30,15.00,9.41,4.25,74.24],[-0.040,0.923,0.366,16.46,4.33,0.20,4.26,74.28],[-0.001,0.933,0.347,24.87,2.80,0.93,4.20,74.43],[-0.034,0.938,0.361,13.53,8.47,6.91,4.24,74.45]]}
39.200	{"type":"ecg","dev":"node-01","seq":1761,"t0":177708,"fs":250,"leads_off":false,"bpm":null,"samples":[0,0,0,0,0,0,0,0,0,0,0,0,0,0,0,0,0,0,0,0,0,0,0,0,0]}
39.298	{"type":"imu","dev":"node-01","seq":1713,"t0":177810,"fs":100,"samples":[[-0.021,0.932,0.337,14.75,9.27,8.19,4.27,74.51],[-0.028,0.954,0.343,16.46,6.64,8.61,4.28,74.59],[-0.030,0.962,0.349,9.57,7.31,7.03,4.30,74.59],[-0.037,0.969,0.351,1.76,10.67,6.66,4.36,74.52],[-0.035,0.983,0.358,-7.26,13.90,5.38,4.45,74.36],[-0.037,0.991,0.377,-12.81,15.97,5.56,4.55,74.13],[-0.040,0.998,0.382,-12.63,11.89,4.16,4.62,73.90],[-0.035,0.983,0.419,-14.21,9.39,2.52,4.66,73.62],[-0.034,0.980,0.416,-14.15,5.97,3.49,4.66,73.35],[-0.047,0.965,0.410,-19.52,7.19,4.65,4.69,73.03]]}
39.300	{"type":"ecg","dev":"node-01","seq":1762,"t0":177808,"fs":250,"leads_off":false,"bpm":null,"samples":[0,0,0,0,0,0,0,0,0,0,0,0,0,0,0,0,0,0,0,0,0,0,0,0,0]}
39.398	{"type":"imu","dev":"node-01","seq":1714,"t0":177910,"fs":100,"samples":[[-0.065,0.954,0.390,-21.77,8.41,7.03,4.75,72.71],[-0.058,0.947,0.418,-21.90,8.35,6.91,4.80,72.37],[-0.051,0.934,0.426,-19.94,10.91,5.99,4.87,72.04],[-0.025,0.922,0.463,-1.29,6.22,4.59,4.86,71.85],[-0.028,0.929,0.448,-4.46,5.97,0.56,4.85,71.65],[0.001,0.898,0.451,2.37,1.34,1.24,4.77,71.51],[-0.016,0.932,0.465,-2.57,1.70,-5.53,4.71,71.32],[-0.027,0.900,0.487,5.91,9.02,-0.41,4.73,71.19],[-0.018,0.894,0.503,6.34,10.97,-1.08,4.76,71.04],[0.016,0.911,0.492,2.25,12.44,-3.40,4.77,70.87]]}
39.400	{"type":"ecg","dev":"node-01","seq":1763,"t0":177908,"fs":250,"leads_off":false,"bpm":null,"samples":[0,0,0,0,0,0,0,0,0,0,0,0,0,0,0,0,0,0,0,0,0,0,0,0,0]}
39.498	{"type":"imu","dev":"node-01","seq":1715,"t0":178010,"fs":100,"samples":[[0.003,0.941,0.467,13.71,4.63,-2.18,4.72,70.86],[0.000,0.946,0.505,16.21,-2.26,-5.05,4.60,70.84],[-0.011,0.976,0.502,12.01,-9.45,-4.31,4.43,70.80],[-0.021,0.990,0.484,6.89,-5.19,-0.11,4.31,70.73],[-0.015,0.982,0.490,-1.22,-2.20,2.15,4.22,70.57],[-0.014,0.946,0.485,4.75,-0.00,9.41,4.15,70.46],[-0.020,0.927,0.490,9.51,-2.99,12.27,4.06,70.39],[-0.025,0.923,0.496,11.09,-5.13,12.21,3.96,70.33],[-0.032,0.914,0.490,24.99,-9.70,9.16,3.82,70.40],[-0.041,0.914,0.503,19.81,-9.76,6.78,3.69,70.41]]}
39.500	{"type":"ecg","dev":"node-01","seq":1764,"t0":178008,"fs":250,"leads_off":false,"bpm":null,"samples":[0,0,0,0,0,0,0,0,0,0,0,0,0,0,0,0,0,0,0,0,0,0,0,0,0]}
39.598	{"type":"imu","dev":"node-01","seq":1716,"t0":178110,"fs":100,"samples":[[-0.037,0.910,0.495,17.31,-8.11,5.02,3.58,70.40],[-0.040,0.907,0.510,16.95,-5.80,2.76,3.49,70.37],[-0.005,0.912,0.462,37.19,-10.13,-1.94,3.33,70.59],[-0.008,0.912,0.489,32.37,-10.73,-2.55,3.17,70.73],[-0.001,0.895,0.487,26.64,-6.95,-3.40,3.04,70.81],[-0.011,0.900,0.459,26.76,-6.34,-1.81,2.93,70.92],[-0.007,0.893,0.465,28.84,-5.73,-1.33,2.82,71.03],[-0.004,0.900,0.449,33.23,-6.28,0.50,2.71,71.20],[-0.009,0.894,0.443,38.65,-11.04,0.69,2.56,71.43],[-0.010,0.883,0.431,40.67,-14.70,-2.12,2.37,71.68]]}
39.600	{"type":"ecg","dev":"node-01","seq":1765,"t0":178108,"fs":250,"leads_off":false,"bpm":null,"samples":[0,0,0,0,0,0,0,0,0,0,0,0,0,0,0,0,0,0,0,0,0,0,0,0,0]}
39.699	{"type":"imu","dev":"node-01","seq":1717,"t0":178210,"fs":100,"samples":[[-0.018,0.901,0.425,39.63,-15.55,-2.61,2.19,71.93],[-0.016,0.905,0.433,31.15,-13.84,-3.58,2.03,72.08],[-0.016,0.931,0.420,23.65,-12.81,-5.05,1.88,72.19],[-0.023,0.941,0.428,18.29,-11.22,-4.31,1.76,72.24],[-0.023,0.956,0.435,15.18,-12.50,-5.41,1.63,72.25],[-0.032,0.983,0.438,12.07,-13.91,-4.50,1.49,72.24],[-0.034,0.967,0.432,10.60,-15.13,-4.13,1.35,72.22],[-0.055,0.972,0.428,13.17,-20.06,-2.67,1.19,72.23],[-0.064,0.995,0.421,16.09,-18.36,-1.87,1.05,72.28],[-0.069,1.025,0.408,19.26,-17.99,-3.40,0.93,72.39]]}
39.700	{"type":"ecg","dev":"node-01","seq":1766,"t0":178208,"fs":250,"leads_off":false,"bpm":null,"samples":[0,0,0,0,0,0,0,0,0,0,0,0,0,0,0,0,0,0,0,0,0,0,0,0,0]}
39.799	{"type":"imu","dev":"node-01","seq":1718,"t0":178310,"fs":100,"samples":[[-0.076,1.044,0.410,13.96,-15.67,-9.62,0.83,72.45],[-0.067,1.002,0.415,9.08,-15.55,-14.37,0.73,72.44],[-0.055,0.982,0.414,14.69,-15.67,-14.86,0.62,72.48],[-0.063,0.950,0.379,21.52,-20.67,-15.90,0.48,72.61],[-0.083,0.914,0.373,12.86,-21.59,-12.30,0.35,72.64],[-0.093,0.899,0.353,11.89,-18.11,-11.02,0.28,72.67],[-0.090,0.897,0.346,11.34,-16.16,-9.80,0.22,72.71],[-0.079,0.899,0.345,10.30,-12.44,-11.94,0.19,72.74],[-0.055,0.907,0.346,15.42,-9.21,-12.97,0.16,72.81],[-0.039,0.914,0.339,17.68,-8.36,-13.70,0.12,72.92]]}
39.800	{"type":"ecg","dev":"node-01","seq":1767,"t0":178308,"fs":250,"leads_off":false,"bpm":null,"samples":[0,0,0,0,0,0,0,0,0,0,0,0,0,0,0,0,0,0,0,0,0,0,0,0,0]}
39.899	{"type":"imu","dev":"node-01","seq":1719,"t0":178410,"fs":100,"samples":[[-0.014,0.909,0.357,15.36,-8.48,-15.90,0.05,72.99],[0.016,0.903,0.354,15.60,-8.72,-12.97,-0.05,73.05],[0.015,0.906,0.337,15.12,-12.93,-13.46,-0.20,73.13],[0.001,0.927,0.342,10.85,-18.42,-11.57,-0.37,73.17],[-0.037,0.952,0.336,5.18,-22.14,-6.69,-0.54,73.17],[-0.070,0.976,0.341,2.43,-20.98,-5.78,-0.66,73.14],[-0.115,1.010,0.348,-3.85,-15.98,-2.36,-0.68,73.06],[-0.128,1.018,0.358,-5.61,-7.87,-2.42,-0.61,72.96],[-0.109,1.021,0.399,-4.15,-5.92,-4.25,-0.54,72.83],[-0.083,1.020,0.422,6.09,-5.49,-9.50,-0.50,72.78]]}
39.900	{"type":"ecg","dev":"node-01","seq":1768,"t0":178408,"fs":250,"leads_off":false,"bpm":null,"samples":[0,0,0,0,0,0,0,0,0,0,0,0,0,0,0,0,0,0,0,0,0,0,0,0,0]}
39.999	{"type":"imu","dev":"node-01","seq":1720,"t0":178510,"fs":100,"samples":[[-0.064,1.021,0.385,6.82,-8.84,-13.46,-0.51,72.78],[-0.070,1.018,0.386,2.86,-8.36,-13.46,-0.50,72.74],[-0.081,0.983,0.375,-8.18,-2.75,-8.40,-0.43,72.59],[-0.097,0.954,0.405,-11.29,-1.34,-5.17,-0.33,72.36],[-0.098,0.939,0.418,-10.68,-2.50,-5.11,-0.24,72.13],[-0.090,0.928,0.422,-12.51,-1.89,-5.47,-0.15,71.88],[-0.105,0.919,0.426,-15.68,-2.99,-4.80,-0.06,71.59],[-0.114,0.904,0.431,-15.61,-2.87,-4.68,0.04,71.30],[-0.120,0.902,0.435,-12.32,-3.36,-3.95,0.14,71.03],[-0.138,0.896,0.441,-3.36,-9.09,-6.08,0.21,70.86]]}
40.000	{"type":"ecg","dev":"node-01","seq":1769,"t0":178508,"fs":250,"leads_off":false,"bpm":null,"samples":[0,0,0,0,0,0,0,0,0,0,0,0,0,0,0,0,0,0,0,0,0,0,0,0,0]}
40.098	{"type":"imu","dev":"node-01","seq":1721,"t0":178610,"fs":100,"samples":[[-0.121,0.913,0.423,2.49,-8.30,-3.52,0.26,70.77],[0.131,0.770,0.208,2.31,-7.93,-9.19,-0.01,70.87],[-0.103,0.906,0.485,8.53,-9.21,-1.94,0.02,70.77],[-0.139,0.903,0.449,3.29,-8.60,-1.33,0.09,70.66],[-0.147,0.917,0.440,1.09,-7.75,-0.90,0.18,70.55],[-0.132,0.917,0.481,-16.47,-2.75,-1.39,0.29,70.22],[-0.144,0.894,0.529,-35.49,-5.19,-7.36,0.39,69.66],[-0.124,0.895,0.516,-17.93,-7.20,-7.12,0.45,69.29],[-0.169,0.939,0.484,-11.10,-5.13,-6.81,0.57,69.05],[-0.122,0.895,0.501,-20.98,-4.82,-11.33,0.65,68.68]]}
40.100	{"type":"ecg","dev":"node-01","seq":1770,"t0":178608,"fs":250,"leads_off":false,"bpm":null,"samples":[0,0,0,0,0,0,0,0,0,0,0,0,0,0,0,0,0,0,0,0,0,0,0,0,0]}
40.199	{"type":"imu","dev":"node-01","seq":1722,"t0":178710,"fs":100,"samples":[[-0.144,0.929,0.491,-23.11,-13.84,-9.80,0.66,68.32],[-0.168,0.846,0.500,-39.58,-7.63,-10.23,0.76,67.75],[-0.155,0.877,0.518,-42.57,-3.72,-9.68,0.88,67.17],[-0.131,0.857,0.502,-23.05,-4.82,-4.37,0.97,66.79],[-0.145,0.898,0.542,-32.87,-5.49,-4.01,1.05,66.31],[-0.124,0.853,0.519,-13.24,-1.53,1.48,1.16,66.03],[-0.155,0.840,0.563,-18.24,-3.72,0.69,1.27,65.65],[-0.125,0.833,0.545,-0.07,-1.59,1.48,1.38,65.48],[-0.125,0.844,0.531,28.90,-7.81,3.92,1.41,65.61],[-0.123,0.857,0.543,39.20,-8.23,4.95,1.44,65.83]]}
40.200	{"type":"ecg","dev":"node-01","seq":1771,"t0":178708,"fs":250,"leads_off":false,"bpm":null,"samples":[0,0,0,0,0,0,0,0,0,0,0,0,0,0,0,0,0,0,0,0,0,0,0,0,0]}
40.298	{"type":"imu","dev":"node-01","seq":1723,"t0":178810,"fs":100,"samples":[[-0.130,0.849,0.538,37.86,-7.20,5.14,1.49,66.04],[-0.129,0.856,0.546,25.91,-5.61,7.82,1.55,66.12],[-0.131,0.862,0.534,24.14,-3.17,9.47,1.64,66.20],[-0.129,0.860,0.533,25.12,-0.92,10.20,1.74,66.29],[-0.123,0.859,0.519,35.67,-1.89,9.10,1.83,66.49],[-0.121,0.858,0.505,39.81,-0.92,7.39,1.92,66.74],[-0.121,0.867,0.523,37.13,0.79,6.66,2.02,66.95],[-0.148,0.871,0.512,37.31,-1.04,4.47,2.14,67.16],[-0.112,0.904,0.496,53.10,3.90,8.86,2.26,67.57],[-0.109,0.937,0.500,54.08,4.51,9.83,2.38,67.98]]}
40.300	{"type":"ecg","dev":"node-01","seq":1772,"t0":178808,"fs":250,"leads_off":false,"bpm":null,"samples":[0,0,0,0,0,0,0,0,0,0,0,0,0,0,0,0,0,0,0,0,0,0,0,0,0]}
40.398	{"type":"imu","dev":"node-01","seq":1724,"t0":178910,"fs":100,"samples":[[-0.129,0.916,0.489,55.48,5.18,9.77,2.52,68.41],[-0.116,0.908,0.466,57.68,7.98,11.24,2.68,68.86],[-0.138,0.948,0.455,32.19,8.78,11.36,2.86,69.08],[-0.146,0.907,0.459,29.20,7.07,6.36,3.04,69.25],[-0.108,0.925,0.438,59.69,8.47,12.45,3.18,69.74],[-0.107,0.961,0.444,62.13,6.70,15.38,3.30,70.26],[-0.101,0.951,0.466,45.36,6.89,13.98,3.41,70.58],[-0.070,0.965,0.447,39.08,11.22,12.82,3.53,70.85],[-0.067,0.995,0.440,38.47,8.96,14.04,3.61,71.14],[-0.067,0.999,0.441,31.58,5.42,11.17,3.66,71.35]]}
40.400	{"type":"ecg","dev":"node-01","seq":1773,"t0":178908,"fs":250,"leads_off":false,"bpm":null,"samples":[0,0,0,0,0,0,0,0,0,0,0,0,0,0,0,0,0,0,0,0,0,0,0,0,0]}
40.498	{"type":"imu","dev":"node-01","seq":1725,"t0":179010,"fs":100,"samples":[[-0.047,0.969,0.482,22.80,1.03,8.80,3.65,71.42],[-0.046,0.973,0.423,25.18,-0.31,11.48,3.62,71.56],[-0.044,0.963,0.427,16.64,-0.00,10.87,3.60,71.62],[-0.067,0.945,0.389,1.82,8.11,17.82,3.68,71.55],[-0.066,0.911,0.373,-6.96,10.61,17.09,3.79,71.41],[-0.062,0.901,0.396,-4.46,9.51,16.85,3.88,71.26],[-0.075,0.872,0.388,-1.41,6.40,14.77,3.95,71.14],[-0.087,0.885,0.343,-8.72,4.27,9.83,4.02,71.01],[-0.083,0.888,0.389,-1.41,10.36,10.20,4.14,70.90],[-0.087,0.894,0.410,3.78,15.12,10.69,4.31,70.83]]}
40.500	{"type":"ecg","dev":"node-01","seq":1774,"t0":179008,"fs":250,"leads_off":false,"bpm":null,"samples":[0,0,0,0,0,0,0,0,0,0,0,0,0,0,0,0,0,0,0,0,0,0,0,0,0]}
40.598	{"type":"imu","dev":"node-01","seq":1726,"t0":179110,"fs":100,"samples":[[-0.080,0.915,0.431,6.82,19.45,4.59,4.50,70.78],[-0.045,0.911,0.409,19.75,18.23,2.76,4.64,70.87],[-0.027,0.959,0.417,19.51,15.73,-0.17,4.73,70.97],[-0.022,0.968,0.407,25.06,10.06,-0.72,4.76,71.14],[-0.019,0.968,0.394,30.79,9.75,1.17,4.78,71.38],[-0.036,0.996,0.376,33.71,10.48,3.92,4.83,71.67],[-0.036,0.976,0.377,28.78,10.48,8.13,4.87,71.89],[-0.054,0.977,0.374,25.85,14.39,13.13,4.98,72.09],[-0.064,0.979,0.378,22.13,16.28,14.47,5.11,72.24],[-0.070,0.959,0.396,15.36,17.92,13.00,5.26,72.30]]}
40.600	{"type":"ecg","dev":"node-01","seq":1775,"t0":179108,"fs":250,"leads_off":false,"bpm":null,"samples":[0,0,0,0,0,0,0,0,0,0,0,0,0,0,0,0,0,0,0,0,0,0,0,0,0]}
40.698	{"type":"imu","dev":"node-01","seq":1727,"t0":179210,"fs":100,"samples":[[-0.059,0.959,0.390,16.09,15.97,6.60,5.37,72.37],[-0.055,0.964,0.392,15.67,12.56,4.95,5.45,72.43],[-0.040,0.953,0.396,14.08,10.12,0.02,5.48,72.47],[-0.039,0.943,0.406,11.21,9.39,-0.96,5.51,72.47],[-0.033,0.938,0.404,9.99,10.00,-0.17,5.53,72.45],[-0.017,0.930,0.403,8.04,11.83,0.44,5.56,72.41],[-0.000,0.908,0.402,6.95,10.55,1.42,5.55,72.35],[0.005,0.900,0.408,4.45,9.81,2.76,5.53,72.26],[-0.004,0.902,0.410,3.90,10.42,2.45,5.53,72.17],[0.001,0.889,0.420,1.21,9.63,2.33,5.51,72.03]]}
40.700	{"type":"ecg","dev":"node-01","seq":1776,"t0":179208,"fs":250,"leads_off":false,"bpm":null,"samples":[0,0,0,0,0,0,0,0,0,0,0,0,0,0,0,0,0,0,0,0,0,0,0,0,0]}
40.798	{"type":"imu","dev":"node-01","seq":1728,"t0":179310,"fs":100,"samples":[[-0.004,0.888,0.422,3.41,8.35,-0.05,5.49,71.91],[-0.005,0.895,0.426,4.14,8.78,-1.08,5.47,71.81],[-0.004,0.895,0.436,3.96,8.96,-2.36,5.45,71.69],[-0.002,0.916,0.434,4.20,7.07,-2.61,5.41,71.59],[0.004,0.922,0.439,1.58,6.77,-3.34,5.37,71.46],[-0.007,0.944,0.448,0.67,3.96,-4.25,5.31,71.33],[-0.011,0.993,0.447,-2.69,0.30,-4.86,5.22,71.20],[-0.011,0.991,0.458,-4.76,-2.32,-2.12,5.10,71.03],[-0.016,0.971,0.470,-3.48,-6.41,0.81,4.95,70.86],[-0.020,0.958,0.480,-3.48,-7.75,4.16,4.80,70.67]]}
40.800	{"type":"ecg","dev":"node-01","seq":1777,"t0":179308,"fs":250,"leads_off":false,"bpm":null,"samples":[0,0,0,0,0,0,0,0,0,0,0,0,0,0,0,0,0,0,0,0,0,0,0,0,0]}
40.898	{"type":"imu","dev":"node-01","seq":1729,"t0":179410,"fs":100,"samples":[[-0.029,0.954,0.474,-3.24,-8.42,5.87,4.65,70.50],[-0.049,0.952,0.473,-1.71,-6.65,7.27,4.55,70.35],[-0.057,0.930,0.475,-1.04,-4.52,7.15,4.47,70.19],[-0.057,0.885,0.490,11.46,-4.70,1.97,4.40,70.12],[-0.027,0.892,0.458,24.63,-2.26,2.45,4.32,70.21],[-0.011,0.883,0.489,30.24,-2.81,-0.65,4.22,70.32],[0.008,0.891,0.477,45.12,-1.22,0.81,4.12,70.60],[0.009,0.891,0.477,46.89,-2.99,1.30,3.99,70.88],[0.005,0.882,0.478,38.65,-2.50,1.72,3.88,71.07],[0.011,0.876,0.463,27.37,-1.34,2.21,3.78,71.16]]}
40.900	{"type":"ecg","dev":"node-01","seq":1778,"t0":179408,"fs":250,"leads_off":false,"bpm":null,"samples":[0,0,0,0,0,0,0,0,0,0,0,0,0,0,0,0,0,0,0,0,0,0,0,0,0]}
40.998	{"type":"imu","dev":"node-01","seq":1730,"t0":179510,"fs":100,"samples":[[0.016,0.872,0.458,26.46,-2.14,1.36,3.67,71.24],[0.025,0.877,0.440,20.91,-4.15,2.09,3.52,71.29],[0.013,0.878,0.447,7.07,-4.76,0.20,3.39,71.19],[0.010,0.871,0.453,3.71,-4.15,-0.41,3.27,71.06],[0.011,0.874,0.440,4.45,-6.10,-1.57,3.13,70.95],[-0.004,0.913,0.439,10.24,-8.42,-1.51,2.99,70.91],[-0.011,0.901,0.463,13.35,-10.13,-4.37,2.85,70.88],[-0.016,1.045,0.452,16.89,-2.99,-4.62,2.78,70.96],[0.006,0.967,0.375,8.04,-2.50,-10.53,2.69,71.00],[0.009,0.905,0.389,11.70,-6.22,-6.39,2.56,71.03]]}
41.000	{"type":"ecg","dev":"node-01","seq":1779,"t0":179508,"fs":250,"leads_off":false,"bpm":null,"samples":[0,0,0,0,0,0,0,0,0,0,0,0,0,0,0,0,0,0,0,0,0,0,0,0,0]}
41.098	{"type":"imu","dev":"node-01","seq":1731,"t0":179610,"fs":100,"samples":[[-0.010,0.969,0.419,29.81,-5.31,-2.42,2.47,71.23],[-0.038,1.003,0.399,21.95,-5.13,-1.87,2.41,71.39],[-0.069,0.975,0.457,15.42,-13.72,0.08,2.30,71.41],[-0.071,0.968,0.446,19.69,-12.87,0.50,2.21,71.48],[-0.072,0.942,0.383,28.71,-19.03,1.05,2.06,71.69],[-0.117,0.959,0.373,14.99,-21.34,2.21,1.94,71.78],[-0.129,0.923,0.411,7.68,-18.78,0.99,1.86,71.74],[-0.125,0.933,0.423,-2.26,-7.75,-2.36,1.88,71.59],[-0.075,0.893,0.397,2.80,-3.36,-4.98,1.90,71.51],[-0.066,0.904,0.392,1.95,-5.61,-6.39,1.89,71.43]]}
41.100	{"type":"ecg","dev":"node-01","seq":1780,"t0":179608,"fs":250,"leads_off":false,"bpm":null,"samples":[0,0,0,0,0,0,0,0,0,0,0,0,0,0,0,0,0,0,0,0,0,0,0,0,0]}
41.199	{"type":"imu","dev":"node-01","seq":1732,"t0":179710,"fs":100,"samples":[[-0.018,0.890,0.387,7.98,-11.28,-11.33,1.76,71.41],[-0.016,0.889,0.381,10.06,-12.87,-5.78,1.62,71.42],[-0.010,0.891,0.374,2.92,-12.81,-4.86,1.47,71.36],[-0.007,0.883,0.372,3.71,-12.44,2.21,1.33,71.31],[-0.023,0.915,0.396,-7.81,-17.87,-0.59,1.15,71.14],[-0.022,0.939,0.390,-7.75,-20.43,-2.61,0.95,70.99],[-0.055,0.978,0.449,2.80,-26.65,-4.86,0.73,70.91],[-0.055,1.049,0.446,-1.29,-14.45,2.94,0.63,70.82],[-0.066,1.046,0.448,-14.33,-11.16,2.33,0.58,70.60],[-0.080,1.059,0.459,-19.33,-11.47,0.69,0.53,70.33]]}
41.200	{"type":"ecg","dev":"node-01","seq":1781,"t0":179708,"fs":250,"leads_off":false,"bpm":null,"samples":[0,0,0,0,0,0,0,0,0,0,0,0,0,0,0,0,0,0,0,0,0,0,0,0,0]}
41.299	{"type":"imu","dev":"node-01","seq":1733,"t0":179810,"fs":100,"samples":[[-0.078,1.007,0.438,-0.07,-18.11,-3.76,0.42,70.25],[-0.072,1.011,0.419,1.03,-20.98,-8.09,0.29,70.20],[-0.059,0.975,0.431,-13.54,-20.43,-8.76,0.14,69.99],[-0.059,0.945,0.410,-19.27,-25.37,-7.48,-0.04,69.73],[-0.075,0.943,0.395,-24.76,-23.66,-1.51,-0.19,69.44],[-0.092,0.916,0.412,-25.92,-25.80,-3.15,-0.33,69.11],[-0.095,0.893,0.438,-12.75,-30.55,-1.33,-0.52,68.88],[-0.109,0.869,0.435,-9.33,-33.72,0.20,-0.71,68.68],[-0.126,0.874,0.438,-13.48,-35.43,1.24,-0.90,68.45],[-0.138,0.864,0.469,-21.04,-30.98,1.60,-1.02,68.10]]}
41.300	{"type":"ecg","dev":"node-01","seq":1782,"t0":179808,"fs":250,"leads_off":false,"bpm":null,"samples":[0,0,0,0,0,0,0,0,0,0,0,0,0,0,0,0,0,0,0,0,0,0,0,0,0]}
41.399	{"type":"imu","dev":"node-01","seq":1734,"t0":179910,"fs":100,"samples":[[-0.158,0.887,0.479,-14.46,-28.36,0.32,-1.10,67.83],[-0.142,0.890,0.475,-9.94,-26.16,-2.00,-1.18,67.61],[-0.129,0.906,0.515,-0.49,-23.30,-6.14,-1.24,67.46],[-0.110,0.933,0.532,20.24,-22.75,-10.05,-1.32,67.52],[-0.095,0.913,0.527,35.36,-21.53,-11.08,-1.40,67.71],[-0.080,0.955,0.551,58.78,-11.53,-6.14,-1.41,68.14],[-0.083,0.963,0.519,61.58,-1.89,-2.61,-1.31,68.61],[-0.080,0.944,0.515,55.36,-0.19,-2.12,-1.20,69.01],[-0.065,0.913,0.494,56.46,-1.10,-2.85,-1.11,69.41],[-0.067,0.931,0.452,70.30,-8.60,-2.12,-1.10,70.00]]}
41.400	{"type":"ecg","dev":"node-01","seq":1783,"t0":179908,"fs":250,"leads_off":false,"bpm":null,"samples":[0,0,0,0,0,0,0,0,0,0,0,0,0,0,0,0,0,0,0,0,0,0,0,0,0]}
41.499	{"type":"imu","dev":"node-01","seq":1735,"t0":180010,"fs":100,"samples":[[-0.060,0.936,0.457,82.19,-14.39,-2.12,-1.16,70.68],[-0.061,0.927,0.445,67.25,-15.37,-3.34,-1.22,71.21],[-0.093,0.919,0.451,48.59,-19.33,-7.73,-1.28,71.54],[-0.084,0.899,0.459,22.74,-11.41,-3.95,-1.27,71.59],[-0.097,0.902,0.449,17.62,-9.76,-1.33,-1.23,71.61],[-0.079,0.907,0.455,1.28,-5.92,-0.90,-1.17,71.45],[-0.085,0.893,0.467,-11.96,-5.37,0.44,-1.11,71.16],[-0.071,0.877,0.455,-10.92,-3.97,1.11,-1.04,70.88],[-0.075,0.888,0.452,-7.57,-5.98,0.32,-0.99,70.65],[-0.098,0.899,0.478,-2.02,-9.88,-1.02,-0.96,70.45]]}
41.500	{"type":"ecg","dev":"node-01","seq":1784,"t0":180008,"fs":250,"leads_off":false,"bpm":null,"samples":[0,0,0,0,0,0,0,0,0,0,0,0,0,0,0,0,0,0,0,0,0,0,0,0,0]}
41.598	{"type":"imu","dev":"node-01","seq":1736,"t0":180110,"fs":100,"samples":[[-0.097,0.873,0.493,11.40,-7.63,-0.65,-0.90,70.37],[-0.098,0.904,0.469,28.84,-3.42,5.69,-0.81,70.49],[-0.091,0.904,0.439,42.43,-0.73,6.72,-0.70,70.78],[-0.105,0.892,0.444,43.17,-3.36,4.89,-0.59,71.06],[-0.086,0.908,0.454,28.65,-0.00,2.21,-0.49,71.19],[-0.110,0.934,0.425,0.60,5.79,-1.20,-0.30,71.08],[-0.109,0.967,0.397,6.58,8.47,0.44,-0.09,71.07],[-0.118,0.957,0.402,9.75,8.72,2.58,0.13,71.09],[-0.093,0.909,0.418,21.89,9.02,5.26,0.32,71.19],[-0.096,0.902,0.424,37.49,6.64,8.31,0.49,71.43]]}
41.600	{"type":"ecg","dev":"node-01","seq":1785,"t0":180108,"fs":250,"leads_off":false,"bpm":null,"samples":[0,0,0,0,0,0,0,0,0,0,0,0,0,0,0,0,0,0,0,0,0,0,0,0,0]}
41.698	{"type":"imu","dev":"node-01","seq":1737,"t0":180210,"fs":100,"samples":[[-0.088,0.917,0.374,38.23,7.74,9.65,0.66,71.73],[-0.088,0.931,0.386,23.53,8.35,10.32,0.83,71.88],[-0.066,0.927,0.409,26.15,12.01,8.61,1.00,72.02],[-0.062,0.931,0.434,27.19,13.05,6.60,1.18,72.15],[-0.024,0.943,0.447,30.73,11.70,4.16,1.30,72.30],[-0.006,0.963,0.431,25.42,5.55,3.13,1.33,72.42],[0.003,0.978,0.414,18.23,3.96,4.53,1.34,72.49],[0.005,0.968,0.411,-0.13,0.79,8.37,1.32,72.38],[-0.013,0.947,0.406,-7.57,-0.25,12.64,1.30,72.19],[-0.023,0.938,0.406,-9.21,-0.67,14.35,1.29,71.99]]}
41.700	{"type":"ecg","dev":"node-01","seq":1786,"t0":180208,"fs":250,"leads_off":false,"bpm":null,"samples":[0,0,0,0,0,0,0,0,0,0,0,0,0,0,0,0,0,0,0,0,0,0,0,0,0]}
41.799	{"type":"imu","dev":"node-01","seq":1738,"t0":180310,"fs":100,"samples":[[-0.029,0.945,0.398,-11.29,-2.14,17.82,1.28,71.78],[-0.046,0.938,0.397,-13.24,-0.92,17.21,1.30,71.56],[-0.058,0.936,0.401,-16.16,-0.37,16.60,1.33,71.31],[-0.077,0.928,0.412,-22.99,4.02,12.82,1.43,70.98],[-0.069,0.943,0.403,-22.51,6.58,5.02,1.55,70.67],[-0.080,0.926,0.423,-14.40,9.33,-2.24,1.70,70.43],[-0.066,0.913,0.394,-12.69,14.69,-5.23,1.88,70.23],[-0.046,0.918,0.412,-14.46,15.61,-9.74,2.05,70.00],[-0.019,0.923,0.410,-17.26,19.20,-13.83,2.22,69.75],[-0.011,0.922,0.438,-18.97,18.29,-13.76,2.37,69.46]]}
41.800	{"type":"ecg","dev":"node-01","seq":1787,"t0":180308,"fs":250,"leads_off":false,"bpm":null,"samples":[0,0,0,0,0,0,0,0,0,0,0,0,0,0,0,0,0,0,0,0,0,0,0,0,0]}
41.898	{"type":"imu","dev":"node-01","seq":1739,"t0":180410,"fs":100,"samples":[[0.006,0.960,0.417,-23.48,15.55,-11.69,2.46,69.17],[-0.000,0.975,0.470,-28.66,9.94,-10.23,2.51,68.79],[-0.012,0.985,0.467,-27.44,6.70,-7.85,2.54,68.44],[-0.015,1.002,0.479,-33.11,3.96,-5.72,2.54,68.04],[-0.025,0.990,0.478,-29.58,1.40,-2.67,2.53,67.67],[-0.039,0.961,0.482,-31.04,-3.23,-2.73,2.49,67.28],[-0.041,0.959,0.473,-26.83,-3.48,4.89,2.45,66.95],[-0.031,0.928,0.469,6.52,0.12,10.32,2.44,66.94],[-0.071,0.865,0.512,-10.98,-1.95,8.00,2.45,66.68],[-0.132,0.860,0.488,-52.75,9.33,-0.53,2.65,66.04]]}
41.900	{"type":"ecg","dev":"node-01","seq":1788,"t0":180408,"fs":250,"leads_off":false,"bpm":null,"samples":[0,0,0,0,0,0,0,0,0,0,0,0,0,0,0,0,0,0,0,0,0,0,0,0,0]}
41.997	{"type":"ecg","dev":"node-01","seq":1789,"t0":180508,"fs":250,"leads_off":false,"bpm":null,"samples":[0,0,0,0,0,0,0,0,0,0,0,0,0,0,0,0,0,0,0,0,0,0,0,0,0]}
42.018	{"type":"imu","dev":"node-01","seq":1740,"t0":180510,"fs":100,"samples":[[-0.005,0.888,0.430,8.59,4.45,-2.00,2.64,66.08],[-0.044,0.853,0.500,-0.74,1.09,-2.48,2.65,65.95],[0.046,0.807,0.494,-25.37,22.44,-6.75,2.98,65.30],[0.069,0.819,0.522,-0.37,21.46,-9.19,3.26,65.14],[0.066,0.827,0.519,27.74,8.17,-11.39,3.20,65.26],[0.047,0.853,0.507,34.14,4.81,-5.41,3.13,65.48],[0.017,-0.000,-0.000,8.23,1.77,0.87,1.31,61.55],[-0.005,0.861,0.528,25.67,1.83,0.99,1.30,61.74],[-0.038,0.871,0.542,34.14,0.55,3.37,1.33,62.00],[-0.042,0.887,0.549,41.58,0.24,3.13,1.35,62.33]]}
42.097	{"type":"ecg","dev":"node-01","seq":1790,"t0":180608,"fs":250,"leads_off":false,"bpm":null,"samples":[0,0,0,0,0,0,0,0,0,0,0,0,0,0,0,0,0,0,0,0,0,0,0,0,0]}
42.118	{"type":"imu","dev":"node-01","seq":1741,"t0":180630,"fs":100,"samples":[[-0.049,0.915,0.557,56.46,0.30,1.72,1.38,62.82],[-0.033,0.933,0.555,56.40,0.42,-0.78,1.39,63.30],[-0.026,0.935,0.547,52.19,-1.53,-2.79,1.37,63.73],[-0.017,0.958,0.551,47.56,-2.14,-2.18,1.34,64.13],[-0.018,0.936,0.550,38.35,-4.39,-0.84,1.29,64.41],[-0.017,1.000,-0.000,8.23,1.77,0.87,1.30,65.01],[-0.029,0.936,0.549,18.29,-4.88,-0.59,1.26,65.08],[-0.032,0.926,0.568,11.15,-6.10,-0.72,1.21,65.05],[-0.032,0.917,0.567,13.41,-7.69,-1.51,1.14,65.05],[-0.035,0.911,0.546,13.90,-12.56,-5.05,1.03,65.07]]}
42.197	{"type":"ecg","dev":"node-01","seq":1791,"t0":180708,"fs":250,"leads_off":false,"bpm":null,"samples":[0,0,0,0,0,0,0,0,0,0,0,0,0,0,0,0,0,0,0,0,0,0,0,0,0]}
42.218	{"type":"imu","dev":"node-01","seq":1742,"t0":180730,"fs":100,"samples":[[-0.046,0.911,0.537,10.48,-12.44,-6.51,0.94,65.06],[-0.054,0.890,0.531,3.29,-12.14,-6.02,0.86,64.97],[-0.047,0.881,0.529,2.07,-9.03,-7.61,0.81,64.87],[-0.031,0.874,0.587,16.52,-9.64,-7.55,0.73,64.86],[-0.016,0.875,0.521,32.37,-12.81,-8.28,0.61,65.07],[-0.007,0.863,0.518,36.28,-15.06,-7.48,0.46,65.30],[-0.022,0.866,0.495,47.68,-17.75,-6.39,0.30,65.67],[-0.034,0.878,0.500,59.45,-17.14,-3.89,0.16,66.14],[-0.049,0.882,0.513,62.49,-17.50,-3.52,0.04,66.63],[-0.040,0.906,0.532,52.62,-16.95,-5.59,-0.08,67.01]]}
42.297	{"type":"ecg","dev":"node-01","seq":1792,"t0":180808,"fs":250,"leads_off":false,"bpm":null,"samples":[0,0,0,0,0,0,0,0,0,0,0,0,0,0,0,0,0,0,0,0,0,0,0,0,0]}
42.339	{"type":"imu","dev":"node-01","seq":1743,"t0":180830,"fs":100,"samples":[[-0.038,0.880,0.487,34.14,-21.41,-9.37,-0.25,67.22],[-0.027,0.927,0.499,45.60,-25.13,-6.02,-0.46,67.56],[-0.090,0.921,0.463,40.30,-31.04,-1.45,-0.65,67.87],[-0.090,0.904,0.467,37.86,-27.14,3.31,-0.80,68.13],[-0.128,0.936,0.430,16.70,-14.88,-3.09,-0.94,68.41],[-0.094,1.005,0.398,15.06,-2.08,-15.11,-0.84,68.55],[-0.041,0.997,0.384,15.30,-0.19,0.87,-0.78,68.71],[-0.015,0.907,0.373,20.73,-9.27,-25.78,-0.84,68.89],[-0.003,0.794,0.379,52.37,-26.53,-16.69,-1.08,69.32],[-0.067,0.787,0.310,70.24,-35.37,-7.61,-1.66,70.68]]}
42.397	{"type":"ecg","dev":"node-01","seq":1793,"t0":180908,"fs":250,"leads_off":false,"bpm":null,"samples":[0,0,0,0,0,0,0,0,0,0,0,0,0,0,0,0,0,0,0,0,0,0,0,0,0]}
42.439	{"type":"imu","dev":"node-01","seq":1744,"t0":180950,"fs":100,"samples":[[-0.165,0.869,0.249,45.12,-30.19,4.35,-1.71,71.19],[-0.174,0.948,0.285,26.34,-21.10,1.48,-1.69,71.49],[-0.150,0.968,0.305,26.70,-16.22,-1.20,-1.64,71.77],[-0.109,1.009,0.352,38.84,-9.52,-9.37,-1.59,72.13],[-0.064,1.043,0.393,56.58,-9.52,-15.17,-1.58,72.63],[-0.046,1.036,0.417,58.35,-11.95,-14.80,-1.62,73.11],[-0.031,1.021,0.413,53.53,-17.14,-14.07,-1.73,73.53],[-0.009,0.994,0.376,26.09,-19.58,-13.40,-1.87,73.70],[-0.017,0.982,0.362,9.57,-22.56,-11.69,-2.04,73.72],[-0.013,0.979,0.352,-15.74,-25.86,-5.11,-2.24,73.49]]}
42.497	{"type":"ecg","dev":"node-01","seq":1794,"t0":181008,"fs":250,"leads_off":false,"bpm":null,"samples":[0,0,0,0,0,0,0,0,0,0,0,0,0,0,0,0,0,0,0,0,0,0,0,0,0]}
42.538	{"type":"imu","dev":"node-01","seq":1745,"t0":181050,"fs":100,"samples":[[-0.039,0.964,0.372,-26.29,-32.81,2.09,-2.47,73.14],[-0.051,0.957,0.386,-27.93,-34.82,3.67,-2.71,72.77],[-0.081,0.936,0.419,-27.99,-37.75,3.25,-2.93,72.36],[-0.123,0.934,0.428,-15.61,-39.58,2.70,-3.12,72.06],[-0.158,0.937,0.445,-7.93,-35.37,0.93,-3.23,71.84],[-0.168,0.941,0.450,-7.20,-32.38,1.05,-3.30,71.62],[-0.174,0.947,0.467,2.62,-23.84,1.17,-3.28,71.49],[-0.173,0.949,0.460,19.87,-15.55,3.86,-3.18,71.53],[-0.168,0.953,0.450,30.12,-10.98,3.67,-3.05,71.69],[-0.163,0.954,0.462,44.51,-5.49,5.93,-2.87,71.98]]}
42.597	{"type":"ecg","dev":"node-01","seq":1795,"t0":181108,"fs":250,"leads_off":false,"bpm":null,"samples":[0,0,0,0,0,0,0,0,0,0,0,0,0,0,0,0,0,0,0,0,0,0,0,0,0]}
42.638	{"type":"imu","dev":"node-01","seq":1746,"t0":181150,"fs":100,"samples":[[-0.135,0.964,0.454,61.70,0.85,5.26,-2.66,72.44],[-0.106,0.979,0.450,67.07,2.80,4.04,-2.46,72.95],[-0.107,0.948,0.427,62.80,2.62,-0.65,-2.27,73.43],[-0.083,0.947,0.400,73.10,1.64,-0.35,-2.12,74.02],[-0.096,0.949,0.370,74.20,-0.06,0.02,-1.97,74.64],[-0.111,0.916,0.391,51.09,-1.83,-1.51,-1.82,74.98],[-0.117,0.918,0.368,49.87,-0.98,0.44,-1.66,75.33],[-0.116,0.911,0.373,43.71,-2.63,0.26,-1.52,75.61],[-0.124,0.900,0.353,34.69,-2.14,1.66,-1.36,75.81],[-0.129,0.892,0.340,25.60,-0.00,4.28,-1.18,75.93]]}
42.697	{"type":"ecg","dev":"node-01","seq":1796,"t0":181208,"fs":250,"leads_off":false,"bpm":null,"samples":[0,0,0,0,0,0,0,0,0,0,0,0,0,0,0,0,0,0,0,0,0,0,0,0,0]}
42.738	{"type":"imu","dev":"node-01","seq":1747,"t0":181250,"fs":100,"samples":[[-0.120,0.898,0.322,25.79,0.97,7.52,-1.00,76.07],[-0.114,0.924,0.344,24.63,2.56,11.66,-0.83,76.18],[-0.104,0.916,0.329,25.60,5.97,9.65,-0.63,76.31],[-0.076,0.909,0.338,24.26,1.22,10.38,-0.51,76.42],[-0.059,0.916,0.311,22.07,0.67,11.78,-0.43,76.53],[-0.080,0.942,0.265,21.52,-3.60,13.31,-0.36,76.69],[-0.106,0.983,0.246,13.59,0.18,13.86,-0.23,76.81],[-0.123,0.979,0.267,10.97,1.64,12.27,-0.07,76.88],[-0.125,0.973,0.314,21.34,1.28,10.69,0.08,76.99],[-0.077,0.945,0.353,24.14,1.95,5.14,0.18,77.08]]}
42.797	{"type":"ecg","dev":"node-01","seq":1797,"t0":181308,"fs":250,"leads_off":false,"bpm":null,"samples":[0,0,0,0,0,0,0,0,0,0,0,0,0,0,0,0,0,0,0,0,0,0,0,0,0]}
42.838	{"type":"imu","dev":"node-01","seq":1748,"t0":181350,"fs":100,"samples":[[-0.087,0.991,0.260,53.71,-5.31,1.36,0.23,77.57],[-0.055,1.015,0.309,34.26,5.00,0.87,0.33,77.82],[-0.041,1.038,0.355,17.07,12.50,-2.48,0.49,77.85],[-0.022,1.022,0.337,19.51,12.44,-2.73,0.62,77.92],[0.005,0.980,0.334,15.42,9.75,0.99,0.70,77.94],[0.006,0.968,0.275,22.07,-1.47,2.09,0.67,78.08],[0.026,0.966,0.246,23.78,-4.33,5.63,0.58,78.26],[-0.016,0.990,0.257,4.51,2.44,11.72,0.61,78.25],[-0.038,1.011,0.254,-12.75,12.68,18.49,0.76,78.08],[-0.032,1.003,0.267,-9.52,12.92,18.19,0.91,77.93]]}
42.897	{"type":"ecg","dev":"node-01","seq":1798,"t0":181408,"fs":250,"leads_off":false,"bpm":null,"samples":[0,0,0,0,0,0,0,0,0,0,0,0,0,0,0,0,0,0,0,0,0,0,0,0,0]}
42.902	{"type":"status","dev":"node-01","fw":"0.1.0","uptime_ms":181509,"ecg":{"fs":250},"imu":{"ok":true,"fs":100,"errors":503,"fields":["ax","ay","az","gx","gy","gz","pitch","roll"]}}
42.938	{"type":"imu","dev":"node-01","seq":1749,"t0":181450,"fs":100,"samples":[[-0.039,1.016,0.271,8.78,5.91,17.64,0.99,77.96],[-0.038,1.034,0.280,13.29,1.83,14.47,1.03,78.02],[-0.017,1.015,0.277,13.41,-0.49,6.78,1.02,78.09],[-0.037,1.018,0.269,11.21,-1.34,4.16,1.03,78.14],[-0.015,1.014,0.267,14.87,-4.94,0.75,0.98,78.23],[-0.014,0.998,0.284,10.30,-5.86,-2.48,0.92,78.25],[-0.011,0.982,0.282,9.93,-6.95,-5.29,0.84,78.26],[-0.002,0.951,0.284,10.85,-9.21,-5.84,0.74,78.27],[0.003,0.924,0.288,7.37,-6.10,-4.19,0.66,78.23],[0.005,0.910,0.283,5.60,-4.64,-4.44,0.60,78.17]]}
42.997	{"type":"ecg","dev":"node-01","seq":1799,"t0":181508,"fs":250,"leads_off":false,"bpm":null,"samples":[0,0,0,0,0,0,0,0,0,0,0,0,0,0,0,0,0,0,0,0,0,0,0,0,0]}
43.038	{"type":"imu","dev":"node-01","seq":1750,"t0":181550,"fs":100,"samples":[[0.001,0.904,0.263,-2.44,1.46,-0.90,0.60,78.06],[-0.016,0.897,0.305,-4.76,4.14,-1.51,0.64,77.88],[-0.018,0.902,0.291,-1.77,4.20,-2.67,0.69,77.75],[-0.006,0.933,0.317,-3.85,2.86,-3.58,0.72,77.58],[0.006,0.982,0.319,-5.92,1.83,-4.13,0.71,77.41],[-0.001,1.015,0.332,-12.14,1.83,-3.64,0.72,77.18],[0.012,1.049,0.356,-11.04,0.61,-2.85,0.70,76.95],[0.020,1.041,0.367,-6.71,-5.73,1.05,0.61,76.76],[0.010,1.028,0.383,-4.46,-9.03,2.27,0.49,76.57],[0.013,1.008,0.377,0.12,-10.80,4.71,0.37,76.43]]}
43.097	{"type":"ecg","dev":"node-01","seq":1800,"t0":181608,"fs":250,"leads_off":false,"bpm":null,"samples":[0,0,0,0,0,0,0,0,0,0,0,0,0,0,0,0,0,0,0,0,0,0,0,0,0]}
43.138	{"type":"imu","dev":"node-01","seq":1751,"t0":181650,"fs":100,"samples":[[-0.008,1.005,0.382,-2.81,-9.15,5.75,0.28,76.26],[-0.004,0.991,0.396,-6.59,-6.53,3.31,0.21,76.03],[-0.002,0.982,0.382,-8.85,-7.81,0.14,0.13,75.80],[0.012,0.976,0.398,-4.15,-8.97,-6.57,0.03,75.60],[0.014,0.952,0.415,4.57,-12.02,-12.06,-0.10,75.46],[0.003,0.948,0.409,9.87,-11.41,-14.13,-0.22,75.38],[-0.002,0.945,0.415,1.82,-9.64,-18.16,-0.30,75.22],[-0.019,0.932,0.387,-12.51,-3.97,-27.36,-0.32,74.94],[-0.014,0.942,0.412,-15.98,-4.82,-20.47,-0.34,74.61],[-0.020,0.915,0.399,-9.70,-10.67,-10.17,-0.41,74.35]]}
43.197	{"type":"ecg","dev":"node-01","seq":1801,"t0":181708,"fs":250,"leads_off":false,"bpm":null,"samples":[0,0,0,0,0,0,0,0,0,0,0,0,0,0,0,0,0,0,0,0,0,0,0,0,0]}
43.239	{"type":"imu","dev":"node-01","seq":1752,"t0":181750,"fs":100,"samples":[[-0.021,0.897,0.425,2.01,-17.56,-8.64,-0.56,74.18],[-0.025,0.893,0.407,9.87,-20.00,-7.73,-0.71,74.10],[-0.030,0.875,0.406,10.12,-22.26,-6.45,-0.88,74.02],[-0.030,0.878,0.398,10.30,-24.33,-7.67,-1.06,73.95],[-0.037,0.885,0.390,9.99,-26.83,-9.19,-1.26,73.90],[-0.040,0.894,0.387,5.85,-26.10,-13.40,-1.45,73.81],[-0.028,0.931,0.399,2.31,-20.61,-16.20,-1.59,73.69],[-0.029,0.999,0.411,2.07,-17.69,-20.66,-1.70,73.59],[-0.044,1.059,0.427,3.59,-15.25,-21.26,-1.77,73.51],[-0.037,1.089,0.354,-2.93,-5.92,-25.72,-1.76,73.45]]}
43.297	{"type":"ecg","dev":"node-01","seq":1802,"t0":181808,"fs":250,"leads_off":false,"bpm":null,"samples":[0,0,0,0,0,0,0,0,0,0,0,0,0,0,0,0,0,0,0,0,0,0,0,0,0]}
43.339	{"type":"imu","dev":"node-01","seq":1753,"t0":181850,"fs":100,"samples":[[-0.030,0.917,0.342,-8.85,-12.08,-22.00,-1.81,73.29],[-0.054,0.858,0.360,-4.15,-15.49,-18.16,-1.85,73.13],[-0.073,0.832,0.313,17.62,-23.17,-12.12,-1.95,73.23],[-0.145,0.832,0.329,12.01,-26.53,-7.42,-1.99,73.25],[-0.156,0.835,0.304,11.34,-23.30,-6.69,-1.98,73.29],[-0.140,0.855,0.296,10.91,-17.44,-9.25,-1.93,73.35],[-0.114,0.864,0.304,25.85,-11.83,-16.69,-1.87,73.55],[-0.088,0.870,0.329,31.15,-10.49,-20.41,-1.82,73.77],[-0.051,0.886,0.351,45.24,-8.48,-21.39,-1.81,74.11],[-0.013,0.890,0.341,41.09,-6.47,-20.84,-1.82,74.41]]}
43.397	{"type":"ecg","dev":"node-01","seq":1803,"t0":181908,"fs":250,"leads_off":false,"bpm":null,"samples":[0,0,0,0,0,0,0,0,0,0,0,0,0,0,0,0,0,0,0,0,0,0,0,0,0]}
43.438	{"type":"imu","dev":"node-01","seq":1754,"t0":181950,"fs":100,"samples":[[-0.002,0.882,0.357,35.48,-6.77,-19.07,-1.85,74.63],[-0.008,0.891,0.325,21.09,-10.86,-10.96,-1.91,74.74],[-0.030,0.909,0.303,14.87,-14.33,1.11,-1.97,74.82],[-0.052,0.933,0.295,12.86,-15.43,8.25,-2.03,74.90],[-0.095,0.972,0.319,3.29,-15.00,15.81,-2.03,74.87],[-0.110,0.985,0.325,7.31,-11.77,22.70,-1.98,74.88],[-0.099,1.014,0.336,19.45,-8.97,23.19,-1.92,75.01],[-0.106,1.012,0.343,21.46,-8.72,18.37,-1.85,75.14],[-0.086,1.027,0.347,24.93,-4.39,11.66,-1.77,75.31],[-0.066,1.053,0.352,26.15,-1.71,4.95,-1.68,75.49]]}
43.497	{"type":"ecg","dev":"node-01","seq":1804,"t0":182008,"fs":250,"leads_off":false,"bpm":null,"samples":[0,0,0,0,0,0,0,0,0,0,0,0,0,0,0,0,0,0,0,0,0,0,0,0,0]}
43.538	{"type":"imu","dev":"node-01","seq":1755,"t0":182050,"fs":100,"samples":[[-0.070,1.056,0.347,29.39,-3.84,3.92,-1.61,75.71],[-0.088,1.057,0.340,29.08,-6.83,1.48,-1.56,75.92],[-0.078,1.084,0.341,16.46,-2.93,4.41,-1.48,76.02],[-0.090,1.051,0.353,9.99,-2.08,6.78,-1.38,76.02],[-0.094,1.033,0.369,10.12,-7.56,6.78,-1.32,76.01],[-0.099,1.042,0.368,2.68,-4.03,10.87,-1.23,75.93],[-0.109,1.017,0.374,-1.83,-5.00,11.24,-1.14,75.78],[-0.082,0.997,0.361,-0.74,-5.43,10.75,-1.09,75.66],[-0.081,0.992,0.377,2.74,-9.82,9.28,-1.07,75.56],[-0.090,0.982,0.381,3.29,-11.77,8.00,-1.07,75.46]]}
43.597	{"type":"ecg","dev":"node-01","seq":1805,"t0":182108,"fs":250,"leads_off":false,"bpm":null,"samples":[0,0,0,0,0,0,0,0,0,0,0,0,0,0,0,0,0,0,0,0,0,0,0,0,0]}
43.638	{"type":"imu","dev":"node-01","seq":1756,"t0":182150,"fs":100,"samples":[[-0.089,0.980,0.377,3.29,-11.77,3.67,-1.07,75.36],[-0.095,0.970,0.393,-0.31,-11.65,1.24,-1.06,75.21],[-0.103,0.974,0.398,0.85,-11.16,-0.35,-1.03,75.07],[-0.085,0.954,0.381,1.03,-10.86,-6.02,-1.02,74.94],[-0.102,0.958,0.402,-2.38,-10.31,-4.31,-0.99,74.76],[-0.119,0.950,0.396,-4.70,-12.44,-1.20,-0.96,74.57],[-0.124,0.948,0.397,-9.64,-11.77,-2.18,-0.92,74.33],[-0.136,0.948,0.403,-15.92,-12.02,-2.00,-0.87,74.03],[-0.144,0.942,0.421,-17.69,-9.27,-4.19,-0.78,73.69],[-0.139,0.945,0.425,-15.07,-10.06,-5.05,-0.71,73.38]]}
43.697	{"type":"ecg","dev":"node-01","seq":1806,"t0":182208,"fs":250,"leads_off":false,"bpm":null,"samples":[0,0,0,0,0,0,0,0,0,0,0,0,0,0,0,0,0,0,0,0,0,0,0,0,0]}
43.738	{"type":"imu","dev":"node-01","seq":1757,"t0":182250,"fs":100,"samples":[[-0.131,0.957,0.433,-10.25,-10.19,-8.28,-0.66,73.13],[-0.126,0.965,0.434,-4.21,-12.08,-11.81,-0.63,72.94],[-0.102,0.939,0.448,-5.86,-10.19,-9.74,-0.60,72.72],[-0.109,0.926,0.455,-7.38,-10.06,-10.78,-0.57,72.47],[-0.093,0.917,0.440,1.64,-11.59,-7.97,-0.56,72.32],[-0.096,0.907,0.435,5.12,-10.25,-5.35,-0.54,72.21],[-0.101,0.912,0.434,14.87,-15.00,-3.95,-0.57,72.20],[-0.104,0.910,0.426,16.76,-12.38,0.93,-0.56,72.22],[-0.101,0.908,0.428,15.97,-11.77,1.30,-0.55,72.23],[-0.102,0.903,0.437,13.96,-9.33,3.49,-0.51,72.21]]}
43.797	{"type":"ecg","dev":"node-01","seq":1807,"t0":182308,"fs":250,"leads_off":false,"bpm":null,"samples":[0,0,0,0,0,0,0,0,0,0,0,0,0,0,0,0,0,0,0,0,0,0,0,0,0]}
43.838	{"type":"imu","dev":"node-01","seq":1758,"t0":182350,"fs":100,"samples":[[-0.101,0.884,0.431,17.80,-9.64,4.41,-0.48,72.22],[-0.107,0.892,0.434,16.76,-7.32,4.65,-0.42,72.22],[-0.098,0.888,0.431,15.06,-5.73,5.50,-0.35,72.20],[-0.094,0.893,0.445,15.67,-5.49,6.72,-0.29,72.18],[-0.088,0.901,0.437,17.80,-4.09,8.74,-0.22,72.20],[-0.095,0.909,0.426,18.29,-4.27,10.20,-0.15,72.23],[-0.104,0.927,0.421,17.19,-1.10,12.82,-0.04,72.26],[-0.087,0.967,0.415,17.80,0.91,12.52,0.06,72.33],[-0.087,0.946,0.423,17.01,-0.92,12.39,0.15,72.37],[-0.071,0.892,0.410,21.03,-6.10,12.76,0.17,72.43]]}
43.897	{"type":"ecg","dev":"node-01","seq":1808,"t0":182408,"fs":250,"leads_off":false,"bpm":null,"samples":[0,0,0,0,0,0,0,0,0,0,0,0,0,0,0,0,0,0,0,0,0,0,0,0,0]}
43.938	{"type":"imu","dev":"node-01","seq":1759,"t0":182450,"fs":100,"samples":[[-0.076,0.926,0.421,22.13,-4.70,13.37,0.20,72.51],[-0.077,0.958,0.399,18.47,-0.98,13.61,0.27,72.59],[-0.059,1.003,0.421,9.93,5.18,14.59,0.38,72.58],[-0.037,1.023,0.436,19.45,8.35,7.03,0.49,72.66],[-0.015,1.008,0.440,21.70,6.03,3.74,0.56,72.74],[0.001,0.977,0.441,17.68,-0.61,2.94,0.54,72.78],[0.018,0.957,0.421,17.07,-6.22,6.78,0.45,72.81],[0.020,0.967,0.425,16.46,-9.27,10.44,0.33,72.84],[0.005,0.953,0.405,6.82,-10.92,14.83,0.21,72.79],[-0.010,0.937,0.395,7.92,-12.93,19.65,0.09,72.76]]}
43.997	{"type":"ecg","dev":"node-01","seq":1809,"t0":182508,"fs":250,"leads_off":false,"bpm":null,"samples":[0,0,0,0,0,0,0,0,0,0,0,0,0,0,0,0,0,0,0,0,0,0,0,0,0]}
44.038	{"type":"imu","dev":"node-01","seq":1760,"t0":182550,"fs":100,"samples":[[-0.027,0.927,0.371,10.18,-12.93,21.66,-0.01,72.77],[-0.032,0.923,0.378,10.36,-12.87,22.21,-0.10,72.77],[-0.049,0.906,0.390,5.97,-7.38,19.83,-0.11,72.71],[-0.049,0.881,0.386,8.71,-6.41,17.70,-0.11,72.66],[-0.054,0.871,0.381,10.18,-5.06,15.69,-0.10,72.64],[-0.046,0.857,0.372,12.25,-4.88,9.77,-0.09,72.63],[-0.042,0.851,0.370,14.81,-3.66,6.48,-0.07,72.66],[-0.042,0.862,0.363,16.52,-3.97,4.10,-0.05,72.71],[-0.037,0.871,0.345,20.73,-2.44,1.11,-0.03,72.83],[-0.011,0.902,0.356,22.13,-3.97,-0.84,-0.06,72.95]]}
44.097	{"type":"ecg","dev":"node-01","seq":1810,"t0":182608,"fs":250,"leads_off":false,"bpm":null,"samples":[0,0,0,0,0,0,0,0,0,0,0,0,0,0,0,0,0,0,0,0,0,0,0,0,0]}
44.138	{"type":"imu","dev":"node-01","seq":1761,"t0":182650,"fs":100,"samples":[[-0.009,0.889,0.345,22.80,-3.17,-2.30,-0.08,73.10],[-0.014,0.893,0.350,28.53,-9.15,-8.40,-0.15,73.28],[-0.007,0.913,0.337,21.82,-2.02,-5.05,-0.16,73.43],[-0.005,0.919,0.380,16.70,0.91,-3.03,-0.14,73.47],[0.002,0.946,0.368,15.97,1.46,-2.97,-0.12,73.54],[0.013,0.967,0.353,25.30,-5.00,-6.33,-0.18,73.71],[0.017,0.980,0.366,26.40,-6.16,-6.02,-0.26,73.89],[0.028,1.003,0.383,13.47,-4.15,-5.53,-0.33,73.92],[0.013,0.994,0.375,12.37,-8.78,-4.07,-0.42,73.95],[0.035,0.989,0.385,10.48,-4.45,0.08,-0.49,73.95]]}
44.197	{"type":"ecg","dev":"node-01","seq":1811,"t0":182708,"fs":250,"leads_off":false,"bpm":null,"samples":[0,0,0,0,0,0,0,0,0,0,0,0,0,0,0,0,0,0,0,0,0,0,0,0,0]}
44.238	{"type":"imu","dev":"node-01","seq":1762,"t0":182750,"fs":100,"samples":[[0.033,0.972,0.369,13.53,-5.80,2.21,-0.58,73.99],[0.032,0.970,0.366,13.90,-4.39,4.35,-0.64,74.03],[0.042,0.972,0.365,24.20,-7.99,4.28,-0.76,74.18],[0.045,0.961,0.365,22.68,-7.81,3.55,-0.87,74.30],[0.066,0.919,0.385,14.57,-1.28,-1.14,-0.94,74.30],[0.061,0.931,0.358,11.70,2.19,-1.69,-0.97,74.31],[0.064,0.964,0.370,9.69,3.11,-3.40,-0.99,74.30],[0.093,0.923,0.370,27.86,-4.58,-10.47,-1.12,74.45],[0.071,0.959,0.383,20.48,-4.21,-10.84,-1.22,74.52],[0.067,0.938,0.421,8.35,-0.98,-9.56,-1.28,74.43]]}
44.297	{"type":"ecg","dev":"node-01","seq":1812,"t0":182808,"fs":250,"leads_off":false,"bpm":null,"samples":[0,0,0,0,0,0,0,0,0,0,0,0,0,0,0,0,0,0,0,0,0,0,0,0,0]}
44.338	{"type":"imu","dev":"node-01","seq":1763,"t0":182850,"fs":100,"samples":[[0.072,0.951,0.400,12.74,-4.09,-6.39,-1.37,74.41],[0.062,0.950,0.412,10.54,-4.27,-2.91,-1.45,74.36],[0.053,0.959,0.403,10.18,-3.91,-0.53,-1.52,74.32],[0.042,0.953,0.416,12.56,-2.38,2.70,-1.56,74.28],[0.045,0.978,0.416,15.06,-0.92,2.33,-1.59,74.28],[0.049,0.977,0.424,17.56,-2.50,1.54,-1.63,74.30],[0.053,0.976,0.424,24.75,-5.67,-2.67,-1.71,74.39],[0.054,0.953,0.437,24.08,-8.60,-3.76,-1.82,74.44],[0.055,0.948,0.422,22.68,-13.97,-3.95,-1.98,74.50],[0.052,0.937,0.393,19.63,-13.91,-3.22,-2.14,74.54]]}
44.397	{"type":"ecg","dev":"node-01","seq":1813,"t0":182908,"fs":250,"leads_off":false,"bpm":null,"samples":[0,0,0,0,0,0,0,0,0,0,0,0,0,0,0,0,0,0,0,0,0,0,0,0,0]}
44.438	{"type":"imu","dev":"node-01","seq":1764,"t0":182950,"fs":100,"samples":[[0.019,0.936,0.404,8.23,-9.82,-1.45,-2.21,74.47],[0.020,0.943,0.380,9.02,-4.88,2.52,-2.24,74.43],[0.022,0.938,0.382,10.42,-5.06,2.09,-2.27,74.40],[0.030,0.913,0.416,11.82,-5.43,-2.06,-2.31,74.33],[0.048,0.906,0.383,18.90,-8.66,-4.74,-2.40,74.37],[0.036,0.894,0.381,16.21,-10.55,-7.36,-2.50,74.38],[0.026,0.889,0.375,15.54,-9.33,-6.02,-2.57,74.39],[0.001,0.885,0.387,22.74,-9.70,-6.33,-2.62,74.45],[0.008,0.881,0.387,24.26,-8.17,-5.41,-2.66,74.53],[0.018,0.886,0.382,22.01,-10.43,-7.73,-2.73,74.59]]}
44.497	{"type":"ecg","dev":"node-01","seq":1814,"t0":183008,"fs":250,"leads_off":false,"bpm":null,"samples":[0,0,0,0,0,0,0,0,0,0,0,0,0,0,0,0,0,0,0,0,0,0,0,0,0]}
44.538	{"type":"imu","dev":"node-01","seq":1765,"t0":183050,"fs":100,"samples":[[0.033,0.885,0.373,16.46,-12.93,-9.13,-2.84,74.60],[0.039,0.898,0.369,14.87,-14.52,-9.01,-2.97,74.61],[0.027,0.918,0.367,12.49,-16.28,-9.80,-3.10,74.60],[0.009,1.003,0.343,15.24,-16.89,-9.31,-3.21,74.68],[-0.002,1.063,0.352,11.46,-12.20,-12.00,-3.27,74.73],[0.008,1.076,0.375,10.06,-7.75,-11.33,-3.29,74.75],[0.032,1.078,0.384,21.58,-9.09,-11.08,-3.34,74.88],[0.017,1.079,0.328,17.86,-15.55,-11.33,-3.44,75.02],[-0.006,1.044,0.351,9.45,-19.39,-9.31,-3.56,75.04],[-0.042,0.989,0.312,6.03,-23.23,-3.89,-3.67,75.05]]}
44.597	{"type":"ecg","dev":"node-01","seq":1815,"t0":183108,"fs":250,"leads_off":false,"bpm":null,"samples":[0,0,0,0,0,0,0,0,0,0,0,0,0,0,0,0,0,0,0,0,0,0,0,0,0]}
44.638	{"type":"imu","dev":"node-01","seq":1766,"t0":183150,"fs":100,"samples":[[-0.083,0.935,0.301,2.49,-29.82,-0.11,-3.79,75.01],[-0.128,0.926,0.300,1.28,-29.09,0.26,-3.85,74.96],[-0.165,0.937,0.313,-4.09,-24.33,-0.23,-3.82,74.86],[-0.146,0.949,0.355,-0.01,-13.91,-7.42,-3.72,74.75],[-0.113,0.954,0.384,6.15,-11.16,-12.61,-3.63,74.68],[-0.046,0.950,0.396,16.40,-9.52,-20.96,-3.60,74.69],[-0.000,0.963,0.388,15.97,-5.37,-23.76,-3.58,74.72],[0.011,0.948,0.390,15.54,-6.65,-24.37,-3.58,74.73],[0.018,0.952,0.379,15.79,-9.09,-20.05,-3.62,74.75],[0.024,0.948,0.361,12.13,-9.39,-12.24,-3.67,74.76]]}
44.697	{"type":"ecg","dev":"node-01","seq":1816,"t0":183208,"fs":250,"leads_off":false,"bpm":null,"samples":[0,0,0,0,0,0,0,0,0,0,0,0,0,0,0,0,0,0,0,0,0,0,0,0,0]}
44.738	{"type":"imu","dev":"node-01","seq":1767,"t0":183250,"fs":100,"samples":[[-0.006,0.977,0.323,8.10,-9.58,-9.68,-3.68,74.78],[0.000,0.958,0.393,-11.35,-7.44,-1.14,-3.68,74.53],[-0.025,0.986,0.354,-9.64,-7.32,9.10,-3.65,74.35],[-0.029,0.983,0.373,-17.51,-9.64,5.63,-3.64,74.07],[-0.030,0.974,0.371,-13.36,-11.22,3.67,-3.65,73.84],[-0.048,0.949,0.364,1.09,-15.25,1.54,-3.67,73.76],[-0.043,0.938,0.370,-6.04,-11.83,0.93,-3.66,73.59],[-0.056,0.901,0.374,-3.66,-10.80,-0.90,-3.63,73.43],[-0.071,0.928,0.370,2.31,-7.63,2.27,-3.55,73.35],[-0.079,0.928,0.377,3.65,-5.49,1.24,-3.44,73.28]]}
44.797	{"type":"ecg","dev":"node-01","seq":1817,"t0":183308,"fs":250,"leads_off":false,"bpm":null,"samples":[0,0,0,0,0,0,0,0,0,0,0,0,0,0,0,0,0,0,0,0,0,0,0,0,0]}
44.838	{"type":"imu","dev":"node-01","seq":1768,"t0":183350,"fs":100,"samples":[[-0.088,0.936,0.350,9.20,-5.19,2.03,-3.32,73.29],[-0.086,0.933,0.368,4.32,-2.08,2.03,-3.18,73.24],[-0.083,0.948,0.389,-11.53,1.70,-0.11,-3.01,73.02],[-0.073,0.943,0.400,-9.76,2.01,-1.94,-2.85,72.80],[-0.070,0.946,0.382,0.36,-0.61,-0.96,-2.72,72.71],[-0.072,0.954,0.402,-6.83,-3.78,-4.25,-2.62,72.53],[-0.068,0.913,0.411,-6.59,-4.03,-3.34,-2.53,72.33],[-0.075,0.932,0.395,1.89,-5.06,-3.28,-2.44,72.24],[-0.062,0.918,0.414,5.48,-9.94,-5.96,-2.42,72.17],[-0.053,0.906,0.419,9.39,-9.70,-5.96,-2.41,72.12]]}
44.897	{"type":"ecg","dev":"node-01","seq":1818,"t0":183408,"fs":250,"leads_off":false,"bpm":null,"samples":[0,0,0,0,0,0,0,0,0,0,0,0,0,0,0,0,0,0,0,0,0,0,0,0,0]}
44.938	{"type":"imu","dev":"node-01","seq":1769,"t0":183450,"fs":100,"samples":[[-0.070,0.927,0.437,3.17,-5.19,-7.61,-2.33,72.00],[-0.051,0.928,0.422,6.34,-6.65,-0.41,-2.29,71.93],[-0.047,0.923,0.434,3.84,-3.66,4.47,-2.23,71.83],[-0.060,0.931,0.427,-1.83,-2.75,1.72,-2.15,71.68],[-0.060,0.922,0.412,2.80,-2.50,2.45,-2.06,71.60],[-0.062,0.922,0.415,1.34,-0.13,1.60,-1.95,71.49],[-0.052,0.916,0.418,3.41,-0.19,0.20,-1.85,71.40],[-0.036,0.922,0.463,5.36,-0.55,-12.61,-1.78,71.30],[-0.027,0.934,0.425,14.08,-3.48,-2.00,-1.75,71.32],[-0.040,0.932,0.443,7.92,-5.98,-3.09,-1.73,71.26]]}
44.997	{"type":"ecg","dev":"node-01","seq":1819,"t0":183508,"fs":250,"leads_off":false,"bpm":null,"samples":[0,0,0,0,0,0,0,0,0,0,0,0,0,0,0,0,0,0,0,0,0,0,0,0,0]}
45.038	{"type":"imu","dev":"node-01","seq":1770,"t0":183550,"fs":100,"samples":[[-0.059,0.948,0.407,9.14,-2.81,0.75,-1.66,71.26],[-0.073,0.942,0.445,9.57,0.67,2.94,-1.54,71.22],[-0.068,0.934,0.442,11.64,4.14,3.49,-1.39,71.21],[-0.054,0.928,0.448,8.78,2.86,1.05,-1.27,71.15],[-0.038,0.929,0.457,3.71,2.01,-0.65,-1.19,71.04],[-0.045,0.927,0.449,1.21,1.89,0.02,-1.09,70.92],[-0.059,0.926,0.452,-5.25,-0.92,-0.53,-1.02,70.72],[-0.066,0.924,0.444,6.95,-1.95,4.47,-0.94,70.66],[-0.072,0.922,0.448,4.75,-1.71,3.06,-0.86,70.58],[-0.060,0.928,0.443,3.65,-0.80,3.80,-0.78,70.49]]}
45.097	{"type":"ecg","dev":"node-01","seq":1820,"t0":183608,"fs":250,"leads_off":false,"bpm":null,"samples":[0,0,0,0,0,0,0,0,0,0,0,0,0,0,0,0,0,0,0,0,0,0,0,0,0]}
45.138	{"type":"imu","dev":"node-01","seq":1771,"t0":183650,"fs":100,"samples":[[-0.072,0.923,0.453,14.32,-3.78,5.08,-0.72,70.50],[-0.060,0.910,0.465,5.24,-0.92,1.91,-0.65,70.40],[-0.063,0.926,0.454,7.01,-0.98,2.09,-0.58,70.34],[-0.059,0.925,0.469,6.82,0.79,1.30,-0.49,70.26],[-0.052,0.925,0.461,1.64,2.56,-1.26,-0.40,70.14],[-0.056,0.924,0.456,1.70,2.37,-1.94,-0.31,70.03],[-0.054,0.924,0.468,6.28,1.64,-1.45,-0.23,69.96],[-0.045,0.926,0.471,0.30,2.74,-4.01,-0.14,69.82],[-0.043,0.923,0.469,5.42,2.37,-3.76,-0.07,69.74],[-0.042,0.900,0.468,11.03,-2.69,-4.62,-0.05,69.70]]}
45.197	{"type":"ecg","dev":"node-01","seq":1821,"t0":183708,"fs":250,"leads_off":false,"bpm":null,"samples":[0,0,0,0,0,0,0,0,0,0,0,0,0,0,0,0,0,0,0,0,0,0,0,0,0]}
45.238	{"type":"imu","dev":"node-01","seq":1772,"t0":183750,"fs":100,"samples":[[-0.053,0.934,0.452,13.84,-3.48,-2.85,-0.02,69.73],[-0.060,0.901,0.482,9.14,-5.13,-3.34,-0.01,69.66],[-0.053,0.908,0.460,14.32,-3.05,-0.72,0.02,69.67],[-0.038,0.893,0.450,23.04,-2.32,1.36,0.05,69.77],[-0.054,0.917,0.445,24.26,-2.08,2.58,0.08,69.89],[-0.047,0.906,0.455,23.47,-3.11,3.49,0.11,69.99],[-0.042,0.920,0.449,30.60,-1.47,4.83,0.14,70.17],[-0.047,0.916,0.454,30.30,-1.22,4.89,0.17,70.34],[-0.046,0.911,0.445,35.12,-2.14,4.41,0.20,70.55],[-0.047,0.926,0.439,38.90,-2.63,4.53,0.22,70.82]]}
45.297	{"type":"ecg","dev":"node-01","seq":1822,"t0":183808,"fs":250,"leads_off":false,"bpm":null,"samples":[0,0,0,0,0,0,0,0,0,0,0,0,0,0,0,0,0,0,0,0,0,0,0,0,0]}
45.338	{"type":"imu","dev":"node-01","seq":1773,"t0":183850,"fs":100,"samples":[[-0.047,0.927,0.433,39.02,-3.05,3.19,0.24,71.08],[-0.056,0.937,0.432,38.78,-2.20,1.54,0.28,71.35],[-0.055,0.944,0.430,36.03,-1.65,1.78,0.32,71.58],[-0.050,0.945,0.424,30.06,-0.25,1.11,0.36,71.76],[-0.036,0.945,0.426,29.45,-0.00,0.81,0.40,71.93],[-0.043,0.948,0.423,26.15,-2.50,1.54,0.41,72.07],[-0.036,0.936,0.437,23.35,-0.49,2.09,0.44,72.15],[-0.042,0.969,0.396,23.23,-0.55,2.64,0.47,72.29],[-0.051,0.965,0.429,17.13,-2.44,3.25,0.49,72.34],[0.001,0.939,0.360,25.48,-10.55,17.94,0.38,72.52]]}
45.397	{"type":"ecg","dev":"node-01","seq":1823,"t0":183908,"fs":250,"leads_off":false,"bpm":null,"samples":[0,0,0,0,0,0,0,0,0,0,0,0,0,0,0,0,0,0,0,0,0,0,0,0,0]}
45.438	{"type":"imu","dev":"node-01","seq":1774,"t0":183950,"fs":100,"samples":[[-0.044,0.938,0.427,16.15,-5.73,11.66,0.36,72.54],[-0.030,0.939,0.415,8.41,-0.13,5.02,0.39,72.49],[-0.033,0.943,0.417,25.12,-5.61,3.43,0.36,72.61],[-0.036,0.936,0.413,27.49,-5.98,4.41,0.34,72.75],[-0.034,0.935,0.416,22.13,-2.44,4.53,0.34,72.84],[-0.037,0.940,0.409,24.02,-3.11,4.59,0.35,72.94],[-0.037,0.937,0.406,21.64,-3.48,4.10,0.35,73.03],[-0.030,0.952,0.414,19.69,-2.56,3.31,0.35,73.09],[-0.034,0.936,0.414,22.80,-4.52,1.17,0.33,73.17],[-0.042,0.947,0.390,14.63,-1.34,2.52,0.36,73.21]]}
45.497	{"type":"ecg","dev":"node-01","seq":1824,"t0":184008,"fs":250,"leads_off":false,"bpm":null,"samples":[0,0,0,0,0,0,0,0,0,0,0,0,0,0,0,0,0,0,0,0,0,0,0,0,0]}
45.538	{"type":"imu","dev":"node-01","seq":1775,"t0":184050,"fs":100,"samples":[[-0.039,0.940,0.386,10.42,1.03,2.88,0.41,73.20],[-0.045,0.939,0.393,8.71,2.25,3.67,0.47,73.17],[-0.037,0.937,0.433,18.35,1.89,4.35,0.52,73.19],[-0.033,0.934,0.399,18.53,-3.42,1.30,0.52,73.24],[-0.010,0.946,0.387,11.58,1.28,2.64,0.53,73.24],[-0.034,0.955,0.386,7.74,1.03,5.14,0.57,73.21],[-0.043,0.942,0.388,6.64,2.50,5.69,0.63,73.17],[-0.051,0.941,0.406,17.86,2.07,6.42,0.69,73.21],[-0.032,0.930,0.427,12.49,4.87,4.10,0.76,73.18],[-0.024,0.927,0.427,16.76,3.05,3.98,0.80,73.18]]}
45.597	{"type":"ecg","dev":"node-01","seq":1825,"t0":184108,"fs":250,"leads_off":false,"bpm":null,"samples":[0,0,0,0,0,0,0,0,0,0,0,0,0,0,0,0,0,0,0,0,0,0,0,0,0]}
45.638	{"type":"imu","dev":"node-01","seq":1776,"t0":184150,"fs":100,"samples":[[-0.017,0.929,0.407,16.82,1.77,2.94,0.82,73.21],[-0.027,0.933,0.419,8.35,2.86,1.91,0.87,73.15],[-0.029,0.939,0.412,9.26,1.52,2.33,0.90,73.10],[-0.028,0.945,0.411,9.87,2.62,4.53,0.93,73.06],[-0.025,0.944,0.392,10.60,2.13,5.02,0.97,73.06],[-0.026,0.917,0.419,7.25,2.25,4.59,1.00,72.97],[-0.026,0.928,0.399,9.93,2.98,6.42,1.04,72.95],[-0.024,0.927,0.404,5.97,3.47,6.54,1.08,72.87],[-0.026,0.934,0.414,6.40,2.80,4.77,1.11,72.80],[-0.026,0.932,0.417,8.90,3.11,5.26,1.15,72.75]]}
45.697	{"type":"ecg","dev":"node-01","seq":1826,"t0":184208,"fs":250,"leads_off":false,"bpm":null,"samples":[0,0,0,0,0,0,0,0,0,0,0,0,0,0,0,0,0,0,0,0,0,0,0,0,0]}
45.738	{"type":"imu","dev":"node-01","seq":1777,"t0":184250,"fs":100,"samples":[[-0.026,0.921,0.411,11.34,1.16,4.89,1.17,72.73],[-0.031,0.920,0.405,9.14,2.86,4.04,1.21,72.69],[-0.030,0.929,0.398,8.53,3.78,3.43,1.25,72.65],[-0.032,0.927,0.406,7.98,3.84,3.80,1.30,72.60],[-0.028,0.927,0.407,10.30,3.41,2.33,1.34,72.58],[-0.026,0.931,0.397,10.24,2.37,1.85,1.37,72.56],[-0.019,0.926,0.402,10.79,3.23,2.64,1.39,72.55],[-0.023,0.920,0.398,7.68,6.46,1.97,1.45,72.51],[-0.015,0.925,0.401,10.12,6.28,2.82,1.50,72.49],[-0.019,0.928,0.396,7.49,7.74,2.21,1.57,72.45]]}
45.797	{"type":"ecg","dev":"node-01","seq":1827,"t0":184308,"fs":250,"leads_off":false,"bpm":null,"samples":[0,0,0,0,0,0,0,0,0,0,0,0,0,0,0,0,0,0,0,0,0,0,0,0,0]}
45.838	{"type":"imu","dev":"node-01","seq":1778,"t0":184350,"fs":100,"samples":[[-0.021,0.929,0.397,9.26,6.70,3.13,1.63,72.43],[-0.026,0.923,0.403,8.96,6.40,3.19,1.69,72.40],[-0.021,0.926,0.404,6.21,6.95,3.37,1.75,72.34],[-0.025,0.929,0.410,0.18,7.56,2.39,1.82,72.22],[-0.020,0.927,0.401,5.67,6.09,2.03,1.86,72.16],[-0.030,0.931,0.414,7.68,3.53,3.37,1.89,72.11],[-0.028,0.931,0.415,4.93,3.90,4.83,1.92,72.04],[-0.040,0.941,0.417,-1.65,5.97,4.77,1.99,71.90],[-0.033,0.932,0.418,-3.66,5.85,4.95,2.04,71.75],[-0.023,0.929,0.430,-1.04,5.55,4.28,2.08,71.60]]}
45.897	{"type":"ecg","dev":"node-01","seq":1828,"t0":184408,"fs":250,"leads_off":false,"bpm":null,"samples":[0,0,0,0,0,0,0,0,0,0,0,0,0,0,0,0,0,0,0,0,0,0,0,0,0]}
45.938	{"type":"imu","dev":"node-01","seq":1779,"t0":184450,"fs":100,"samples":[[-0.028,0.926,0.442,-2.26,5.91,2.94,2.13,71.44],[-0.028,0.929,0.429,1.40,5.73,3.55,2.17,71.33],[-0.026,0.938,0.446,-0.07,5.30,2.15,2.21,71.19],[-0.027,0.934,0.446,-0.61,5.91,0.75,2.26,71.05],[-0.023,0.922,0.456,0.97,6.28,-0.11,2.30,70.91],[-0.013,0.902,0.362,10.36,7.86,-0.35,2.34,70.96],[-0.034,0.962,0.466,-6.65,15.91,-6.63,2.49,70.76],[-0.053,0.943,0.437,-19.46,15.85,1.42,2.65,70.46],[-0.006,0.936,0.416,0.36,11.83,1.36,2.72,70.37],[-0.024,0.978,0.472,23.59,-0.31,-7.79,2.69,70.48]]}
45.997	{"type":"ecg","dev":"node-01","seq":1829,"t0":184508,"fs":250,"leads_off":false,"bpm":null,"samples":[0,0,0,0,0,0,0,0,0,0,0,0,0,0,0,0,0,0,0,0,0,0,0,0,0]}
46.038	{"type":"imu","dev":"node-01","seq":1780,"t0":184550,"fs":100,"samples":[[-0.012,0.948,0.452,21.34,2.37,1.48,2.67,70.57],[-0.032,0.923,0.467,2.31,6.83,3.06,2.72,70.45],[-0.030,0.952,0.453,4.14,7.86,3.49,2.78,70.37],[-0.011,0.957,0.424,21.76,6.16,6.91,2.79,70.50],[-0.039,0.969,0.446,18.90,-1.65,2.15,2.76,70.58],[-0.010,0.916,0.470,17.01,-5.25,-2.55,2.67,70.59],[-0.022,0.931,0.457,-1.35,4.27,2.64,2.68,70.44],[-0.026,0.937,0.430,1.58,2.44,2.27,2.68,70.36],[-0.020,0.884,0.459,10.54,3.47,5.69,2.68,70.30],[-0.007,0.977,0.407,-9.21,6.34,1.54,2.70,70.15]]}
46.097	{"type":"ecg","dev":"node-01","seq":1830,"t0":184608,"fs":250,"leads_off":false,"bpm":null,"samples":[0,0,0,0,0,0,0,0,0,0,0,0,0,66,0,0,0,0,0,0,0,0,0,0,0]}
46.138	{"type":"imu","dev":"node-01","seq":1781,"t0":184650,"fs":100,"samples":[[-0.034,0.912,0.516,-22.93,-7.44,-6.08,2.61,69.74],[0.020,0.942,0.474,-30.61,-1.41,-8.16,2.52,69.31],[-0.042,0.874,0.444,-6.65,-6.89,-6.87,2.45,69.12],[0.007,1.048,0.408,4.57,2.50,-0.35,2.42,69.16],[-0.047,0.910,0.554,38.04,6.40,10.44,2.48,69.32],[-0.041,0.944,0.422,77.62,18.53,17.58,2.66,70.01],[-0.031,0.952,0.493,70.30,16.34,14.59,2.80,70.55],[-0.036,0.915,0.458,56.40,15.36,9.04,2.94,70.96],[0.001,0.948,0.405,75.12,0.55,3.19,2.88,71.62],[-0.052,0.940,0.424,66.64,-13.78,-3.58,2.75,72.15]]}
46.197	{"type":"ecg","dev":"node-01","seq":1831,"t0":184708,"fs":250,"leads_off":false,"bpm":null,"samples":[0,0,0,0,0,0,0,0,0,0,0,0,0,0,0,0,0,0,0,0,0,0,0,0,0]}
46.238	{"type":"imu","dev":"node-01","seq":1782,"t0":184750,"fs":100,"samples":[[-0.017,0.910,0.472,57.98,-9.52,-1.26,2.62,72.53],[-0.027,0.974,0.326,32.25,6.09,8.06,2.65,72.83],[-0.030,0.951,0.441,-36.59,4.20,-3.09,2.68,72.31],[-0.017,0.932,0.443,-52.69,11.89,-1.08,2.76,71.64],[-0.009,0.922,0.443,-44.58,11.77,3.19,2.83,71.06],[-0.010,0.914,0.450,-7.20,4.63,6.85,2.83,70.84],[-0.020,0.917,0.454,0.24,3.35,6.30,2.83,70.70],[-0.029,0.904,0.456,1.09,0.36,1.17,2.81,70.56],[-0.023,0.914,0.443,11.52,-1.89,-0.72,2.76,70.55],[-0.029,0.941,0.452,10.79,-1.04,-0.41,2.72,70.53]]}
46.296	{"type":"ecg","dev":"node-01","seq":1832,"t0":184808,"fs":250,"leads_off":false,"bpm":null,"samples":[0,0,0,0,0,0,0,0,0,0,0,0,0,0,0,0,0,0,0,0,0,0,0,0,0]}
46.338	{"type":"imu","dev":"node-01","seq":1783,"t0":184850,"fs":100,"samples":[[-0.032,0.937,0.460,6.34,-0.80,-1.75,2.70,70.46],[-0.032,0.921,0.445,8.90,1.09,1.30,2.69,70.42],[-0.022,0.922,0.448,5.85,4.02,3.43,2.70,70.35],[-0.024,0.921,0.442,0.60,7.44,4.77,2.75,70.23],[-0.021,0.920,0.444,-1.83,6.46,3.49,2.78,70.10],[-0.020,0.919,0.458,1.52,5.61,2.21,2.80,69.98],[-0.019,0.909,0.455,11.95,3.11,0.56,2.79,69.97],[-0.020,0.917,0.442,16.82,1.40,1.78,2.77,70.02],[-0.015,0.940,0.450,18.53,0.24,0.50,2.74,70.09],[-0.021,0.911,0.459,17.62,-0.43,1.97,2.70,70.12]]}
46.397	{"type":"ecg","dev":"node-01","seq":1833,"t0":184908,"fs":250,"leads_off":false,"bpm":null,"samples":[0,0,0,0,0,0,0,0,0,0,0,0,0,0,0,0,0,0,0,0,0,0,0,0,0]}
46.438	{"type":"imu","dev":"node-01","seq":1784,"t0":184950,"fs":100,"samples":[[-0.021,0.920,0.457,16.58,0.85,1.72,2.68,70.15],[-0.019,0.928,0.450,18.59,1.22,3.31,2.66,70.22],[-0.014,0.928,0.450,19.26,0.18,4.16,2.62,70.28],[-0.021,0.928,0.453,21.28,0.48,4.16,2.60,70.36],[-0.013,0.927,0.453,19.14,-1.22,3.55,2.55,70.42],[-0.013,0.923,0.444,19.45,-1.16,2.88,2.50,70.49],[-0.010,0.929,0.444,16.28,-4.15,1.17,2.42,70.53],[-0.009,0.928,0.437,14.75,-3.42,1.66,2.35,70.56],[-0.011,0.921,0.438,12.56,-4.82,1.24,2.27,70.56],[-0.017,0.908,0.447,10.24,-2.38,2.15,2.22,70.53]]}
46.497	{"type":"ecg","dev":"node-01","seq":1834,"t0":185008,"fs":250,"leads_off":false,"bpm":null,"samples":[0,0,0,0,0,0,0,0,0,0,0,0,0,0,0,0,0,0,0,0,0,0,0,0,0]}
46.538	{"type":"imu","dev":"node-01","seq":1785,"t0":185050,"fs":100,"samples":[[-0.012,0.918,0.446,13.35,-2.56,3.06,2.16,70.53],[-0.017,0.917,0.453,12.80,-0.98,3.80,2.13,70.52],[-0.021,0.916,0.447,13.53,-3.17,0.81,2.08,70.52],[-0.019,0.927,0.442,16.89,-6.16,-0.72,2.00,70.57],[-0.017,0.934,0.442,18.04,-4.45,-0.47,1.93,70.63],[-0.023,0.934,0.445,11.46,-3.72,0.26,1.88,70.62],[-0.017,0.924,0.454,1.52,-1.95,0.02,1.84,70.50],[-0.019,0.922,0.453,-3.66,-1.95,0.20,1.81,70.33],[-0.017,0.931,0.453,-0.01,-1.77,0.38,1.77,70.20],[-0.003,0.924,0.441,19.81,-4.27,2.15,1.70,70.28]]}
46.597	{"type":"ecg","dev":"node-01","seq":1835,"t0":185108,"fs":250,"leads_off":false,"bpm":null,"samples":[0,0,0,0,0,0,0,0,0,0,0,0,0,0,0,0,0,0,0,0,0,0,0,0,0]}
46.638	{"type":"imu","dev":"node-01","seq":1786,"t0":185150,"fs":100,"samples":[[-0.020,0.927,0.451,19.93,-6.22,2.39,1.63,70.35],[-0.019,0.932,0.457,9.87,-5.61,1.24,1.56,70.32],[-0.019,0.915,0.452,1.21,-0.31,0.44,1.55,70.20],[-0.013,0.922,0.461,5.79,-1.83,1.48,1.51,70.12],[-0.006,0.928,0.461,10.12,-2.26,0.75,1.47,70.09],[-0.006,0.919,0.470,17.56,-3.60,0.75,1.41,70.12],[-0.008,0.926,0.450,12.62,-4.03,2.82,1.35,70.12],[-0.018,0.931,0.443,9.51,-2.56,1.85,1.32,70.10],[-0.028,0.925,0.430,7.98,-2.50,3.13,1.30,70.08],[-0.009,0.923,0.449,6.40,0.36,1.66,1.29,70.02]]}
46.697	{"type":"ecg","dev":"node-01","seq":1836,"t0":185208,"fs":250,"leads_off":false,"bpm":null,"samples":[0,0,0,0,0,0,0,0,0,0,0,0,0,0,0,0,0,0,0,0,0,0,0,0,0]}
46.738	{"type":"imu","dev":"node-01","seq":1787,"t0":185250,"fs":100,"samples":[[-0.009,0.917,0.480,10.06,-1.65,0.81,1.25,69.97],[0.009,0.917,0.449,17.49,-2.50,0.50,1.19,70.02],[-0.002,0.908,0.441,9.32,-2.81,2.39,1.15,69.99],[-0.012,0.919,0.444,8.53,-0.25,3.06,1.13,69.96],[-0.032,0.926,0.442,21.58,1.03,4.89,1.16,70.06],[-0.028,0.929,0.464,22.19,1.83,1.30,1.18,70.15],[-0.009,0.936,0.449,18.29,1.77,-1.51,1.19,70.21],[-0.007,0.925,0.445,9.20,0.91,-1.63,1.18,70.18],[-0.002,0.933,0.448,-4.94,-1.16,-2.55,1.15,70.02],[-0.017,0.937,0.451,-12.26,-0.25,-0.90,1.14,69.78]]}
46.797	{"type":"ecg","dev":"node-01","seq":1837,"t0":185308,"fs":250,"leads_off":false,"bpm":null,"samples":[0,0,0,0,0,0,0,0,0,0,0,0,0,0,0,0,0,0,0,0,0,0,0,0,0]}
46.838	{"type":"imu","dev":"node-01","seq":1788,"t0":185350,"fs":100,"samples":[[-0.021,0.938,0.452,-16.47,0.85,-0.05,1.15,69.51],[-0.027,0.917,0.462,-22.44,-0.92,-0.11,1.15,69.17],[-0.017,0.930,0.454,-22.38,-3.17,0.32,1.11,68.84],[-0.016,0.913,0.468,-20.68,-1.41,0.14,1.10,68.52],[-0.006,0.912,0.487,-5.74,-3.36,0.63,1.05,68.33],[-0.015,0.916,0.481,9.26,-4.09,1.05,1.00,68.30],[-0.012,0.914,0.494,10.73,-4.09,-0.47,0.96,68.27],[-0.010,0.920,0.492,12.74,-3.11,0.26,0.92,68.27],[-0.009,0.927,0.481,9.93,-2.26,0.99,0.89,68.25],[-0.019,0.924,0.487,5.73,-1.89,-0.47,0.87,68.19]]}
46.897	{"type":"ecg","dev":"node-01","seq":1838,"t0":185408,"fs":250,"leads_off":false,"bpm":null,"samples":[0,0,0,0,0,0,0,0,0,0,0,0,0,0,0,0,0,0,0,0,0,0,0,0,0]}
46.938	{"type":"imu","dev":"node-01","seq":1789,"t0":185450,"fs":100,"samples":[[-0.005,0.917,0.489,0.36,0.12,-0.65,0.86,68.07],[-0.006,0.911,0.488,4.39,-2.44,-0.23,0.83,67.99],[-0.011,0.913,0.479,7.43,-4.58,-0.78,0.78,67.95],[-0.017,0.909,0.482,8.04,-3.17,0.26,0.75,67.91],[-0.019,0.910,0.493,5.73,-3.17,-0.59,0.72,67.84],[-0.014,0.912,0.489,0.60,-2.38,-1.51,0.70,67.72],[-0.015,0.892,0.489,1.40,-2.87,-1.69,0.68,67.61],[-0.014,0.907,0.476,7.62,-1.59,-0.41,0.66,67.58],[-0.015,0.907,0.501,6.28,-3.36,-1.69,0.63,67.51],[-0.009,0.902,0.499,4.81,-0.67,-1.14,0.62,67.43]]}
46.997	{"type":"ecg","dev":"node-01","seq":1839,"t0":185508,"fs":250,"leads_off":false,"bpm":null,"samples":[0,0,0,0,0,0,0,0,0,0,0,0,0,0,0,0,0,0,0,0,0,0,0,0,0]}
47.038	{"type":"imu","dev":"node-01","seq":1790,"t0":185550,"fs":100,"samples":[[-0.009,0.898,0.492,4.69,-1.22,0.02,0.61,67.35],[-0.028,0.903,0.502,3.04,-2.93,-1.08,0.60,67.25],[-0.009,0.911,0.509,1.89,-2.81,-0.78,0.57,67.14],[-0.015,0.909,0.501,2.01,-3.42,-0.23,0.54,67.04],[-0.021,0.900,0.508,-2.08,-3.48,-2.18,0.52,66.89],[-0.026,0.908,0.505,-3.11,-3.23,-1.87,0.51,66.74],[-0.018,0.902,0.508,-9.46,-0.61,-0.84,0.51,66.52],[-0.016,0.894,0.512,-16.41,-1.34,-0.90,0.50,66.24],[-0.011,0.903,0.504,-15.49,-0.00,0.02,0.51,65.98],[-0.008,0.896,0.528,-11.41,0.67,0.99,0.51,65.74]]}
47.097	{"type":"ecg","dev":"node-01","seq":1840,"t0":185608,"fs":250,"leads_off":false,"bpm":null,"samples":[0,0,0,0,0,0,0,0,0,0,0,0,0,0,0,0,0,0,0,0,0,0,0,0,0]}
47.138	{"type":"imu","dev":"node-01","seq":1791,"t0":185650,"fs":100,"samples":[[-0.032,0.830,0.531,3.29,-4.94,-1.69,0.49,65.60],[-0.033,0.923,0.538,7.31,-2.87,1.78,0.49,65.56],[-0.039,0.848,0.545,-1.96,-3.78,-2.30,0.49,65.37],[-0.026,0.892,0.515,-3.30,0.36,-1.08,0.51,65.23],[-0.016,0.898,0.528,4.02,-0.80,-0.35,0.51,65.16],[-0.024,0.887,0.541,4.14,-1.47,-0.59,0.51,65.07],[-0.026,0.897,0.534,-12.26,0.91,0.81,0.54,64.83],[-0.013,0.881,0.544,-4.94,0.91,1.05,0.55,64.65],[-0.024,0.912,0.532,-8.05,0.97,0.99,0.57,64.48],[-0.010,0.877,0.546,-2.02,-0.80,0.81,0.57,64.33]]}
47.197	{"type":"ecg","dev":"node-01","seq":1841,"t0":185708,"fs":250,"leads_off":false,"bpm":null,"samples":[0,0,0,0,0,0,0,0,0,0,0,0,0,0,0,0,0,0,0,0,0,0,0,0,0]}
47.238	{"type":"imu","dev":"node-01","seq":1792,"t0":185750,"fs":100,"samples":[[-0.035,0.861,0.550,5.60,-4.39,-0.17,0.55,64.25],[-0.028,0.871,0.553,6.40,-3.17,-0.53,0.54,64.17],[-0.011,0.899,0.543,7.68,-1.53,-0.05,0.53,64.14],[0.000,0.867,0.531,22.80,-2.69,2.70,0.49,64.25],[-0.036,0.877,0.559,7.56,-2.99,1.05,0.49,64.19],[-0.021,0.841,0.551,1.21,-0.13,0.14,0.50,64.06],[-0.030,0.880,0.516,-5.25,0.73,1.30,0.53,63.92],[-0.015,0.870,0.524,-6.65,1.28,2.09,0.55,63.75],[-0.013,0.862,0.562,14.39,-0.43,3.74,0.55,63.75],[-0.000,0.866,0.545,11.64,-2.14,0.50,0.52,63.75]]}
47.296	{"type":"ecg","dev":"node-01","seq":1842,"t0":185808,"fs":250,"leads_off":false,"bpm":null,"samples":[0,0,0,0,0,0,0,0,0,0,0,0,0,0,0,0,0,0,0,0,0,0,0,0,0]}
47.338	{"type":"imu","dev":"node-01","seq":1793,"t0":185850,"fs":100,"samples":[[-0.014,0.863,0.534,12.43,-3.84,1.05,0.49,63.76],[-0.019,0.867,0.539,16.21,-1.41,2.27,0.48,63.81],[-0.034,0.880,0.574,11.21,1.40,3.67,0.53,63.78],[-0.021,0.879,0.569,8.59,4.69,3.00,0.58,63.73],[-0.014,0.873,0.566,7.13,4.02,2.58,0.63,63.67],[-0.008,0.864,0.561,7.13,1.52,1.72,0.64,63.60],[-0.012,0.872,0.553,10.36,1.09,2.09,0.65,63.58],[-0.017,0.882,0.554,11.46,0.36,2.94,0.66,63.58],[-0.024,0.886,0.554,12.31,0.18,3.31,0.67,63.59],[-0.026,0.885,0.555,7.62,-1.10,3.80,0.68,63.55]]}
47.396	{"type":"ecg","dev":"node-01","seq":1843,"t0":185908,"fs":250,"leads_off":false,"bpm":null,"samples":[0,0,0,0,0,0,0,0,0,0,0,0,0,0,0,0,0,0,0,0,0,0,0,0,0]}
47.438	{"type":"imu","dev":"node-01","seq":1794,"t0":185950,"fs":100,"samples":[[-0.017,0.875,0.545,6.89,-0.55,3.13,0.68,63.51],[-0.014,0.859,0.553,4.63,-0.43,3.25,0.68,63.43],[-0.017,0.865,0.559,1.09,-2.75,1.78,0.65,63.31],[-0.015,0.858,0.557,3.84,-1.41,0.99,0.64,63.22],[-0.018,0.852,0.569,2.56,-1.41,0.32,0.64,63.11],[-0.011,0.875,0.565,3.23,-1.65,-0.65,0.62,63.02],[-0.015,0.856,0.567,6.15,-1.89,-1.51,0.61,62.95],[-0.017,0.879,0.564,2.92,-0.86,0.02,0.60,62.87],[0.009,0.849,0.573,11.64,-3.78,-0.72,0.55,62.84],[-0.014,0.876,0.580,-3.18,-4.15,0.20,0.51,62.69]]}
47.496	{"type":"ecg","dev":"node-01","seq":1844,"t0":186008,"fs":250,"leads_off":false,"bpm":null,"samples":[0,0,0,0,0,0,0,0,0,0,0,0,0,0,0,0,0,0,0,0,0,0,0,0,0]}
47.538	{"type":"imu","dev":"node-01","seq":1795,"t0":186050,"fs":100,"samples":[[-0.005,0.883,0.558,-1.65,-2.50,0.02,0.48,62.57],[-0.026,0.873,0.575,-0.37,-3.78,-0.29,0.46,62.45],[-0.001,0.890,0.552,-0.98,-1.77,-1.39,0.44,62.35],[-0.014,0.837,0.578,7.98,-5.00,-1.08,0.39,62.29],[-0.015,0.857,0.566,-0.86,-3.72,-1.75,0.37,62.17],[-0.003,0.878,0.587,4.32,-1.71,-0.96,0.35,62.09],[-0.012,0.880,0.589,1.52,-1.89,-0.96,0.33,61.99],[-0.008,0.872,0.589,3.47,-3.48,-0.35,0.30,61.90],[-0.017,0.850,0.587,7.92,-5.25,-0.90,0.26,61.85],[-0.014,0.870,0.601,8.84,-3.78,0.08,0.24,61.81]]}
47.597	{"type":"ecg","dev":"node-01","seq":1845,"t0":186108,"fs":250,"leads_off":false,"bpm":null,"samples":[0,0,0,0,0,0,0,0,0,0,0,0,0,0,0,0,0,0,0,0,0,0,0,0,0]}
47.638	{"type":"imu","dev":"node-01","seq":1796,"t0":186150,"fs":100,"samples":[[-0.025,0.860,0.578,8.23,-5.61,-1.75,0.20,61.77],[0.003,0.889,0.590,6.40,-4.64,0.02,0.15,61.73],[-0.027,0.866,0.594,8.10,-5.00,-1.14,0.13,61.68],[-0.017,0.867,0.585,5.18,-4.21,0.63,0.10,61.62],[-0.014,0.861,0.585,8.96,-2.02,-1.14,0.10,61.59],[-0.013,0.865,0.583,8.17,-2.75,-1.20,0.08,61.56],[-0.007,0.861,0.592,8.04,-2.26,-2.55,0.07,61.52],[-0.000,0.870,0.587,9.93,-2.44,-2.36,0.04,61.51],[-0.008,0.864,0.598,9.69,-3.30,-1.51,0.02,61.48],[-0.011,0.870,0.592,6.82,-0.61,-1.45,0.02,61.43]]}
47.697	{"type":"ecg","dev":"node-01","seq":1846,"t0":186208,"fs":250,"leads_off":false,"bpm":null,"samples":[0,0,0,0,0,0,0,0,0,0,0,0,0,0,0,0,0,0,0,0,0,0,0,0,0]}
47.738	{"type":"imu","dev":"node-01","seq":1797,"t0":186250,"fs":100,"samples":[[-0.015,0.872,0.590,7.98,-0.43,-1.08,0.03,61.40],[-0.015,0.867,0.589,7.62,-1.41,-0.72,0.04,61.36],[-0.008,0.867,0.580,9.02,-1.10,-0.90,0.03,61.35],[-0.014,0.858,0.582,13.65,-3.78,-0.11,0.01,61.37],[-0.020,0.862,0.584,18.84,-4.09,0.08,-0.01,61.45],[-0.016,0.866,0.582,19.08,-2.75,0.69,-0.02,61.53],[-0.013,0.863,0.580,16.95,-3.23,1.24,-0.03,61.58],[-0.015,0.855,0.583,12.74,-2.56,1.30,-0.04,61.59],[-0.010,0.861,0.584,14.51,-2.99,-0.17,-0.06,61.62],[-0.008,0.857,0.601,18.04,-5.31,0.08,-0.10,61.66]]}
47.796	{"type":"ecg","dev":"node-01","seq":1847,"t0":186308,"fs":250,"leads_off":false,"bpm":null,"samples":[0,0,0,0,0,0,0,0,0,0,0,0,0,0,0,0,0,0,0,0,0,0,0,0,0]}
47.838	{"type":"imu","dev":"node-01","seq":1798,"t0":186350,"fs":100,"samples":[[-0.008,0.857,0.578,20.24,-7.26,0.69,-0.16,61.75],[-0.010,0.860,0.580,19.63,-5.92,0.56,-0.21,61.82],[-0.020,0.871,0.563,15.36,-3.11,2.39,-0.21,61.88],[-0.017,0.864,0.548,10.30,0.30,2.45,-0.18,61.90],[-0.006,0.846,0.606,13.53,-0.00,2.58,-0.17,61.88],[0.009,0.850,0.591,18.96,-1.77,0.81,-0.20,61.93],[0.007,0.854,0.570,20.91,-5.00,0.08,-0.25,62.02],[-0.004,0.871,0.536,22.07,-6.41,1.85,-0.30,62.17],[-0.017,0.874,0.552,19.32,-4.15,2.52,-0.32,62.27],[-0.022,0.873,0.569,21.03,-1.10,2.27,-0.30,62.37]]}
47.896	{"type":"ecg","dev":"node-01","seq":1848,"t0":186408,"fs":250,"leads_off":false,"bpm":null,"samples":[0,0,0,0,0,0,0,0,0,0,0,0,0,0,0,0,0,0,0,0,0,0,0,0,0]}
47.901	{"type":"status","dev":"node-01","fw":"0.1.0","uptime_ms":186509,"ecg":{"fs":250},"imu":{"ok":true,"fs":100,"errors":503,"fields":["ax","ay","az","gx","gy","gz","pitch","roll"]}}
47.938	{"type":"imu","dev":"node-01","seq":1799,"t0":186450,"fs":100,"samples":[[-0.014,0.866,0.581,22.49,1.46,0.63,-0.26,62.46],[0.000,0.862,0.585,25.42,1.16,0.69,-0.25,62.58],[0.003,0.859,0.573,29.45,-0.73,1.54,-0.25,62.74],[-0.007,0.888,0.565,29.02,-2.50,0.99,-0.27,62.92],[0.001,0.861,0.574,27.49,-2.50,1.36,-0.29,63.06],[-0.012,0.883,0.568,24.08,-2.81,4.95,-0.29,63.18],[-0.013,0.872,0.558,18.41,-1.16,3.55,-0.29,63.24],[-0.008,0.878,0.551,18.84,-2.02,4.35,-0.29,63.32],[-0.012,0.875,0.555,17.92,-2.14,3.25,-0.29,63.38],[-0.005,0.889,0.562,18.47,-1.65,0.32,-0.30,63.45]]}
47.996	{"type":"ecg","dev":"node-01","seq":1849,"t0":186508,"fs":250,"leads_off":false,"bpm":null,"samples":[0,0,0,0,0,0,0,0,0,0,0,0,0,0,0,0,0,0,0,0,0,0,0,0,0]}
48.038	{"type":"imu","dev":"node-01","seq":1800,"t0":186550,"fs":100,"samples":[[-0.002,0.879,0.562,17.19,-1.65,1.72,-0.31,63.50],[-0.009,0.873,0.562,16.09,-2.32,0.50,-0.31,63.53],[-0.013,0.872,0.566,15.85,-2.63,1.11,-0.32,63.55],[-0.008,0.876,0.546,21.95,-2.44,0.93,-0.33,63.66],[-0.017,0.886,0.546,23.65,-3.05,0.44,-0.33,63.78],[-0.010,0.876,0.559,25.42,-1.77,0.75,-0.33,63.91],[-0.016,0.886,0.543,27.68,-2.99,1.36,-0.34,64.07],[-0.022,0.883,0.558,27.62,-3.11,1.42,-0.34,64.21],[-0.028,0.887,0.532,24.02,-3.11,1.17,-0.33,64.34],[-0.021,0.875,0.538,12.19,-0.98,-1.26,-0.31,64.35]]}
48.096	{"type":"ecg","dev":"node-01","seq":1850,"t0":186608,"fs":250,"leads_off":false,"bpm":null,"samples":[0,0,0,0,0,0,0,0,0,0,0,0,0,0,0,0,0,0,0,0,0,0,0,0,0]}
48.138	{"type":"imu","dev":"node-01","seq":1801,"t0":186650,"fs":100,"samples":[[-0.021,0.877,0.523,11.70,-1.71,-1.51,-0.30,64.36],[-0.014,0.876,0.544,14.45,-0.06,0.02,-0.28,64.38],[-0.026,0.885,0.531,23.47,-3.42,-1.63,-0.27,64.50],[-0.022,0.884,0.534,23.41,-3.72,-1.69,-0.28,64.61],[-0.027,0.895,0.540,17.01,-2.32,-0.53,-0.27,64.67],[-0.031,0.886,0.532,9.99,-2.14,-2.00,-0.25,64.65],[-0.027,0.890,0.537,9.26,-2.99,-1.26,-0.24,64.63],[-0.031,0.880,0.535,10.06,-2.63,-1.08,-0.23,64.61],[-0.027,0.882,0.534,16.15,-2.32,-1.51,-0.22,64.65],[-0.024,0.894,0.544,15.85,-2.56,-1.39,-0.21,64.69]]}
48.196	{"type":"ecg","dev":"node-01","seq":1851,"t0":186708,"fs":250,"leads_off":false,"bpm":null,"samples":[0,0,0,0,0,0,0,0,0,0,0,0,0,0,0,0,0,0,0,0,0,0,0,0,0]}
48.238	{"type":"imu","dev":"node-01","seq":1802,"t0":186750,"fs":100,"samples":[[-0.021,0.885,0.532,20.67,-0.98,-1.63,-0.20,64.77],[-0.023,0.885,0.542,22.37,-1.10,-2.00,-0.18,64.87],[-0.008,0.884,0.525,24.81,-2.38,-2.12,-0.19,65.00],[-0.012,0.887,0.528,25.67,-3.30,-1.45,-0.20,65.14],[-0.013,0.896,0.520,23.65,-2.63,-1.75,-0.21,65.26],[-0.017,0.880,0.530,32.01,-3.72,-0.35,-0.22,65.45],[-0.023,0.893,0.515,30.97,-1.95,-0.17,-0.21,65.64],[-0.019,0.897,0.528,17.31,-1.47,-1.08,-0.20,65.69],[-0.018,0.899,0.517,34.32,-1.04,1.66,-0.19,65.92],[-0.021,0.917,0.509,23.71,-0.67,0.44,-0.17,66.05]]}
48.299	{"type":"ecg","dev":"node-01","seq":1852,"t0":186808,"fs":250,"leads_off":false,"bpm":null,"samples":[0,0,0,0,0,0,0,0,0,0,0,0,0,0,0,0,0,0,0,0,0,0,0,0,0]}
48.338	{"type":"imu","dev":"node-01","seq":1803,"t0":186850,"fs":100,"samples":[[-0.011,0.890,0.511,13.84,-0.67,-0.47,-0.16,66.07],[-0.029,0.921,0.498,21.28,-0.80,0.44,-0.13,66.19],[-0.019,0.901,0.521,19.32,-2.81,-0.65,-0.13,66.25],[-0.006,0.899,0.510,19.87,-0.06,-0.35,-0.12,66.33],[-0.014,0.901,0.510,20.54,-1.77,-0.96,-0.12,66.41],[-0.013,0.897,0.518,23.90,-1.22,-0.59,-0.12,66.52],[-0.000,0.903,0.502,25.54,-2.69,-0.17,-0.14,66.66],[-0.018,0.911,0.501,20.12,-2.69,0.26,-0.15,66.75],[-0.026,0.915,0.491,17.37,-2.81,0.93,-0.14,66.82],[-0.023,0.911,0.488,10.85,1.70,3.19,-0.10,66.82]]}
48.396	{"type":"ecg","dev":"node-01","seq":1853,"t0":186908,"fs":250,"leads_off":false,"bpm":null,"samples":[0,0,0,0,0,0,0,0,0,0,0,0,0,0,0,0,0,0,0,0,0,0,0,0,0]}
48.438	{"type":"imu","dev":"node-01","seq":1804,"t0":186950,"fs":100,"samples":[[-0.012,0.891,0.543,13.65,2.50,1.42,-0.06,66.79],[-0.002,0.901,0.501,23.35,-0.00,1.85,-0.05,66.90],[0.007,0.904,0.501,19.57,-0.98,0.69,-0.07,66.98],[-0.005,0.906,0.489,17.43,-2.14,2.76,-0.08,67.04],[-0.031,0.916,0.493,14.14,-0.61,2.94,-0.05,67.07],[-0.039,0.909,0.508,16.70,1.46,3.13,0.00,67.11],[-0.024,0.902,0.508,18.17,3.78,3.31,0.07,67.16],[-0.009,0.893,0.509,20.36,3.66,0.75,0.11,67.22],[-0.007,0.902,0.500,18.96,3.66,1.36,0.15,67.28],[-0.007,0.913,0.492,14.39,1.64,2.09,0.17,67.31]]}
48.496	{"type":"ecg","dev":"node-01","seq":1854,"t0":187008,"fs":250,"leads_off":false,"bpm":null,"samples":[0,0,0,0,0,0,0,0,0,0,0,0,0,0,0,0,0,0,0,0,0,0,0,0,0]}
48.538	{"type":"imu","dev":"node-01","seq":1805,"t0":187050,"fs":100,"samples":[[-0.013,0.914,0.498,10.67,2.56,3.74,0.21,67.30],[-0.023,0.902,0.494,16.82,1.77,3.92,0.25,67.34],[-0.018,0.916,0.489,22.56,2.19,4.04,0.28,67.46],[-0.017,0.915,0.485,20.06,2.37,4.65,0.32,67.54],[-0.016,0.908,0.484,20.54,1.77,2.45,0.35,67.63],[-0.011,0.921,0.483,18.96,2.98,3.13,0.38,67.71],[-0.004,0.912,0.489,10.42,3.29,1.85,0.41,67.70],[-0.014,0.903,0.500,6.46,3.35,1.48,0.45,67.63],[-0.005,0.906,0.490,8.84,3.59,2.09,0.48,67.59],[-0.015,0.913,0.482,17.13,1.16,0.75,0.50,67.65]]}
48.597	{"type":"ecg","dev":"node-01","seq":1855,"t0":187108,"fs":250,"leads_off":false,"bpm":null,"samples":[0,0,0,0,0,0,0,0,0,0,0,0,0,0,0,0,0,0,0,0,0,0,0,0,0]}
48.638	{"type":"imu","dev":"node-01","seq":1806,"t0":187150,"fs":100,"samples":[[-0.016,0.918,0.491,21.03,2.19,3.49,0.53,67.74],[-0.018,0.916,0.497,20.60,1.70,3.37,0.56,67.82],[-0.004,0.921,0.480,18.96,3.47,4.04,0.59,67.90],[-0.015,0.920,0.486,14.32,2.13,5.38,0.61,67.92],[-0.019,0.916,0.485,12.62,2.62,3.80,0.65,67.93],[-0.016,0.910,0.487,13.04,1.40,2.88,0.66,67.94],[-0.013,0.912,0.479,11.34,4.02,3.37,0.70,67.94],[-0.013,0.906,0.479,10.06,4.87,2.58,0.75,67.92],[-0.010,0.907,0.485,10.30,2.80,3.55,0.78,67.90],[-0.002,0.910,0.484,10.85,2.80,3.43,0.79,67.89]]}
48.697	{"type":"ecg","dev":"node-01","seq":1856,"t0":187208,"fs":250,"leads_off":false,"bpm":null,"samples":[0,0,0,0,0,0,0,0,0,0,0,0,0,0,0,0,0,0,0,0,0,0,0,0,0]}
48.738	{"type":"imu","dev":"node-01","seq":1807,"t0":187250,"fs":100,"samples":[[-0.006,0.916,0.484,10.42,2.07,3.13,0.80,67.87],[-0.003,0.908,0.484,13.10,0.97,2.45,0.80,67.88],[-0.010,0.909,0.492,17.07,0.61,4.16,0.80,67.93],[-0.010,0.905,0.488,18.78,1.70,3.06,0.81,67.98],[-0.006,0.914,0.489,19.08,2.37,4.83,0.82,68.05],[-0.006,0.912,0.486,16.40,2.92,4.47,0.84,68.09],[-0.003,0.918,0.480,11.21,3.11,2.76,0.86,68.08],[-0.006,0.912,0.481,10.24,1.95,2.70,0.87,68.07],[-0.006,0.910,0.480,7.07,3.23,3.92,0.89,68.02],[-0.001,0.911,0.476,6.34,2.62,3.86,0.90,67.97]]}
48.796	{"type":"ecg","dev":"node-01","seq":1857,"t0":187308,"fs":250,"leads_off":false,"bpm":null,"samples":[0,0,0,0,0,0,0,0,0,0,0,0,0,0,0,0,0,0,0,0,0,0,0,0,0]}
48.838	{"type":"imu","dev":"node-01","seq":1808,"t0":187350,"fs":100,"samples":[[-0.006,0.908,0.478,6.28,2.13,3.61,0.91,67.92],[-0.005,0.902,0.483,8.78,2.56,4.04,0.92,67.88],[-0.003,0.908,0.479,13.53,1.46,3.13,0.92,67.90],[-0.003,0.911,0.486,16.09,2.50,2.88,0.93,67.94],[-0.004,0.915,0.482,19.32,0.85,2.76,0.92,68.01],[-0.005,0.912,0.477,20.24,2.50,3.37,0.94,68.10],[-0.002,0.911,0.482,19.32,0.61,3.43,0.93,68.17],[0.001,0.913,0.475,16.82,1.64,3.92,0.92,68.22],[0.002,0.915,0.468,14.14,2.07,4.53,0.92,68.25],[0.003,0.913,0.475,13.47,1.83,4.22,0.92,68.27]]}
48.896	{"type":"ecg","dev":"node-01","seq":1858,"t0":187408,"fs":250,"leads_off":false,"bpm":null,"samples":[0,0,0,0,0,0,0,0,0,0,0,0,0,0,0,0,0,0,0,0,0,0,0,0,0]}
48.938	{"type":"imu","dev":"node-01","seq":1809,"t0":187450,"fs":100,"samples":[[-0.000,0.910,0.478,11.03,2.50,3.80,0.92,68.26],[-0.001,0.909,0.482,9.87,0.24,2.88,0.91,68.23],[0.006,0.909,0.486,10.24,-0.00,2.94,0.88,68.20],[0.017,0.929,0.495,11.95,0.36,1.36,0.85,68.20],[-0.005,0.909,0.478,12.37,-3.78,1.30,0.80,68.20],[-0.019,0.913,0.474,9.99,0.55,4.22,0.81,68.18],[-0.016,0.911,0.468,7.68,-0.06,3.80,0.82,68.15],[0.004,0.911,0.486,7.13,3.90,4.65,0.83,68.10],[0.001,0.906,0.483,14.26,1.95,2.33,0.83,68.11],[0.017,0.911,0.471,14.26,0.73,1.85,0.81,68.14]]}
48.996	{"type":"ecg","dev":"node-01","seq":1859,"t0":187508,"fs":250,"leads_off":false,"bpm":null,"samples":[0,0,0,0,0,0,0,0,0,0,0,0,0,0,0,0,0,0,0,0,0,0,0,0,0]}
49.038	{"type":"imu","dev":"node-01","seq":1810,"t0":187550,"fs":100,"samples":[[0.009,0.910,0.462,10.06,-1.34,1.54,0.77,68.14],[-0.008,0.912,0.469,6.28,0.55,4.04,0.76,68.10],[-0.020,0.907,0.479,6.40,1.16,2.76,0.78,68.04],[-0.007,0.911,0.482,10.67,5.06,1.72,0.82,68.03],[0.007,0.910,0.502,13.90,3.66,1.54,0.84,68.02],[0.010,0.913,0.492,14.69,4.02,2.45,0.85,68.04],[0.010,0.916,0.493,13.65,2.25,1.11,0.84,68.05],[0.002,0.916,0.482,13.17,0.18,1.72,0.82,68.06],[0.000,0.913,0.477,13.71,-0.06,2.76,0.81,68.08],[0.002,0.919,0.481,12.19,0.85,3.86,0.80,68.09]]}
49.096	{"type":"ecg","dev":"node-01","seq":1860,"t0":187608,"fs":250,"leads_off":false,"bpm":null,"samples":[0,0,0,0,0,0,0,0,0,0,0,0,0,0,0,0,0,0,0,0,0,0,0,0,0]}
49.138	{"type":"imu","dev":"node-01","seq":1811,"t0":187650,"fs":100,"samples":[[0.005,0.914,0.479,9.93,1.64,3.43,0.79,68.07],[0.002,0.912,0.477,10.18,1.28,3.13,0.79,68.06],[0.010,0.910,0.480,10.36,-0.06,2.39,0.76,68.04],[0.007,0.910,0.482,11.64,-0.00,2.39,0.74,68.03],[0.008,0.907,0.489,11.89,0.24,1.17,0.71,68.02],[0.002,0.909,0.490,10.24,0.12,2.21,0.70,68.00],[0.000,0.907,0.487,4.02,-0.00,-0.35,0.69,67.91],[-0.008,0.911,0.472,0.06,-0.06,-1.14,0.68,67.81],[0.001,0.923,0.503,6.64,-2.26,-0.78,0.64,67.74],[0.000,0.913,0.486,10.91,-2.87,-0.65,0.60,67.74]]}
49.196	{"type":"ecg","dev":"node-01","seq":1861,"t0":187708,"fs":250,"leads_off":false,"bpm":null,"samples":[0,0,0,0,0,0,0,0,0,0,0,0,0,0,0,0,0,0,0,0,0,0,0,0,0]}
49.238	{"type":"imu","dev":"node-01","seq":1812,"t0":187750,"fs":100,"samples":[[0.000,0.908,0.492,11.21,-1.53,0.20,0.57,67.72],[0.004,0.918,0.486,9.75,-0.67,1.97,0.55,67.70],[0.005,0.901,0.495,4.32,2.92,0.81,0.56,67.62],[0.009,0.909,0.482,10.12,3.17,1.72,0.57,67.61],[0.001,0.906,0.485,9.99,1.89,1.30,0.58,67.59],[0.004,0.903,0.484,8.17,1.09,0.93,0.57,67.55],[0.003,0.906,0.494,4.63,-0.13,-0.29,0.56,67.47],[0.007,0.905,0.489,4.39,1.40,-1.02,0.55,67.40],[0.003,0.906,0.489,1.95,-0.67,-0.53,0.53,67.30],[-0.000,0.900,0.492,4.26,-1.47,-0.17,0.51,67.23]]}
49.296	{"type":"ecg","dev":"node-01","seq":1862,"t0":187808,"fs":250,"leads_off":false,"bpm":null,"samples":[0,0,0,0,0,0,0,0,0,0,0,0,0,0,0,0,0,0,0,0,0,0,0,0,0]}
49.338	{"type":"imu","dev":"node-01","seq":1813,"t0":187850,"fs":100,"samples":[[0.004,0.911,0.502,3.47,-1.95,0.63,0.47,67.14],[0.008,0.904,0.492,3.23,-1.65,-1.02,0.44,67.06],[0.002,0.908,0.500,4.75,-1.77,-0.05,0.41,66.99],[-0.001,0.901,0.502,4.69,-2.14,0.38,0.38,66.91],[0.001,0.896,0.495,5.54,-0.55,-0.29,0.37,66.85],[0.010,0.905,0.497,6.21,-2.02,0.20,0.33,66.80],[0.011,0.905,0.503,6.82,-0.67,-2.55,0.31,66.74],[0.008,0.904,0.509,4.81,-1.22,-1.08,0.28,66.67],[0.002,0.906,0.510,1.52,-1.71,-0.90,0.25,66.56],[0.004,0.908,0.511,-0.43,-2.75,-0.59,0.22,66.44]]}
49.397	{"type":"ecg","dev":"node-01","seq":1863,"t0":187908,"fs":250,"leads_off":false,"bpm":null,"samples":[0,0,0,0,0,0,0,0,0,0,0,0,0,0,0,0,0,0,0,0,0,0,0,0,0]}
49.438	{"type":"imu","dev":"node-01","seq":1814,"t0":187950,"fs":100,"samples":[[0.005,0.899,0.509,-0.43,-1.34,-0.11,0.19,66.32],[-0.003,0.897,0.517,-1.35,-1.95,-1.14,0.18,66.18],[-0.004,0.902,0.512,-2.75,-2.14,-1.26,0.15,66.04],[0.002,0.897,0.518,-2.99,-2.02,-1.14,0.13,65.89],[0.000,0.891,0.514,-1.53,-1.89,-1.81,0.11,65.75],[-0.005,0.899,0.508,1.95,-1.83,-0.47,0.09,65.67],[0.004,0.896,0.517,2.43,-1.47,-0.11,0.07,65.58],[0.004,0.889,0.521,2.07,-2.08,0.02,0.05,65.48],[0.003,0.897,0.530,-1.04,-2.08,-1.26,0.02,65.35],[-0.001,0.884,0.530,-1.90,-2.14,-2.18,0.00,65.20]]}
49.497	{"type":"ecg","dev":"node-01","seq":1864,"t0":188008,"fs":250,"leads_off":false,"bpm":null,"samples":[0,0,0,0,0,0,0,0,0,0,0,0,0,0,0,0,0,0,0,0,0,0,0,0,0]}
49.538	{"type":"imu","dev":"node-01","seq":1815,"t0":188050,"fs":100,"samples":[[-0.000,0.892,0.532,-1.59,-2.50,-1.75,-0.02,65.07],[0.008,0.883,0.547,-1.83,-3.23,-0.53,-0.06,64.91],[0.005,0.892,0.527,-3.85,-3.30,-0.84,-0.10,64.77],[-0.010,0.890,0.538,-4.46,-4.09,-1.63,-0.13,64.60],[-0.016,0.886,0.524,-6.90,-0.92,0.93,-0.12,64.43],[0.022,0.922,0.522,-3.42,1.46,-0.65,-0.12,64.32],[0.022,0.805,0.561,13.96,-0.37,0.69,-0.15,64.27],[-0.019,0.866,0.565,-2.08,-5.73,-3.22,-0.18,64.11],[0.036,0.883,0.517,11.82,-2.93,-2.91,-0.25,64.13],[0.005,0.907,0.508,8.65,-5.73,-0.90,-0.30,64.15]]}
49.596	{"type":"ecg","dev":"node-01","seq":1865,"t0":188108,"fs":250,"leads_off":false,"bpm":null,"samples":[0,0,0,0,0,0,0,0,0,0,0,0,0,0,0,0,0,0,0,0,0,0,0,0,0]}
49.638	{"type":"imu","dev":"node-01","seq":1816,"t0":188150,"fs":100,"samples":[[-0.010,0.869,0.576,-1.47,-1.10,-1.02,-0.30,63.98],[-0.026,0.877,0.579,-5.92,2.80,0.69,-0.24,63.77],[0.003,0.869,0.582,-1.47,5.97,1.54,-0.18,63.61],[-0.000,0.865,0.575,5.36,2.25,-1.08,-0.15,63.52],[0.006,0.874,0.559,9.57,0.30,-1.14,-0.15,63.49],[0.007,0.870,0.564,10.79,-1.28,-1.20,-0.17,63.46],[-0.007,0.881,0.563,11.64,-0.55,-0.90,-0.16,63.46],[-0.008,0.874,0.556,6.76,-1.10,0.87,-0.16,63.40],[-0.015,0.873,0.556,6.52,0.24,1.72,-0.14,63.35],[-0.011,0.869,0.557,4.87,-0.00,0.99,-0.12,63.28]]}
49.697	{"type":"ecg","dev":"node-01","seq":1866,"t0":188208,"fs":250,"leads_off":false,"bpm":null,"samples":[0,0,0,0,0,0,0,0,0,0,0,0,0,0,0,0,0,0,0,0,0,0,0,0,0]}
49.738	{"type":"imu","dev":"node-01","seq":1817,"t0":188250,"fs":100,"samples":[[-0.007,0.863,0.561,3.90,-0.98,-0.29,-0.12,63.19],[-0.001,0.859,0.558,9.87,-0.98,0.08,-0.13,63.16],[-0.003,0.870,0.571,6.15,-0.80,-0.96,-0.13,63.09],[-0.006,0.858,0.567,2.49,-0.86,-0.41,-0.13,62.99],[-0.016,0.871,0.573,8.78,-0.92,0.02,-0.12,62.95],[-0.015,0.864,0.573,3.59,0.12,-1.33,-0.10,62.85],[-0.008,0.875,0.576,7.74,-1.28,-0.23,-0.10,62.80],[-0.004,0.866,0.564,11.03,-1.34,0.08,-0.11,62.79],[-0.012,0.875,0.570,10.30,-2.44,-0.78,-0.12,62.78],[-0.016,0.874,0.568,10.91,-1.16,0.81,-0.11,62.77]]}
49.796	{"type":"ecg","dev":"node-01","seq":1867,"t0":188308,"fs":250,"leads_off":false,"bpm":null,"samples":[0,0,0,0,0,0,0,0,0,0,0,0,0,0,0,0,0,0,0,0,0,0,0,0,0]}
49.838	{"type":"imu","dev":"node-01","seq":1818,"t0":188350,"fs":100,"samples":[[-0.006,0.873,0.569,10.79,-0.43,-0.90,-0.10,62.76],[-0.004,0.874,0.556,11.82,-0.55,-0.47,-0.10,62.77],[-0.009,0.864,0.568,9.87,-2.26,-1.26,-0.11,62.74],[-0.003,0.862,0.569,7.98,-0.37,-0.11,-0.11,62.70],[-0.009,0.861,0.578,7.49,-1.77,-0.35,-0.12,62.64],[-0.003,0.869,0.570,10.42,-1.16,-1.63,-0.12,62.62],[-0.011,0.872,0.573,13.35,-4.15,-1.87,-0.15,62.63],[-0.008,0.871,0.577,13.71,-3.60,-0.53,-0.17,62.65],[-0.014,0.875,0.575,12.49,-2.75,-0.11,-0.18,62.65],[-0.009,0.874,0.572,13.41,-2.75,-1.02,-0.19,62.66]]}
49.896	{"type":"ecg","dev":"node-01","seq":1868,"t0":188408,"fs":250,"leads_off":false,"bpm":null,"samples":[0,0,0,0,0,0,0,0,0,0,0,0,0,0,0,0,0,0,0,0,0,0,0,0,0]}
49.938	{"type":"imu","dev":"node-01","seq":1819,"t0":188450,"fs":100,"samples":[[-0.011,0.872,0.574,10.18,-3.36,0.50,-0.21,62.64],[-0.003,0.869,0.579,10.24,-2.63,-0.41,-0.23,62.62],[-0.002,0.872,0.574,11.70,-3.17,-0.84,-0.25,62.61],[-0.005,0.869,0.576,15.54,-2.87,-1.45,-0.27,62.64],[-0.007,0.875,0.575,15.73,-2.08,-0.65,-0.28,62.67],[-0.007,0.876,0.577,16.76,-3.72,-0.90,-0.30,62.72],[-0.001,0.873,0.570,15.91,-2.81,-1.08,-0.32,62.76],[-0.003,0.876,0.574,14.93,-3.54,-0.35,-0.35,62.78],[-0.010,0.867,0.572,14.45,-2.08,-1.57,-0.35,62.80],[-0.009,0.870,0.575,12.07,-1.83,-0.53,-0.35,62.79]]}
49.996	{"type":"ecg","dev":"node-01","seq":1869,"t0":188508,"fs":250,"leads_off":false,"bpm":null,"samples":[0,0,0,0,0,0,0,0,0,0,0,0,0,0,0,0,0,0,0,0,0,0,0,0,0]}
50.038	{"type":"imu","dev":"node-01","seq":1820,"t0":188550,"fs":100,"samples":[[-0.007,0.870,0.573,13.10,-2.87,0.81,-0.36,62.80],[-0.006,0.874,0.569,10.91,-2.20,0.08,-0.37,62.79],[-0.013,0.867,0.569,12.86,-2.69,-0.35,-0.38,62.79],[-0.017,0.873,0.564,15.85,-3.54,-0.11,-0.38,62.83],[-0.009,0.870,0.563,16.52,-4.52,-0.11,-0.41,62.88],[-0.019,0.867,0.566,15.97,-3.30,-0.35,-0.41,62.92],[-0.016,0.877,0.561,14.75,-4.52,0.20,-0.43,62.95],[-0.026,0.868,0.574,10.24,-4.39,-0.65,-0.44,62.92],[-0.019,0.867,0.573,14.14,-4.94,0.63,-0.46,62.93],[-0.009,0.876,0.546,17.01,-4.76,-0.96,-0.48,63.00]]}
50.096	{"type":"ecg","dev":"node-01","seq":1870,"t0":188608,"fs":250,"leads_off":false,"bpm":null,"samples":[0,0,0,0,0,0,0,0,0,0,0,0,0,0,0,0,0,0,0,0,0,0,0,0,0]}
50.138	{"type":"imu","dev":"node-01","seq":1821,"t0":188650,"fs":100,"samples":[[-0.019,0.873,0.557,15.85,-5.86,-0.78,-0.51,63.05],[-0.034,0.877,0.554,18.41,-4.33,-0.59,-0.51,63.12],[-0.024,0.874,0.529,17.07,-3.66,-1.14,-0.50,63.20],[-0.017,0.868,0.539,16.34,-2.38,-1.51,-0.50,63.26],[-0.014,0.870,0.572,20.54,-2.14,-1.45,-0.49,63.33],[-0.010,0.871,0.546,19.02,-5.00,-2.85,-0.52,63.41],[-0.007,0.868,0.541,16.82,-5.86,-2.91,-0.56,63.47],[-0.021,0.876,0.548,14.81,-5.73,-2.61,-0.58,63.50],[-0.033,0.884,0.569,17.19,-2.08,-1.69,-0.56,63.55],[-0.031,0.883,0.568,15.54,-1.10,-0.96,-0.52,63.57]]}
50.196	{"type":"ecg","dev":"node-01","seq":1871,"t0":188708,"fs":250,"leads_off":false,"bpm":null,"samples":[0,0,0,0,0,0,0,0,0,0,0,0,0,0,0,0,0,0,0,0,0,0,0,0,0]}
50.238	{"type":"imu","dev":"node-01","seq":1822,"t0":188750,"fs":100,"samples":[[-0.019,0.877,0.564,14.08,0.61,-2.36,-0.48,63.58],[-0.008,0.866,0.557,10.85,-0.80,-3.40,-0.47,63.56],[-0.010,0.869,0.557,10.97,-3.17,-2.48,-0.48,63.55],[-0.008,0.883,0.553,14.81,-3.60,-2.73,-0.50,63.58],[-0.017,0.885,0.549,17.49,-5.19,-2.00,-0.52,63.64],[-0.014,0.880,0.553,18.35,-5.67,-0.41,-0.55,63.71],[-0.015,0.875,0.547,17.25,-5.31,-0.35,-0.58,63.76],[-0.006,0.869,0.554,17.13,-5.55,-0.72,-0.61,63.80],[-0.001,0.869,0.549,19.45,-5.80,-1.57,-0.66,63.87],[-0.000,0.871,0.555,19.20,-5.92,-1.63,-0.70,63.93]]}
50.296	{"type":"ecg","dev":"node-01","seq":1872,"t0":188808,"fs":250,"leads_off":false,"bpm":null,"samples":[0,0,0,0,0,0,0,0,0,0,0,0,0,0,0,0,0,0,0,0,0,0,0,0,0]}
50.338	{"type":"imu","dev":"node-01","seq":1823,"t0":188850,"fs":100,"samples":[[-0.002,0.872,0.554,22.43,-6.41,-1.75,-0.75,64.03],[-0.011,0.877,0.544,21.34,-6.41,-2.12,-0.78,64.12],[-0.013,0.881,0.545,23.23,-5.67,-1.33,-0.81,64.23],[-0.012,0.890,0.550,22.98,-5.25,0.26,-0.83,64.33],[-0.005,0.882,0.544,21.58,-5.92,-0.41,-0.87,64.43],[-0.001,0.885,0.522,21.15,-6.95,-1.02,-0.92,64.53],[-0.010,0.887,0.526,19.63,-6.59,0.08,-0.95,64.62],[-0.010,0.881,0.538,21.58,-6.41,-0.65,-0.99,64.71],[-0.009,0.887,0.545,20.97,-4.76,-0.90,-1.00,64.79],[-0.006,0.874,0.522,17.25,-5.13,-1.14,-1.03,64.85]]}
50.396	{"type":"ecg","dev":"node-01","seq":1873,"t0":188908,"fs":250,"leads_off":false,"bpm":null,"samples":[0,0,0,0,0,0,0,0,0,0,0,0,0,0,0,0,0,0,0,0,0,0,0,0,0]}
50.438	{"type":"imu","dev":"node-01","seq":1824,"t0":188950,"fs":100,"samples":[[-0.011,0.878,0.531,14.99,-5.67,-0.84,-1.05,64.88],[-0.005,0.887,0.535,18.10,-4.64,-0.29,-1.07,64.93],[-0.007,0.893,0.530,19.51,-5.25,-1.45,-1.09,65.01],[-0.008,0.888,0.537,20.79,-6.95,-1.94,-1.13,65.09],[-0.017,0.896,0.535,22.13,-5.25,-0.78,-1.14,65.19],[-0.013,0.898,0.535,19.69,-6.47,-0.11,-1.16,65.26],[-0.015,0.915,0.526,16.76,-6.28,-0.11,-1.19,65.33],[-0.005,0.908,0.522,10.91,-5.06,-0.35,-1.21,65.33],[-0.002,0.908,0.521,10.36,-5.80,-0.35,-1.24,65.33],[-0.006,0.903,0.521,11.95,-5.06,0.26,-1.26,65.34]]}
50.496	{"type":"ecg","dev":"node-01","seq":1874,"t0":189008,"fs":250,"leads_off":false,"bpm":null,"samples":[0,0,0,0,0,0,0,0,0,0,0,0,0,0,0,0,0,0,0,0,0,0,0,0,0]}
50.538	{"type":"imu","dev":"node-01","seq":1825,"t0":189050,"fs":100,"samples":[[-0.004,0.894,0.517,9.14,-4.33,-0.47,-1.27,65.32],[-0.007,0.896,0.519,10.06,-4.09,-0.23,-1.28,65.31],[-0.002,0.896,0.519,8.35,-4.64,-0.65,-1.29,65.28],[-0.007,0.890,0.523,5.67,-5.80,-0.96,-1.32,65.22],[-0.005,0.888,0.514,6.09,-4.03,-1.33,-1.32,65.18],[-0.008,0.899,0.516,8.29,-5.49,-1.45,-1.34,65.16],[-0.010,0.891,0.518,3.23,-5.73,-0.23,-1.36,65.08],[-0.013,0.884,0.519,4.99,-5.80,-1.81,-1.38,65.02],[-0.013,0.883,0.527,6.95,-7.44,0.08,-1.41,64.97],[-0.012,0.882,0.517,5.24,-6.95,-0.72,-1.43,64.92]]}
50.596	{"type":"ecg","dev":"node-01","seq":1875,"t0":189108,"fs":250,"leads_off":false,"bpm":null,"samples":[0,0,0,0,0,0,0,0,0,0,0,0,0,0,0,0,0,0,0,0,0,0,0,0,0]}
50.638	{"type":"imu","dev":"node-01","seq":1826,"t0":189150,"fs":100,"samples":[[-0.014,0.880,0.514,7.13,-7.14,-0.41,-1.46,64.88],[-0.017,0.880,0.511,5.12,-6.22,-0.84,-1.47,64.83],[-0.012,0.871,0.518,4.02,-7.63,-2.30,-1.50,64.76],[-0.009,0.859,0.523,4.26,-7.63,-0.84,-1.54,64.68],[-0.014,0.858,0.529,5.12,-7.56,-2.18,-1.57,64.61],[-0.009,0.859,0.553,8.41,-7.26,-2.79,-1.60,64.54],[0.000,0.868,0.555,13.17,-8.11,-3.83,-1.64,64.53],[-0.007,0.877,0.555,15.73,-8.11,-2.73,-1.68,64.54],[-0.026,0.890,0.558,18.35,-7.69,-2.79,-1.70,64.59],[-0.020,0.896,0.546,14.63,-4.58,-1.45,-1.68,64.61]]}
50.696	{"type":"ecg","dev":"node-01","seq":1876,"t0":189208,"fs":250,"leads_off":false,"bpm":null,"samples":[0,0,0,0,0,0,0,0,0,0,0,0,0,0,0,0,0,0,0,0,0,0,0,0,0]}
50.738	{"type":"imu","dev":"node-01","seq":1827,"t0":189250,"fs":100,"samples":[[-0.012,0.892,0.550,11.70,-2.50,-1.51,-1.66,64.60],[0.004,0.898,0.585,15.48,-2.32,-3.58,-1.66,64.60],[0.012,0.895,0.543,19.87,-3.84,-3.09,-1.67,64.68],[0.017,0.896,0.543,18.96,-5.37,-2.97,-1.71,64.75],[0.002,0.906,0.508,18.41,-3.91,-1.57,-1.72,64.85],[-0.013,0.895,0.527,15.42,-1.95,-0.11,-1.69,64.89],[-0.013,0.893,0.538,13.78,0.55,-0.53,-1.63,64.91],[0.000,0.879,0.543,14.99,2.19,-1.69,-1.58,64.92],[0.006,0.875,0.539,14.57,1.89,-3.95,-1.54,64.94],[0.001,0.882,0.531,13.17,-0.80,-4.01,-1.52,64.94]]}
50.796	{"type":"ecg","dev":"node-01","seq":1877,"t0":189308,"fs":250,"leads_off":false,"bpm":null,"samples":[0,0,0,0,0,0,0,0,0,0,0,0,0,0,0,0,0,0,0,0,0,0,0,0,0]}
50.838	{"type":"imu","dev":"node-01","seq":1828,"t0":189350,"fs":100,"samples":[[0.009,0.890,0.531,11.64,-0.86,-4.68,-1.50,64.94],[-0.004,0.888,0.522,10.12,-0.98,-2.06,-1.48,64.94],[-0.010,0.891,0.507,9.57,-0.25,0.38,-1.44,64.94],[-0.007,0.884,0.509,7.19,-1.28,2.03,-1.42,64.91],[-0.010,0.886,0.521,9.26,-2.08,0.93,-1.40,64.89],[-0.009,0.878,0.522,13.78,-1.77,-0.23,-1.38,64.92],[-0.010,0.879,0.527,14.14,-2.69,-0.23,-1.36,64.94],[-0.012,0.886,0.534,14.51,-2.56,-1.26,-1.35,64.96],[-0.020,0.888,0.538,10.48,-2.26,-1.08,-1.32,64.94],[-0.019,0.896,0.533,9.99,-1.71,-1.33,-1.29,64.92]]}
50.896	{"type":"ecg","dev":"node-01","seq":1878,"t0":189408,"fs":250,"leads_off":false,"bpm":null,"samples":[0,0,0,0,0,0,0,0,0,0,0,0,0,0,0,0,0,0,0,0,0,0,0,0,0]}
50.938	{"type":"imu","dev":"node-01","seq":1829,"t0":189450,"fs":100,"samples":[[-0.028,0.895,0.537,9.20,-1.28,-0.78,-1.25,64.90],[-0.017,0.896,0.557,10.36,-1.77,-0.47,-1.22,64.86],[-0.014,0.899,0.546,10.97,-2.38,-2.61,-1.21,64.85],[-0.018,0.908,0.542,9.93,-2.38,0.26,-1.19,64.83],[-0.020,0.911,0.538,9.81,-2.14,0.32,-1.16,64.82],[-0.013,0.898,0.545,3.04,-1.16,-1.02,-1.13,64.73],[-0.011,0.898,0.539,4.26,-0.55,-2.30,-1.10,64.65],[-0.013,0.887,0.529,5.48,-1.16,-1.26,-1.08,64.60],[-0.017,0.884,0.531,3.84,-0.49,-2.91,-1.04,64.52],[-0.019,0.881,0.537,2.56,-0.67,-2.42,-1.01,64.43]]}
50.996	{"type":"ecg","dev":"node-01","seq":1879,"t0":189508,"fs":250,"leads_off":false,"bpm":null,"samples":[0,0,0,0,0,0,0,0,0,0,0,0,0,0,0,0,0,0,0,0,0,0,0,0,0]}
51.038	{"type":"imu","dev":"node-01","seq":1830,"t0":189550,"fs":100,"samples":[[-0.020,0.873,0.538,3.35,-1.83,-2.61,-0.98,64.34],[-0.018,0.881,0.538,4.02,-2.81,-3.15,-0.97,64.27],[-0.020,0.882,0.542,1.89,-2.38,-3.22,-0.95,64.17],[-0.014,0.880,0.539,2.25,-3.17,-2.79,-0.95,64.08],[-0.021,0.885,0.542,5.18,-4.70,-2.30,-0.95,64.02],[-0.014,0.886,0.548,5.48,-4.45,-3.09,-0.96,63.96],[-0.008,0.901,0.542,9.02,-3.72,-2.30,-0.97,63.94],[-0.016,0.912,0.557,25.06,-4.64,1.78,-0.98,64.08],[-0.051,0.867,0.568,9.32,-9.15,-5.11,-1.00,64.03],[0.011,0.858,0.512,28.47,-4.33,-1.57,-1.03,64.21]]}
51.096	{"type":"ecg","dev":"node-01","seq":1880,"t0":189608,"fs":250,"leads_off":false,"bpm":null,"samples":[0,0,0,0,0,0,0,0,0,0,0,0,0,0,0,0,0,0,0,0,0,0,0,0,0]}
51.138	{"type":"imu","dev":"node-01","seq":1831,"t0":189650,"fs":100,"samples":[[-0.032,0.892,0.556,18.23,-5.55,-1.57,-1.03,64.27],[-0.012,0.883,0.552,11.70,-3.48,-2.36,-1.03,64.25],[-0.018,0.897,0.543,8.90,-1.89,0.32,-1.01,64.23],[-0.023,0.876,0.552,1.09,-2.50,-1.08,-0.99,64.11],[-0.022,0.890,0.539,6.95,-3.17,-1.33,-0.97,64.08],[-0.021,0.883,0.548,10.18,-3.17,-0.23,-0.96,64.06],[-0.027,0.889,0.547,7.80,-3.17,-1.63,-0.95,64.02],[-0.021,0.880,0.545,5.30,-1.59,-0.90,-0.92,63.96],[-0.023,0.882,0.541,4.26,-0.31,-1.14,-0.88,63.89],[-0.020,0.874,0.545,2.31,1.46,0.02,-0.82,63.79]]}
51.196	{"type":"ecg","dev":"node-01","seq":1881,"t0":189708,"fs":250,"leads_off":false,"bpm":null,"samples":[0,0,0,0,0,0,0,0,0,0,0,0,0,0,0,0,0,0,0,0,0,0,0,0,0]}
51.238	{"type":"imu","dev":"node-01","seq":1832,"t0":189750,"fs":100,"samples":[[-0.018,0.873,0.552,4.08,-0.06,-1.02,-0.79,63.71],[-0.015,0.871,0.553,5.30,-0.73,-0.72,-0.76,63.64],[-0.019,0.877,0.555,8.53,-1.47,-0.23,-0.74,63.61],[-0.009,0.869,0.556,11.28,-3.05,-0.59,-0.74,63.59],[-0.014,0.879,0.549,10.48,-3.72,-0.59,-0.75,63.58],[-0.036,0.884,0.540,11.89,-1.95,1.05,-0.72,63.60],[-0.030,0.880,0.528,6.09,0.06,0.87,-0.67,63.57],[-0.016,0.879,0.535,4.02,2.92,1.78,-0.61,63.51],[-0.015,0.871,0.593,7.68,0.85,-0.17,-0.57,63.43],[-0.007,0.874,0.546,13.35,-1.71,-1.69,-0.57,63.45]]}
51.296	{"type":"ecg","dev":"node-01","seq":1882,"t0":189808,"fs":250,"leads_off":false,"bpm":null,"samples":[0,0,0,0,0,0,0,0,0,0,0,0,0,0,0,0,0,0,0,0,0,0,0,0,0]}
51.338	{"type":"imu","dev":"node-01","seq":1833,"t0":189850,"fs":100,"samples":[[-0.007,0.881,0.545,12.13,-4.03,-1.63,-0.59,63.47],[-0.028,0.888,0.528,9.45,-4.52,0.20,-0.59,63.48],[-0.038,0.888,0.546,6.03,0.18,1.85,-0.53,63.43],[-0.028,0.881,0.546,8.17,6.16,1.17,-0.43,63.41],[-0.030,0.876,0.579,4.32,4.33,0.56,-0.35,63.31],[-0.013,0.874,0.555,4.69,4.08,-2.36,-0.29,63.25],[-0.022,0.883,0.561,2.68,0.24,-2.12,-0.25,63.16],[-0.016,0.887,0.555,2.62,1.70,-2.30,-0.22,63.08],[-0.028,0.887,0.556,3.23,-0.25,-0.84,-0.18,63.01],[-0.024,0.886,0.552,2.74,0.48,-0.05,-0.15,62.94]]}
51.396	{"type":"ecg","dev":"node-01","seq":1883,"t0":189908,"fs":250,"leads_off":false,"bpm":null,"samples":[0,0,0,0,0,0,0,0,0,0,0,0,0,0,0,0,0,0,0,0,0,0,0,0,0]}
51.438	{"type":"imu","dev":"node-01","seq":1834,"t0":189950,"fs":100,"samples":[[-0.014,0.875,0.557,2.49,2.01,0.69,-0.11,62.85],[-0.016,0.885,0.547,3.53,1.09,-0.90,-0.08,62.80],[-0.010,0.883,0.588,-5.74,2.19,-1.51,-0.05,62.61],[-0.012,0.840,0.588,-4.40,2.25,-1.51,-0.01,62.42],[-0.015,0.866,0.590,-6.47,1.16,-2.48,0.02,62.22],[-0.005,0.856,0.581,-3.30,2.13,-2.12,0.05,62.06],[-0.018,0.867,0.573,1.89,0.18,0.93,0.07,61.97],[-0.035,0.867,0.590,-3.11,-0.37,-0.05,0.10,61.81],[-0.020,0.861,0.580,9.02,0.67,0.32,0.13,61.79],[-0.050,0.814,0.619,10.24,-3.30,0.32,0.15,61.70]]}
51.496	{"type":"ecg","dev":"node-01","seq":1884,"t0":190008,"fs":250,"leads_off":false,"bpm":null,"samples":[0,0,0,0,0,0,0,0,0,0,0,0,0,0,0,0,0,0,0,0,0,0,0,0,0]}
51.538	{"type":"imu","dev":"node-01","seq":1835,"t0":190050,"fs":100,"samples":[[-0.050,0.844,0.587,-2.02,0.73,-3.15,0.21,61.55],[-0.026,0.867,0.575,6.28,2.31,0.02,0.25,61.51],[-0.032,0.843,0.599,-5.13,4.27,-1.81,0.33,61.32],[-0.025,0.848,0.596,-3.54,4.75,-2.85,0.39,61.16],[-0.017,0.826,0.585,2.49,3.90,-1.33,0.44,61.06],[-0.026,0.848,0.584,5.36,2.74,-4.13,0.49,61.00],[-0.013,0.844,0.594,5.42,3.05,-3.52,0.52,60.93],[-0.015,0.854,0.579,8.90,2.37,-1.33,0.55,60.91],[-0.021,0.842,0.586,4.32,-0.13,-0.35,0.57,60.84],[-0.024,0.854,0.587,7.01,-0.37,1.05,0.58,60.80]]}
51.596	{"type":"ecg","dev":"node-01","seq":1885,"t0":190108,"fs":250,"leads_off":false,"bpm":null,"samples":[0,0,0,0,0,0,0,0,0,0,0,0,0,0,0,0,0,0,0,0,0,0,0,0,0]}
51.638	{"type":"imu","dev":"node-01","seq":1836,"t0":190150,"fs":100,"samples":[[-0.027,0.833,0.588,10.42,-5.13,0.50,0.55,60.78],[-0.048,0.852,0.605,5.06,-4.82,-2.67,0.54,60.71],[-0.025,0.844,0.586,8.47,-3.05,-2.67,0.53,60.68],[-0.021,0.861,0.590,6.15,-0.55,0.63,0.53,60.64],[-0.030,0.861,0.604,-5.80,0.30,-0.53,0.56,60.47],[-0.032,0.815,0.624,0.60,-0.19,-1.94,0.58,60.32],[-0.054,0.854,0.611,7.19,-3.05,-0.84,0.60,60.27],[-0.009,0.844,0.618,18.53,-0.80,-1.94,0.59,60.32],[-0.038,0.857,0.600,15.60,-0.49,-0.11,0.61,60.37],[-0.009,0.856,0.611,10.91,2.50,0.56,0.64,60.36]]}
51.696	{"type":"ecg","dev":"node-01","seq":1886,"t0":190208,"fs":250,"leads_off":false,"bpm":null,"samples":[0,0,0,0,0,0,0,0,0,0,0,0,0,0,0,0,0,0,0,0,0,0,0,0,0]}
51.738	{"type":"imu","dev":"node-01","seq":1837,"t0":190250,"fs":100,"samples":[[-0.032,0.849,0.610,5.06,1.89,1.36,0.68,60.29],[-0.037,0.834,0.618,8.47,0.97,0.69,0.71,60.23],[-0.033,0.841,0.613,12.68,-0.67,1.60,0.73,60.23],[-0.031,0.847,0.620,19.69,-0.37,-0.53,0.74,60.30],[-0.029,0.856,0.605,19.93,0.91,1.60,0.77,60.38],[-0.040,0.854,0.606,17.19,1.03,0.63,0.81,60.43],[-0.039,0.853,0.597,10.79,2.13,3.13,0.86,60.43],[-0.036,0.845,0.606,10.42,0.73,2.33,0.89,60.41],[-0.040,0.843,0.604,11.40,-0.43,2.52,0.91,60.40],[-0.033,0.848,0.604,15.18,-0.25,3.74,0.92,60.43]]}
51.796	{"type":"ecg","dev":"node-01","seq":1887,"t0":190308,"fs":250,"leads_off":false,"bpm":null,"samples":[0,0,0,0,0,0,0,0,0,0,0,0,0,0,0,0,0,0,0,0,0,0,0,0,0]}
51.838	{"type":"imu","dev":"node-01","seq":1838,"t0":190350,"fs":100,"samples":[[-0.034,0.847,0.609,19.63,-0.73,4.53,0.94,60.50],[-0.029,0.854,0.610,20.36,-1.41,3.61,0.93,60.58],[-0.022,0.852,0.609,23.10,-2.02,2.21,0.92,60.69],[-0.032,0.861,0.595,23.23,-2.44,2.58,0.91,60.81],[-0.041,0.864,0.589,22.01,-2.02,2.76,0.92,60.92],[-0.045,0.855,0.576,17.56,-1.83,4.16,0.93,61.00],[-0.025,0.851,0.623,15.42,0.85,3.86,0.95,61.00],[-0.020,0.855,0.602,23.78,-1.53,1.91,0.94,61.11],[-0.001,0.861,0.599,24.93,-4.45,0.99,0.88,61.24],[-0.012,0.871,0.594,24.81,-6.83,3.13,0.81,61.37]]}
51.896	{"type":"ecg","dev":"node-01","seq":1888,"t0":190408,"fs":250,"leads_off":false,"bpm":null,"samples":[0,0,0,0,0,0,0,0,0,0,0,0,0,0,0,0,0,0,0,0,0,0,0,0,0]}
51.938	{"type":"imu","dev":"node-01","seq":1839,"t0":190450,"fs":100,"samples":[[-0.035,0.880,0.582,25.42,-4.70,4.95,0.78,61.52],[-0.050,0.884,0.593,24.63,-2.56,5.81,0.79,61.66],[-0.039,0.866,0.596,23.04,1.89,4.83,0.84,61.76],[-0.019,0.870,0.595,21.76,4.02,1.36,0.88,61.85],[-0.013,0.874,0.585,21.58,3.17,1.54,0.91,61.95],[-0.015,0.870,0.578,21.46,0.48,0.87,0.91,62.05],[-0.027,0.877,0.578,21.52,-0.92,2.52,0.92,62.15],[-0.032,0.872,0.567,20.30,-1.16,2.82,0.92,62.24],[-0.036,0.869,0.553,17.98,-1.47,4.16,0.93,62.32],[-0.031,0.865,0.556,17.25,1.40,4.35,0.96,62.39]]}
51.996	{"type":"ecg","dev":"node-01","seq":1889,"t0":190508,"fs":250,"leads_off":false,"bpm":null,"samples":[0,0,0,0,0,0,0,0,0,0,0,0,0,0,0,0,0,0,0,0,0,0,0,0,0]}
52.038	{"type":"imu","dev":"node-01","seq":1840,"t0":190550,"fs":100,"samples":[[-0.030,0.874,0.559,18.17,0.91,4.77,0.98,62.47],[-0.025,0.862,0.559,18.53,1.64,3.67,1.01,62.54],[-0.020,0.872,0.563,21.58,0.67,2.64,1.02,62.65],[-0.026,0.864,0.570,21.46,-0.00,2.39,1.02,62.74],[-0.017,0.865,0.575,23.29,0.18,2.39,1.02,62.84],[-0.032,0.872,0.579,24.57,-0.37,2.15,1.03,62.95],[-0.030,0.881,0.561,22.68,0.42,2.45,1.05,63.06],[-0.032,0.877,0.571,20.30,0.85,2.21,1.07,63.14],[-0.028,0.884,0.560,18.53,0.12,2.45,1.08,63.21],[-0.037,0.886,0.558,14.57,0.67,2.03,1.11,63.25]]}
52.096	{"type":"ecg","dev":"node-01","seq":1890,"t0":190608,"fs":250,"leads_off":false,"bpm":null,"samples":[0,0,0,0,0,0,0,0,0,0,0,0,0,0,0,0,0,0,0,0,0,0,0,0,0]}
52.138	{"type":"imu","dev":"node-01","seq":1841,"t0":190650,"fs":100,"samples":[[-0.035,0.884,0.556,13.53,1.58,2.82,1.14,63.27],[-0.030,0.876,0.564,12.25,2.25,1.85,1.17,63.27],[-0.020,0.880,0.554,9.99,3.23,1.91,1.20,63.26],[-0.016,0.876,0.548,8.29,2.80,0.50,1.23,63.23],[-0.027,0.872,0.554,8.10,2.07,0.56,1.25,63.20],[-0.023,0.872,0.565,10.48,1.64,1.11,1.27,63.18],[-0.017,0.878,0.559,11.34,1.95,0.63,1.28,63.18],[-0.015,0.876,0.556,11.46,0.30,1.36,1.28,63.18],[-0.022,0.870,0.567,10.73,-0.49,0.81,1.27,63.16],[-0.025,0.873,0.568,10.54,-0.25,0.08,1.27,63.14]]}
52.196	{"type":"ecg","dev":"node-01","seq":1891,"t0":190708,"fs":250,"leads_off":false,"bpm":null,"samples":[0,0,0,0,0,0,0,0,0,0,0,0,0,0,0,0,0,0,0,0,0,0,0,0,0]}
52.238	{"type":"imu","dev":"node-01","seq":1842,"t0":190750,"fs":100,"samples":[[-0.020,0.877,0.564,10.42,1.40,1.24,1.28,63.12],[-0.025,0.874,0.570,12.25,-0.92,1.36,1.27,63.12],[-0.020,0.875,0.562,12.43,-1.10,1.48,1.26,63.12],[-0.018,0.876,0.561,12.80,-0.19,0.69,1.25,63.13],[-0.018,0.871,0.563,9.93,1.22,0.08,1.26,63.11],[-0.017,0.872,0.558,6.89,0.67,0.08,1.26,63.06],[-0.010,0.870,0.565,8.23,1.34,-1.02,1.26,63.02],[-0.023,0.868,0.571,6.15,1.09,1.05,1.27,62.96],[-0.026,0.869,0.579,8.71,-0.19,0.02,1.27,62.91],[-0.029,0.876,0.591,10.30,0.79,-0.29,1.28,62.87]]}
52.296	{"type":"ecg","dev":"node-01","seq":1892,"t0":190808,"fs":250,"leads_off":false,"bpm":null,"samples":[0,0,0,0,0,0,0,0,0,0,0,0,0,0,0,0,0,0,0,0,0,0,0,0,0]}
52.338	{"type":"imu","dev":"node-01","seq":1843,"t0":190850,"fs":100,"samples":[[-0.030,0.890,0.595,11.34,-0.00,-0.17,1.29,62.85],[-0.026,0.881,0.576,13.04,0.55,-1.08,1.30,62.86],[-0.022,0.880,0.570,13.04,-0.61,-0.17,1.29,62.87],[-0.026,0.877,0.565,12.37,1.52,-0.59,1.31,62.88],[-0.016,0.880,0.554,13.04,1.40,-1.57,1.31,62.90],[-0.019,0.879,0.539,11.58,0.79,-1.02,1.31,62.93],[-0.025,0.871,0.526,10.18,-0.73,-0.29,1.31,62.95],[-0.024,0.866,0.527,6.21,-0.25,0.63,1.31,62.92],[-0.028,0.858,0.529,5.54,1.03,0.38,1.32,62.89],[-0.033,0.851,0.537,3.53,1.22,-0.84,1.35,62.82]]}
52.396	{"type":"ecg","dev":"node-01","seq":1893,"t0":190908,"fs":250,"leads_off":false,"bpm":null,"samples":[0,0,0,0,0,0,0,0,0,0,0,0,0,0,0,0,0,0,0,0,0,0,0,0,0]}
52.438	{"type":"imu","dev":"node-01","seq":1844,"t0":190950,"fs":100,"samples":[[-0.031,0.841,0.569,6.40,0.18,-2.55,1.36,62.74],[-0.019,0.854,0.574,13.84,-4.94,-3.52,1.30,62.74],[-0.011,0.865,0.561,15.97,-6.10,-4.80,1.23,62.79],[-0.031,0.878,0.563,14.39,-7.63,-3.09,1.16,62.82],[-0.043,0.886,0.552,10.54,-6.16,0.08,1.13,62.83],[-0.037,0.885,0.543,6.03,-4.09,0.99,1.11,62.80],[-0.028,0.875,0.606,2.13,-1.53,0.63,1.10,62.67],[-0.023,0.880,0.557,6.52,-2.20,0.44,1.08,62.63],[-0.008,0.873,0.573,4.45,-3.48,-2.00,1.03,62.56],[-0.022,0.871,0.563,2.92,-5.73,-1.14,0.98,62.48]]}
52.496	{"type":"ecg","dev":"node-01","seq":1894,"t0":191008,"fs":250,"leads_off":false,"bpm":null,"samples":[0,0,0,0,0,0,0,0,0,0,0,0,0,0,0,0,0,0,0,0,0,0,0,0,0]}
52.538	{"type":"imu","dev":"node-01","seq":1845,"t0":191050,"fs":100,"samples":[[-0.051,0.864,0.542,4.14,-1.95,-0.65,1.00,62.43],[-0.040,0.864,0.548,4.32,0.24,-1.02,1.03,62.37],[-0.036,0.862,0.569,5.12,2.86,-0.59,1.07,62.31],[-0.034,0.857,0.553,13.90,1.22,-1.69,1.10,62.34],[-0.039,0.865,0.585,9.63,-0.37,-4.31,1.12,62.31],[-0.024,0.861,0.587,11.70,0.97,-4.80,1.13,62.29],[-0.027,0.875,0.593,13.17,-1.22,-1.75,1.13,62.29],[-0.029,0.866,0.600,13.47,-0.73,-0.53,1.13,62.28],[-0.038,0.873,0.564,10.30,0.73,-0.29,1.16,62.28],[-0.030,0.869,0.571,2.68,0.97,1.05,1.18,62.19]]}
52.596	{"type":"ecg","dev":"node-01","seq":1895,"t0":191108,"fs":250,"leads_off":false,"bpm":null,"samples":[0,0,0,0,0,0,0,0,0,0,0,0,0,0,0,0,0,0,0,0,0,0,0,0,0]}
52.638	{"type":"imu","dev":"node-01","seq":1846,"t0":191150,"fs":100,"samples":[[-0.026,0.860,0.558,1.15,0.24,0.87,1.18,62.10],[-0.032,0.848,0.568,2.01,-1.04,0.08,1.19,62.00],[-0.033,0.854,0.575,5.12,-1.47,0.20,1.18,61.93],[-0.034,0.847,0.589,9.87,-3.05,0.02,1.17,61.90],[-0.041,0.852,0.577,11.76,-2.02,0.14,1.17,61.89],[-0.043,0.865,0.585,15.97,-2.08,-0.90,1.17,61.93],[-0.026,0.858,0.594,13.29,-1.53,-1.08,1.16,61.93],[-0.036,0.862,0.580,13.23,-0.98,-0.84,1.17,61.94],[-0.045,0.867,0.584,12.13,-1.59,0.26,1.18,61.94],[-0.036,0.870,0.583,12.25,-0.25,0.50,1.19,61.94]]}
52.696	{"type":"ecg","dev":"node-01","seq":1896,"t0":191208,"fs":250,"leads_off":false,"bpm":null,"samples":[0,0,0,0,0,0,0,0,0,0,0,0,0,0,0,0,0,0,0,0,0,0,0,0,0]}
52.738	{"type":"imu","dev":"node-01","seq":1847,"t0":191250,"fs":100,"samples":[[-0.030,0.862,0.585,12.49,0.73,0.08,1.21,61.94],[-0.027,0.864,0.587,15.79,-0.49,0.20,1.21,61.98],[-0.025,0.864,0.580,15.60,0.36,1.72,1.22,62.01],[-0.028,0.867,0.576,14.32,-0.31,1.36,1.22,62.04],[-0.028,0.867,0.582,11.15,-0.98,0.38,1.22,62.03],[-0.031,0.855,0.584,11.46,-2.56,0.44,1.20,62.02],[-0.042,0.852,0.583,12.07,-1.59,0.32,1.21,62.01],[-0.036,0.864,0.576,14.20,-2.02,0.14,1.21,62.03],[-0.026,0.866,0.584,15.54,-1.04,0.99,1.20,62.06],[-0.029,0.869,0.565,15.54,-0.73,2.09,1.20,62.11]]}
52.796	{"type":"ecg","dev":"node-01","seq":1897,"t0":191308,"fs":250,"leads_off":false,"bpm":null,"samples":[0,0,0,0,0,0,0,0,0,0,0,0,0,0,0,0,0,0,0,0,0,0,0,0,0]}
52.838	{"type":"imu","dev":"node-01","seq":1848,"t0":191350,"fs":100,"samples":[[-0.025,0.870,0.578,13.59,-0.98,1.60,1.20,62.13],[-0.028,0.860,0.588,12.13,-0.98,2.21,1.19,62.12],[-0.031,0.867,0.587,12.37,-1.65,2.09,1.19,62.12],[-0.034,0.871,0.583,13.90,-1.28,2.52,1.19,62.14],[-0.039,0.875,0.586,13.84,0.06,3.06,1.21,62.15],[-0.035,0.877,0.577,14.81,0.67,0.56,1.23,62.19],[-0.029,0.881,0.573,14.02,1.95,1.11,1.25,62.22],[-0.034,0.891,0.577,8.53,1.95,1.05,1.28,62.20],[-0.031,0.889,0.582,4.51,1.03,0.02,1.30,62.14],[-0.045,0.890,0.568,0.73,1.46,1.36,1.34,62.05]]}
52.896	{"type":"ecg","dev":"node-01","seq":1898,"t0":191408,"fs":250,"leads_off":false,"bpm":null,"samples":[0,0,0,0,0,0,0,0,0,0,0,0,0,0,0,0,0,0,0,0,0,0,0,0,0]}
52.901	{"type":"status","dev":"node-01","fw":"0.1.0","uptime_ms":191509,"ecg":{"fs":250},"imu":{"ok":true,"fs":100,"errors":503,"fields":["ax","ay","az","gx","gy","gz","pitch","roll"]}}
52.938	{"type":"imu","dev":"node-01","seq":1849,"t0":191450,"fs":100,"samples":[[-0.041,0.866,0.569,-7.08,0.97,3.06,1.37,61.87],[-0.031,0.852,0.570,-6.53,1.22,5.38,1.39,61.70],[-0.026,0.851,0.584,-7.14,1.70,5.44,1.40,61.50],[-0.014,0.833,0.587,-0.98,1.16,4.83,1.40,61.36],[-0.012,0.839,0.586,6.58,-0.67,3.43,1.38,61.30],[-0.013,0.836,0.591,8.90,-0.98,1.97,1.36,61.26],[-0.023,0.834,0.584,10.18,-2.81,1.30,1.33,61.23],[-0.035,0.837,0.585,9.69,-5.43,0.02,1.29,61.20],[-0.050,0.852,0.593,15.30,-6.34,-1.08,1.26,61.23],[-0.052,0.857,0.598,15.54,-4.21,-1.45,1.25,61.26]]}
52.996	{"type":"ecg","dev":"node-01","seq":1899,"t0":191508,"fs":250,"leads_off":false,"bpm":null,"samples":[0,0,0,0,0,0,0,0,0,0,0,0,0,0,0,0,0,0,0,0,0,0,0,0,0]}
53.038	{"type":"imu","dev":"node-01","seq":1850,"t0":191550,"fs":100,"samples":[[-0.052,0.860,0.586,11.21,-4.33,-1.63,1.24,61.26],[-0.055,0.867,0.558,10.24,-2.14,-2.12,1.25,61.28],[-0.043,0.862,0.564,8.84,-1.47,-2.61,1.26,61.28],[-0.039,0.857,0.589,2.86,1.22,-2.06,1.29,61.19],[-0.023,0.844,0.593,5.85,0.48,-0.11,1.29,61.12],[-0.017,0.840,0.605,6.34,-1.65,-1.14,1.27,61.05],[-0.016,0.862,0.613,12.19,-3.91,0.20,1.22,61.04],[-0.036,0.882,0.593,12.07,-3.97,0.20,1.20,61.06],[-0.039,0.872,0.604,10.12,-3.17,-1.02,1.19,61.04],[-0.045,0.856,0.604,10.24,-0.13,0.81,1.21,61.01]]}
53.096	{"type":"ecg","dev":"node-01","seq":1900,"t0":191608,"fs":250,"leads_off":false,"bpm":null,"samples":[0,0,0,0,0,0,0,0,0,0,0,0,0,0,0,0,0,0,0,0,0,0,0,0,0]}
53.138	{"type":"imu","dev":"node-01","seq":1851,"t0":191650,"fs":100,"samples":[[-0.046,0.847,0.617,7.92,1.16,0.44,1.25,60.95],[-0.037,0.850,0.615,10.24,1.70,-0.17,1.28,60.91],[-0.020,0.856,0.608,9.45,2.56,-1.08,1.30,60.88],[-0.015,0.858,0.602,10.18,0.18,-0.84,1.30,60.86],[-0.020,0.861,0.600,10.30,-2.32,0.93,1.27,60.85],[-0.025,0.864,0.599,9.99,-2.20,0.50,1.25,60.83],[-0.029,0.861,0.578,4.99,-0.80,0.50,1.25,60.79],[-0.030,0.843,0.593,6.64,-0.86,1.60,1.25,60.74],[-0.025,0.845,0.590,8.84,-0.19,-0.05,1.25,60.71],[-0.030,0.847,0.593,10.24,-0.61,0.63,1.25,60.70]]}
53.196	{"type":"ecg","dev":"node-01","seq":1901,"t0":191708,"fs":250,"leads_off":false,"bpm":null,"samples":[0,0,0,0,0,0,0,0,0,0,0,0,0,0,0,0,0,0,0,0,0,0,0,0,0]}
53.238	{"type":"imu","dev":"node-01","seq":1852,"t0":191750,"fs":100,"samples":[[-0.035,0.843,0.606,7.74,-1.59,0.20,1.25,60.64],[-0.041,0.846,0.607,8.23,-2.44,0.56,1.24,60.60],[-0.043,0.848,0.616,9.26,-2.93,0.99,1.24,60.56],[-0.042,0.862,0.607,10.12,0.06,0.08,1.26,60.54],[-0.046,0.855,0.614,9.20,-0.98,-0.65,1.27,60.51],[-0.039,0.853,0.614,9.57,-0.92,-0.65,1.28,60.48],[-0.040,0.853,0.608,10.48,-1.10,-0.29,1.29,60.46],[-0.034,0.860,0.600,11.52,-0.25,-1.51,1.30,60.46],[-0.032,0.852,0.605,13.41,-0.43,-1.20,1.30,60.48],[-0.037,0.849,0.600,15.24,0.36,-1.14,1.32,60.51]]}
53.296	{"type":"ecg","dev":"node-01","seq":1902,"t0":191808,"fs":250,"leads_off":false,"bpm":null,"samples":[0,0,0,0,0,0,0,0,0,0,0,0,0,0,0,0,0,0,0,0,0,0,0,0,0]}
53.338	{"type":"imu","dev":"node-01","seq":1853,"t0":191850,"fs":100,"samples":[[-0.035,0.848,0.597,15.79,-0.13,-0.53,1.33,60.56],[-0.027,0.845,0.601,14.02,0.91,-1.02,1.35,60.57],[-0.035,0.853,0.597,11.15,-0.25,-0.84,1.36,60.57],[-0.036,0.847,0.593,7.13,1.34,-0.41,1.38,60.53],[-0.036,0.845,0.588,6.15,1.40,0.08,1.41,60.48],[-0.034,0.841,0.594,6.46,0.97,-0.29,1.43,60.43],[-0.034,0.845,0.594,10.06,0.18,-0.53,1.44,60.42],[-0.034,0.846,0.599,10.42,0.91,-0.53,1.46,60.41],[-0.036,0.851,0.602,10.30,-0.06,-0.78,1.46,60.40],[-0.039,0.856,0.608,10.12,1.64,1.30,1.49,60.38]]}
53.396	{"type":"ecg","dev":"node-01","seq":1903,"t0":191908,"fs":250,"leads_off":false,"bpm":null,"samples":[0,0,0,0,0,0,0,0,0,0,0,0,0,0,0,0,0,0,0,0,0,0,0,0,0]}
53.438	{"type":"imu","dev":"node-01","seq":1854,"t0":191950,"fs":100,"samples":[[-0.038,0.848,0.609,10.24,1.83,0.93,1.52,60.36],[-0.033,0.853,0.609,10.12,0.24,0.20,1.53,60.34],[-0.028,0.843,0.610,12.62,1.22,1.85,1.54,60.34],[-0.036,0.848,0.610,10.36,1.46,0.93,1.57,60.32],[-0.031,0.844,0.612,13.23,1.28,1.30,1.58,60.32],[-0.033,0.860,0.607,16.40,-0.37,2.45,1.58,60.37],[-0.042,0.856,0.601,16.46,-0.86,3.49,1.59,60.43],[-0.041,0.858,0.598,21.15,-3.23,0.93,1.57,60.53],[-0.044,0.850,0.604,22.62,-3.91,1.54,1.55,60.63],[-0.047,0.849,0.604,23.78,-3.23,0.69,1.54,60.74]]}
53.496	{"type":"ecg","dev":"node-01","seq":1904,"t0":192008,"fs":250,"leads_off":false,"bpm":null,"samples":[0,0,0,0,0,0,0,0,0,0,0,0,0,0,0,0,0,0,0,0,0,0,0,0,0]}
53.538	{"type":"imu","dev":"node-01","seq":1855,"t0":192050,"fs":100,"samples":[[-0.037,0.860,0.606,25.91,-3.54,0.99,1.51,60.88],[-0.029,0.857,0.616,32.43,-2.93,1.60,1.48,61.06],[-0.041,0.858,0.600,35.30,-3.42,0.75,1.46,61.29],[-0.037,0.857,0.586,35.67,-2.87,2.70,1.45,61.52],[-0.025,0.864,0.606,33.35,-2.08,1.30,1.43,61.72],[-0.039,0.867,0.560,34.51,-2.32,3.00,1.42,61.97],[-0.028,0.864,0.584,33.10,-2.99,2.21,1.39,62.17],[-0.043,0.850,0.590,29.02,-7.02,0.26,1.34,62.32],[-0.035,0.865,0.572,25.30,-9.09,-0.90,1.27,62.45],[-0.023,0.870,0.579,24.32,-8.72,-1.87,1.18,62.57]]}
53.596	{"type":"ecg","dev":"node-01","seq":1905,"t0":192108,"fs":250,"leads_off":false,"bpm":null,"samples":[0,0,0,0,0,0,0,0,0,0,0,0,0,0,0,0,0,0,0,0,0,0,0,0,0]}
53.638	{"type":"imu","dev":"node-01","seq":1856,"t0":192150,"fs":100,"samples":[[-0.057,0.878,0.576,7.68,-4.58,-1.39,1.17,62.52],[-0.022,0.878,0.514,14.20,-0.19,-1.45,1.17,62.61],[-0.035,0.850,0.579,11.09,-1.53,0.02,1.17,62.58],[-0.023,0.843,0.600,14.39,2.37,-1.75,1.20,62.56],[-0.016,0.865,0.549,11.76,-1.41,-3.28,1.18,62.57],[-0.004,0.842,0.589,6.09,-0.55,-3.15,1.16,62.48],[-0.022,0.882,0.528,-3.24,-0.13,-2.18,1.16,62.38],[-0.046,0.878,0.569,-9.64,0.67,0.26,1.19,62.18],[-0.049,0.864,0.578,-10.25,1.40,1.30,1.23,61.96],[-0.034,0.869,0.589,-8.24,5.61,0.63,1.30,61.76]]}
53.696	{"type":"ecg","dev":"node-01","seq":1906,"t0":192208,"fs":250,"leads_off":false,"bpm":null,"samples":[0,0,0,0,0,0,0,0,0,0,0,0,0,0,0,0,0,0,0,0,0,0,0,0,0]}
53.738	{"type":"imu","dev":"node-01","seq":1857,"t0":192250,"fs":100,"samples":[[-0.024,0.864,0.581,-1.10,3.66,0.20,1.34,61.64],[-0.036,0.862,0.563,7.01,2.50,0.44,1.38,61.61],[-0.036,0.851,0.572,13.17,2.37,0.02,1.41,61.63],[-0.044,0.860,0.577,29.45,-0.31,0.87,1.43,61.81],[-0.041,0.863,0.587,33.17,-0.37,-0.41,1.44,62.01],[-0.034,0.862,0.587,32.43,-0.31,1.66,1.45,62.20],[-0.033,0.866,0.583,30.24,-1.53,0.81,1.44,62.38],[-0.037,0.875,0.577,25.60,-0.80,1.60,1.44,62.51],[-0.038,0.855,0.594,22.56,-2.50,0.99,1.43,62.59],[-0.039,0.877,0.582,19.32,-2.50,1.54,1.42,62.65]]}
53.796	{"type":"ecg","dev":"node-01","seq":1907,"t0":192308,"fs":250,"leads_off":false,"bpm":null,"samples":[0,0,0,0,0,0,0,0,0,0,0,0,0,0,0,0,0,0,0,0,0,0,0,0,0]}
53.838	{"type":"imu","dev":"node-01","seq":1858,"t0":192350,"fs":100,"samples":[[-0.039,0.877,0.599,24.75,-6.77,-0.11,1.37,62.76],[-0.052,0.875,0.580,20.97,-4.88,-0.78,1.35,62.84],[-0.054,0.878,0.580,24.75,-5.37,0.50,1.33,62.95],[-0.038,0.858,0.578,28.35,-6.16,-0.72,1.28,63.09],[-0.029,0.878,0.564,28.71,-5.61,0.38,1.23,63.26],[-0.036,0.865,0.569,20.06,-4.94,-0.17,1.20,63.32],[-0.028,0.880,0.533,5.30,-2.69,-2.00,1.18,63.28],[-0.030,0.865,0.569,0.73,-3.78,-0.84,1.16,63.16],[-0.041,0.882,0.576,-5.37,-2.81,-1.63,1.15,62.98],[-0.025,0.873,0.556,-7.51,-0.00,-0.35,1.15,62.80]]}
53.896	{"type":"ecg","dev":"node-01","seq":1908,"t0":192408,"fs":250,"leads_off":false,"bpm":null,"samples":[0,0,0,0,0,0,0,0,0,0,0,0,0,0,0,0,0,0,0,0,0,0,0,0,0]}
53.938	{"type":"imu","dev":"node-01","seq":1859,"t0":192450,"fs":100,"samples":[[-0.034,0.872,0.570,4.39,-3.97,0.75,1.13,62.72],[-0.030,0.859,0.586,3.84,-2.08,-1.02,1.12,62.62],[-0.033,0.862,0.578,10.54,-0.06,0.99,1.13,62.59],[-0.033,0.869,0.571,10.12,-0.37,-0.41,1.14,62.57],[-0.033,0.865,0.583,9.14,-1.16,-0.72,1.14,62.53],[-0.028,0.874,0.566,10.30,1.52,-0.17,1.17,62.52],[-0.043,0.870,0.579,5.67,1.22,0.20,1.20,62.46],[-0.030,0.871,0.583,2.74,2.19,0.14,1.23,62.36],[-0.041,0.851,0.590,-7.14,1.70,-1.08,1.27,62.14],[-0.022,0.875,0.562,4.02,1.46,-1.75,1.29,62.09]]}
53.996	{"type":"ecg","dev":"node-01","seq":1909,"t0":192508,"fs":250,"leads_off":false,"bpm":null,"samples":[0,0,0,0,0,0,0,0,0,0,0,0,0,0,0,0,0,0,0,0,0,0,0,0,0]}
54.038	{"type":"imu","dev":"node-01","seq":1860,"t0":192550,"fs":100,"samples":[[-0.032,0.854,0.582,11.03,-1.77,-0.59,1.28,62.07],[-0.034,0.876,0.584,20.54,-4.03,-0.35,1.25,62.15],[-0.032,0.871,0.576,25.85,-5.80,-1.02,1.20,62.29],[-0.028,0.873,0.566,25.42,-5.61,0.26,1.15,62.44],[-0.034,0.859,0.570,30.73,-7.75,2.03,1.09,62.62],[-0.039,0.857,0.578,23.96,-6.59,1.72,1.05,62.72],[-0.038,0.851,0.574,18.65,-6.22,2.03,1.01,62.77],[-0.041,0.844,0.557,17.49,-6.71,1.17,0.97,62.82],[-0.036,0.861,0.580,22.25,-5.49,0.93,0.94,62.90],[-0.032,0.881,0.582,18.23,-5.19,-0.65,0.90,62.95]]}
54.096	{"type":"ecg","dev":"node-01","seq":1910,"t0":192608,"fs":250,"leads_off":false,"bpm":null,"samples":[0,0,0,0,0,0,0,0,0,0,0,0,0,0,0,0,0,0,0,0,0,0,0,0,0]}
54.138	{"type":"imu","dev":"node-01","seq":1861,"t0":192650,"fs":100,"samples":[[-0.040,0.872,0.580,13.35,-5.73,0.56,0.87,62.95],[-0.045,0.849,0.576,16.95,-4.58,0.75,0.86,62.97],[-0.043,0.850,0.558,14.51,-3.54,0.26,0.86,62.99],[-0.042,0.863,0.574,14.69,-3.60,-0.11,0.85,63.00],[-0.041,0.866,0.573,21.89,-4.03,0.32,0.84,63.09],[-0.038,0.885,0.593,22.13,-3.54,1.05,0.83,63.17],[-0.033,0.873,0.580,23.29,-3.48,-0.05,0.82,63.26],[-0.024,0.873,0.573,17.25,-2.14,-0.17,0.81,63.30],[-0.034,0.875,0.553,16.70,-3.36,1.85,0.79,63.35],[-0.042,0.870,0.546,17.31,-5.67,3.25,0.77,63.41]]}
54.196	{"type":"ecg","dev":"node-01","seq":1911,"t0":192708,"fs":250,"leads_off":false,"bpm":null,"samples":[0,0,0,0,0,0,0,0,0,0,0,0,0,0,0,0,0,0,0,0,0,0,0,0,0]}
54.238	{"type":"imu","dev":"node-01","seq":1862,"t0":192750,"fs":100,"samples":[[-0.039,0.871,0.532,14.75,-0.80,2.52,0.79,63.46],[-0.025,0.856,0.557,12.74,-0.06,1.85,0.80,63.45],[-0.021,0.860,0.579,15.48,-0.00,1.05,0.81,63.46],[-0.010,0.854,0.556,23.78,-1.16,1.36,0.79,63.56],[-0.024,0.859,0.562,22.86,-4.21,0.32,0.76,63.65],[-0.037,0.888,0.560,13.59,-0.49,1.11,0.78,63.66],[-0.049,0.882,0.562,9.75,-0.06,1.97,0.82,63.63],[-0.049,0.881,0.570,10.42,5.42,1.66,0.91,63.61],[-0.027,0.894,0.580,10.12,6.28,0.63,0.98,63.57],[-0.029,0.891,0.565,9.75,5.97,0.75,1.05,63.55]]}
54.296	{"type":"ecg","dev":"node-01","seq":1912,"t0":192808,"fs":250,"leads_off":false,"bpm":null,"samples":[0,0,0,0,0,0,0,0,0,0,0,0,0,0,0,0,0,0,0,0,0,0,0,0,0]}
54.338	{"type":"imu","dev":"node-01","seq":1863,"t0":192850,"fs":100,"samples":[[-0.023,0.900,0.562,-1.65,5.91,-0.41,1.11,63.42],[-0.032,0.909,0.542,1.82,2.62,-1.26,1.15,63.36],[-0.027,0.888,0.555,5.48,1.16,-0.29,1.17,63.30],[-0.037,0.883,0.552,5.79,0.12,-0.11,1.19,63.25],[-0.036,0.885,0.552,11.34,1.22,2.39,1.22,63.26],[-0.036,0.876,0.547,11.46,1.16,2.52,1.24,63.27],[-0.042,0.873,0.559,17.68,2.92,1.91,1.29,63.32],[-0.024,0.867,0.553,15.18,2.19,1.42,1.32,63.35],[-0.038,0.872,0.556,12.56,2.19,-0.53,1.35,63.36],[-0.028,0.868,0.557,15.48,0.85,-0.53,1.36,63.39]]}
54.396	{"type":"ecg","dev":"node-01","seq":1913,"t0":192908,"fs":250,"leads_off":false,"bpm":null,"samples":[0,0,0,0,0,0,0,0,0,0,0,0,0,0,0,0,0,0,0,0,0,0,0,0,0]}
54.438	{"type":"imu","dev":"node-01","seq":1864,"t0":192950,"fs":100,"samples":[[-0.034,0.876,0.559,15.79,-0.73,-1.33,1.37,63.43],[-0.038,0.879,0.558,13.78,0.55,-0.53,1.39,63.45],[-0.030,0.877,0.564,7.43,-0.06,0.14,1.39,63.39],[-0.039,0.885,0.557,7.07,0.06,1.48,1.41,63.35],[-0.044,0.879,0.548,12.25,-0.86,1.36,1.42,63.37],[-0.044,0.875,0.550,16.52,-0.92,0.14,1.43,63.42],[-0.035,0.885,0.562,25.12,-2.08,0.99,1.42,63.55],[-0.033,0.887,0.543,27.31,-1.95,-0.17,1.41,63.72],[-0.036,0.877,0.550,22.49,-2.38,0.32,1.40,63.82],[-0.039,0.872,0.550,18.10,-1.04,0.81,1.40,63.88]]}
54.496	{"type":"ecg","dev":"node-01","seq":1914,"t0":193008,"fs":250,"leads_off":false,"bpm":null,"samples":[0,0,0,0,0,0,0,0,0,0,0,0,0,0,0,0,0,0,0,0,0,0,0,0,0]}
54.538	{"type":"imu","dev":"node-01","seq":1865,"t0":193050,"fs":100,"samples":[[-0.038,0.872,0.556,20.18,-0.43,2.27,1.41,63.95],[-0.039,0.878,0.558,25.18,-0.92,1.11,1.42,64.07],[-0.040,0.874,0.556,31.82,-3.60,0.87,1.40,64.25],[-0.046,0.883,0.560,30.06,-4.70,2.76,1.37,64.41],[-0.040,0.888,0.562,27.31,-4.82,2.03,1.34,64.54],[-0.039,0.875,0.551,25.12,-4.94,1.30,1.31,64.65],[-0.030,0.896,0.560,31.46,-4.09,2.27,1.28,64.83],[-0.038,0.891,0.535,37.80,-0.92,3.13,1.29,65.08],[-0.028,0.898,0.516,37.56,0.24,3.55,1.29,65.35],[-0.021,0.896,0.530,38.84,0.24,2.33,1.29,65.61]]}
54.596	{"type":"ecg","dev":"node-01","seq":1915,"t0":193108,"fs":250,"leads_off":false,"bpm":null,"samples":[0,0,0,0,0,0,0,0,0,0,0,0,0,0,0,0,0,0,0,0,0,0,0,0,0]}
54.638	{"type":"imu","dev":"node-01","seq":1866,"t0":193150,"fs":100,"samples":[[-0.031,0.896,0.508,31.82,0.97,2.15,1.31,65.82],[-0.026,0.894,0.518,28.23,2.07,2.76,1.33,65.98],[-0.021,0.900,0.502,23.35,2.50,2.21,1.35,66.10],[-0.027,0.903,0.512,21.64,2.37,3.06,1.38,66.20],[-0.020,0.888,0.517,20.42,2.44,3.06,1.40,66.28],[-0.028,0.894,0.516,21.70,2.74,2.94,1.43,66.36],[-0.030,0.898,0.519,21.28,3.29,2.82,1.47,66.44],[-0.022,0.911,0.519,20.24,4.08,3.06,1.50,66.52],[-0.014,0.896,0.503,22.07,1.70,3.55,1.50,66.62],[-0.032,0.897,0.499,23.04,0.48,3.13,1.51,66.73]]}
54.696	{"type":"ecg","dev":"node-01","seq":1916,"t0":193208,"fs":250,"leads_off":false,"bpm":null,"samples":[0,0,0,0,0,0,0,0,0,0,0,0,0,0,0,0,0,0,0,0,0,0,0,0,0]}
54.738	{"type":"imu","dev":"node-01","seq":1867,"t0":193250,"fs":100,"samples":[[-0.026,0.905,0.500,24.08,0.79,3.31,1.52,66.86],[-0.024,0.906,0.508,23.23,0.67,3.25,1.52,66.96],[-0.024,0.903,0.497,20.91,0.48,1.48,1.52,67.05],[-0.029,0.907,0.501,18.41,0.91,2.52,1.54,67.11],[-0.025,0.908,0.511,14.14,1.22,2.82,1.54,67.12],[-0.019,0.906,0.502,13.35,-0.06,1.48,1.53,67.13],[-0.028,0.894,0.496,12.37,0.91,2.45,1.54,67.12],[-0.052,0.903,0.502,9.87,1.64,1.97,1.59,67.10],[-0.035,0.909,0.477,8.96,4.87,3.80,1.64,67.09],[-0.020,0.906,0.502,7.62,6.28,2.45,1.69,67.04]]}
54.796	{"type":"ecg","dev":"node-01","seq":1917,"t0":193308,"fs":250,"leads_off":false,"bpm":null,"samples":[0,0,0,0,0,0,0,0,0,0,0,0,0,0,0,0,0,0,0,0,0,0,0,0,0]}
54.838	{"type":"imu","dev":"node-01","seq":1868,"t0":193350,"fs":100,"samples":[[-0.031,0.896,0.528,10.06,4.75,0.50,1.74,66.99],[-0.016,0.906,0.487,19.20,5.12,1.85,1.77,67.07],[-0.020,0.900,0.492,20.24,-0.55,1.11,1.75,67.15],[-0.028,0.903,0.489,18.84,0.61,2.64,1.75,67.23],[-0.048,0.907,0.499,18.35,2.31,2.70,1.80,67.29],[-0.047,0.910,0.507,18.96,6.89,1.91,1.88,67.34],[-0.034,0.915,0.502,16.95,8.05,1.30,1.96,67.39],[-0.017,0.905,0.496,17.37,6.58,0.32,2.00,67.44],[-0.030,0.897,0.490,15.67,3.29,-0.53,2.03,67.47],[-0.020,0.910,0.490,18.84,3.53,1.05,2.04,67.54]]}
54.896	{"type":"ecg","dev":"node-01","seq":1918,"t0":193408,"fs":250,"leads_off":false,"bpm":null,"samples":[0,0,0,0,0,0,0,0,0,0,0,0,0,0,0,0,0,0,0,0,0,0,0,0,0]}
54.938	{"type":"imu","dev":"node-01","seq":1869,"t0":193450,"fs":100,"samples":[[-0.044,0.913,0.492,12.43,3.35,1.54,2.08,67.54],[-0.037,0.922,0.474,6.21,5.85,3.98,2.14,67.51],[-0.045,0.918,0.472,1.89,5.42,3.49,2.20,67.43],[-0.038,0.907,0.476,-4.76,7.13,3.80,2.27,67.28],[-0.030,0.902,0.482,-5.07,6.22,2.33,2.32,67.13],[-0.034,0.898,0.479,-5.07,5.36,2.09,2.36,66.97],[-0.039,0.899,0.488,-4.21,2.86,0.20,2.39,66.82],[-0.045,0.896,0.490,-5.37,2.98,0.56,2.42,66.66],[-0.052,0.903,0.496,-6.90,4.51,0.75,2.47,66.48],[-0.052,0.911,0.491,-7.81,5.12,2.15,2.53,66.31]]}
54.996	{"type":"ecg","dev":"node-01","seq":1919,"t0":193508,"fs":250,"leads_off":false,"bpm":null,"samples":[0,0,0,0,0,0,0,0,0,0,0,0,0,0,0,0,0,0,0,0,0,0,0,0,0]}
55.038	{"type":"imu","dev":"node-01","seq":1870,"t0":193550,"fs":100,"samples":[[-0.051,0.910,0.499,-10.37,3.11,0.20,2.57,66.11],[-0.044,0.917,0.481,-15.25,2.37,1.78,2.59,65.88],[-0.068,0.915,0.496,-18.05,2.01,1.78,2.63,65.62],[-0.067,0.898,0.506,-18.11,2.68,1.60,2.68,65.34],[-0.059,0.898,0.500,-17.20,5.36,1.85,2.74,65.08],[-0.058,0.890,0.505,-19.94,4.20,1.17,2.79,64.79],[-0.062,0.884,0.516,-24.09,3.90,1.36,2.85,64.46],[-0.063,0.889,0.529,-23.24,2.80,0.93,2.89,64.13],[-0.069,0.880,0.531,-22.75,3.35,0.87,2.94,63.80],[-0.060,0.887,0.539,-19.64,3.53,0.38,2.98,63.50]]}
55.096	{"type":"ecg","dev":"node-01","seq":1920,"t0":193608,"fs":250,"leads_off":false,"bpm":null,"samples":[0,0,0,0,0,0,0,0,0,0,0,0,0,0,0,0,0,0,0,0,0,0,0,0,0]}
55.138	{"type":"imu","dev":"node-01","seq":1871,"t0":193650,"fs":100,"samples":[[-0.063,0.889,0.540,-17.44,3.84,1.72,3.03,63.24],[-0.068,0.897,0.549,-18.66,2.80,0.69,3.07,62.96],[-0.049,0.937,0.547,-17.08,4.20,1.78,3.10,62.73],[-0.042,0.895,0.519,3.65,2.25,5.99,3.11,62.71],[-0.076,0.891,0.566,-13.05,0.24,1.05,3.13,62.48],[-0.049,0.869,0.526,-4.70,3.96,-0.35,3.16,62.36],[-0.050,0.900,0.551,-2.02,5.06,0.75,3.20,62.26],[-0.024,0.826,0.554,5.36,8.41,3.92,3.25,62.19],[-0.047,0.881,0.597,-7.02,9.08,2.33,3.32,62.00],[-0.031,0.843,0.576,-17.99,14.57,1.85,3.43,61.69]]}
55.196	{"type":"ecg","dev":"node-01","seq":1921,"t0":193708,"fs":250,"leads_off":false,"bpm":null,"samples":[0,0,0,0,0,0,0,0,0,0,0,0,0,0,0,0,0,0,0,0,0,0,0,0,0]}
55.238	{"type":"imu","dev":"node-01","seq":1872,"t0":193750,"fs":100,"samples":[[-0.038,0.832,0.601,-14.40,12.62,3.13,3.53,61.40],[-0.040,0.842,0.588,-8.91,13.47,1.85,3.64,61.19],[-0.041,0.856,0.601,0.12,11.46,1.54,3.72,61.06],[-0.034,0.881,0.577,1.46,14.45,0.02,3.83,60.99],[-0.033,0.823,0.586,8.47,15.12,-0.11,3.93,60.95],[-0.030,0.827,0.593,4.02,19.14,-0.59,4.08,60.85],[-0.002,0.791,0.557,-8.30,28.47,-1.75,4.28,60.65],[0.009,0.783,0.541,-4.33,28.84,-1.14,4.46,60.50],[0.029,0.774,0.529,7.56,32.92,0.38,4.66,60.48],[0.024,0.749,0.524,2.37,36.28,-1.26,4.89,60.40]]}
55.296	{"type":"ecg","dev":"node-01","seq":1922,"t0":193808,"fs":250,"leads_off":false,"bpm":null,"samples":[0,0,0,0,0,0,0,0,0,0,0,0,0,0,0,0,0,0,0,0,0,0,0,0,0]}
55.338	{"type":"imu","dev":"node-01","seq":1873,"t0":193850,"fs":100,"samples":[[0.010,0.727,0.523,5.60,35.36,-2.12,5.13,60.33],[0.030,0.756,0.548,9.45,35.73,-2.85,5.34,60.30],[0.014,0.781,0.592,10.30,32.19,-3.58,5.53,60.25],[-0.006,0.832,0.657,10.67,28.96,-4.07,5.71,60.18],[0.014,0.905,0.729,13.65,26.28,-10.05,5.84,60.13],[0.051,0.943,0.828,8.04,19.63,-10.96,5.87,59.98],[0.020,0.914,0.825,9.57,-0.98,-4.25,5.72,59.84],[0.010,0.928,0.823,12.74,-11.95,4.22,5.48,59.73],[-0.092,0.886,0.794,-14.58,-24.45,19.10,5.22,59.36],[-0.108,0.823,0.726,-12.81,-23.42,27.76,5.00,59.02]]}
55.397	{"type":"ecg","dev":"node-01","seq":1923,"t0":193908,"fs":250,"leads_off":false,"bpm":null,"samples":[0,0,0,0,0,0,0,0,0,0,0,49,95,103,55,21,2640,4095,4095,4095,4095,4095,4095,4095,4095]}
55.438	{"type":"imu","dev":"node-01","seq":1874,"t0":193950,"fs":100,"samples":[[-0.120,0.832,0.744,-14.46,-22.20,28.74,4.81,58.66],[-0.118,0.798,0.731,-8.79,-14.03,21.48,4.70,58.35],[-0.090,0.781,0.720,2.86,-5.80,7.58,4.64,58.16],[-0.080,0.783,0.709,7.43,-2.32,1.05,4.61,58.02],[-0.067,0.780,0.721,20.36,3.59,-10.23,4.63,58.01],[-0.062,0.776,0.713,9.20,11.34,-13.52,4.72,57.89],[-0.055,0.774,0.708,5.73,14.63,-13.89,4.83,57.74],[-0.041,0.771,0.675,4.20,14.20,-10.90,4.91,57.60],[-0.038,0.752,0.656,8.71,9.33,-7.48,4.95,57.51],[-0.034,0.755,0.654,12.01,5.00,-5.05,4.94,57.46]]}
55.496	{"type":"ecg","dev":"node-01","seq":1924,"t0":194008,"fs":250,"leads_off":false,"bpm":null,"samples":[4095,4095,4095,4095,2131,65,0,0,0,0,0,0,0,0,0,0,0,0,0,0,0,0,0,0,0]}
55.538	{"type":"imu","dev":"node-01","seq":1875,"t0":194050,"fs":100,"samples":[[-0.033,0.754,0.641,22.68,-3.78,-2.79,4.84,57.53],[-0.054,0.749,0.643,37.07,-7.99,-2.24,4.73,57.73],[-0.053,0.749,0.650,44.08,-8.60,-5.47,4.61,57.98],[-0.047,0.756,0.655,48.71,-6.83,-7.67,4.51,58.28],[-0.025,0.782,0.664,58.59,-2.93,-13.40,4.42,58.69],[0.003,0.815,0.664,67.98,-0.31,-17.12,4.32,59.19],[0.012,0.832,0.687,71.15,-3.17,-19.25,4.19,59.72],[0.034,0.874,0.643,76.52,-8.60,-18.58,3.99,60.35],[0.010,0.853,0.634,71.58,-18.23,-17.12,3.72,60.91],[0.014,0.826,0.611,66.28,-20.67,-15.84,3.42,61.41]]}
55.596	{"type":"ecg","dev":"node-01","seq":1925,"t0":194108,"fs":250,"leads_off":false,"bpm":null,"samples":[0,0,0,0,0,0,0,0,0,0,0,0,0,0,0,0,0,0,0,0,0,0,0,0,0]}
55.638	{"type":"imu","dev":"node-01","seq":1876,"t0":194150,"fs":100,"samples":[[0.011,0.797,0.572,64.08,-33.54,-11.63,3.01,61.90],[0.009,0.775,0.556,52.98,-47.56,-7.61,2.48,62.26],[-0.002,0.717,0.535,47.68,-54.15,-5.35,1.90,62.55],[-0.047,0.764,0.528,48.23,-59.03,-1.20,1.34,62.88],[-0.108,0.803,0.500,29.81,-52.93,-1.63,0.93,63.08],[-0.124,0.863,0.502,16.40,-44.09,-6.69,0.62,63.17],[-0.104,0.978,0.528,7.37,-25.86,-17.97,0.46,63.21],[-0.109,1.062,0.542,-1.65,-12.38,-29.01,0.43,63.19],[-0.111,1.105,0.598,4.32,-10.06,-29.56,0.43,63.20],[-0.273,1.386,0.747,22.86,-4.39,-29.98,0.57,63.40]]}
55.696	{"type":"ecg","dev":"node-01","seq":1926,"t0":194208,"fs":250,"leads_off":false,"bpm":null,"samples":[0,0,0,0,0,0,0,0,0,0,0,0,0,0,0,0,0,0,0,0,0,0,0,0,0]}
55.738	{"type":"imu","dev":"node-01","seq":1877,"t0":194250,"fs":100,"samples":[[-0.257,1.603,0.700,25.24,29.02,-49.50,1.01,63.70],[-0.090,1.001,0.610,-19.52,-28.60,-36.81,0.80,63.41],[-0.155,0.832,0.585,-24.46,-51.16,-19.98,0.46,63.00],[-0.133,0.770,0.411,1.58,-57.63,7.09,0.06,63.00],[-0.102,0.831,0.387,13.35,-62.50,19.28,-0.43,63.17],[-0.139,0.834,0.414,15.48,-62.93,21.60,-0.87,63.33],[-0.276,0.779,0.422,26.28,-55.61,16.11,-1.05,63.55],[-0.247,0.771,0.450,57.01,-27.14,7.27,-0.99,64.03],[-0.224,0.736,0.508,57.43,-15.98,-1.63,-0.84,64.42],[-0.112,0.693,0.483,56.28,6.40,-11.39,-0.61,64.79]]}
55.796	{"type":"ecg","dev":"node-01","seq":1927,"t0":194308,"fs":250,"leads_off":false,"bpm":null,"samples":[0,0,0,0,0,0,0,0,0,0,0,1,0,0,0,0,0,1,5,0,0,0,0,4,0]}
55.838	{"type":"imu","dev":"node-01","seq":1878,"t0":194350,"fs":100,"samples":[[-0.059,0.666,0.498,57.01,4.51,-17.79,-0.48,65.12],[-0.019,0.689,0.462,50.97,6.16,-20.59,-0.38,65.43],[0.038,0.699,0.457,24.87,-2.93,-22.42,-0.45,65.51],[0.040,0.743,0.483,8.17,-17.87,-24.07,-0.67,65.41],[0.021,0.780,0.500,-1.35,-23.91,-20.53,-0.92,65.24],[-0.031,0.883,0.504,-5.01,-40.00,-9.92,-1.25,65.09],[-0.159,1.026,0.612,10.60,-53.60,2.15,-1.60,65.08],[-0.221,1.078,0.648,19.75,-52.69,9.04,-1.89,65.15],[-0.266,1.040,0.625,29.32,-44.94,13.92,-2.04,65.31],[-0.281,0.933,0.677,24.57,-29.39,10.44,-2.02,65.33]]}
55.896	{"type":"ecg","dev":"node-01","seq":1928,"t0":194408,"fs":250,"leads_off":false,"bpm":null,"samples":[0,0,0,14,5,1,0,0,0,0,6,0,2,10,0,0,0,5,12,0,8,0,0,13,0]}
55.938	{"type":"imu","dev":"node-01","seq":1879,"t0":194450,"fs":100,"samples":[[-0.217,0.904,0.552,22.43,-7.14,0.02,-1.82,65.42],[-0.180,0.895,0.508,12.56,-0.49,-2.36,-1.59,65.44],[-0.146,0.874,0.473,6.89,7.13,-4.56,-1.32,65.43],[-0.144,0.866,0.448,14.02,9.51,-8.52,-1.03,65.51],[-0.135,0.858,0.465,24.99,10.61,-10.78,-0.75,65.68],[-0.091,0.856,0.457,43.65,16.03,-17.12,-0.47,66.03],[-0.042,0.884,0.475,46.70,14.33,-23.03,-0.27,66.40],[-0.013,0.875,0.479,50.30,11.09,-22.67,-0.14,66.79],[0.001,0.910,0.489,50.30,5.12,-17.67,-0.09,67.18],[-0.014,0.879,0.485,46.89,-3.23,-9.31,-0.10,67.52]]}
55.996	{"type":"ecg","dev":"node-01","seq":1929,"t0":194508,"fs":250,"leads_off":false,"bpm":null,"samples":[1,0,1,10,0,0,1,0,0,4,0,0,0,7,0,1,1,0,3,0,0,0,0,6,1]}
56.038	{"type":"imu","dev":"node-01","seq":1880,"t0":194550,"fs":100,"samples":[[-0.032,0.878,0.456,58.65,-5.43,-2.12,-0.12,68.00],[-0.075,0.912,0.467,63.96,-8.84,7.64,-0.12,68.52],[-0.085,0.925,0.464,40.18,-1.71,12.64,-0.04,68.81],[-0.090,0.946,0.448,27.49,3.84,15.56,0.10,69.00],[-0.107,0.931,0.447,8.96,7.68,19.16,0.29,68.99],[-0.090,0.931,0.474,9.69,9.51,18.55,0.48,68.97],[-0.095,0.905,0.474,15.73,8.78,17.09,0.66,68.99],[-0.085,0.946,0.471,24.69,7.01,15.63,0.81,69.12],[-0.067,0.905,0.458,22.43,8.47,12.52,0.95,69.22],[-0.088,0.909,0.410,26.46,9.33,16.11,1.12,69.41]]}
56.096	{"type":"ecg","dev":"node-01","seq":1930,"t0":194608,"fs":250,"leads_off":false,"bpm":null,"samples":[0,0,0,4,0,0,0,5,0,0,0,0,1,0,0,0,0,3,11,0,0,0,5,2,0]}
56.138	{"type":"imu","dev":"node-01","seq":1881,"t0":194650,"fs":100,"samples":[[-0.091,0.908,0.417,20.97,11.46,16.42,1.32,69.54],[-0.105,0.890,0.371,10.67,15.12,22.33,1.56,69.60],[-0.120,0.853,0.367,-2.14,19.87,31.60,1.87,69.52],[-0.125,0.862,0.347,-15.25,22.68,34.28,2.21,69.34],[-0.133,0.835,0.448,-11.04,16.22,33.49,2.49,69.08],[-0.158,0.806,0.474,32.56,9.20,40.08,2.72,69.21],[-0.181,0.839,0.516,44.63,4.39,38.49,2.92,69.43],[-0.243,1.023,0.445,51.64,9.39,29.95,3.19,69.88],[-0.340,1.404,0.466,30.24,31.40,14.41,3.70,70.21],[-0.365,1.503,0.471,17.19,49.39,7.03,4.37,70.43]]}
56.196	{"type":"ecg","dev":"node-01","seq":1931,"t0":194708,"fs":250,"leads_off":false,"bpm":null,"samples":[0,0,0,10,0,1,0,0,0,0,4,0,2,3,0,0,0,0,9,0,0,0,0,4,0]}
56.238	{"type":"imu","dev":"node-01","seq":1882,"t0":194750,"fs":100,"samples":[[-0.307,1.428,0.583,-11.29,77.37,-2.24,5.27,70.26],[-0.204,1.652,0.334,5.36,148.35,-28.76,6.75,70.48],[0.051,1.031,0.298,-39.64,135.91,-33.22,7.89,70.16],[0.049,0.759,0.693,9.45,81.28,-17.67,8.47,69.80],[0.235,0.771,-0.055,47.01,74.27,-10.66,8.69,70.75],[0.262,0.641,0.072,-19.82,18.29,-4.13,8.26,70.81],[0.147,0.631,0.191,-28.72,-3.72,7.03,7.80,70.57],[0.064,0.622,0.178,1.64,6.64,17.58,7.60,70.66],[0.127,0.697,0.262,10.18,13.53,17.82,7.39,70.73],[0.156,0.746,0.331,5.24,15.79,13.74,7.18,70.69]]}
56.296	{"type":"ecg","dev":"node-01","seq":1932,"t0":194808,"fs":250,"leads_off":false,"bpm":null,"samples":[0,0,0,3,1,0,0,0,0,0,0,0,0,1,0,0,0,19,0,0,0,0,0,2,0]}
56.338	{"type":"imu","dev":"node-01","seq":1883,"t0":194850,"fs":100,"samples":[[0.223,0.757,0.455,7.37,5.48,3.13,6.80,70.53],[0.228,0.782,0.621,17.31,-14.64,3.74,6.27,70.32],[0.212,0.821,0.663,29.20,-28.97,4.65,5.63,70.22],[0.063,0.946,0.712,56.64,-49.03,22.39,4.98,70.43],[-0.302,1.137,0.691,40.97,-43.97,48.19,4.70,70.60],[-0.407,1.224,0.583,29.02,-21.04,64.28,4.74,70.76],[-0.286,1.077,0.534,-38.85,20.55,65.87,5.11,70.24],[-0.024,1.034,0.473,-64.76,30.73,33.43,5.33,69.51],[0.061,1.055,0.446,-56.53,26.89,18.43,5.43,68.91],[0.056,1.010,0.476,-26.35,20.85,-10.96,5.47,68.57]]}
56.396	{"type":"ecg","dev":"node-01","seq":1933,"t0":194908,"fs":250,"leads_off":false,"bpm":null,"samples":[0,0,0,0,0,5,0,0,0,0,0,0,0,0,0,5,0,0,0,0,0,0,0,0,0]}
56.438	{"type":"imu","dev":"node-01","seq":1884,"t0":194950,"fs":100,"samples":[[0.065,0.936,0.483,6.58,21.40,-31.14,5.50,68.51],[0.083,0.881,0.549,25.85,17.31,-38.64,5.47,68.56],[0.131,0.907,0.590,33.65,18.11,-43.34,5.40,68.66],[0.079,0.857,0.509,65.12,6.89,-25.29,5.27,69.11],[-0.051,0.801,0.502,19.81,-0.19,-10.47,5.22,69.08],[-0.104,0.765,0.486,17.01,-1.53,3.49,5.23,69.01],[-0.181,0.770,0.477,22.31,0.55,26.17,5.36,69.02],[-0.188,0.751,0.463,11.52,4.81,33.43,5.54,68.92],[-0.159,0.752,0.477,7.19,6.40,32.09,5.69,68.76],[-0.123,0.755,0.479,10.18,5.12,15.63,5.79,68.64]]}
56.496	{"type":"ecg","dev":"node-01","seq":1934,"t0":195008,"fs":250,"leads_off":false,"bpm":null,"samples":[0,0,0,0,0,0,0,0,0,0,0,0,0,0,0,0,0,0,0,0,0,0,0,0,0]}
56.538	{"type":"imu","dev":"node-01","seq":1885,"t0":195050,"fs":100,"samples":[[-0.065,0.777,0.503,47.80,0.97,0.38,5.76,68.88],[-0.030,0.788,0.465,73.23,2.25,-7.12,5.71,69.40],[-0.001,0.848,0.450,97.49,-7.14,-14.74,5.52,70.21],[0.014,0.952,0.424,96.52,-8.11,-14.74,5.32,71.07],[0.033,0.997,0.454,86.95,-10.98,-16.08,5.07,71.81],[0.017,1.095,0.445,72.92,-7.02,-9.19,4.88,72.45],[0.001,1.090,0.455,38.65,-0.43,-5.59,4.78,72.73],[-0.027,1.070,0.460,27.31,-1.83,-5.59,4.69,72.88],[-0.043,1.021,0.460,21.21,-1.83,-1.39,4.63,72.94],[-0.089,1.000,0.468,11.34,-6.10,-2.61,4.57,72.89]]}
56.596	{"type":"ecg","dev":"node-01","seq":1935,"t0":195108,"fs":250,"leads_off":false,"bpm":null,"samples":[0,0,0,0,0,0,0,0,0,0,0,0,0,0,0,0,0,0,0,0,0,0,0,0,0]}
56.638	{"type":"imu","dev":"node-01","seq":1886,"t0":195150,"fs":100,"samples":[[-0.098,1.003,0.462,6.70,-3.91,-4.50,4.54,72.80],[-0.112,1.015,0.441,10.36,-9.33,-7.06,4.47,72.78],[-0.083,1.020,0.415,10.30,-15.55,-8.58,4.32,72.78],[-0.032,0.990,0.421,6.21,-22.87,-8.89,4.04,72.73],[-0.029,0.977,0.393,6.46,-24.88,-7.00,3.75,72.70],[0.006,0.956,0.406,12.13,-35.06,-7.30,3.32,72.70],[0.051,0.933,0.412,10.30,-38.78,-6.45,2.82,72.67],[0.071,0.926,0.410,6.21,-41.89,-8.70,2.27,72.60],[0.105,0.882,0.385,-0.07,-44.82,-9.07,1.66,72.48],[0.116,0.823,0.413,-16.16,-50.61,-9.13,0.99,72.14]]}
56.696	{"type":"ecg","dev":"node-01","seq":1936,"t0":195208,"fs":250,"leads_off":false,"bpm":null,"samples":[0,0,0,0,0,0,0,0,0,0,0,0,0,0,0,0,0,0,0,0,0,0,0,0,1]}
56.738	{"type":"imu","dev":"node-01","seq":1887,"t0":195250,"fs":100,"samples":[[0.105,0.808,0.427,-13.97,-51.22,-8.03,0.33,71.80],[0.051,0.880,0.308,-1.65,-48.36,-8.83,-0.21,71.76],[0.030,0.993,0.365,-51.04,-28.05,-7.48,-0.51,71.22],[0.003,1.072,0.403,-51.29,-23.30,-9.80,-0.73,70.69],[0.022,1.097,0.515,-74.03,-8.78,-11.45,-0.82,69.84],[-0.027,0.927,0.377,-42.20,-44.88,-19.50,-1.22,69.39],[-0.089,0.921,0.358,-24.33,-58.30,-14.01,-1.66,69.14],[-0.265,1.155,0.300,21.46,-51.65,7.64,-1.88,69.47],[-0.271,1.330,0.533,-43.11,-7.32,3.55,-1.70,69.02],[-0.193,1.159,0.527,-69.15,1.34,-8.09,-1.48,68.28]]}
56.796	{"type":"ecg","dev":"node-01","seq":1937,"t0":195308,"fs":250,"leads_off":false,"bpm":null,"samples":[0,0,0,0,0,0,0,0,0,0,0,0,0,0,0,0,0,0,0,0,0,0,0,0,0]}
56.838	{"type":"imu","dev":"node-01","seq":1888,"t0":195350,"fs":100,"samples":[[-0.051,0.758,0.402,-91.41,-9.70,-22.73,-1.48,67.25],[0.036,0.601,0.342,-1.90,-51.65,-21.57,-2.02,67.10],[-0.053,0.565,0.312,71.70,-89.27,-13.03,-2.76,67.68],[-0.120,0.558,0.321,75.97,-90.67,-10.05,-3.38,68.27],[-0.208,0.605,0.212,29.63,-66.65,-2.24,-3.61,68.61],[-0.227,0.675,0.220,20.67,-42.44,-3.70,-3.60,68.88],[-0.221,0.738,0.331,36.40,-33.23,-3.09,-3.54,69.18],[-0.274,0.806,0.563,42.13,-3.11,-3.34,-3.19,69.31],[-0.181,0.958,0.616,63.35,20.97,-15.23,-2.74,69.69],[-0.145,1.094,0.627,71.52,22.44,-24.25,-2.34,70.20]]}
56.896	{"type":"ecg","dev":"node-01","seq":1938,"t0":195408,"fs":250,"leads_off":false,"bpm":null,"samples":[0,0,0,0,0,0,0,0,0,0,0,0,0,0,0,0,0,0,0,0,0,0,0,0,0]}
56.938	{"type":"imu","dev":"node-01","seq":1889,"t0":195450,"fs":100,"samples":[[-0.047,1.315,0.641,66.15,20.79,-46.39,-2.05,70.72],[0.101,1.222,0.512,19.32,13.53,-53.15,-1.96,70.84],[0.062,1.134,0.509,-3.30,3.29,-44.37,-1.95,70.71],[-0.014,1.100,0.581,15.97,-7.14,-10.84,-1.97,70.70],[0.013,1.131,0.498,18.41,-26.10,17.27,-2.19,70.79],[-0.002,1.086,0.463,-11.83,-34.70,27.45,-2.49,70.59],[-0.135,0.978,0.478,-47.32,-45.49,38.55,-2.74,70.00],[-0.260,0.913,0.521,-24.76,-42.44,41.85,-2.83,69.56],[-0.303,0.831,0.552,3.29,-29.21,31.54,-2.72,69.33],[-0.300,0.808,0.507,19.39,-24.88,24.41,-2.56,69.29]]}
56.996	{"type":"ecg","dev":"node-01","seq":1939,"t0":195508,"fs":250,"leads_off":false,"bpm":null,"samples":[0,0,0,0,0,0,0,0,0,0,0,0,0,0,0,0,0,0,0,0,0,0,0,0,0]}
57.038	{"type":"imu","dev":"node-01","seq":1890,"t0":195550,"fs":100,"samples":[[-0.233,0.796,0.499,4.87,-11.71,10.20,-2.34,69.11],[-0.106,0.767,0.427,19.57,-2.02,-2.42,-2.18,69.14],[-0.080,0.768,0.411,25.54,1.40,-3.22,-2.02,69.24],[-0.030,0.774,0.417,31.58,5.30,-9.68,-1.88,69.40],[0.052,0.826,0.399,40.85,3.05,-9.13,-1.88,69.70],[0.048,0.819,0.433,31.46,-0.55,-7.73,-1.91,69.85],[0.075,0.818,0.417,27.86,-0.06,-1.69,-1.96,69.99],[0.040,0.839,0.435,27.86,-0.31,8.19,-1.98,70.11],[0.031,0.847,0.451,30.97,0.67,10.87,-1.97,70.25],[-0.022,0.899,0.443,36.76,9.51,16.48,-1.81,70.48]]}
57.096	{"type":"ecg","dev":"node-01","seq":1940,"t0":195608,"fs":250,"leads_off":false,"bpm":null,"samples":[0,0,0,0,0,0,0,0,0,0,0,0,0,0,0,0,0,0,0,0,0,0,0,0,0]}
57.138	{"type":"imu","dev":"node-01","seq":1891,"t0":195650,"fs":100,"samples":[[-0.078,0.953,0.455,38.04,20.36,17.82,-1.49,70.74],[-0.081,0.986,0.478,37.07,27.01,19.89,-1.11,70.97],[-0.097,0.992,0.502,24.69,33.05,16.78,-0.67,71.05],[-0.062,0.992,0.522,31.82,30.36,14.35,-0.29,71.19],[-0.065,1.018,0.503,39.26,24.20,13.13,0.02,71.42],[-0.073,1.043,0.508,45.97,16.70,13.43,0.25,71.73],[-0.105,1.025,0.473,45.60,9.39,16.85,0.45,72.04],[-0.119,0.989,0.448,44.69,7.19,22.27,0.63,72.35],[-0.125,0.991,0.438,41.58,5.67,23.55,0.81,72.64],[-0.138,0.937,0.423,29.75,6.03,24.04,1.00,72.79]]}
57.196	{"type":"ecg","dev":"node-01","seq":1941,"t0":195708,"fs":250,"leads_off":false,"bpm":null,"samples":[0,0,0,0,0,0,0,0,0,0,0,0,0,0,0,0,0,0,0,0,0,0,0,0,0]}
57.238	{"type":"imu","dev":"node-01","seq":1892,"t0":195750,"fs":100,"samples":[[-0.135,0.884,0.418,20.48,5.42,22.94,1.19,72.83],[-0.133,0.869,0.418,17.19,5.73,21.78,1.38,72.83],[-0.117,0.791,0.404,7.92,5.42,21.54,1.56,72.71],[-0.073,0.708,0.354,10.06,2.44,30.02,1.65,72.62],[-0.134,0.727,0.402,10.67,8.96,33.92,1.89,72.49],[-0.179,0.838,0.469,7.80,27.56,20.44,2.34,72.33],[-0.231,1.027,0.405,42.80,31.70,18.25,2.84,72.68],[-0.261,1.091,0.452,24.14,40.97,17.58,3.43,72.81],[-0.221,1.112,0.469,12.56,62.44,15.14,4.18,72.82],[-0.252,2.022,0.472,14.20,101.64,-14.07,5.23,73.04]]}
57.296	{"type":"ecg","dev":"node-01","seq":1942,"t0":195808,"fs":250,"leads_off":false,"bpm":null,"samples":[0,0,0,0,0,0,0,0,0,0,0,0,0,0,0,0,0,0,0,0,0,0,0,0,0]}
57.338	{"type":"imu","dev":"node-01","seq":1893,"t0":195850,"fs":100,"samples":[[-0.228,1.893,0.141,-3.36,126.77,-42.00,6.51,73.26],[0.197,0.654,0.550,-12.99,122.62,-46.63,7.32,72.67],[0.291,0.497,0.217,79.69,66.40,-23.58,7.26,73.32],[0.386,0.501,0.025,81.40,28.59,-29.98,6.64,74.39],[0.389,0.690,-0.050,16.34,-22.81,-25.11,5.70,74.95],[0.182,0.815,0.102,-2.75,-25.13,-1.08,5.09,75.08],[0.062,1.156,0.333,24.32,-14.58,8.37,4.78,75.30],[0.068,1.193,0.505,8.84,-4.03,6.97,4.59,75.22],[0.173,1.068,0.562,-33.24,0.30,-3.83,4.34,74.63],[0.297,1.003,0.528,-1.29,-29.15,-13.40,3.67,74.37]]}
57.396	{"type":"ecg","dev":"node-01","seq":1943,"t0":195908,"fs":250,"leads_off":false,"bpm":null,"samples":[0,0,0,0,0,0,0,0,0,0,0,0,0,0,0,0,0,0,0,0,0,0,0,0,0]}
57.438	{"type":"imu","dev":"node-01","seq":1894,"t0":195950,"fs":100,"samples":[[0.262,1.045,0.503,24.32,-46.47,-8.52,2.89,74.41],[0.034,1.058,0.506,47.43,-60.37,14.41,2.21,74.67],[-0.071,0.987,0.474,30.30,-37.87,28.98,1.86,74.76],[-0.053,1.027,0.416,6.46,-21.22,29.59,1.67,74.69],[-0.025,0.982,0.393,-24.52,-9.58,25.93,1.57,74.32],[-0.035,0.979,0.385,-28.72,-6.34,12.45,1.52,73.92],[-0.044,0.962,0.413,-25.19,-11.34,3.25,1.43,73.53],[-0.041,0.915,0.421,3.65,-10.43,-13.89,1.34,73.40],[-0.032,0.878,0.469,38.41,-5.55,-28.95,1.30,73.55],[-0.002,0.875,0.468,51.46,1.46,-31.39,1.29,73.82]]}
57.496	{"type":"ecg","dev":"node-01","seq":1944,"t0":196008,"fs":250,"leads_off":false,"bpm":null,"samples":[0,0,0,0,0,0,0,0,0,0,0,0,0,0,0,0,0,0,0,0,0,0,0,0,0]}
57.538	{"type":"imu","dev":"node-01","seq":1895,"t0":196050,"fs":100,"samples":[[0.030,0.862,0.498,44.99,5.36,-31.02,1.28,73.99],[0.048,0.839,0.485,21.40,7.31,-16.81,1.27,73.91],[0.032,0.816,0.448,11.28,7.25,-8.83,1.27,73.77],[-0.018,0.803,0.457,-13.60,10.18,9.28,1.37,73.37],[-0.082,0.798,0.419,-3.91,4.45,16.17,1.49,73.11],[-0.117,0.763,0.428,-24.27,10.00,15.32,1.71,72.62],[-0.115,0.737,0.405,-23.72,12.56,12.33,1.96,72.16],[-0.106,0.747,0.419,-20.92,15.12,5.20,2.21,71.73],[-0.056,0.791,0.461,-6.65,11.95,0.38,2.35,71.42],[-0.019,0.823,0.475,8.17,9.33,-2.00,2.42,71.27]]}
57.596	{"type":"ecg","dev":"node-01","seq":1945,"t0":196108,"fs":250,"leads_off":false,"bpm":null,"samples":[0,0,0,0,0,0,0,0,0,0,0,0,0,0,0,0,0,0,0,0,0,0,0,0,0]}
57.638	{"type":"imu","dev":"node-01","seq":1896,"t0":196150,"fs":100,"samples":[[0.023,0.886,0.488,39.14,-2.81,-2.30,2.31,71.46],[0.054,0.989,0.497,47.13,-5.37,-3.95,2.16,71.76],[0.053,1.040,0.473,42.25,-4.94,-3.70,2.01,72.04],[0.049,1.061,0.494,41.21,-5.13,-6.57,1.88,72.31],[0.037,1.115,0.546,31.52,-11.95,-8.58,1.69,72.45],[0.021,1.104,0.577,15.42,-9.21,-10.23,1.54,72.40],[0.017,1.098,0.532,10.54,-6.34,-5.53,1.43,72.34],[-0.032,1.099,0.536,2.07,-5.00,-3.09,1.39,72.19],[-0.028,1.070,0.529,1.40,-7.02,-2.67,1.32,72.04],[-0.022,1.023,0.522,-0.55,-7.50,-4.92,1.24,71.85]]}
57.696	{"type":"ecg","dev":"node-01","seq":1946,"t0":196208,"fs":250,"leads_off":false,"bpm":null,"samples":[0,0,0,0,0,0,0,0,0,0,0,0,0,0,0,0,0,0,0,0,0,0,0,0,0]}
57.738	{"type":"imu","dev":"node-01","seq":1897,"t0":196250,"fs":100,"samples":[[-0.003,1.001,0.491,4.57,-13.54,-11.02,1.08,71.73],[0.011,0.982,0.485,9.51,-22.02,-16.75,0.84,71.67],[0.026,0.927,0.461,15.30,-30.43,-20.17,0.49,71.65],[0.038,0.884,0.425,14.39,-33.78,-22.48,0.11,71.65],[0.038,0.779,0.377,30.85,-34.21,-20.35,-0.28,71.80],[0.049,0.794,0.350,53.23,-39.15,-19.98,-0.72,72.21],[-0.049,0.715,0.599,41.28,-27.02,-13.89,-0.91,72.17],[0.073,0.596,0.316,31.52,-13.30,-8.70,-1.15,72.28],[0.176,0.446,0.041,43.84,-34.64,-10.05,-1.89,72.96],[0.094,0.463,0.280,39.63,-10.86,-0.47,-2.16,73.06]]}
57.796	{"type":"ecg","dev":"node-01","seq":1947,"t0":196308,"fs":250,"leads_off":false,"bpm":null,"samples":[0,0,0,0,0,0,0,0,0,0,0,0,0,0,0,0,0,0,0,0,0,0,0,0,0]}
57.838	{"type":"imu","dev":"node-01","seq":1898,"t0":196350,"fs":100,"samples":[[0.102,0.573,0.186,32.98,-14.45,-0.47,-2.45,73.37],[0.121,0.677,0.194,27.43,-20.92,-2.97,-2.80,73.65],[0.124,0.823,0.334,30.60,-39.03,-10.23,-3.29,73.83],[0.037,1.075,0.450,40.06,-57.56,-7.06,-3.82,74.09],[-0.119,1.583,0.174,24.57,-74.21,-11.33,-4.39,74.53],[-0.230,2.333,0.607,-1.59,-80.06,-21.51,-4.97,74.53],[-0.530,0.961,0.749,19.51,-49.15,47.82,-4.89,74.27],[-0.658,0.958,0.453,44.99,-32.14,71.66,-4.47,74.52],[-0.497,1.033,0.349,23.65,-13.05,53.19,-4.02,74.69],[-0.335,1.037,0.021,-19.94,-13.30,12.70,-3.71,74.78]]}
57.896	{"type":"ecg","dev":"node-01","seq":1948,"t0":196408,"fs":250,"leads_off":false,"bpm":null,"samples":[0,0,0,0,0,0,0,0,0,0,0,0,0,0,0,0,0,0,0,0,0,0,0,0,0]}
57.901	{"type":"status","dev":"node-01","fw":"0.1.0","uptime_ms":196509,"ecg":{"fs":250},"imu":{"ok":true,"fs":100,"errors":503,"fields":["ax","ay","az","gx","gy","gz","pitch","roll"]}}
57.938	{"type":"imu","dev":"node-01","seq":1899,"t0":196450,"fs":100,"samples":[[-0.421,0.980,0.098,-44.03,-28.97,-18.28,-3.46,74.54],[-0.398,0.949,0.228,-42.14,-14.58,-25.47,-3.09,74.16],[-0.281,0.832,0.311,-4.76,-0.86,-30.53,-2.68,74.02],[-0.159,0.748,0.415,38.71,6.89,-30.84,-2.35,74.14],[-0.080,0.735,0.476,54.08,10.91,-32.06,-2.09,74.33],[0.099,0.729,0.502,63.65,16.77,-32.42,-2.01,74.58],[0.258,0.796,0.431,77.37,10.48,-34.19,-2.19,75.08],[0.249,0.835,0.431,67.56,-13.54,-32.85,-2.57,75.49],[0.225,0.915,0.332,45.91,-37.20,-28.28,-3.15,75.83],[0.090,1.075,0.349,38.78,-51.16,-17.18,-3.68,76.14]]}
57.996	{"type":"ecg","dev":"node-01","seq":1949,"t0":196508,"fs":250,"leads_off":false,"bpm":null,"samples":[0,0,0,0,0,0,0,0,0,0,0,0,0,0,0,0,0,0,0,0,0,0,0,0,0]}
58.038	{"type":"imu","dev":"node-01","seq":1900,"t0":196550,"fs":100,"samples":[[-0.001,1.166,0.345,36.58,-49.21,-11.81,-4.09,76.44],[-0.143,1.295,0.444,24.51,-42.32,4.71,-4.30,76.57],[-0.224,1.240,0.450,26.03,-33.72,21.66,-4.35,76.70],[-0.216,1.163,0.444,20.60,-31.65,25.50,-4.38,76.75],[-0.159,1.028,0.401,1.89,-27.26,30.26,-4.39,76.61],[-0.119,0.944,0.338,-15.01,-24.52,31.36,-4.41,76.33],[-0.120,0.933,0.318,-19.82,-22.08,29.77,-4.40,76.04],[-0.169,0.927,0.277,-11.04,-13.78,28.55,-4.25,75.87],[-0.200,0.909,0.271,-28.72,4.20,19.35,-3.88,75.54],[-0.146,0.872,0.335,-19.58,13.47,2.27,-3.50,75.22]]}
58.096	{"type":"ecg","dev":"node-01","seq":1950,"t0":196608,"fs":250,"leads_off":false,"bpm":null,"samples":[0,0,0,0,0,0,0,0,0,0,0,0,0,0,0,0,0,0,0,0,0,0,0,0,0]}
58.138	{"type":"imu","dev":"node-01","seq":1901,"t0":196650,"fs":100,"samples":[[-0.105,0.846,0.332,-9.82,16.70,-2.48,-3.13,74.99],[-0.067,0.808,0.337,-10.31,7.98,-26.63,-2.90,74.74],[-0.026,0.788,0.462,-30.13,15.85,-28.52,-2.66,74.14],[0.012,0.798,0.456,6.34,14.27,-28.40,-2.48,73.92],[-0.008,0.850,0.359,40.91,3.72,-19.07,-2.38,74.19],[-0.011,0.852,0.380,8.35,4.87,-16.14,-2.27,74.11],[-0.007,0.852,0.396,2.07,5.79,-11.75,-2.16,73.95],[-0.006,0.872,0.376,9.99,6.40,5.56,-2.05,73.90],[-0.030,0.875,0.375,-4.40,4.87,15.69,-1.93,73.71],[-0.054,0.883,0.386,-6.29,3.11,19.35,-1.79,73.51]]}
58.196	{"type":"ecg","dev":"node-01","seq":1951,"t0":196708,"fs":250,"leads_off":false,"bpm":null,"samples":[0,0,0,0,0,0,0,0,0,0,0,0,0,0,0,0,0,0,0,0,0,0,0,0,0]}
58.238	{"type":"imu","dev":"node-01","seq":1902,"t0":196750,"fs":100,"samples":[[-0.086,0.929,0.429,-1.47,3.11,27.76,-1.63,73.33],[-0.117,0.974,0.466,-2.32,-1.41,29.65,-1.49,73.12],[-0.127,0.992,0.456,5.24,-6.34,25.87,-1.39,73.02],[-0.147,1.040,0.442,9.20,-9.52,23.55,-1.30,72.99],[-0.157,1.054,0.435,2.13,-4.64,22.15,-1.17,72.90],[-0.153,1.033,0.418,-0.07,-0.43,20.56,-0.99,72.80],[-0.145,0.976,0.405,-2.69,4.69,17.03,-0.77,72.67],[-0.137,0.948,0.376,-5.55,5.79,13.13,-0.54,72.53],[-0.145,0.895,0.372,-14.58,5.73,11.24,-0.31,72.28],[-0.151,0.876,0.358,-18.72,7.01,10.63,-0.05,72.01]]}
58.296	{"type":"ecg","dev":"node-01","seq":1952,"t0":196808,"fs":250,"leads_off":false,"bpm":null,"samples":[0,0,0,0,0,0,0,0,0,0,0,0,0,0,0,0,0,0,0,0,0,0,0,0,0]}
58.338	{"type":"imu","dev":"node-01","seq":1903,"t0":196850,"fs":100,"samples":[[-0.164,0.814,0.389,-29.21,6.89,12.45,0.22,71.57],[-0.179,0.829,0.366,-30.92,3.05,15.81,0.47,71.16],[-0.178,0.870,0.374,-29.09,3.90,14.47,0.71,70.79],[-0.162,0.972,0.463,-14.09,10.85,14.59,0.98,70.52],[-0.203,1.838,0.488,23.47,27.50,-3.22,1.35,70.85],[-0.106,2.069,0.333,36.64,54.14,-27.30,1.91,71.41],[0.176,0.854,1.010,13.04,70.79,-30.47,2.42,70.91],[0.569,0.721,0.139,52.68,37.56,-39.80,1.98,71.59],[0.611,0.680,0.058,24.45,-14.03,-40.59,0.97,72.10],[0.412,0.848,0.142,37.62,-58.05,13.80,-0.13,72.64]]}
58.396	{"type":"ecg","dev":"node-01","seq":1953,"t0":196908,"fs":250,"leads_off":false,"bpm":null,"samples":[0,0,0,0,0,0,0,0,0,0,0,0,0,0,0,0,0,0,0,0,0,0,0,0,0]}
58.438	{"type":"imu","dev":"node-01","seq":1904,"t0":196950,"fs":100,"samples":[[0.143,0.812,0.071,-0.92,-15.43,63.49,-0.48,72.87],[0.011,0.806,0.125,-38.11,9.51,78.55,-0.39,72.67],[-0.110,0.726,0.300,-56.29,44.39,79.04,0.21,72.01],[-0.128,0.675,0.417,-43.91,57.25,53.74,0.95,71.31],[-0.126,0.655,0.417,-30.37,54.27,35.02,1.64,70.73],[0.021,0.771,0.550,13.96,29.57,-0.41,1.88,70.55],[0.084,1.010,0.586,47.37,6.58,-32.79,1.82,70.80],[0.065,1.206,0.564,51.76,-14.70,-32.91,1.59,71.19],[0.032,1.210,0.567,45.30,-15.73,-19.50,1.37,71.51],[0.033,1.147,0.531,28.59,12.37,12.58,1.44,71.66]]}
58.496	{"type":"ecg","dev":"node-01","seq":1954,"t0":197008,"fs":250,"leads_off":false,"bpm":null,"samples":[0,0,0,0,0,0,0,0,0,0,0,0,0,0,0,0,0,0,0,0,0,0,0,0,0]}
58.538	{"type":"imu","dev":"node-01","seq":1905,"t0":197050,"fs":100,"samples":[[0.128,1.071,0.621,6.82,15.48,38.25,1.44,71.49],[0.177,1.063,0.553,1.58,17.80,39.41,1.42,71.33],[0.150,0.970,0.479,-19.76,21.22,33.67,1.44,70.98],[0.046,0.902,0.538,-42.93,27.19,13.74,1.63,70.32],[0.022,0.881,0.524,-43.91,27.25,1.48,1.84,69.67],[0.008,0.861,0.466,-19.70,21.09,-14.92,2.00,69.32],[-0.010,0.821,0.478,-9.88,10.55,-23.83,2.07,69.03],[-0.025,0.801,0.456,3.71,3.05,-25.78,2.09,68.89],[-0.040,0.786,0.408,32.07,-1.83,-5.96,2.09,69.08],[-0.050,0.800,0.426,11.52,-3.17,6.48,2.08,69.05]]}
58.596	{"type":"ecg","dev":"node-01","seq":1955,"t0":197108,"fs":250,"leads_off":false,"bpm":null,"samples":[0,0,0,0,0,0,0,0,0,0,0,0,0,0,0,0,0,0,0,0,0,0,0,0,0]}
58.638	{"type":"imu","dev":"node-01","seq":1906,"t0":197150,"fs":100,"samples":[[-0.061,0.792,0.463,-5.01,-0.55,11.54,2.11,68.81],[-0.016,0.821,0.456,7.07,-2.93,25.63,2.05,68.73],[-0.012,0.843,0.506,3.96,-7.93,24.83,1.95,68.57],[-0.010,0.842,0.527,3.84,-8.78,19.47,1.84,68.40],[-0.015,0.850,0.523,8.10,-6.77,15.87,1.75,68.28],[-0.013,0.852,0.521,19.75,-5.55,4.83,1.68,68.28],[-0.006,0.886,0.509,37.62,-4.15,-8.70,1.61,68.48],[0.005,0.916,0.504,43.41,-5.25,-15.78,1.52,68.76],[0.030,0.960,0.520,54.81,-7.81,-26.75,1.38,69.15],[0.034,0.992,0.502,50.79,-11.59,-29.01,1.20,69.53]]}
58.696	{"type":"ecg","dev":"node-01","seq":1956,"t0":197208,"fs":250,"leads_off":false,"bpm":null,"samples":[0,0,0,0,0,0,0,0,0,0,0,0,0,0,0,0,0,0,0,0,0,0,0,0,0]}
58.738	{"type":"imu","dev":"node-01","seq":1907,"t0":197250,"fs":100,"samples":[[0.038,0.988,0.499,43.53,-13.42,-28.58,1.01,69.83],[0.052,0.975,0.507,37.92,-14.70,-22.97,0.79,70.06],[0.061,0.963,0.505,31.09,-16.53,-17.24,0.55,70.21],[0.066,0.961,0.487,28.17,-18.05,-14.31,0.29,70.34],[0.064,0.953,0.490,25.42,-19.09,-11.63,0.03,70.44],[0.057,0.950,0.499,30.36,-20.86,-10.41,-0.24,70.58],[0.059,0.956,0.501,31.28,-19.82,-9.25,-0.49,70.72],[0.056,0.969,0.473,34.63,-20.13,-11.75,-0.73,70.92],[0.061,0.953,0.447,30.12,-18.97,-15.17,-0.97,71.10],[0.053,0.935,0.433,28.29,-19.03,-13.03,-1.20,71.25]]}
58.796	{"type":"ecg","dev":"node-01","seq":1957,"t0":197308,"fs":250,"leads_off":false,"bpm":null,"samples":[0,0,0,0,0,0,0,0,0,0,0,0,0,0,0,0,0,0,0,0,0,0,0,0,0]}
58.838	{"type":"imu","dev":"node-01","seq":1908,"t0":197350,"fs":100,"samples":[[0.039,0.921,0.404,26.58,-22.93,-10.66,-1.44,71.42],[0.023,0.925,0.362,25.42,-24.82,-8.58,-1.69,71.61],[0.042,0.896,0.374,25.60,-25.43,-8.09,-1.95,71.77],[0.052,0.874,0.376,25.85,-27.38,-6.87,-2.24,71.93],[0.081,0.829,0.378,25.36,-30.00,-7.36,-2.59,72.05],[0.085,0.777,0.371,23.53,-29.52,-5.35,-2.94,72.13],[0.102,0.748,0.343,18.29,-27.50,-1.69,-3.30,72.17],[0.114,0.718,0.345,4.51,-27.87,-5.53,-3.67,72.06],[0.124,0.801,0.340,4.14,-23.60,-7.85,-3.98,72.00],[0.135,0.880,0.329,9.20,-21.95,-11.87,-4.28,72.04]]}
58.896	{"type":"ecg","dev":"node-01","seq":1958,"t0":197408,"fs":250,"leads_off":false,"bpm":null,"samples":[0,0,0,0,0,0,0,0,0,0,0,0,0,0,0,0,0,0,0,0,0,0,0,0,0]}
58.938	{"type":"imu","dev":"node-01","seq":1909,"t0":197450,"fs":100,"samples":[[0.134,1.121,0.383,12.19,-20.43,-24.80,-4.53,72.14],[0.132,1.092,0.452,18.17,-23.91,-31.14,-4.80,72.22],[0.090,0.985,0.497,24.81,-30.86,-25.59,-5.10,72.29],[-0.040,0.969,0.443,24.45,-44.45,-4.86,-5.39,72.39],[-0.309,1.499,0.391,2.37,-39.88,5.81,-5.45,72.47],[-0.395,1.507,0.235,-11.22,-32.93,14.53,-5.37,72.54],[-0.356,1.063,0.378,-30.25,34.20,10.99,-4.58,72.20],[-0.215,0.780,0.370,10.73,15.73,-6.57,-4.05,72.15],[-0.172,0.760,0.304,26.89,-12.20,-19.80,-3.85,72.33],[-0.118,0.759,0.279,39.99,-65.31,-31.26,-4.25,72.68]]}
58.996	{"type":"ecg","dev":"node-01","seq":1959,"t0":197508,"fs":250,"leads_off":false,"bpm":null,"samples":[0,0,0,0,0,0,0,0,0,0,0,0,0,0,0,0,0,0,0,0,0,0,0,0,0]}
59.038	{"type":"imu","dev":"node-01","seq":1910,"t0":197550,"fs":100,"samples":[[-0.165,0.750,0.222,16.40,-64.58,-20.23,-4.56,72.85],[-0.148,0.723,0.202,-8.18,-40.31,-16.51,-4.64,72.80],[-0.132,0.724,0.265,-4.15,-29.64,-13.89,-4.64,72.71],[-0.095,0.804,0.392,19.87,-8.23,-15.35,-4.51,72.73],[-0.042,0.928,0.532,47.37,-3.42,-24.37,-4.41,72.94],[-0.005,0.999,0.550,64.26,-9.82,-28.58,-4.41,73.33],[0.042,1.128,0.494,68.53,-20.86,-32.24,-4.57,73.87],[0.052,1.145,0.436,35.67,-20.55,-31.02,-4.73,74.12],[0.038,1.106,0.408,22.98,-16.10,-26.08,-4.83,74.26],[-0.025,1.077,0.454,7.49,-0.92,-12.18,-4.71,74.19]]}
59.096	{"type":"ecg","dev":"node-01","seq":1960,"t0":197608,"fs":250,"leads_off":false,"bpm":null,"samples":[0,0,0,0,0,0,0,0,0,0,0,0,0,0,0,0,0,0,0,0,0,0,0,0,0]}
59.138	{"type":"imu","dev":"node-01","seq":1911,"t0":197650,"fs":100,"samples":[[-0.037,1.093,0.443,8.47,-5.31,10.32,-4.64,74.15],[-0.046,1.106,0.414,10.30,-12.08,17.52,-4.62,74.16],[-0.110,1.083,0.417,0.79,-23.42,26.91,-4.65,74.06],[-0.172,1.029,0.434,-7.99,-28.42,32.52,-4.66,73.84],[-0.202,1.005,0.438,-12.87,-26.53,32.88,-4.61,73.57],[-0.222,0.951,0.442,-22.69,-15.73,27.52,-4.44,73.18],[-0.211,0.894,0.441,-29.58,-4.45,18.00,-4.15,72.70],[-0.193,0.873,0.432,-28.05,-0.43,13.49,-3.85,72.24],[-0.148,0.824,0.398,-21.41,6.52,4.77,-3.53,71.87],[-0.088,0.803,0.397,-13.79,9.27,-3.70,-3.25,71.57]]}
59.196	{"type":"ecg","dev":"node-01","seq":1961,"t0":197708,"fs":250,"leads_off":false,"bpm":null,"samples":[0,0,0,0,0,0,0,0,0,0,0,0,0,0,0,0,0,0,0,0,0,0,0,0,0]}
59.238	{"type":"imu","dev":"node-01","seq":1912,"t0":197750,"fs":100,"samples":[[-0.032,0.788,0.417,-5.01,8.23,-10.90,-3.06,71.33],[-0.021,0.801,0.403,0.12,7.68,-12.48,-2.90,71.17],[0.005,0.797,0.429,-4.46,10.18,-13.76,-2.75,70.94],[0.014,0.802,0.426,2.92,13.84,-12.91,-2.58,70.79],[0.031,0.814,0.410,7.25,15.42,-10.05,-2.41,70.71],[0.013,0.819,0.456,10.30,17.31,-6.81,-2.21,70.62],[-0.013,0.864,0.471,21.58,14.63,-2.42,-2.01,70.64],[-0.024,0.902,0.479,25.67,14.02,0.44,-1.80,70.72],[-0.061,0.988,0.521,25.67,15.48,8.06,-1.55,70.80],[-0.067,1.040,0.535,10.91,16.58,16.66,-1.29,70.75]]}
59.296	{"type":"ecg","dev":"node-01","seq":1962,"t0":197808,"fs":250,"leads_off":false,"bpm":null,"samples":[0,0,0,0,0,0,0,0,0,0,0,0,0,0,0,0,0,0,0,0,0,0,0,0,0]}
59.338	{"type":"imu","dev":"node-01","seq":1913,"t0":197850,"fs":100,"samples":[[-0.081,1.051,0.535,5.60,16.46,19.83,-1.03,70.65],[-0.087,1.062,0.551,-5.86,13.47,25.87,-0.79,70.43],[-0.095,1.070,0.543,-11.71,7.62,27.27,-0.61,70.17],[-0.103,1.055,0.548,-15.37,6.22,28.13,-0.44,69.87],[-0.121,1.012,0.528,-14.58,3.17,28.67,-0.28,69.58],[-0.140,0.990,0.530,-29.88,6.58,26.72,-0.07,69.13],[-0.131,0.934,0.525,-33.72,9.87,20.75,0.17,68.63],[-0.127,0.924,0.502,-24.64,9.87,18.13,0.40,68.24],[-0.125,0.897,0.485,-9.76,9.27,13.00,0.62,68.02],[-0.120,0.871,0.434,2.98,12.01,7.39,0.87,67.96]]}
59.396	{"type":"ecg","dev":"node-01","seq":1963,"t0":197908,"fs":250,"leads_off":false,"bpm":null,"samples":[0,0,0,0,0,0,0,0,0,0,0,0,0,0,0,0,0,0,0,0,0,0,0,0,0]}
59.438	{"type":"imu","dev":"node-01","seq":1914,"t0":197950,"fs":100,"samples":[[-0.127,0.869,0.431,3.78,15.36,6.36,1.15,67.91],[-0.099,0.857,0.402,8.17,21.58,1.48,1.46,67.92],[-0.085,0.839,0.399,10.30,26.34,0.38,1.79,67.96],[-0.079,0.841,0.372,12.01,28.23,2.27,2.13,68.04],[-0.082,0.815,0.369,-3.24,32.62,4.77,2.51,67.96],[-0.111,0.849,0.358,-4.82,36.46,9.16,2.96,67.90],[-0.124,0.887,0.339,-1.96,39.02,13.13,3.43,67.90],[-0.117,0.840,0.334,-4.88,40.73,13.98,3.91,67.86],[-0.113,0.777,0.336,-1.71,47.13,13.37,4.44,67.82],[-0.092,0.759,0.356,-0.80,51.09,11.54,4.98,67.75]]}
59.496	{"type":"ecg","dev":"node-01","seq":1964,"t0":198008,"fs":250,"leads_off":false,"bpm":null,"samples":[0,0,0,0,0,0,0,0,0,0,0,0,0,0,0,0,0,0,0,0,0,0,0,0,0]}
59.538	{"type":"imu","dev":"node-01","seq":1915,"t0":198050,"fs":100,"samples":[[-0.063,0.923,0.573,10.18,48.05,4.83,5.42,67.66],[-0.113,1.922,0.508,86.15,72.13,-22.85,6.08,68.65],[0.153,1.465,0.303,41.70,92.37,-34.19,6.75,69.26],[0.150,0.683,0.770,-78.36,63.29,-24.74,7.07,67.93],[0.359,0.831,0.580,28.41,33.78,-10.05,6.87,67.96],[0.167,0.947,0.518,51.58,-25.49,16.54,6.30,68.33],[0.118,0.940,0.474,24.14,-27.20,27.21,5.78,68.46],[-0.061,0.916,0.412,-3.54,-19.58,42.21,5.55,68.38],[-0.063,0.909,0.468,-2.08,7.19,27.94,5.58,68.24],[-0.043,0.881,0.499,-10.74,11.46,16.17,5.63,67.98]]}
59.596	{"type":"ecg","dev":"node-01","seq":1965,"t0":198108,"fs":250,"leads_off":false,"bpm":null,"samples":[0,0,0,0,0,0,0,0,0,0,0,0,0,0,0,0,0,0,0,0,0,0,0,0,0]}
59.638	{"type":"imu","dev":"node-01","seq":1916,"t0":198150,"fs":100,"samples":[[-0.019,0.896,0.483,15.12,2.50,-3.76,5.56,68.00],[-0.009,0.852,0.529,57.37,-7.26,-9.44,5.39,68.37],[-0.063,0.814,0.525,48.35,-7.99,-11.51,5.27,68.62],[-0.074,0.786,0.499,18.04,0.67,-13.09,5.27,68.57],[-0.088,0.806,0.508,1.58,11.46,-3.46,5.38,68.37],[-0.069,0.791,0.540,-7.87,16.28,0.93,5.51,68.04],[-0.043,0.880,0.546,-2.63,18.53,8.92,5.63,67.82],[0.001,0.912,0.555,16.09,12.62,8.25,5.64,67.79],[0.017,0.916,0.558,21.28,10.61,4.77,5.62,67.82],[0.031,0.903,0.562,22.49,8.17,-6.81,5.55,67.85]]}
59.696	{"type":"ecg","dev":"node-01","seq":1966,"t0":198208,"fs":250,"leads_off":false,"bpm":null,"samples":[0,0,0,0,0,0,0,0,0,0,0,0,0,0,0,0,0,0,0,0,0,0,0,0,0]}
59.738	{"type":"imu","dev":"node-01","seq":1917,"t0":198250,"fs":100,"samples":[[0.040,0.894,0.527,21.76,12.13,-14.92,5.51,67.89],[0.029,0.892,0.530,16.28,14.51,-17.79,5.51,67.88],[0.015,0.898,0.512,3.10,17.07,-17.36,5.55,67.76],[0.011,0.885,0.514,-4.88,15.18,-7.18,5.58,67.55],[0.008,0.874,0.496,-2.81,10.18,1.54,5.56,67.38],[-0.003,0.866,0.506,2.74,4.87,5.75,5.50,67.26],[-0.011,0.861,0.505,20.30,-3.91,12.03,5.36,67.30],[-0.024,0.863,0.518,29.93,-11.16,11.54,5.17,67.43],[-0.020,0.876,0.517,33.41,-12.38,10.87,4.97,67.60],[-0.006,0.883,0.526,32.01,-11.53,7.58,4.77,67.75]]}
59.796	{"type":"ecg","dev":"node-01","seq":1967,"t0":198308,"fs":250,"leads_off":false,"bpm":null,"samples":[0,0,0,0,0,0,0,0,0,0,0,0,0,0,0,0,0,0,0,0,0,0,0,0,0]}
59.838	{"type":"imu","dev":"node-01","seq":1918,"t0":198350,"fs":100,"samples":[[0.016,0.890,0.539,30.48,-9.45,5.20,4.56,67.87],[0.025,0.889,0.546,27.80,-8.78,4.35,4.36,67.95],[0.052,0.911,0.536,40.60,-8.84,5.14,4.13,68.18],[0.057,0.937,0.555,48.53,-14.70,2.70,3.84,68.48],[0.058,0.951,0.554,50.24,-13.30,2.88,3.57,68.80],[0.061,0.956,0.548,51.70,-14.21,2.21,3.30,69.13],[0.023,0.943,0.578,40.97,-17.69,-0.41,3.03,69.32],[0.024,0.929,0.561,47.80,-13.60,-0.53,2.81,69.58],[0.007,0.941,0.531,52.43,-12.20,0.44,2.63,69.91],[0.011,0.932,0.515,43.90,-8.66,-3.15,2.48,70.17]]}
59.896	{"type":"ecg","dev":"node-01","seq":1968,"t0":198408,"fs":250,"leads_off":false,"bpm":null,"samples":[0,0,0,0,0,0,0,0,0,0,0,0,0,0,0,0,0,0,0,0,0,0,0,0,0]}
59.938	{"type":"imu","dev":"node-01","seq":1919,"t0":198450,"fs":100,"samples":[[0.023,0.946,0.490,41.89,-5.49,-2.12,2.35,70.43],[0.027,0.925,0.494,36.34,-7.87,-5.78,2.20,70.61],[0.045,0.940,0.452,37.68,-9.82,-1.39,2.01,70.86],[0.069,0.929,0.496,11.21,-20.92,-6.45,1.69,70.79],[0.055,0.914,0.465,14.63,-23.23,-4.68,1.37,70.78],[0.042,0.922,0.479,18.47,-32.56,0.63,0.97,70.79],[0.021,0.929,0.490,1.64,-33.42,5.32,0.60,70.64],[0.013,0.930,0.474,-10.31,-32.32,5.63,0.26,70.38],[-0.003,0.906,0.480,-14.40,-30.19,10.75,-0.04,70.08],[-0.043,0.897,0.451,19.81,-38.66,12.03,-0.37,70.14]]}
59.996	{"type":"ecg","dev":"node-01","seq":1969,"t0":198508,"fs":250,"leads_off":false,"bpm":null,"samples":[0,0,0,0,0,0,0,0,0,0,0,0,0,0,0,0,0,0,0,0,0,0,0,0,0]}
