# rakshak-hub recording v1
# started: 2026-09-28T22:29:08+05:30
# port: auto  baud: 921600
# format: <seconds since start><TAB><raw line from the ESP32>
0.069	{"type":"imu","dev":"node-01","seq":1354,"t0":145530,"fs":100,"samples":[[0.021,0.981,0.187,-1.08,-8.60,1.00,-6.54,78.17],[0.015,0.989,0.201,0.50,-7.26,0.45,-6.49,78.18],[0.029,0.976,0.194,-0.29,-7.63,0.02,-6.47,78.19],[0.032,0.993,0.202,2.58,-9.34,0.57,-6.47,78.22],[0.029,0.984,0.200,0.08,-7.51,1.12,-6.45,78.23],[0.018,0.982,0.206,-7.30,-7.99,-0.16,-6.42,78.15],[0.031,0.978,0.198,-14.43,-6.23,-2.05,-6.38,78.02],[0.032,0.975,0.210,-14.43,-6.10,-1.08,-6.35,77.88],[0.033,0.974,0.210,-7.54,-7.45,-1.69,-6.34,77.80],[0.042,0.971,0.218,-3.82,-7.38,0.51,-6.33,77.75]]}
0.154	{"type":"ecg","dev":"node-01","seq":1441,"t0":145613,"fs":250,"leads_off":false,"bpm":105.0,"samples":[2015,2023,2001,1923,1853,1813,1775,1707,1648,1619,1602,1584,1535,1524,1518,1535,1561,1565,1558,1556,1526,1458,1351,1306,1458]}
0.169	{"type":"imu","dev":"node-01","seq":1355,"t0":145630,"fs":100,"samples":[[0.013,0.989,0.202,13.98,-9.09,0.75,-6.31,77.90],[0.028,0.999,0.217,8.55,-9.70,0.39,-6.31,77.99],[0.031,0.985,0.211,-13.58,-7.32,-2.48,-6.29,77.85],[0.023,0.967,0.208,-13.28,-7.02,-2.72,-6.26,77.72],[0.030,0.973,0.211,-8.28,-7.99,-2.84,-6.25,77.64],[0.028,0.968,0.200,0.87,-7.69,-1.50,-6.23,77.66],[0.032,0.976,0.213,4.35,-9.46,1.12,-6.24,77.70],[0.011,0.984,0.193,7.94,-8.91,1.49,-6.21,77.81],[0.030,0.984,0.212,2.27,-9.76,-1.26,-6.22,77.83],[0.029,0.978,0.205,3.86,-9.34,-0.59,-6.22,77.87]]}
0.253	{"type":"ecg","dev":"node-01","seq":1442,"t0":145713,"fs":250,"leads_off":false,"bpm":105.5,"samples":[1733,2016,2355,2734,3195,3271,2608,1646,795,467,575,784,950,1130,1320,1520,1665,1727,1727,1717,1727,1760,1778,1808,1817]}
0.269	{"type":"imu","dev":"node-01","seq":1356,"t0":145730,"fs":100,"samples":[[0.036,0.989,0.203,8.13,-8.91,-0.65,-6.22,77.96],[0.031,0.997,0.212,5.14,-8.91,-1.56,-6.22,78.01],[0.030,0.978,0.227,-1.57,-10.62,-1.75,-6.23,77.98],[0.028,0.996,0.223,1.11,-11.29,-1.26,-6.25,77.97],[0.040,0.992,0.199,-4.86,-12.02,-1.50,-6.29,77.94],[-0.006,0.954,0.168,-7.91,-5.80,-3.82,-6.21,77.90],[0.041,0.998,0.207,5.08,-10.19,-2.84,-6.23,77.96],[0.057,1.002,0.186,3.61,-10.07,-3.70,-6.27,78.03],[0.011,0.989,0.213,-3.03,-13.48,-3.09,-6.30,77.99],[0.029,0.998,0.171,-2.30,-11.47,-1.87,-6.31,78.02]]}
0.354	{"type":"ecg","dev":"node-01","seq":1443,"t0":145813,"fs":250,"leads_off":false,"bpm":105.5,"samples":[1825,1825,1815,1837,1857,1883,1906,1908,1918,1916,1931,1958,1980,1995,2000,2000,2013,2030,2064,2071,2085,2084,2086,2106,2094]}
0.369	{"type":"imu","dev":"node-01","seq":1357,"t0":145830,"fs":100,"samples":[[0.025,1.004,0.185,-3.95,-10.80,-0.95,-6.32,78.01],[0.026,1.017,0.202,-5.11,-9.70,-3.58,-6.32,77.98],[0.028,0.988,0.183,-11.69,-7.87,-5.83,-6.30,77.89],[0.034,0.990,0.173,-8.09,-7.38,-5.83,-6.28,77.86],[0.024,0.987,0.179,-2.42,-9.09,-4.73,-6.27,77.87],[0.020,0.986,0.198,2.33,-11.96,-4.25,-6.29,77.91],[0.019,0.981,0.193,-1.69,-13.12,-4.25,-6.31,77.91],[0.022,0.959,0.194,-9.56,-13.66,-4.67,-6.35,77.83],[0.023,0.959,0.193,-9.07,-13.91,-4.19,-6.39,77.75],[0.022,0.959,0.198,-6.63,-13.79,-3.27,-6.42,77.70]]}
0.454	{"type":"ecg","dev":"node-01","seq":1444,"t0":145913,"fs":250,"leads_off":false,"bpm":105.5,"samples":[2096,2077,2075,2082,2100,2106,2097,2096,2081,2032,1977,1911,1872,1816,1775,1742,1709,1698,1680,1648,1621,1619,1618,1622,1620]}
0.469	{"type":"imu","dev":"node-01","seq":1358,"t0":145930,"fs":100,"samples":[[0.029,0.980,0.200,-6.75,-13.18,-3.88,-6.45,77.65],[0.033,0.965,0.195,-8.21,-12.75,-5.16,-6.48,77.59],[0.026,0.962,0.194,-5.17,-12.32,-4.19,-6.50,77.56],[0.022,0.982,0.204,5.50,-12.69,-3.51,-6.52,77.63],[0.036,1.002,0.212,2.52,-12.08,-5.10,-6.55,77.66],[0.026,1.011,0.220,-2.12,-12.75,-5.40,-6.57,77.64],[0.030,1.008,0.199,-1.14,-10.86,-4.73,-6.58,77.65],[0.007,0.998,0.238,-0.71,-12.69,-4.37,-6.58,77.63],[0.014,0.996,0.201,-0.84,-14.15,-1.38,-6.61,77.64],[0.018,0.991,0.199,-6.63,-14.46,-0.04,-6.64,77.60]]}
0.554	{"type":"ecg","dev":"node-01","seq":1445,"t0":146013,"fs":250,"leads_off":false,"bpm":105.5,"samples":[1615,1617,1619,1643,1648,1640,1648,1648,1651,1664,1668,1670,1662,1662,1662,1655,1639,1627,1627,1637,1659,1666,1657,1647,1649]}
0.569	{"type":"imu","dev":"node-01","seq":1359,"t0":146030,"fs":100,"samples":[[0.012,0.967,0.220,-10.23,-13.48,-2.17,-6.65,77.49],[0.010,0.979,0.215,-12.73,-15.43,-4.37,-6.68,77.37],[0.015,0.995,0.233,-17.06,-15.68,-7.17,-6.72,77.19],[0.030,0.990,0.246,-32.42,-12.57,-10.77,-6.74,76.85],[0.032,0.965,0.237,-26.69,-10.07,-9.92,-6.74,76.57],[0.023,0.954,0.234,-15.90,-10.92,-8.03,-6.74,76.41],[0.033,0.950,0.241,1.11,-13.18,-5.04,-6.77,76.41],[0.029,0.962,0.253,2.46,-13.54,-5.22,-6.80,76.41],[0.027,0.955,0.254,4.10,-14.03,-4.86,-6.84,76.43],[0.025,0.967,0.244,11.24,-13.66,-4.06,-6.86,76.52]]}
0.654	{"type":"ecg","dev":"node-01","seq":1446,"t0":146113,"fs":250,"leads_off":false,"bpm":105.5,"samples":[1648,1648,1634,1622,1645,1670,1687,1681,1679,1682,1710,1759,1818,1849,1859,1840,1839,1882,1907,1943,1985,2000,1960,1877,1837]}
0.669	{"type":"imu","dev":"node-01","seq":1360,"t0":146130,"fs":100,"samples":[[0.029,0.986,0.240,19.41,-14.58,-3.88,-6.90,76.71],[0.033,0.991,0.238,15.57,-13.97,-3.45,-6.94,76.85],[0.016,0.986,0.223,6.48,-11.35,-4.06,-6.93,76.93],[0.014,0.972,0.225,-11.75,-9.52,-5.95,-6.90,76.81],[0.017,0.958,0.229,-19.74,-9.21,-6.50,-6.87,76.61],[0.012,0.955,0.237,-14.25,-8.54,-4.73,-6.83,76.46],[0.008,0.975,0.242,-3.09,-11.29,-4.92,-6.81,76.42],[0.015,0.981,0.251,-0.53,-11.16,-5.10,-6.80,76.40],[0.011,0.977,0.250,5.50,-11.59,-4.12,-6.80,76.45],[0.009,0.986,0.250,9.89,-14.03,-3.64,-6.80,76.53]]}
0.754	{"type":"ecg","dev":"node-01","seq":1447,"t0":146213,"fs":250,"leads_off":false,"bpm":106.2,"samples":[1812,1764,1694,1648,1637,1615,1535,1488,1488,1512,1533,1562,1575,1575,1555,1557,1491,1366,1328,1501,1783,2117,2511,2903,3334]}
0.769	{"type":"imu","dev":"node-01","seq":1361,"t0":146230,"fs":100,"samples":[[0.015,0.983,0.249,6.85,-12.99,-1.99,-6.81,76.58],[0.014,0.972,0.239,6.42,-12.69,-2.78,-6.82,76.63],[0.012,0.963,0.233,7.94,-12.93,-1.56,-6.82,76.71],[0.017,0.975,0.231,7.46,-12.45,-0.95,-6.82,76.78],[0.015,0.979,0.230,5.32,-12.08,-1.99,-6.82,76.83],[0.018,0.983,0.228,1.48,-12.51,-2.60,-6.83,76.85],[0.020,0.986,0.223,1.48,-11.16,-2.54,-6.83,76.87],[0.020,0.991,0.214,0.20,-11.53,-2.60,-6.82,76.89],[0.025,1.000,0.219,0.44,-12.14,-3.09,-6.84,76.91],[0.025,0.991,0.210,-0.47,-10.92,-2.66,-6.83,76.93]]}
0.854	{"type":"ecg","dev":"node-01","seq":1448,"t0":146313,"fs":250,"leads_off":false,"bpm":106.2,"samples":[3117,2298,1358,657,487,672,887,1077,1231,1408,1586,1712,1743,1724,1719,1763,1781,1789,1824,1840,1833,1834,1834,1852,1885]}
0.869	{"type":"imu","dev":"node-01","seq":1362,"t0":146330,"fs":100,"samples":[[0.019,0.985,0.228,-4.31,-12.99,-2.60,-6.85,76.89],[0.018,0.997,0.220,-3.70,-12.75,-1.50,-6.85,76.86],[0.035,0.981,0.185,-3.15,-10.19,-2.05,-6.86,76.88],[-0.004,0.967,0.199,-0.90,-7.99,-3.64,-6.79,76.90],[0.031,0.995,0.240,1.42,-11.59,-1.87,-6.81,76.91],[0.032,0.974,0.177,-3.95,-8.54,-4.31,-6.79,76.92],[0.017,0.980,0.229,-5.71,-12.08,-1.99,-6.79,76.87],[0.022,0.985,0.190,-2.18,-11.10,-1.50,-6.79,76.89],[0.016,0.990,0.224,-1.75,-9.46,-2.36,-6.77,76.88],[0.016,1.004,0.233,-1.45,-7.57,-3.33,-6.72,76.87]]}
0.952	{"type":"status","dev":"node-01","fw":"0.1.0","uptime_ms":146509,"ecg":{"fs":250},"imu":{"ok":true,"fs":100,"errors":861,"fields":["ax","ay","az","gx","gy","gz","pitch","roll"]}}
0.955	{"type":"ecg","dev":"node-01","seq":1449,"t0":146413,"fs":250,"leads_off":false,"bpm":106.2,"samples":[1895,1904,1910,1920,1936,1933,1933,1939,1968,1986,1983,2003,2038,2063,2057,2053,2045,2047,2072,2092,2102,2098,2082,2089,2095]}
0.969	{"type":"imu","dev":"node-01","seq":1363,"t0":146430,"fs":100,"samples":[[0.017,1.003,0.228,-1.20,-7.02,-3.94,-6.68,76.86],[0.008,0.986,0.208,0.57,-6.10,-4.92,-6.61,76.89],[0.010,0.974,0.210,2.76,-9.95,-2.66,-6.59,76.94],[0.025,0.981,0.224,1.91,-11.10,-2.42,-6.59,76.96],[0.016,1.000,0.231,-1.32,-11.90,-1.56,-6.60,76.95],[0.013,0.993,0.220,3.19,-11.04,-1.44,-6.59,76.99],[0.013,0.973,0.214,7.88,-12.08,0.33,-6.59,77.08],[0.005,0.971,0.198,25.75,-13.60,3.92,-6.60,77.36],[0.013,0.982,0.213,28.55,-13.12,1.79,-6.61,77.66],[0.027,0.968,0.170,21.11,-11.96,1.79,-6.62,77.90]]}
1.054	{"type":"ecg","dev":"node-01","seq":1450,"t0":146513,"fs":250,"leads_off":false,"bpm":106.2,"samples":[2078,2070,2077,2073,2019,1953,1889,1836,1791,1761,1728,1676,1639,1615,1613,1624,1627,1622,1615,1604,1616,1627,1645,1642,1645]}
1.069	{"type":"imu","dev":"node-01","seq":1364,"t0":146530,"fs":100,"samples":[[0.019,1.002,0.169,11.54,-11.71,0.02,-6.63,78.07],[-0.005,0.969,0.187,-31.14,-9.52,-6.69,-6.58,77.79],[0.042,0.974,0.292,-37.91,-7.32,-6.75,-6.57,77.32],[0.040,0.960,0.254,-25.29,-7.14,-4.25,-6.56,77.03],[0.012,0.977,0.168,-11.51,-7.57,-1.87,-6.51,76.98],[0.000,1.010,0.260,-22.97,-12.87,-4.73,-6.51,76.73],[0.020,0.985,0.247,-29.43,-9.76,-7.36,-6.50,76.43],[0.011,0.927,0.168,-3.82,-11.04,-3.70,-6.49,76.45],[0.014,0.988,0.229,37.76,-15.31,2.22,-6.53,76.85],[0.035,1.010,0.237,42.15,-15.07,4.17,-6.58,77.24]]}
1.154	{"type":"ecg","dev":"node-01","seq":1451,"t0":146613,"fs":250,"leads_off":false,"bpm":106.2,"samples":[1633,1611,1614,1618,1643,1648,1646,1634,1642,1634,1641,1631,1627,1648,1651,1647,1658,1671,1655,1645,1648,1648,1657,1655,1648]}
1.169	{"type":"imu","dev":"node-01","seq":1365,"t0":146630,"fs":100,"samples":[[0.027,1.016,0.222,22.64,-10.49,2.64,-6.58,77.48],[0.005,0.986,0.222,-0.53,-11.84,-1.38,-6.57,77.47],[0.010,0.983,0.220,0.20,-11.71,-1.08,-6.57,77.47],[0.021,0.979,0.218,10.38,-13.42,-0.28,-6.59,77.57],[0.022,0.995,0.202,10.57,-12.81,0.45,-6.61,77.69],[0.019,0.997,0.206,6.18,-12.75,-0.47,-6.62,77.77],[0.016,0.989,0.204,-10.04,-12.81,-1.75,-6.63,77.68],[0.017,0.976,0.204,-15.23,-12.32,-3.51,-6.64,77.54],[0.017,0.979,0.214,-14.25,-12.20,-3.33,-6.65,77.40],[0.017,0.976,0.213,-13.09,-12.63,-2.30,-6.66,77.28]]}
1.254	{"type":"ecg","dev":"node-01","seq":1452,"t0":146713,"fs":250,"leads_off":false,"bpm":106.2,"samples":[1648,1642,1630,1626,1631,1639,1647,1653,1666,1716,1793,1858,1883,1877,1887,1895,1899,1953,2013,2002,1936,1857,1802,1751,1713]}
1.269	{"type":"imu","dev":"node-01","seq":1366,"t0":146730,"fs":100,"samples":[[0.014,0.972,0.216,-10.04,-11.90,-3.03,-6.66,77.18],[0.015,0.979,0.227,-7.61,-11.84,-3.03,-6.66,77.11],[0.017,0.977,0.218,-5.23,-11.77,-2.05,-6.66,77.06],[0.013,0.983,0.219,5.08,-14.46,-2.36,-6.68,77.12],[0.019,0.992,0.214,3.43,-13.36,-2.84,-6.70,77.17],[0.018,0.991,0.215,2.64,-13.54,-3.03,-6.72,77.20],[0.017,0.983,0.218,1.66,-13.66,-1.56,-6.74,77.22],[0.024,0.987,0.212,3.13,-13.54,-2.30,-6.77,77.27],[0.010,0.987,0.212,2.03,-13.54,-1.38,-6.78,77.30],[0.017,0.978,0.211,-1.02,-12.93,-1.50,-6.79,77.30]]}
1.354	{"type":"ecg","dev":"node-01","seq":1453,"t0":146813,"fs":250,"leads_off":false,"bpm":99.8,"samples":[1687,1674,1680,1661,1623,1587,1598,1613,1628,1637,1652,1682,1703,1707,1671,1567,1463,1502,1732,2003,2317,2643,3055,3366,2960]}
1.369	{"type":"imu","dev":"node-01","seq":1367,"t0":146830,"fs":100,"samples":[[0.007,0.986,0.207,-1.51,-13.12,-2.78,-6.79,77.30],[0.012,0.980,0.214,-3.21,-12.75,-3.03,-6.79,77.28],[0.007,0.983,0.207,-5.17,-12.75,-3.88,-6.79,77.25],[0.017,0.983,0.209,-5.78,-13.06,-4.55,-6.80,77.21],[0.015,0.976,0.210,-4.37,-12.93,-4.49,-6.81,77.17],[0.015,0.982,0.211,-4.19,-12.81,-3.58,-6.81,77.15],[0.013,0.978,0.212,-3.15,-12.99,-3.33,-6.82,77.13],[0.020,0.988,0.214,-1.69,-13.60,-2.23,-6.84,77.13],[0.018,0.983,0.216,-1.32,-13.30,-2.84,-6.86,77.12],[0.017,0.986,0.220,-1.26,-13.79,-3.45,-6.87,77.12]]}
1.453	{"type":"ecg","dev":"node-01","seq":1454,"t0":146913,"fs":250,"leads_off":false,"bpm":99.8,"samples":[2084,1137,606,630,848,1031,1173,1350,1535,1712,1808,1834,1834,1840,1845,1855,1869,1870,1881,1907,1953,1989,2000,2003,2005]}
1.469	{"type":"imu","dev":"node-01","seq":1368,"t0":146930,"fs":100,"samples":[[0.024,0.994,0.235,0.08,-14.70,-2.54,-6.90,77.11],[0.030,1.000,0.216,-0.53,-14.21,-3.03,-6.94,77.12],[0.023,0.976,0.167,-6.32,-9.52,-4.37,-6.92,77.12],[0.030,0.981,0.248,-3.40,-13.79,-3.39,-6.95,77.06],[0.042,1.000,0.221,1.36,-12.69,-3.76,-6.98,77.08],[0.014,0.978,0.225,-5.35,-12.45,-4.61,-6.98,77.03],[0.021,0.990,0.193,-7.97,-13.48,-2.11,-7.00,76.99],[0.021,0.982,0.191,-12.06,-12.02,-4.06,-7.00,76.91],[0.013,0.976,0.241,-9.13,-13.42,-4.37,-7.01,76.80],[0.024,0.974,0.221,-3.64,-11.10,-4.31,-7.00,76.78]]}
1.553	{"type":"ecg","dev":"node-01","seq":1455,"t0":147013,"fs":250,"leads_off":false,"bpm":99.8,"samples":[2031,2022,2038,2055,2074,2094,2102,2139,2192,2243,2286,2305,2303,2278,2243,2225,2231,2225,2224,2227,2231,2235,2235,2231,2224]}
1.569	{"type":"imu","dev":"node-01","seq":1369,"t0":147030,"fs":100,"samples":[[0.021,0.972,0.218,-2.54,-10.19,-4.86,-6.99,76.76],[0.012,0.968,0.203,1.72,-10.68,-3.82,-6.96,76.81],[0.014,0.992,0.230,4.22,-12.20,-2.54,-6.96,76.85],[0.018,0.991,0.233,3.19,-11.84,-2.54,-6.96,76.88],[0.007,0.990,0.231,2.58,-12.87,-3.09,-6.95,76.91],[0.009,0.985,0.218,0.99,-12.75,-2.90,-6.95,76.93],[0.016,0.981,0.213,0.75,-12.63,-3.51,-6.95,76.95],[0.015,0.982,0.210,2.52,-12.81,-2.17,-6.96,77.00],[0.020,0.981,0.214,0.93,-11.96,-3.45,-6.96,77.02],[0.024,0.982,0.213,-2.61,-12.87,-3.27,-6.97,77.01]]}
1.654	{"type":"ecg","dev":"node-01","seq":1456,"t0":147113,"fs":250,"leads_off":false,"bpm":99.8,"samples":[2224,2195,2157,2103,2071,2027,1979,1927,1877,1840,1795,1758,1727,1696,1666,1655,1641,1650,1667,1663,1663,1662,1658,1651,1635]}
1.669	{"type":"imu","dev":"node-01","seq":1370,"t0":147130,"fs":100,"samples":[[0.021,0.977,0.218,-3.03,-11.53,-3.09,-6.97,76.99],[0.024,0.981,0.219,-3.95,-11.84,-2.97,-6.97,76.96],[0.023,0.983,0.228,-5.11,-11.35,-3.15,-6.97,76.91],[0.031,0.978,0.214,-5.65,-12.14,-3.51,-6.98,76.87],[0.012,0.981,0.250,-1.69,-10.98,-2.05,-6.97,76.83],[0.020,0.988,0.217,1.85,-11.96,-1.20,-6.97,76.86],[0.020,0.990,0.219,-1.20,-10.98,-0.83,-6.96,76.86],[0.015,0.975,0.214,-2.24,-10.13,-0.77,-6.94,76.86],[0.020,0.982,0.226,3.37,-12.02,-1.62,-6.94,76.89],[0.033,0.981,0.227,6.97,-12.02,-1.26,-6.95,76.96]]}
1.753	{"type":"ecg","dev":"node-01","seq":1457,"t0":147213,"fs":250,"leads_off":false,"bpm":99.8,"samples":[1629,1620,1605,1614,1606,1618,1620,1618,1594,1574,1562,1584,1591,1616,1611,1617,1639,1642,1605,1589,1590,1571,1574,1575,1577]}
1.769	{"type":"imu","dev":"node-01","seq":1371,"t0":147230,"fs":100,"samples":[[0.020,0.970,0.220,9.47,-11.71,-2.11,-6.95,77.06],[0.021,0.969,0.225,9.10,-12.08,-2.11,-6.96,77.14],[0.025,0.980,0.227,12.52,-12.38,-1.56,-6.97,77.26],[0.031,0.983,0.224,10.57,-11.71,-1.62,-6.98,77.37],[0.021,0.975,0.229,6.30,-10.92,-1.50,-6.97,77.42],[0.017,0.972,0.231,0.44,-10.31,-1.62,-6.95,77.40],[0.026,0.979,0.241,-1.32,-9.95,-2.78,-6.94,77.37],[0.020,0.958,0.234,-9.62,-9.27,-2.78,-6.91,77.25],[0.029,0.954,0.234,-13.15,-8.30,-2.90,-6.89,77.10],[0.018,0.956,0.227,-10.71,-8.79,-4.61,-6.86,76.99]]}
1.854	{"type":"ecg","dev":"node-01","seq":1458,"t0":147313,"fs":250,"leads_off":false,"bpm":99.8,"samples":[1590,1619,1619,1600,1597,1619,1662,1726,1761,1776,1771,1808,1810,1835,1889,1961,1953,1865,1770,1730,1743,1724,1679,1616,1582]}
1.869	{"type":"imu","dev":"node-01","seq":1372,"t0":147330,"fs":100,"samples":[[0.017,0.967,0.260,-12.61,-9.27,-4.80,-6.83,76.82],[0.011,0.967,0.239,-10.47,-9.34,-4.55,-6.80,76.70],[-0.001,0.955,0.244,-10.04,-9.95,-4.25,-6.76,76.59],[0.008,0.967,0.253,-7.97,-12.38,-4.19,-6.75,76.48],[0.012,1.000,0.274,4.16,-11.65,-2.84,-6.75,76.49],[0.023,1.003,0.277,6.05,-12.87,-3.03,-6.76,76.51],[0.011,0.990,0.238,10.26,-13.24,-1.62,-6.77,76.61],[0.001,0.998,0.256,10.38,-15.13,-4.55,-6.78,76.69],[0.032,0.988,0.194,14.83,-14.15,-4.43,-6.83,76.89],[0.040,0.980,0.193,18.13,-13.54,-3.21,-6.87,77.10]]}
1.954	{"type":"ecg","dev":"node-01","seq":1459,"t0":147413,"fs":250,"leads_off":false,"bpm":102.8,"samples":[1535,1495,1486,1472,1441,1431,1424,1457,1482,1514,1535,1488,1379,1342,1451,1712,2006,2383,2701,3138,3137,2478,1571,753,491]}
1.969	{"type":"imu","dev":"node-01","seq":1373,"t0":147430,"fs":100,"samples":[[0.035,0.975,0.210,24.04,-15.25,-0.83,-6.92,77.35],[0.013,0.988,0.183,13.13,-11.53,-0.83,-6.91,77.52],[0.004,0.981,0.195,6.91,-11.16,-1.14,-6.88,77.61],[0.016,0.978,0.207,-1.81,-10.56,-4.25,-6.87,77.60],[0.014,0.987,0.205,-3.82,-9.88,-2.78,-6.84,77.58],[0.001,0.999,0.189,0.44,-9.95,-3.15,-6.80,77.62],[0.008,0.985,0.174,5.14,-10.37,-4.73,-6.78,77.72],[0.015,0.971,0.154,1.60,-11.65,-5.71,-6.77,77.80],[0.009,0.990,0.189,-1.20,-11.10,-5.59,-6.76,77.81],[0.016,0.998,0.185,0.75,-10.49,-5.89,-6.74,77.85]]}
2.054	{"type":"ecg","dev":"node-01","seq":1460,"t0":147513,"fs":250,"leads_off":false,"bpm":102.8,"samples":[661,879,1039,1214,1437,1669,1854,1909,1886,1856,1871,1923,1986,2017,2029,2012,1969,1936,1898,1930,1959,1982,1984,1968,1953]}
2.069	{"type":"imu","dev":"node-01","seq":1374,"t0":147530,"fs":100,"samples":[[0.029,0.996,0.188,5.57,-10.37,-5.22,-6.74,77.94],[0.013,0.999,0.144,6.60,-8.18,-4.86,-6.70,78.08],[0.020,1.008,0.192,11.18,-13.24,-3.76,-6.72,78.21],[0.028,0.977,0.148,7.82,-11.71,-3.82,-6.73,78.35],[0.002,0.972,0.183,2.58,-13.85,-2.66,-6.74,78.40],[0.016,0.973,0.141,-1.81,-14.95,-0.89,-6.77,78.45],[0.009,0.976,0.196,-2.36,-13.91,-0.10,-6.78,78.43],[0.012,0.986,0.202,4.77,-13.54,0.27,-6.79,78.47],[0.018,0.985,0.169,5.14,-12.69,-2.23,-6.81,78.56],[0.012,0.959,0.150,-7.48,-12.51,-3.27,-6.80,78.54]]}
2.154	{"type":"ecg","dev":"node-01","seq":1461,"t0":147613,"fs":250,"leads_off":false,"bpm":102.8,"samples":[1943,1946,1984,2022,2018,2007,2016,2031,2033,2035,2017,2022,2059,2064,2042,2038,2055,2087,2098,2084,2038,2053,2065,2043,1977]}
2.169	{"type":"imu","dev":"node-01","seq":1375,"t0":147630,"fs":100,"samples":[[0.002,1.000,0.209,-5.71,-12.32,-4.12,-6.79,78.48],[-0.004,1.025,0.257,1.18,-12.02,-3.64,-6.77,78.44],[0.008,1.033,0.235,11.60,-13.36,-2.97,-6.77,78.53],[-0.008,1.007,0.186,-3.03,-14.34,-2.97,-6.77,78.52],[-0.018,0.989,0.156,-7.42,-14.64,-2.60,-6.75,78.50],[0.001,0.984,0.179,-10.23,-16.10,-3.39,-6.78,78.42],[0.010,0.995,0.180,-5.11,-16.23,-3.03,-6.81,78.40],[0.015,0.996,0.192,-4.25,-16.59,-3.64,-6.86,78.37],[0.006,0.984,0.179,-1.32,-16.59,-2.97,-6.89,78.38],[0.014,0.988,0.174,5.02,-18.06,-2.17,-6.94,78.46]]}
2.254	{"type":"ecg","dev":"node-01","seq":1462,"t0":147713,"fs":250,"leads_off":false,"bpm":102.8,"samples":[1904,1846,1813,1760,1712,1675,1648,1625,1594,1567,1552,1575,1589,1581,1552,1535,1557,1590,1603,1600,1600,1605,1618,1598,1586]}
2.269	{"type":"imu","dev":"node-01","seq":1376,"t0":147730,"fs":100,"samples":[[0.022,0.953,0.164,6.24,-18.06,-2.97,-7.01,78.56],[0.010,0.987,0.208,5.44,-17.51,-1.69,-7.05,78.60],[0.012,0.998,0.196,6.24,-14.82,-3.21,-7.07,78.67],[0.025,1.001,0.204,7.58,-15.80,-2.30,-7.11,78.74],[0.008,1.005,0.198,5.63,-15.07,-1.26,-7.12,78.80],[0.010,0.987,0.167,-2.06,-14.21,-1.62,-7.13,78.81],[-0.000,0.973,0.161,-5.53,-14.58,-3.33,-7.13,78.79],[0.013,0.977,0.182,-4.19,-14.15,-3.58,-7.14,78.76],[0.016,0.988,0.187,-4.68,-13.79,-3.27,-7.16,78.73],[0.011,0.980,0.175,-7.30,-14.15,-2.60,-7.16,78.68]]}
2.354	{"type":"ecg","dev":"node-01","seq":1463,"t0":147813,"fs":250,"leads_off":false,"bpm":102.8,"samples":[1588,1616,1635,1645,1625,1609,1595,1597,1592,1590,1606,1600,1616,1622,1631,1639,1629,1616,1574,1595,1584,1593,1629,1683,1738]}
2.369	{"type":"imu","dev":"node-01","seq":1377,"t0":147830,"fs":100,"samples":[[0.006,0.984,0.178,-6.26,-14.58,-3.33,-7.17,78.64],[0.009,0.977,0.198,-7.42,-14.09,-3.70,-7.17,78.56],[0.013,0.974,0.182,-7.48,-14.03,-2.60,-7.18,78.51],[0.016,0.973,0.193,-4.19,-13.48,-1.87,-7.19,78.47],[0.011,0.991,0.189,0.99,-14.82,-2.11,-7.21,78.50],[0.014,0.987,0.188,1.91,-14.40,-0.77,-7.22,78.53],[0.020,0.995,0.195,2.64,-14.46,-1.62,-7.24,78.56],[0.015,0.989,0.192,0.81,-13.48,-0.59,-7.24,78.58],[0.020,0.988,0.191,-4.07,-13.36,-1.32,-7.26,78.55],[0.022,0.991,0.186,-4.50,-12.45,-1.56,-7.25,78.52]]}
2.454	{"type":"ecg","dev":"node-01","seq":1464,"t0":147913,"fs":250,"leads_off":false,"bpm":102.8,"samples":[1808,1819,1830,1840,1861,1893,1931,1965,1974,1936,1860,1811,1781,1751,1703,1645,1616,1600,1581,1522,1485,1475,1521,1535,1535]}
2.469	{"type":"imu","dev":"node-01","seq":1378,"t0":147930,"fs":100,"samples":[[0.021,0.979,0.183,-1.81,-13.54,-1.62,-7.27,78.52],[0.021,0.997,0.200,0.69,-12.38,-1.44,-7.27,78.53],[0.021,0.993,0.202,2.15,-12.20,-1.87,-7.26,78.55],[0.022,0.982,0.205,-1.69,-11.71,-1.44,-7.26,78.53],[0.013,0.990,0.177,-6.57,-11.16,-0.95,-7.24,78.49],[0.028,0.979,0.199,-5.41,-10.86,-2.17,-7.23,78.44],[0.018,0.983,0.191,-5.04,-9.88,-1.01,-7.21,78.40],[0.013,0.979,0.187,-2.79,-10.49,-0.77,-7.18,78.39],[0.022,0.983,0.190,-1.87,-11.65,-1.93,-7.18,78.38],[0.018,0.988,0.174,-2.18,-11.53,-2.05,-7.17,78.39]]}
2.553	{"type":"ecg","dev":"node-01","seq":1465,"t0":148013,"fs":250,"leads_off":false,"bpm":103.1,"samples":[1535,1559,1557,1487,1365,1296,1401,1648,1919,2240,2664,3184,3328,2683,1741,839,464,576,805,1023,1221,1417,1603,1744,1802]}
2.569	{"type":"imu","dev":"node-01","seq":1379,"t0":148030,"fs":100,"samples":[[0.013,0.978,0.195,-1.14,-10.74,-0.47,-7.14,78.39],[0.014,0.981,0.182,-0.04,-11.10,-1.01,-7.12,78.41],[0.010,0.965,0.188,0.75,-11.10,-1.75,-7.10,78.43],[0.023,0.975,0.192,1.54,-11.71,-0.22,-7.10,78.45],[0.019,0.981,0.186,1.05,-10.43,-0.89,-7.08,78.48],[0.017,0.983,0.209,0.20,-10.62,-1.81,-7.07,78.47],[0.024,0.990,0.194,0.81,-10.31,-1.93,-7.05,78.49],[0.027,0.993,0.170,0.14,-9.52,-1.75,-7.03,78.53],[0.027,0.976,0.140,-1.93,-5.13,-3.39,-6.98,78.57],[0.025,0.990,0.219,2.94,-9.58,-2.36,-6.96,78.58]]}
2.654	{"type":"ecg","dev":"node-01","seq":1466,"t0":148113,"fs":250,"leads_off":false,"bpm":103.1,"samples":[1802,1787,1795,1824,1850,1867,1863,1851,1843,1895,1916,1944,1947,1943,1936,1922,1960,1996,1997,2007,2032,2035,2051,2064,2076]}
2.669	{"type":"imu","dev":"node-01","seq":1380,"t0":148130,"fs":100,"samples":[[0.034,0.987,0.193,2.39,-8.18,-3.51,-6.94,78.61],[0.014,0.984,0.207,0.26,-8.60,-2.66,-6.90,78.60],[0.021,0.993,0.157,-1.32,-10.98,0.14,-6.89,78.64],[0.014,0.987,0.200,-3.03,-9.09,-1.56,-6.86,78.61],[0.024,0.989,0.208,1.48,-6.65,-1.32,-6.82,78.61],[0.022,0.992,0.185,2.09,-5.80,-1.75,-6.76,78.65],[0.010,0.980,0.184,-1.75,-6.84,-2.66,-6.70,78.65],[0.015,0.986,0.192,-3.15,-8.48,-2.48,-6.67,78.62],[0.012,0.987,0.200,-1.02,-7.69,-2.97,-6.63,78.61],[0.009,0.987,0.200,1.11,-8.60,-0.59,-6.59,78.62]]}
2.754	{"type":"ecg","dev":"node-01","seq":1467,"t0":148213,"fs":250,"leads_off":false,"bpm":103.1,"samples":[2093,2107,2113,2128,2133,2158,2160,2161,2155,2135,2129,2151,2165,2166,2151,2128,2085,2027,1972,1908,1851,1806,1775,1744,1703]}
2.769	{"type":"imu","dev":"node-01","seq":1381,"t0":148230,"fs":100,"samples":[[0.010,0.991,0.186,1.91,-9.64,-0.40,-6.56,78.65],[0.006,0.989,0.187,1.97,-8.60,-0.47,-6.52,78.69],[0.013,0.985,0.192,2.03,-10.25,0.88,-6.51,78.71],[0.019,0.985,0.182,1.85,-9.88,-0.16,-6.50,78.75],[0.016,0.982,0.176,2.27,-10.56,-1.14,-6.49,78.79],[0.024,0.973,0.190,2.94,-10.56,-0.77,-6.49,78.82],[0.021,0.988,0.197,0.20,-10.13,-2.23,-6.48,78.82],[0.021,0.985,0.183,-3.21,-9.34,-2.17,-6.47,78.80],[0.021,0.979,0.192,-3.89,-9.03,-2.90,-6.46,78.77],[0.015,0.990,0.210,-4.01,-8.24,-4.00,-6.42,78.71]]}
2.854	{"type":"ecg","dev":"node-01","seq":1468,"t0":148313,"fs":250,"leads_off":false,"bpm":103.1,"samples":[1680,1659,1663,1662,1653,1666,1666,1669,1678,1681,1671,1677,1690,1696,1696,1690,1680,1676,1679,1680,1689,1697,1710,1708,1706]}
2.869	{"type":"imu","dev":"node-01","seq":1382,"t0":148330,"fs":100,"samples":[[0.024,0.989,0.218,-1.63,-9.46,-2.72,-6.41,78.68],[0.023,0.991,0.190,-1.02,-9.03,-1.56,-6.40,78.68],[0.016,0.985,0.183,-4.74,-7.02,-2.17,-6.36,78.65],[0.010,0.982,0.186,-3.03,-8.91,-2.78,-6.33,78.63],[0.029,0.990,0.208,0.44,-8.79,-1.93,-6.32,78.62],[0.017,0.990,0.190,4.29,-8.97,-2.05,-6.30,78.68],[0.013,0.990,0.187,3.55,-10.68,-0.65,-6.30,78.72],[0.011,0.992,0.192,3.49,-11.23,-1.44,-6.29,78.76],[0.013,0.995,0.190,2.46,-12.38,-1.14,-6.31,78.80],[0.008,0.986,0.185,0.26,-10.68,-1.26,-6.29,78.81]]}
2.953	{"type":"ecg","dev":"node-01","seq":1469,"t0":148413,"fs":250,"leads_off":false,"bpm":103.1,"samples":[1693,1691,1680,1682,1683,1683,1680,1666,1674,1679,1695,1693,1702,1700,1695,1705,1714,1751,1811,1866,1882,1900,1920,1931,1935]}
2.969	{"type":"imu","dev":"node-01","seq":1383,"t0":148430,"fs":100,"samples":[[0.013,0.987,0.197,-1.51,-11.59,-0.95,-6.29,78.80],[0.017,0.988,0.193,-1.39,-11.71,-2.11,-6.30,78.78],[0.016,0.986,0.192,0.32,-10.25,-2.36,-6.30,78.79],[0.016,0.985,0.189,1.85,-10.62,-2.05,-6.29,78.82],[0.026,0.993,0.200,2.52,-11.71,-2.90,-6.31,78.84],[0.040,0.983,0.196,1.30,-11.29,-2.60,-6.34,78.85],[0.029,0.997,0.156,5.75,-12.14,-1.87,-6.37,78.95],[0.023,0.995,0.191,0.87,-10.07,-1.56,-6.36,78.96],[0.019,0.978,0.184,0.50,-12.14,-2.23,-6.38,78.97],[0.026,0.989,0.175,3.61,-10.80,-0.83,-6.38,79.03]]}
3.054	{"type":"ecg","dev":"node-01","seq":1470,"t0":148513,"fs":250,"leads_off":false,"bpm":103.1,"samples":[1979,2032,2017,1936,1856,1834,1787,1727,1691,1664,1659,1652,1605,1535,1534,1569,1583,1599,1599,1600,1605,1607,1510,1392,1358]}
3.069	{"type":"imu","dev":"node-01","seq":1384,"t0":148530,"fs":100,"samples":[[0.016,0.994,0.183,4.16,-11.16,-0.34,-6.39,79.08],[0.012,0.990,0.181,0.44,-10.49,-2.11,-6.37,79.10],[0.010,0.978,0.176,-3.28,-11.10,-3.03,-6.37,79.08],[0.022,0.979,0.185,-2.18,-10.92,-3.39,-6.37,79.06],[0.019,0.986,0.182,-1.26,-10.56,-3.64,-6.37,79.06],[0.020,0.985,0.185,0.99,-11.10,-3.70,-6.37,79.07],[0.029,0.984,0.187,2.09,-10.07,-3.09,-6.38,79.10],[0.022,0.986,0.180,4.16,-11.23,-3.64,-6.39,79.15],[0.014,0.984,0.176,4.83,-11.04,-4.06,-6.39,79.21],[0.026,0.989,0.179,2.94,-11.04,-2.84,-6.39,79.25]]}
3.154	{"type":"ecg","dev":"node-01","seq":1471,"t0":148613,"fs":250,"leads_off":false,"bpm":103.3,"samples":[1529,1807,2123,2463,2855,3309,3163,2370,1421,690,570,775,980,1147,1307,1457,1639,1767,1810,1797,1790,1798,1825,1867,1885]}
3.169	{"type":"imu","dev":"node-01","seq":1385,"t0":148630,"fs":100,"samples":[[0.031,0.988,0.174,2.82,-10.92,-2.30,-6.41,79.30],[0.024,0.988,0.177,3.19,-10.62,-1.08,-6.41,79.34],[0.023,0.998,0.177,2.27,-10.56,-2.11,-6.41,79.37],[0.012,0.992,0.201,-2.18,-10.86,-1.26,-6.40,79.33],[0.017,0.989,0.167,-4.56,-11.04,-2.66,-6.40,79.31],[0.029,0.981,0.162,-4.50,-9.21,-3.03,-6.40,79.29],[-0.009,0.962,0.156,-4.80,-8.24,-4.61,-6.34,79.28],[0.042,0.989,0.177,4.22,-10.13,-4.00,-6.36,79.33],[0.003,0.979,0.208,2.15,-11.35,-2.42,-6.35,79.32],[0.013,0.992,0.192,1.66,-13.42,-1.38,-6.37,79.33]]}
3.253	{"type":"ecg","dev":"node-01","seq":1472,"t0":148713,"fs":250,"leads_off":false,"bpm":103.3,"samples":[1882,1885,1903,1904,1909,1936,1942,1953,1954,1959,1977,1995,2000,1995,2002,2031,2047,2080,2101,2100,2112,2128,2141,2145,2135]}
3.269	{"type":"imu","dev":"node-01","seq":1386,"t0":148730,"fs":100,"samples":[[0.012,0.987,0.170,-2.18,-10.01,-2.72,-6.35,79.33],[0.017,0.993,0.190,3.00,-9.46,-2.42,-6.34,79.35],[0.022,0.995,0.190,4.71,-8.36,-2.54,-6.32,79.40],[0.017,0.990,0.184,3.68,-7.63,-4.31,-6.28,79.44],[0.011,0.976,0.171,1.11,-8.54,-3.88,-6.25,79.46],[0.011,0.985,0.180,0.81,-8.91,-3.33,-6.23,79.47],[0.021,1.001,0.188,1.79,-9.70,-2.72,-6.22,79.49],[0.009,0.999,0.180,0.69,-10.43,-2.42,-6.21,79.50],[0.005,0.995,0.184,-0.59,-9.88,-2.17,-6.19,79.49],[0.012,0.984,0.181,-2.54,-10.25,-2.42,-6.18,79.47]]}
3.354	{"type":"ecg","dev":"node-01","seq":1473,"t0":148813,"fs":250,"leads_off":false,"bpm":103.3,"samples":[2128,2127,2134,2146,2143,2145,2154,2160,2138,2093,2059,2015,1965,1904,1847,1810,1767,1712,1669,1661,1667,1667,1666,1667,1659]}
3.369	{"type":"imu","dev":"node-01","seq":1387,"t0":148830,"fs":100,"samples":[[0.024,0.981,0.183,-3.64,-9.27,-1.93,-6.17,79.43],[0.015,0.979,0.170,-1.69,-9.58,-2.30,-6.16,79.43],[0.013,0.986,0.182,-2.54,-10.01,-3.33,-6.15,79.41],[0.022,0.982,0.163,-3.95,-9.52,-2.48,-6.15,79.39],[0.013,0.985,0.182,-4.01,-10.13,-2.30,-6.14,79.36],[0.019,0.982,0.179,-3.40,-9.64,-2.72,-6.13,79.33],[0.007,0.978,0.172,-3.52,-8.60,-3.64,-6.10,79.31],[0.022,0.988,0.189,2.33,-11.10,-2.17,-6.11,79.33],[0.025,0.992,0.170,1.54,-9.82,-1.75,-6.12,79.36],[0.016,0.985,0.181,-4.98,-9.40,-2.48,-6.10,79.32]]}
3.454	{"type":"ecg","dev":"node-01","seq":1474,"t0":148913,"fs":250,"leads_off":false,"bpm":103.3,"samples":[1663,1665,1679,1682,1700,1693,1687,1683,1671,1664,1674,1677,1681,1693,1695,1690,1686,1689,1680,1680,1690,1682,1681,1680,1671]}
3.469	{"type":"imu","dev":"node-01","seq":1388,"t0":148930,"fs":100,"samples":[[0.021,0.976,0.168,-2.73,-10.01,-2.17,-6.10,79.31],[0.015,0.982,0.181,1.18,-9.70,-1.99,-6.09,79.33],[0.028,0.984,0.191,-1.51,-9.88,-2.23,-6.10,79.31],[0.010,0.979,0.177,-3.28,-10.37,-2.84,-6.09,79.29],[0.019,0.987,0.179,-4.62,-10.43,-4.12,-6.10,79.25],[0.014,0.990,0.183,-2.06,-10.01,-3.03,-6.09,79.24],[0.009,0.994,0.186,-1.93,-9.58,-1.69,-6.07,79.22],[0.004,0.995,0.185,-4.50,-9.88,-3.58,-6.05,79.18],[0.020,0.975,0.162,-4.13,-9.70,-1.56,-6.05,79.17],[0.010,0.989,0.187,4.53,-12.38,-1.20,-6.06,79.21]]}
3.553	{"type":"ecg","dev":"node-01","seq":1475,"t0":149013,"fs":250,"leads_off":false,"bpm":103.3,"samples":[1665,1666,1687,1708,1712,1713,1726,1751,1803,1861,1878,1871,1884,1903,1913,1939,1991,2012,1955,1869,1818,1792,1761,1712,1689]}
3.569	{"type":"imu","dev":"node-01","seq":1389,"t0":149030,"fs":100,"samples":[[0.010,0.992,0.183,4.41,-11.71,-1.75,-6.06,79.26],[0.017,0.987,0.177,-2.67,-10.80,-2.30,-6.07,79.25],[0.010,0.982,0.182,-3.03,-11.10,-3.03,-6.07,79.22],[0.015,0.981,0.180,-1.87,-11.04,-2.66,-6.07,79.21],[0.010,0.988,0.185,-1.26,-11.35,-2.36,-6.07,79.20],[0.012,0.984,0.177,-3.09,-10.43,-3.58,-6.06,79.18],[0.009,0.978,0.184,-4.25,-10.31,-3.09,-6.06,79.15],[0.012,0.981,0.180,-1.93,-9.76,-4.00,-6.04,79.14],[0.015,0.989,0.185,0.38,-10.98,-2.36,-6.05,79.15],[0.016,0.989,0.181,0.99,-12.57,-3.27,-6.07,79.16]]}
3.653	{"type":"ecg","dev":"node-01","seq":1476,"t0":149113,"fs":250,"leads_off":false,"bpm":103.9,"samples":[1687,1649,1599,1557,1533,1561,1584,1582,1578,1575,1586,1591,1552,1418,1317,1389,1635,1936,2305,2688,3189,3376,2795,1855,939]}
3.669	{"type":"imu","dev":"node-01","seq":1390,"t0":149130,"fs":100,"samples":[[0.013,0.986,0.181,0.99,-10.19,-1.87,-6.06,79.18],[0.014,0.989,0.184,1.30,-10.43,-2.72,-6.06,79.20],[0.017,0.988,0.180,0.81,-10.68,-2.11,-6.06,79.22],[0.012,0.988,0.182,1.66,-10.43,-3.51,-6.05,79.24],[0.022,0.990,0.182,1.66,-11.65,-1.75,-6.07,79.26],[0.014,0.982,0.182,2.58,-10.80,-1.93,-6.07,79.29],[0.009,0.985,0.169,4.22,-11.47,-2.42,-6.07,79.35],[0.006,0.982,0.183,0.57,-11.71,-1.93,-6.07,79.36],[0.008,0.980,0.181,-1.81,-11.41,-2.11,-6.08,79.35],[0.003,0.981,0.197,-1.20,-12.51,-1.81,-6.08,79.32]]}
3.753	{"type":"ecg","dev":"node-01","seq":1477,"t0":149213,"fs":250,"leads_off":false,"bpm":103.9,"samples":[546,645,881,1059,1215,1374,1573,1733,1805,1808,1795,1794,1815,1840,1860,1873,1886,1889,1895,1902,1905,1904,1919,1940,1963]}
3.769	{"type":"imu","dev":"node-01","seq":1391,"t0":149230,"fs":100,"samples":[[0.019,0.991,0.169,0.57,-12.87,-2.42,-6.10,79.35],[0.022,0.983,0.149,-0.23,-9.95,-2.60,-6.11,79.39],[-0.005,0.966,0.145,-2.24,-7.75,-3.21,-6.05,79.41],[0.028,0.994,0.180,3.19,-12.26,-3.70,-6.08,79.44],[0.009,0.982,0.187,-0.47,-10.68,-3.21,-6.08,79.43],[0.017,0.992,0.168,-0.96,-14.95,-0.59,-6.12,79.44],[0.020,0.991,0.141,-4.07,-12.57,-1.14,-6.15,79.45],[0.021,0.983,0.187,-2.12,-10.92,-0.95,-6.15,79.43],[0.022,0.990,0.185,5.08,-9.27,-2.11,-6.15,79.48],[0.020,0.991,0.179,4.77,-8.24,-2.48,-6.13,79.53]]}
3.853	{"type":"ecg","dev":"node-01","seq":1478,"t0":149313,"fs":250,"leads_off":false,"bpm":103.9,"samples":[1983,1987,1992,2001,2003,2006,2028,2064,2091,2097,2094,2083,2093,2112,2131,2130,2142,2109,2095,2123,2156,2174,2167,2148,2098]}
3.869	{"type":"imu","dev":"node-01","seq":1392,"t0":149330,"fs":100,"samples":[[0.010,0.986,0.164,1.91,-9.58,-3.94,-6.11,79.57],[0.015,0.992,0.179,-0.04,-11.10,-4.61,-6.11,79.57],[0.014,0.997,0.182,0.50,-10.31,-4.49,-6.11,79.58],[0.019,0.996,0.178,1.05,-10.62,-2.23,-6.11,79.59],[0.010,0.992,0.170,1.97,-10.56,-1.50,-6.11,79.63],[0.007,0.992,0.170,1.79,-10.56,-0.53,-6.09,79.66],[0.016,0.987,0.173,-3.46,-10.37,-2.48,-6.09,79.63],[0.012,0.978,0.162,-4.86,-9.82,-2.72,-6.08,79.60],[0.010,0.976,0.172,-4.74,-10.25,-2.48,-6.07,79.56],[0.014,0.978,0.168,-3.46,-8.97,-3.09,-6.05,79.54]]}
3.953	{"type":"ecg","dev":"node-01","seq":1479,"t0":149413,"fs":250,"leads_off":false,"bpm":103.9,"samples":[2036,1981,1940,1910,1872,1825,1776,1730,1697,1653,1634,1640,1637,1648,1652,1665,1664,1662,1661,1662,1666,1671,1669,1653,1671]}
3.969	{"type":"imu","dev":"node-01","seq":1393,"t0":149430,"fs":100,"samples":[[0.010,0.990,0.172,-2.18,-9.52,-2.60,-6.04,79.53],[0.010,0.987,0.173,-1.08,-9.27,-2.78,-6.02,79.53],[0.010,0.985,0.162,-2.00,-9.21,-1.75,-6.00,79.54],[0.015,0.989,0.201,1.54,-10.01,-2.11,-5.99,79.53],[0.016,0.991,0.176,-0.71,-9.82,-2.11,-5.99,79.53],[0.016,0.996,0.169,-2.79,-9.34,-1.44,-5.98,79.52],[0.014,0.985,0.171,-4.62,-9.27,-2.66,-5.97,79.49],[0.014,0.985,0.183,-4.01,-8.85,-1.99,-5.95,79.45],[0.018,0.987,0.189,-2.24,-9.64,-1.20,-5.95,79.42],[0.011,0.982,0.179,-2.48,-9.88,-1.08,-5.94,79.40]]}
4.053	{"type":"ecg","dev":"node-01","seq":1480,"t0":149513,"fs":250,"leads_off":false,"bpm":103.9,"samples":[1681,1695,1650,1646,1662,1684,1695,1699,1680,1680,1669,1675,1665,1660,1685,1711,1712,1723,1717,1709,1689,1696,1729,1790,1831]}
4.069	{"type":"imu","dev":"node-01","seq":1394,"t0":149530,"fs":100,"samples":[[0.014,0.977,0.181,-2.85,-9.70,-1.69,-5.93,79.38],[0.017,0.982,0.176,-3.52,-9.27,-1.93,-5.92,79.35],[0.015,0.982,0.180,-1.81,-9.34,-1.44,-5.91,79.34],[0.017,0.982,0.193,1.42,-9.27,-2.48,-5.90,79.34],[0.021,0.988,0.190,1.42,-9.58,-2.30,-5.90,79.35],[0.014,0.993,0.184,1.91,-9.34,-1.56,-5.89,79.38],[0.016,0.992,0.181,0.75,-9.64,-0.65,-5.89,79.39],[0.010,0.990,0.179,0.44,-9.64,-1.93,-5.88,79.40],[0.017,0.992,0.177,-0.35,-9.27,-1.81,-5.87,79.41],[0.011,0.997,0.184,-2.54,-9.09,-2.11,-5.85,79.38]]}
4.153	{"type":"ecg","dev":"node-01","seq":1481,"t0":149613,"fs":250,"leads_off":false,"bpm":103.9,"samples":[1856,1866,1882,1893,1885,1905,1975,2009,1963,1899,1843,1779,1731,1705,1671,1675,1651,1611,1531,1517,1523,1552,1573,1588,1600]}
4.169	{"type":"imu","dev":"node-01","seq":1395,"t0":149630,"fs":100,"samples":[[0.013,0.992,0.168,-2.36,-9.58,-1.26,-5.85,79.38],[0.019,0.987,0.172,-1.08,-9.82,-2.23,-5.85,79.39],[0.016,0.990,0.175,0.87,-10.25,-1.62,-5.85,79.41],[0.018,0.992,0.177,-2.24,-10.31,-1.32,-5.85,79.39],[0.012,0.992,0.167,-2.18,-10.01,-1.44,-5.85,79.39],[0.017,0.981,0.172,-1.57,-9.95,-2.30,-5.85,79.39],[0.017,0.987,0.181,0.93,-10.01,-1.08,-5.85,79.41],[0.023,0.989,0.180,-0.23,-10.80,-2.11,-5.86,79.41],[0.016,0.987,0.160,0.93,-9.76,-0.83,-5.86,79.45],[0.011,0.987,0.165,0.50,-10.68,-0.89,-5.86,79.47]]}
4.253	{"type":"ecg","dev":"node-01","seq":1482,"t0":149713,"fs":250,"leads_off":false,"bpm":105.2,"samples":[1605,1605,1571,1434,1325,1338,1535,1839,2179,2559,3031,3455,3099,2209,1186,565,543,772,977,1159,1327,1518,1691,1793,1813]}
4.269	{"type":"imu","dev":"node-01","seq":1396,"t0":149730,"fs":100,"samples":[[0.019,0.983,0.168,-0.65,-10.98,-1.93,-5.87,79.48],[0.027,0.983,0.162,-0.47,-9.88,-1.81,-5.88,79.50],[0.023,0.989,0.173,-2.12,-10.07,-2.78,-5.89,79.49],[0.018,0.985,0.173,-4.86,-9.34,-3.03,-5.88,79.45],[0.016,0.991,0.176,-5.96,-9.46,-2.60,-5.88,79.41],[0.014,0.988,0.201,-6.45,-10.98,-2.23,-5.88,79.32],[0.021,0.998,0.190,-4.43,-10.07,-2.05,-5.89,79.28],[0.019,0.987,0.171,-7.30,-9.34,-1.50,-5.88,79.23],[-0.013,0.964,0.167,-7.73,-7.51,-2.23,-5.82,79.16],[0.032,0.997,0.184,2.27,-11.10,-3.03,-5.85,79.19]]}
4.353	{"type":"ecg","dev":"node-01","seq":1483,"t0":149813,"fs":250,"leads_off":false,"bpm":105.2,"samples":[1801,1791,1797,1815,1829,1835,1842,1863,1887,1910,1935,1949,1936,1934,1936,1951,1968,1968,1967,1980,2007,2012,2038,2062,2075]}
4.369	{"type":"imu","dev":"node-01","seq":1397,"t0":149830,"fs":100,"samples":[[0.025,0.988,0.180,3.13,-10.37,-2.05,-5.86,79.23],[0.006,0.992,0.196,0.99,-13.12,-0.40,-5.88,79.24],[0.018,0.981,0.151,-4.68,-11.65,-0.40,-5.90,79.23],[0.016,0.985,0.192,-4.43,-11.16,-0.47,-5.91,79.18],[0.035,0.982,0.200,3.61,-9.82,-1.01,-5.93,79.20],[0.019,0.987,0.179,6.36,-7.69,-1.87,-5.90,79.28],[0.016,0.981,0.185,1.48,-8.24,-3.09,-5.89,79.29],[0.017,0.987,0.184,-1.87,-8.36,-3.15,-5.87,79.28],[0.020,0.997,0.193,-0.29,-8.73,-1.20,-5.86,79.27],[0.009,0.996,0.195,-0.23,-8.79,-0.40,-5.84,79.26]]}
4.454	{"type":"ecg","dev":"node-01","seq":1484,"t0":149913,"fs":250,"leads_off":false,"bpm":105.2,"samples":[2077,2076,2081,2107,2111,2099,2136,2128,2143,2144,2160,2165,2160,2123,2083,2043,2000,1950,1915,1854,1797,1750,1707,1677,1657]}
4.469	{"type":"imu","dev":"node-01","seq":1398,"t0":149930,"fs":100,"samples":[[0.014,0.991,0.178,0.50,-8.66,-0.53,-5.82,79.28],[0.019,0.989,0.182,-0.29,-9.03,-1.14,-5.82,79.28],[0.020,0.994,0.175,-1.75,-9.27,-1.87,-5.81,79.28],[0.017,0.980,0.170,-2.36,-7.57,-1.38,-5.79,79.27],[0.026,0.980,0.178,-3.95,-9.21,-3.45,-5.80,79.24],[0.029,0.980,0.167,-3.03,-8.30,-2.48,-5.79,79.23],[0.027,0.982,0.179,0.38,-9.21,-1.01,-5.80,79.25],[0.026,0.986,0.183,0.44,-9.27,-2.11,-5.80,79.25],[0.021,0.982,0.172,-2.06,-8.97,-1.69,-5.80,79.25],[0.016,0.992,0.206,-2.85,-9.52,-1.38,-5.80,79.20]]}
4.553	{"type":"ecg","dev":"node-01","seq":1485,"t0":150013,"fs":250,"leads_off":false,"bpm":105.2,"samples":[1635,1627,1617,1617,1616,1632,1648,1639,1616,1598,1619,1649,1659,1648,1645,1648,1638,1645,1643,1648,1637,1635,1638,1637,1645]}
4.569	{"type":"imu","dev":"node-01","seq":1399,"t0":150030,"fs":100,"samples":[[0.033,0.986,0.174,-1.81,-8.66,-0.95,-5.80,79.20],[0.026,0.985,0.172,-3.46,-7.51,-1.01,-5.79,79.19],[0.020,0.981,0.170,-3.15,-8.73,-1.93,-5.78,79.17],[0.032,0.985,0.191,-2.85,-8.12,-1.69,-5.78,79.14],[0.032,0.984,0.188,0.81,-7.57,-2.11,-5.78,79.15],[0.032,0.989,0.194,-0.41,-7.75,-2.23,-5.77,79.14],[0.033,0.991,0.190,-0.35,-8.18,-0.95,-5.78,79.14],[0.021,0.991,0.181,0.26,-9.40,-0.22,-5.78,79.15],[0.021,0.988,0.184,-0.35,-9.15,0.75,-5.78,79.16],[0.019,0.986,0.185,-2.54,-8.42,0.08,-5.76,79.14]]}
4.653	{"type":"ecg","dev":"node-01","seq":1486,"t0":150113,"fs":250,"leads_off":false,"bpm":105.2,"samples":[1642,1637,1630,1646,1648,1652,1651,1638,1639,1632,1649,1705,1776,1810,1824,1827,1842,1859,1872,1914,1968,1948,1879,1811,1759]}
4.669	{"type":"imu","dev":"node-01","seq":1400,"t0":150130,"fs":100,"samples":[[0.014,0.983,0.186,-4.62,-8.06,0.39,-5.74,79.09],[0.022,0.984,0.184,-2.67,-7.99,0.45,-5.73,79.07],[0.013,0.979,0.177,-3.28,-7.63,2.46,-5.71,79.06],[0.011,0.985,0.175,-3.34,-9.46,-0.59,-5.70,79.04],[0.014,0.978,0.178,-2.79,-9.95,-1.44,-5.70,79.03],[0.022,0.981,0.183,-2.54,-9.27,-0.40,-5.70,79.01],[0.010,0.978,0.182,-2.06,-10.62,-2.66,-5.70,79.00],[0.021,0.987,0.186,-0.17,-9.34,-1.38,-5.70,79.00],[0.018,0.987,0.187,0.57,-11.23,-1.01,-5.72,79.02],[0.022,0.994,0.187,0.02,-9.88,-0.04,-5.73,79.02]]}
4.753	{"type":"ecg","dev":"node-01","seq":1487,"t0":150213,"fs":250,"leads_off":false,"bpm":106.4,"samples":[1700,1655,1646,1643,1625,1586,1535,1517,1508,1524,1535,1535,1552,1559,1567,1567,1501,1392,1309,1413,1670,1975,2354,2778,3291]}
4.769	{"type":"imu","dev":"node-01","seq":1401,"t0":150230,"fs":100,"samples":[[0.020,0.997,0.185,-0.47,-10.68,-0.22,-5.74,79.03],[0.025,0.990,0.186,-0.90,-10.56,-0.16,-5.76,79.03],[0.025,0.990,0.183,-2.00,-10.74,-0.83,-5.78,79.02],[0.026,0.984,0.180,-2.18,-10.68,0.20,-5.79,79.01],[0.026,0.986,0.186,-2.48,-10.98,-0.04,-5.82,78.99],[0.022,0.982,0.182,-2.18,-10.98,-0.22,-5.83,78.98],[0.033,0.979,0.177,-2.91,-12.69,-1.38,-5.88,78.97],[0.033,0.976,0.173,-1.20,-12.57,-0.95,-5.92,78.97],[0.030,0.979,0.188,1.36,-11.71,-1.08,-5.96,78.99],[0.031,0.985,0.187,-0.11,-12.63,-0.77,-5.99,79.00]]}
4.853	{"type":"ecg","dev":"node-01","seq":1488,"t0":150313,"fs":250,"leads_off":false,"bpm":106.4,"samples":[3331,2597,1600,754,496,640,858,1070,1254,1446,1645,1762,1803,1808,1802,1806,1831,1840,1846,1850,1865,1884,1911,1911,1920]}
4.869	{"type":"imu","dev":"node-01","seq":1402,"t0":150330,"fs":100,"samples":[[0.032,0.983,0.180,0.99,-12.63,-0.04,-6.03,79.02],[0.036,0.996,0.199,2.52,-12.57,-0.83,-6.07,79.04],[0.026,0.985,0.177,-0.59,-13.12,-0.59,-6.11,79.05],[0.020,0.960,0.150,-2.97,-9.03,-1.81,-6.10,79.06],[0.025,0.973,0.188,-0.41,-11.47,-1.81,-6.12,79.05],[0.046,0.989,0.178,3.37,-10.37,-2.17,-6.15,79.10],[0.016,0.989,0.212,-0.71,-13.73,-0.59,-6.18,79.07],[0.036,0.997,0.166,-1.20,-14.15,-0.22,-6.24,79.09],[0.026,0.990,0.181,-5.53,-12.63,-0.59,-6.27,79.04],[0.027,0.997,0.191,2.76,-10.07,-1.14,-6.27,79.07]]}
4.953	{"type":"ecg","dev":"node-01","seq":1489,"t0":150413,"fs":250,"leads_off":false,"bpm":106.4,"samples":[1925,1936,1935,1940,1957,1973,1990,2004,2018,2034,2059,2064,2074,2095,2102,2111,2114,2127,2131,2127,2144,2160,2171,2185,2187]}
4.969	{"type":"imu","dev":"node-01","seq":1403,"t0":150430,"fs":100,"samples":[[0.037,1.004,0.192,3.86,-9.46,-1.01,-6.28,79.11],[0.022,0.992,0.173,2.76,-8.54,-3.27,-6.26,79.16],[0.020,0.996,0.182,-0.29,-11.84,-3.88,-6.28,79.17],[0.018,0.994,0.186,-0.71,-12.63,-2.84,-6.29,79.16],[0.029,0.997,0.189,-1.81,-12.26,-3.51,-6.32,79.15],[0.018,0.988,0.182,-0.41,-12.45,-1.75,-6.34,79.15],[0.015,0.983,0.176,-2.91,-13.66,-2.66,-6.36,79.14],[0.023,0.978,0.175,-4.37,-13.42,-3.27,-6.39,79.11],[0.025,0.975,0.175,-3.21,-12.75,-3.21,-6.42,79.09],[0.029,0.973,0.174,-3.58,-12.75,-4.43,-6.45,79.07]]}
5.053	{"type":"ecg","dev":"node-01","seq":1490,"t0":150513,"fs":250,"leads_off":false,"bpm":106.4,"samples":[2185,2183,2167,2130,2081,2013,1955,1906,1865,1813,1776,1743,1719,1693,1680,1688,1707,1711,1719,1727,1715,1715,1719,1717,1709]}
5.069	{"type":"imu","dev":"node-01","seq":1404,"t0":150530,"fs":100,"samples":[[0.022,0.977,0.174,-1.93,-12.26,-3.33,-6.47,79.07],[0.031,0.979,0.172,-0.23,-13.12,-4.61,-6.50,79.09],[0.028,0.983,0.171,1.79,-12.45,-3.33,-6.52,79.12],[0.030,0.985,0.179,2.46,-13.79,-4.43,-6.56,79.16],[0.018,0.983,0.205,0.81,-12.93,-4.06,-6.58,79.15],[0.032,0.996,0.168,2.46,-13.60,-2.90,-6.62,79.20],[0.033,0.997,0.177,0.08,-13.12,-3.51,-6.65,79.21],[0.025,0.984,0.165,-0.78,-12.38,-3.82,-6.67,79.23],[0.032,0.994,0.180,2.03,-11.53,-3.45,-6.69,79.26],[0.035,0.993,0.191,0.69,-12.57,-2.78,-6.71,79.27]]}
5.153	{"type":"ecg","dev":"node-01","seq":1491,"t0":150613,"fs":250,"leads_off":false,"bpm":106.4,"samples":[1714,1714,1712,1712,1714,1718,1728,1729,1730,1717,1717,1722,1713,1722,1717,1723,1717,1714,1699,1712,1706,1697,1699,1719,1744]}
5.169	{"type":"imu","dev":"node-01","seq":1405,"t0":150630,"fs":100,"samples":[[0.024,0.992,0.182,-0.11,-11.71,-2.97,-6.72,79.27],[0.028,0.989,0.184,-0.11,-12.45,-3.58,-6.74,79.27],[0.025,0.993,0.177,0.81,-12.57,-4.25,-6.76,79.29],[0.021,0.999,0.182,0.08,-12.63,-3.64,-6.77,79.30],[0.024,0.989,0.180,-2.48,-12.57,-3.76,-6.78,79.29],[0.024,0.991,0.177,-3.89,-12.81,-2.60,-6.80,79.26],[0.024,0.986,0.180,-2.67,-11.59,-2.84,-6.81,79.24],[0.018,0.991,0.175,-2.00,-12.08,-3.21,-6.81,79.24],[0.022,0.989,0.178,-2.36,-11.10,-3.88,-6.81,79.22],[0.020,0.985,0.185,-4.07,-11.53,-4.31,-6.81,79.19]]}
5.253	{"type":"ecg","dev":"node-01","seq":1492,"t0":150713,"fs":250,"leads_off":false,"bpm":106.4,"samples":[1815,1854,1883,1883,1895,1935,1919,1938,1984,1989,1939,1894,1818,1743,1689,1673,1680,1676,1657,1600,1535,1520,1520,1565,1589]}
5.269	{"type":"imu","dev":"node-01","seq":1406,"t0":150730,"fs":100,"samples":[[0.023,0.982,0.181,-2.91,-11.84,-4.61,-6.81,79.17],[0.030,0.982,0.181,-1.26,-10.92,-4.31,-6.82,79.16],[0.027,0.990,0.175,0.44,-10.74,-3.39,-6.82,79.18],[0.022,0.985,0.184,-2.79,-11.71,-3.76,-6.82,79.16],[0.018,0.987,0.177,-1.32,-10.92,-3.70,-6.81,79.16],[0.016,0.981,0.196,-0.23,-11.41,-3.03,-6.81,79.15],[0.019,0.990,0.185,-0.96,-11.96,-3.64,-6.81,79.15],[0.015,0.982,0.181,0.75,-10.62,-3.27,-6.79,79.16],[0.019,0.988,0.180,0.26,-11.65,-3.88,-6.80,79.17],[0.021,0.986,0.176,-2.00,-11.96,-5.22,-6.80,79.17]]}
5.353	{"type":"ecg","dev":"node-01","seq":1493,"t0":150813,"fs":250,"leads_off":false,"bpm":106.9,"samples":[1611,1602,1589,1584,1527,1401,1315,1373,1584,1846,2179,2511,2985,3375,3015,2130,1137,621,628,806,945,1103,1252,1455,1647]}
5.369	{"type":"imu","dev":"node-01","seq":1407,"t0":150830,"fs":100,"samples":[[0.025,0.984,0.172,-1.51,-11.77,-3.70,-6.81,79.17],[0.020,0.979,0.174,-0.59,-10.37,-4.67,-6.80,79.18],[0.021,0.983,0.180,-1.87,-10.62,-3.64,-6.79,79.17],[0.020,0.982,0.186,-1.26,-9.88,-3.88,-6.77,79.16],[0.018,0.987,0.186,-1.14,-10.62,-3.76,-6.76,79.15],[0.018,0.990,0.188,-0.96,-10.13,-2.60,-6.75,79.15],[0.025,0.989,0.199,-2.48,-11.53,-2.66,-6.75,79.11],[0.013,0.992,0.191,-1.69,-10.56,-3.76,-6.74,79.10],[0.029,0.989,0.179,-1.14,-10.07,-3.21,-6.74,79.10],[0.014,0.971,0.174,-3.58,-9.21,-4.92,-6.70,79.08]]}
5.453	{"type":"ecg","dev":"node-01","seq":1494,"t0":150913,"fs":250,"leads_off":false,"bpm":106.9,"samples":[1785,1819,1813,1807,1814,1834,1856,1862,1867,1856,1871,1876,1904,1921,1911,1921,1928,1927,1941,1962,1969,1989,2009,2015,2032]}
5.469	{"type":"imu","dev":"node-01","seq":1408,"t0":150930,"fs":100,"samples":[[0.038,0.984,0.182,3.19,-8.66,-3.27,-6.70,79.12],[0.016,0.970,0.180,2.82,-8.48,-3.58,-6.67,79.15],[0.021,0.989,0.193,2.58,-13.66,-0.16,-6.69,79.17],[0.028,0.983,0.164,-2.73,-10.31,-1.38,-6.69,79.18],[0.029,0.989,0.180,-0.71,-10.07,-2.30,-6.69,79.18],[0.032,0.989,0.187,5.63,-6.53,-2.60,-6.65,79.23],[0.026,0.990,0.183,6.42,-6.10,-3.64,-6.61,79.30],[0.017,0.993,0.175,3.86,-6.23,-4.80,-6.56,79.36],[0.023,0.989,0.183,0.93,-8.12,-4.31,-6.54,79.37],[0.019,0.993,0.185,0.63,-7.38,-3.94,-6.50,79.38]]}
5.553	{"type":"ecg","dev":"node-01","seq":1495,"t0":151013,"fs":250,"leads_off":false,"bpm":106.9,"samples":[2046,2059,2081,2096,2087,2086,2107,2126,2141,2129,2122,2116,2127,2118,2129,2134,2112,2069,1991,1919,1853,1791,1743,1698,1659]}
5.569	{"type":"imu","dev":"node-01","seq":1409,"t0":151030,"fs":100,"samples":[[0.008,0.997,0.181,0.44,-8.06,-2.11,-6.46,79.39],[0.010,0.985,0.176,0.69,-7.02,-1.99,-6.41,79.40],[0.021,0.995,0.173,-1.20,-6.53,-2.84,-6.37,79.41],[0.013,0.988,0.173,-0.17,-7.08,-2.60,-6.32,79.42],[0.015,0.985,0.177,-0.96,-6.77,-2.78,-6.28,79.42],[0.016,0.990,0.183,0.38,-7.81,-3.09,-6.25,79.42],[0.018,0.996,0.174,3.25,-7.69,-3.03,-6.22,79.47],[0.018,1.001,0.174,4.04,-7.32,-3.03,-6.19,79.52],[0.016,1.008,0.175,1.97,-7.20,-3.33,-6.15,79.55],[0.003,0.995,0.208,-1.81,-6.84,-3.45,-6.10,79.51]]}
5.653	{"type":"ecg","dev":"node-01","seq":1496,"t0":151113,"fs":250,"leads_off":false,"bpm":106.9,"samples":[1623,1603,1591,1571,1559,1558,1564,1573,1567,1553,1565,1575,1582,1578,1569,1580,1582,1584,1585,1586,1589,1600,1598,1592,1597]}
5.669	{"type":"imu","dev":"node-01","seq":1410,"t0":151130,"fs":100,"samples":[[0.018,0.998,0.206,-0.41,-8.30,-1.99,-6.08,79.48],[0.016,0.989,0.175,-5.47,-8.12,-2.42,-6.05,79.44],[0.009,0.988,0.161,-8.15,-7.99,-3.51,-6.02,79.38],[0.018,0.983,0.168,-9.07,-8.91,-1.75,-6.01,79.31],[0.025,0.977,0.168,-6.02,-8.79,-2.11,-6.00,79.27],[0.013,0.981,0.191,-2.54,-8.60,-3.15,-5.98,79.24],[0.018,0.985,0.187,-1.39,-8.60,-2.60,-5.97,79.23],[0.014,0.976,0.167,-0.84,-7.99,-1.99,-5.94,79.24],[0.008,0.974,0.175,0.08,-9.64,-2.05,-5.93,79.25],[0.018,0.977,0.179,1.18,-10.49,-1.93,-5.93,79.27]]}
5.753	{"type":"ecg","dev":"node-01","seq":1497,"t0":151213,"fs":250,"leads_off":false,"bpm":106.9,"samples":[1599,1601,1615,1606,1606,1591,1573,1614,1642,1648,1629,1625,1610,1703,1757,1805,1826,1843,1837,1810,1808,1872,1937,1916,1856]}
5.769	{"type":"imu","dev":"node-01","seq":1411,"t0":151230,"fs":100,"samples":[[0.015,0.979,0.176,0.69,-10.13,-1.81,-5.93,79.29],[0.010,0.983,0.175,2.33,-8.91,-0.77,-5.91,79.33],[0.011,0.987,0.173,1.30,-9.82,0.02,-5.90,79.35],[0.011,0.986,0.174,-1.51,-9.21,-1.44,-5.89,79.35],[0.011,0.990,0.178,-3.52,-8.91,-2.11,-5.87,79.33],[0.010,0.989,0.175,-5.59,-8.42,-2.66,-5.85,79.28],[0.011,0.987,0.177,-5.04,-9.40,-1.69,-5.83,79.25],[0.021,0.987,0.177,-4.80,-9.70,-3.27,-5.84,79.21],[0.010,0.988,0.185,-4.86,-10.37,-2.60,-5.84,79.16],[0.012,0.986,0.183,-4.50,-10.25,-2.23,-5.83,79.13]]}
5.853	{"type":"ecg","dev":"node-01","seq":1498,"t0":151313,"fs":250,"leads_off":false,"bpm":106.9,"samples":[1797,1740,1671,1641,1607,1631,1634,1599,1535,1517,1506,1519,1525,1531,1535,1531,1535,1535,1450,1337,1321,1495,1755,2041,2374]}
5.869	{"type":"imu","dev":"node-01","seq":1412,"t0":151330,"fs":100,"samples":[[0.012,0.980,0.184,-2.79,-10.92,-1.26,-5.84,79.11],[0.011,0.991,0.182,-0.47,-11.96,-1.56,-5.85,79.11],[0.013,0.991,0.189,-0.96,-10.13,-1.81,-5.85,79.10],[0.012,0.979,0.181,-1.57,-10.80,-1.01,-5.85,79.10],[0.012,0.978,0.182,0.14,-10.98,-1.32,-5.85,79.10],[0.013,0.984,0.177,-0.29,-11.84,-1.44,-5.87,79.12],[0.018,0.974,0.175,-2.00,-12.69,-1.20,-5.89,79.11],[0.016,0.981,0.176,-2.24,-11.77,-1.44,-5.91,79.10],[0.015,0.979,0.173,-3.21,-11.71,-1.01,-5.93,79.09],[0.017,0.991,0.187,-3.28,-11.65,-2.30,-5.94,79.06]]}
5.952	{"type":"status","dev":"node-01","fw":"0.1.0","uptime_ms":151509,"ecg":{"fs":250},"imu":{"ok":true,"fs":100,"errors":861,"fields":["ax","ay","az","gx","gy","gz","pitch","roll"]}}
5.954	{"type":"ecg","dev":"node-01","seq":1499,"t0":151413,"fs":250,"leads_off":false,"bpm":107.8,"samples":[2794,3311,3267,2558,1583,830,660,814,955,1073,1184,1340,1535,1726,1811,1815,1805,1810,1839,1855,1871,1883,1879,1881,1895]}
5.969	{"type":"imu","dev":"node-01","seq":1413,"t0":151430,"fs":100,"samples":[[0.020,0.987,0.185,-5.23,-12.02,-2.78,-5.96,79.02],[0.012,0.987,0.195,-4.37,-12.02,-2.54,-5.97,78.97],[0.016,0.986,0.180,-3.46,-12.26,-1.75,-5.99,78.95],[0.030,0.983,0.184,-0.65,-12.38,-3.09,-6.03,78.95],[0.012,0.974,0.179,-4.07,-9.15,-2.60,-6.01,78.93],[0.015,0.979,0.200,-1.57,-10.98,-3.58,-6.02,78.90],[0.010,0.974,0.181,-2.00,-10.92,-3.15,-6.01,78.89],[0.017,0.983,0.191,-4.19,-16.10,-1.08,-6.07,78.85],[0.025,0.995,0.161,-7.12,-14.09,-1.62,-6.12,78.82],[0.026,0.979,0.193,-7.48,-12.08,-1.56,-6.14,78.75]]}
6.053	{"type":"ecg","dev":"node-01","seq":1500,"t0":151513,"fs":250,"leads_off":false,"bpm":107.8,"samples":[1910,1927,1937,1953,1963,1973,1984,2018,2015,2035,2047,2032,2023,2045,2071,2102,2122,2119,2105,2099,2123,2128,2145,2160,2151]}
6.069	{"type":"imu","dev":"node-01","seq":1414,"t0":151530,"fs":100,"samples":[[0.018,0.995,0.196,4.53,-10.49,-1.44,-6.14,78.80],[0.020,0.999,0.194,4.53,-9.64,-1.38,-6.14,78.85],[0.015,0.988,0.179,-0.11,-9.70,-3.58,-6.13,78.86],[0.017,0.997,0.198,-1.39,-11.16,-3.03,-6.13,78.85],[0.024,0.996,0.201,-1.87,-10.37,-2.11,-6.14,78.82],[0.014,0.990,0.182,-0.59,-11.59,-2.17,-6.14,78.83],[0.017,0.986,0.182,-1.57,-11.71,-1.62,-6.16,78.83],[0.015,0.982,0.180,-2.30,-11.41,-1.20,-6.16,78.82],[0.021,0.982,0.188,-3.09,-10.37,-2.97,-6.17,78.80],[0.015,0.978,0.181,-5.65,-11.53,-3.45,-6.17,78.76]]}
6.153	{"type":"ecg","dev":"node-01","seq":1501,"t0":151613,"fs":250,"leads_off":false,"bpm":107.8,"samples":[2155,2172,2181,2163,2134,2106,2059,1995,1941,1904,1872,1826,1781,1728,1707,1701,1722,1712,1685,1680,1699,1714,1710,1691,1680]}
6.169	{"type":"imu","dev":"node-01","seq":1415,"t0":151630,"fs":100,"samples":[[0.020,0.973,0.180,-2.67,-10.86,-2.23,-6.18,78.75],[0.027,0.973,0.186,-1.75,-11.71,-1.81,-6.20,78.74],[0.022,0.979,0.185,1.42,-10.43,-2.84,-6.20,78.77],[0.020,0.986,0.195,2.82,-10.13,-1.75,-6.20,78.79],[0.028,0.988,0.167,2.70,-10.80,-2.11,-6.21,78.85],[0.008,0.982,0.209,4.77,-11.53,-1.81,-6.21,78.88],[0.025,1.000,0.179,5.20,-12.63,-0.34,-6.24,78.95],[0.021,0.996,0.189,0.93,-10.98,-2.05,-6.24,78.97],[0.010,0.987,0.172,-1.93,-10.74,-2.05,-6.24,78.97],[0.036,0.989,0.162,1.79,-11.47,-1.62,-6.26,79.02]]}
6.253	{"type":"ecg","dev":"node-01","seq":1502,"t0":151713,"fs":250,"leads_off":false,"bpm":107.8,"samples":[1705,1727,1728,1715,1702,1707,1713,1712,1701,1701,1720,1723,1735,1731,1721,1714,1727,1735,1725,1711,1707,1708,1714,1712,1730]}
6.269	{"type":"imu","dev":"node-01","seq":1416,"t0":151730,"fs":100,"samples":[[0.023,0.985,0.208,-0.65,-9.82,-1.44,-6.26,79.00],[0.022,0.990,0.184,1.66,-10.25,-1.87,-6.26,79.02],[0.021,0.986,0.172,3.13,-10.86,-1.93,-6.27,79.07],[0.021,0.993,0.183,2.64,-11.90,-1.99,-6.28,79.11],[0.024,0.984,0.178,0.26,-11.35,-2.30,-6.30,79.12],[0.018,0.984,0.193,-2.30,-11.47,-1.44,-6.30,79.10],[0.018,0.981,0.181,-2.00,-9.40,-2.42,-6.29,79.09],[0.018,0.979,0.180,2.52,-10.74,-0.71,-6.29,79.12],[0.019,0.982,0.172,3.43,-9.40,-0.04,-6.28,79.18],[0.010,0.987,0.186,-1.63,-10.13,-2.72,-6.26,79.16]]}
6.353	{"type":"ecg","dev":"node-01","seq":1503,"t0":151813,"fs":250,"leads_off":false,"bpm":107.8,"samples":[1776,1840,1886,1911,1926,1916,1901,1900,1946,2012,2005,1936,1891,1842,1783,1727,1680,1693,1695,1667,1607,1559,1552,1568,1578]}
6.369	{"type":"imu","dev":"node-01","seq":1417,"t0":151830,"fs":100,"samples":[[0.019,0.983,0.182,-4.43,-10.19,-2.36,-6.26,79.13],[0.027,0.980,0.180,-1.93,-10.19,-3.58,-6.26,79.12],[0.023,0.986,0.180,-0.11,-10.13,-2.30,-6.26,79.13],[0.022,0.989,0.184,0.75,-9.58,-2.78,-6.26,79.14],[0.028,0.987,0.188,-1.08,-9.58,-1.56,-6.26,79.13],[0.021,0.985,0.188,2.64,-9.95,-1.99,-6.26,79.16],[0.023,0.991,0.182,4.89,-9.64,-1.93,-6.25,79.21],[0.018,0.992,0.185,3.49,-10.13,-1.99,-6.25,79.25],[0.013,0.986,0.178,2.52,-9.95,-1.20,-6.24,79.29],[0.023,0.990,0.176,1.60,-10.07,-0.83,-6.23,79.32]]}
6.453	{"type":"ecg","dev":"node-01","seq":1504,"t0":151913,"fs":250,"leads_off":false,"bpm":108.2,"samples":[1590,1602,1616,1616,1600,1509,1392,1362,1493,1737,2010,2347,2752,3285,3414,2800,1844,972,672,784,947,1082,1191,1313,1504]}
6.469	{"type":"imu","dev":"node-01","seq":1418,"t0":151930,"fs":100,"samples":[[0.018,0.985,0.169,-0.23,-9.46,-1.99,-6.22,79.33],[0.020,0.987,0.173,-1.39,-9.88,-1.93,-6.22,79.33],[0.020,0.986,0.169,-1.39,-9.46,-2.84,-6.21,79.34],[0.018,0.983,0.173,-4.13,-8.30,-2.97,-6.19,79.31],[0.017,0.990,0.180,-4.43,-8.85,-2.78,-6.17,79.28],[0.019,0.987,0.182,-4.74,-9.27,-3.15,-6.16,79.24],[0.014,0.983,0.186,-3.03,-9.76,-1.93,-6.15,79.21],[0.016,0.981,0.186,0.57,-12.20,-1.93,-6.16,79.21],[0.038,0.985,0.142,4.47,-9.09,-1.87,-6.17,79.31],[0.010,0.973,0.154,1.05,-7.81,-2.60,-6.14,79.36]]}
6.553	{"type":"ecg","dev":"node-01","seq":1505,"t0":152013,"fs":250,"leads_off":false,"bpm":108.2,"samples":[1689,1799,1821,1802,1811,1840,1853,1853,1843,1862,1883,1901,1905,1917,1914,1936,1949,1959,1978,1999,1999,2010,2018,2032,2039]}
6.569	{"type":"imu","dev":"node-01","seq":1419,"t0":152030,"fs":100,"samples":[[0.020,0.986,0.176,9.10,-10.13,-1.56,-6.14,79.46],[0.014,0.974,0.175,3.37,-11.59,-2.05,-6.14,79.50],[0.015,0.981,0.195,1.11,-12.75,-0.83,-6.16,79.49],[0.034,0.994,0.154,-1.75,-14.15,-0.89,-6.22,79.51],[0.021,0.987,0.186,-0.23,-9.40,-1.69,-6.21,79.50],[0.028,0.991,0.193,1.42,-7.51,-1.87,-6.19,79.51],[0.018,0.990,0.176,0.08,-5.92,-2.30,-6.14,79.51],[0.015,0.990,0.170,-0.96,-7.99,-4.00,-6.12,79.52],[0.020,0.985,0.177,-1.02,-8.66,-2.60,-6.11,79.52],[0.023,1.001,0.186,0.26,-9.88,-2.97,-6.10,79.52]]}
6.653	{"type":"ecg","dev":"node-01","seq":1506,"t0":152113,"fs":250,"leads_off":false,"bpm":108.2,"samples":[2039,2043,2058,2065,2091,2093,2089,2083,2083,2093,2107,2113,2118,2122,2127,2141,2126,2082,2017,1950,1923,1883,1824,1776,1728]}
6.669	{"type":"imu","dev":"node-01","seq":1420,"t0":152130,"fs":100,"samples":[[0.020,0.986,0.170,-1.51,-9.95,-1.56,-6.10,79.52],[0.012,0.981,0.171,-1.39,-10.80,-1.93,-6.10,79.51],[0.014,0.983,0.173,1.18,-10.01,-2.05,-6.09,79.54],[0.016,0.978,0.169,-0.35,-11.35,-1.69,-6.10,79.55],[0.019,0.980,0.159,-0.65,-11.29,-1.75,-6.11,79.56],[0.025,0.981,0.171,-1.26,-10.62,-1.62,-6.12,79.56],[0.031,0.985,0.171,-0.11,-10.49,-1.99,-6.14,79.57],[0.028,0.988,0.179,0.57,-10.86,-3.03,-6.15,79.58],[0.024,0.993,0.175,-0.23,-10.01,-2.30,-6.16,79.59],[0.021,0.987,0.153,-1.45,-10.68,-2.05,-6.16,79.61]]}
6.753	{"type":"ecg","dev":"node-01","seq":1507,"t0":152213,"fs":250,"leads_off":false,"bpm":108.2,"samples":[1709,1693,1693,1681,1669,1664,1664,1671,1680,1680,1675,1665,1702,1699,1685,1690,1707,1709,1684,1671,1674,1690,1703,1678,1649]}
6.769	{"type":"imu","dev":"node-01","seq":1421,"t0":152230,"fs":100,"samples":[[0.016,0.989,0.195,-1.87,-11.10,-0.77,-6.16,79.57],[0.028,0.995,0.174,-2.85,-12.32,-1.32,-6.19,79.56],[0.016,0.988,0.174,-7.85,-10.56,-1.69,-6.19,79.49],[0.016,0.980,0.158,-6.81,-11.04,-2.11,-6.19,79.45],[0.031,0.982,0.167,-5.11,-11.65,-1.93,-6.22,79.42],[0.026,0.983,0.189,-0.23,-10.25,-2.60,-6.22,79.41],[0.022,0.987,0.180,1.60,-10.80,-1.87,-6.23,79.43],[0.018,0.985,0.179,1.24,-10.49,-1.81,-6.23,79.45],[0.025,0.988,0.175,0.08,-11.35,-2.36,-6.25,79.46],[0.025,0.991,0.177,-1.32,-11.53,-2.60,-6.26,79.45]]}
6.853	{"type":"ecg","dev":"node-01","seq":1508,"t0":152313,"fs":250,"leads_off":false,"bpm":108.2,"samples":[1663,1682,1689,1690,1678,1677,1681,1687,1674,1675,1680,1683,1690,1712,1712,1758,1824,1867,1862,1872,1889,1910,1951,1982,2002]}
6.869	{"type":"imu","dev":"node-01","seq":1422,"t0":152330,"fs":100,"samples":[[0.020,0.990,0.177,-1.14,-11.77,-0.95,-6.27,79.45],[0.019,0.989,0.179,-1.39,-11.90,-1.69,-6.29,79.44],[0.016,0.988,0.175,-2.06,-12.02,-1.38,-6.30,79.43],[0.017,0.985,0.176,-2.67,-10.25,-2.11,-6.29,79.42],[0.021,0.982,0.175,-3.28,-12.45,-2.36,-6.31,79.39],[0.025,0.981,0.173,-1.14,-12.08,-3.76,-6.33,79.39],[0.024,0.989,0.169,-0.71,-10.86,-2.17,-6.34,79.41],[0.023,0.980,0.180,-1.08,-11.35,-2.60,-6.35,79.40],[0.026,0.985,0.185,-0.65,-11.77,-2.36,-6.37,79.39],[0.024,0.987,0.181,0.69,-10.74,-2.11,-6.37,79.40]]}
6.953	{"type":"ecg","dev":"node-01","seq":1509,"t0":152413,"fs":250,"leads_off":false,"bpm":108.2,"samples":[1989,1938,1875,1840,1791,1729,1683,1655,1648,1622,1566,1514,1511,1535,1562,1573,1574,1578,1565,1500,1392,1338,1439,1680,1936]}
6.969	{"type":"imu","dev":"node-01","seq":1423,"t0":152430,"fs":100,"samples":[[0.021,0.985,0.178,0.26,-10.43,-1.62,-6.37,79.41],[0.018,0.991,0.181,0.32,-9.58,-1.32,-6.36,79.42],[0.023,0.987,0.177,0.26,-10.80,-3.15,-6.36,79.43],[0.027,0.983,0.174,-0.47,-10.68,-2.54,-6.37,79.44],[0.023,0.985,0.180,-1.75,-11.29,-2.11,-6.38,79.42],[0.021,0.982,0.171,-2.06,-10.43,-2.97,-6.38,79.42],[0.022,0.985,0.173,-1.32,-9.82,-2.72,-6.38,79.42],[0.021,0.988,0.168,-3.40,-10.13,-2.78,-6.37,79.40],[0.023,0.983,0.173,-4.92,-10.19,-2.72,-6.37,79.36],[0.022,0.986,0.173,-3.46,-10.25,-2.48,-6.37,79.35]]}
7.053	{"type":"ecg","dev":"node-01","seq":1510,"t0":152513,"fs":250,"leads_off":false,"bpm":108.4,"samples":[2266,2625,3145,3470,3029,2137,1139,693,698,880,1015,1145,1259,1415,1610,1741,1789,1779,1781,1791,1808,1824,1839,1840,1854]}
7.069	{"type":"imu","dev":"node-01","seq":1424,"t0":152530,"fs":100,"samples":[[0.020,0.986,0.184,-0.65,-10.07,-3.03,-6.36,79.34],[0.023,0.987,0.179,-0.11,-11.04,-2.05,-6.37,79.35],[0.020,0.980,0.176,-0.59,-12.51,-2.30,-6.39,79.35],[0.023,0.984,0.187,-0.53,-11.90,-1.32,-6.40,79.34],[0.045,0.984,0.134,0.26,-8.97,-2.72,-6.42,79.40],[0.018,0.979,0.199,-0.29,-9.88,-2.72,-6.40,79.38],[0.031,0.985,0.167,3.07,-9.95,-3.09,-6.41,79.43],[0.016,0.975,0.204,-2.06,-10.56,-2.42,-6.40,79.39],[0.034,0.989,0.163,-4.80,-13.06,-1.01,-6.45,79.36],[0.031,0.983,0.160,-7.30,-11.77,-0.95,-6.47,79.32]]}
7.153	{"type":"ecg","dev":"node-01","seq":1511,"t0":152613,"fs":250,"leads_off":false,"bpm":108.4,"samples":[1866,1874,1885,1887,1917,1935,1951,1965,1968,1984,1995,2006,2007,2032,2045,2064,2067,2065,2064,2075,2093,2096,2088,2090,2096]}
7.169	{"type":"imu","dev":"node-01","seq":1425,"t0":152630,"fs":100,"samples":[[0.025,0.984,0.184,0.57,-9.95,-1.99,-6.46,79.33],[0.022,0.990,0.194,4.41,-7.51,-1.99,-6.43,79.37],[0.021,0.990,0.176,4.71,-7.69,-2.54,-6.40,79.42],[0.014,0.986,0.171,2.15,-9.40,-3.88,-6.38,79.46],[0.034,0.994,0.186,2.33,-10.13,-2.48,-6.39,79.48],[0.025,0.994,0.187,1.91,-9.76,-2.42,-6.39,79.50],[0.016,0.993,0.178,1.24,-10.49,-1.81,-6.38,79.51],[0.015,0.984,0.168,-1.02,-9.82,-1.32,-6.37,79.52],[0.017,0.980,0.172,-1.93,-9.88,-1.38,-6.36,79.51],[0.015,0.983,0.167,-2.06,-10.01,-1.50,-6.34,79.51]]}
7.253	{"type":"ecg","dev":"node-01","seq":1512,"t0":152713,"fs":250,"leads_off":false,"bpm":108.4,"samples":[2107,2112,2111,2110,2117,2096,2069,2036,1998,1951,1905,1853,1796,1758,1727,1707,1687,1667,1653,1657,1661,1675,1677,1679,1682]}
7.269	{"type":"imu","dev":"node-01","seq":1426,"t0":152730,"fs":100,"samples":[[0.021,0.979,0.161,-2.67,-10.19,-1.93,-6.34,79.51],[0.028,0.977,0.178,-1.08,-10.37,-2.72,-6.35,79.50],[0.025,0.983,0.172,0.32,-11.35,-2.60,-6.36,79.51],[0.030,0.984,0.178,1.24,-10.37,-2.54,-6.37,79.53],[0.020,0.995,0.188,1.60,-11.29,-3.45,-6.38,79.54],[0.026,0.991,0.152,-0.53,-9.76,-3.03,-6.37,79.57],[0.014,0.983,0.189,-0.04,-11.23,-1.38,-6.37,79.56],[0.026,0.991,0.176,-0.47,-11.23,-1.50,-6.38,79.56],[0.023,0.994,0.170,-0.53,-11.71,-1.75,-6.40,79.57],[0.022,0.981,0.159,-1.63,-11.04,-1.20,-6.40,79.58]]}
7.353	{"type":"ecg","dev":"node-01","seq":1513,"t0":152813,"fs":250,"leads_off":false,"bpm":108.4,"samples":[1687,1696,1695,1708,1706,1719,1717,1726,1727,1719,1719,1722,1722,1719,1728,1728,1723,1724,1718,1717,1724,1718,1713,1712,1708]}
7.369	{"type":"imu","dev":"node-01","seq":1427,"t0":152830,"fs":100,"samples":[[0.036,0.987,0.190,0.08,-10.98,-2.17,-6.43,79.57],[0.033,0.984,0.184,1.36,-10.13,-2.23,-6.43,79.58],[0.019,0.991,0.180,-1.81,-9.40,-1.56,-6.42,79.57],[0.024,0.984,0.174,-0.29,-10.25,-2.54,-6.42,79.57],[0.027,0.984,0.183,-0.11,-11.96,-2.48,-6.44,79.57],[0.022,0.986,0.182,-0.90,-10.56,-1.26,-6.44,79.56],[0.026,0.987,0.179,-1.14,-11.53,-1.38,-6.45,79.55],[0.017,0.982,0.177,-0.96,-10.74,-0.77,-6.45,79.55],[0.014,0.987,0.179,-1.75,-10.07,-1.93,-6.44,79.53],[0.020,0.989,0.172,-3.28,-10.98,-1.81,-6.43,79.51]]}
7.453	{"type":"ecg","dev":"node-01","seq":1514,"t0":152913,"fs":250,"leads_off":false,"bpm":108.4,"samples":[1703,1712,1715,1728,1726,1710,1730,1738,1773,1853,1902,1914,1918,1921,1935,1963,2007,2042,2026,1987,1920,1879,1852,1798,1727]}
7.469	{"type":"imu","dev":"node-01","seq":1428,"t0":152930,"fs":100,"samples":[[0.021,0.979,0.179,-2.67,-10.62,-2.90,-6.44,79.49],[0.024,0.976,0.172,-2.54,-10.37,-3.21,-6.44,79.48],[0.022,0.985,0.172,1.24,-10.37,-2.90,-6.43,79.50],[0.022,0.984,0.181,1.48,-11.23,-3.45,-6.44,79.52],[0.026,0.990,0.183,-0.59,-11.96,-2.23,-6.46,79.51],[0.022,0.988,0.181,0.14,-11.47,-3.09,-6.47,79.51],[0.021,0.989,0.174,-0.41,-11.10,-2.36,-6.47,79.52],[0.022,0.986,0.180,-1.02,-10.68,-3.09,-6.47,79.51],[0.021,0.983,0.177,-2.06,-10.19,-2.23,-6.47,79.50],[0.017,0.984,0.178,0.75,-10.98,-1.01,-6.46,79.51]]}
7.553	{"type":"ecg","dev":"node-01","seq":1515,"t0":153013,"fs":250,"leads_off":false,"bpm":107.6,"samples":[1677,1661,1638,1599,1567,1535,1563,1578,1599,1598,1600,1587,1565,1451,1351,1367,1584,1848,2144,2506,2944,3443,3307,2511,1473]}
7.569	{"type":"imu","dev":"node-01","seq":1429,"t0":153030,"fs":100,"samples":[[0.024,0.986,0.180,1.60,-11.53,-1.99,-6.48,79.53],[0.013,0.987,0.173,0.44,-11.16,-2.30,-6.47,79.54],[0.024,0.985,0.172,-1.45,-11.53,-2.90,-6.48,79.54],[0.019,0.982,0.171,-0.17,-11.29,-2.84,-6.48,79.55],[0.024,0.990,0.175,0.20,-10.07,-3.09,-6.48,79.56],[0.022,0.986,0.160,-1.02,-10.92,-4.25,-6.48,79.58],[0.021,0.987,0.176,-2.97,-10.37,-3.03,-6.48,79.55],[0.015,0.987,0.170,-1.87,-11.53,-3.15,-6.48,79.55],[0.018,0.984,0.175,0.08,-11.84,-2.54,-6.49,79.56],[0.028,0.989,0.182,0.50,-12.75,-2.17,-6.51,79.56]]}
7.653	{"type":"ecg","dev":"node-01","seq":1516,"t0":153113,"fs":250,"leads_off":false,"bpm":107.6,"samples":[727,588,765,943,1089,1207,1385,1584,1721,1773,1770,1753,1757,1778,1803,1824,1819,1841,1845,1848,1852,1852,1879,1901,1920]}
7.669	{"type":"imu","dev":"node-01","seq":1430,"t0":153130,"fs":100,"samples":[[0.019,0.989,0.172,0.14,-12.38,-2.11,-6.53,79.57],[0.032,0.981,0.148,-0.23,-11.04,-2.97,-6.54,79.61],[-0.002,0.968,0.173,-3.46,-9.88,-4.80,-6.51,79.58],[0.020,0.982,0.197,3.25,-11.16,-4.00,-6.51,79.59],[0.017,0.977,0.164,5.32,-10.49,-2.66,-6.50,79.66],[0.017,1.000,0.178,1.91,-13.91,-1.56,-6.53,79.69],[0.030,0.986,0.139,-2.85,-13.60,-1.20,-6.56,79.70],[0.017,0.989,0.183,3.80,-12.38,-1.69,-6.57,79.74],[0.034,0.988,0.184,8.43,-10.49,-1.62,-6.59,79.82],[0.028,0.991,0.169,7.33,-9.09,-2.97,-6.57,79.90]]}
7.753	{"type":"ecg","dev":"node-01","seq":1517,"t0":153213,"fs":250,"leads_off":false,"bpm":107.6,"samples":[1920,1929,1930,1937,1959,1973,1977,2005,2023,2020,2041,2053,2081,2064,2071,2071,2071,2071,2078,2088,2094,2095,2096,2096,2067]}
7.769	{"type":"imu","dev":"node-01","seq":1431,"t0":153230,"fs":100,"samples":[[0.014,0.986,0.151,1.72,-8.06,-3.70,-6.54,79.94],[0.017,0.987,0.172,-1.75,-9.76,-3.70,-6.52,79.93],[0.020,0.994,0.173,-1.14,-9.76,-3.51,-6.51,79.92],[0.016,0.993,0.178,1.72,-10.31,-3.51,-6.50,79.94],[0.011,0.998,0.154,4.41,-10.62,-2.60,-6.48,80.00],[0.015,0.994,0.179,-0.41,-11.53,-3.27,-6.48,80.00],[0.012,0.993,0.156,-2.12,-10.31,-3.27,-6.47,80.00],[0.009,0.978,0.157,-2.48,-11.29,-3.27,-6.46,79.99],[0.010,0.975,0.155,-3.03,-10.49,-3.27,-6.45,79.98],[0.020,0.971,0.158,0.63,-10.92,-2.66,-6.45,80.00]]}
7.853	{"type":"ecg","dev":"node-01","seq":1518,"t0":153313,"fs":250,"leads_off":false,"bpm":107.6,"samples":[2037,2007,1966,1904,1866,1817,1776,1740,1707,1671,1659,1662,1670,1666,1662,1674,1679,1686,1683,1680,1691,1705,1703,1698,1703]}
7.869	{"type":"imu","dev":"node-01","seq":1432,"t0":153330,"fs":100,"samples":[[0.020,0.986,0.167,2.21,-9.88,-3.09,-6.44,80.03],[0.026,0.982,0.156,2.09,-11.35,-2.23,-6.45,80.07],[0.021,0.980,0.159,1.91,-10.49,-3.09,-6.45,80.10],[0.012,0.980,0.164,3.37,-11.65,-2.48,-6.45,80.14],[0.022,0.986,0.153,6.24,-10.80,-1.50,-6.45,80.22],[0.024,0.993,0.143,5.87,-10.49,-1.93,-6.45,80.31],[0.022,0.989,0.149,2.03,-9.34,-2.30,-6.44,80.36],[0.016,0.994,0.175,1.24,-10.80,-2.66,-6.43,80.36],[0.034,0.995,0.169,2.15,-10.25,-3.15,-6.45,80.38],[0.022,0.991,0.165,2.33,-9.15,-1.93,-6.43,80.41]]}
7.953	{"type":"ecg","dev":"node-01","seq":1519,"t0":153413,"fs":250,"leads_off":false,"bpm":107.6,"samples":[1707,1707,1707,1717,1709,1698,1694,1686,1683,1689,1702,1701,1699,1687,1676,1676,1675,1680,1680,1678,1683,1680,1681,1675,1676]}
7.969	{"type":"imu","dev":"node-01","seq":1433,"t0":153430,"fs":100,"samples":[[0.021,0.998,0.160,0.20,-10.25,-2.97,-6.43,80.42],[0.018,0.991,0.161,-0.04,-9.95,-3.51,-6.42,80.43],[0.025,0.994,0.164,-1.20,-9.46,-2.23,-6.41,80.42],[0.016,0.990,0.158,0.32,-10.25,-1.87,-6.40,80.43],[0.015,0.989,0.161,0.44,-10.19,-0.83,-6.39,80.44],[0.015,0.990,0.159,0.69,-10.74,-1.93,-6.38,80.46],[0.013,0.991,0.156,-0.47,-9.64,-2.05,-6.37,80.47],[0.015,0.990,0.155,-1.32,-10.49,-3.03,-6.36,80.47],[0.018,0.987,0.154,-1.14,-9.88,-2.78,-6.35,80.47],[0.019,0.987,0.159,-0.23,-10.49,-2.11,-6.35,80.47]]}
8.054	{"type":"ecg","dev":"node-01","seq":1520,"t0":153513,"fs":250,"leads_off":false,"bpm":107.6,"samples":[1675,1680,1669,1680,1680,1685,1693,1699,1699,1695,1707,1714,1726,1742,1799,1872,1910,1916,1922,1931,1904,1920,1974,2005,1981]}
8.069	{"type":"imu","dev":"node-01","seq":1434,"t0":153530,"fs":100,"samples":[[0.014,0.988,0.167,-1.69,-10.86,-2.23,-6.34,80.45],[0.026,0.986,0.157,-2.06,-9.70,-2.23,-6.34,80.44],[0.028,0.991,0.155,-1.20,-10.19,-2.17,-6.35,80.45],[0.015,0.989,0.153,1.36,-10.43,-1.93,-6.34,80.47],[0.018,0.990,0.158,0.99,-9.82,-2.60,-6.33,80.49],[0.019,0.984,0.152,0.50,-9.27,-2.23,-6.31,80.51],[0.019,0.989,0.155,3.98,-10.80,-1.32,-6.31,80.56],[0.023,0.996,0.155,3.07,-10.86,-2.90,-6.32,80.61],[0.014,0.990,0.156,-0.96,-10.68,-2.78,-6.32,80.61],[0.019,0.993,0.159,-0.65,-9.88,-2.90,-6.31,80.60]]}
8.153	{"type":"ecg","dev":"node-01","seq":1521,"t0":153613,"fs":250,"leads_off":false,"bpm":107.6,"samples":[1932,1871,1803,1734,1698,1696,1705,1686,1641,1592,1582,1583,1587,1603,1616,1635,1645,1627,1561,1439,1382,1523,1794,2091,2465]}
8.169	{"type":"imu","dev":"node-01","seq":1435,"t0":153630,"fs":100,"samples":[[0.018,0.994,0.165,-2.12,-9.09,-2.90,-6.29,80.58],[0.020,0.985,0.158,-4.19,-10.86,-2.97,-6.29,80.55],[0.015,0.994,0.159,-0.90,-8.79,-2.23,-6.27,80.55],[0.014,0.987,0.155,-3.76,-9.46,-1.69,-6.25,80.52],[0.013,0.982,0.151,-1.87,-10.13,-2.23,-6.24,80.52],[0.019,0.987,0.150,0.57,-11.23,-3.21,-6.25,80.54],[0.016,0.987,0.157,-0.17,-10.74,-2.42,-6.25,80.55],[0.015,0.990,0.146,0.38,-10.19,-3.15,-6.24,80.57],[0.016,0.987,0.148,-2.48,-10.92,-1.75,-6.25,80.56],[0.010,0.993,0.168,-2.79,-9.27,-2.48,-6.22,80.54]]}
8.253	{"type":"ecg","dev":"node-01","seq":1522,"t0":153713,"fs":250,"leads_off":false,"bpm":105.4,"samples":[2869,3401,3506,2835,1850,932,580,688,896,1104,1251,1427,1617,1756,1809,1812,1802,1805,1824,1846,1865,1870,1875,1885,1899]}
8.269	{"type":"imu","dev":"node-01","seq":1436,"t0":153730,"fs":100,"samples":[[0.018,0.994,0.168,-3.21,-10.07,-2.05,-6.21,80.50],[0.018,0.993,0.176,-3.21,-11.47,-2.30,-6.22,80.46],[0.010,0.996,0.154,-0.35,-10.80,-1.38,-6.22,80.47],[0.021,1.000,0.154,-2.91,-10.80,-1.44,-6.22,80.46],[-0.004,0.958,0.111,-8.03,-6.29,-4.92,-6.15,80.44],[0.036,0.996,0.173,2.27,-10.31,-3.45,-6.17,80.45],[0.034,0.989,0.154,2.52,-10.86,-3.09,-6.19,80.49],[0.009,0.983,0.190,-1.08,-12.81,-1.69,-6.21,80.45],[0.013,0.984,0.126,-3.89,-11.84,-0.89,-6.22,80.46],[0.026,0.983,0.182,-5.84,-11.59,-2.66,-6.23,80.39]]}
8.353	{"type":"ecg","dev":"node-01","seq":1523,"t0":153813,"fs":250,"leads_off":false,"bpm":105.4,"samples":[1909,1925,1936,1953,1985,2032,2060,2061,2064,2069,2094,2105,2112,2112,2124,2142,2159,2174,2176,2165,2162,2160,2173,2171,2171]}
8.369	{"type":"imu","dev":"node-01","seq":1437,"t0":153830,"fs":100,"samples":[[0.026,0.991,0.167,0.75,-10.80,-2.42,-6.24,80.39],[0.022,0.989,0.162,1.48,-9.09,-3.39,-6.23,80.41],[0.003,0.985,0.144,-1.26,-8.60,-3.45,-6.20,80.43],[0.008,0.989,0.162,-0.53,-8.73,-3.88,-6.17,80.43],[0.018,0.993,0.167,0.93,-10.49,-2.90,-6.17,80.44],[0.010,0.991,0.163,1.60,-10.56,-2.30,-6.16,80.46],[0.012,0.995,0.156,1.05,-10.68,-1.56,-6.15,80.48],[0.007,0.990,0.158,-1.45,-11.29,-2.54,-6.15,80.47],[0.015,0.983,0.157,-3.64,-9.15,-2.72,-6.14,80.45],[0.015,0.984,0.146,-5.04,-10.98,-3.15,-6.13,80.42]]}
8.453	{"type":"ecg","dev":"node-01","seq":1524,"t0":153913,"fs":250,"leads_off":false,"bpm":105.4,"samples":[2179,2192,2189,2190,2161,2153,2126,2085,2032,1982,1916,1863,1814,1779,1749,1724,1715,1715,1709,1706,1715,1718,1722,1726,1728]}
8.469	{"type":"imu","dev":"node-01","seq":1438,"t0":153930,"fs":100,"samples":[[0.014,0.983,0.157,-5.53,-10.62,-3.51,-6.13,80.38],[0.016,0.982,0.160,-4.19,-10.74,-2.30,-6.13,80.34],[0.016,0.981,0.162,-2.12,-11.96,-2.90,-6.15,80.33],[0.019,0.985,0.161,-1.93,-10.56,-2.05,-6.15,80.32],[0.021,0.992,0.153,-3.09,-10.68,-3.76,-6.15,80.30],[0.018,0.984,0.149,-4.80,-9.09,-3.39,-6.14,80.28],[0.019,0.989,0.167,-1.51,-12.14,-2.17,-6.16,80.27],[0.018,0.986,0.156,-3.03,-11.47,-2.60,-6.17,80.25],[0.018,0.984,0.149,-1.02,-9.82,-1.20,-6.17,80.26],[0.014,0.984,0.160,0.38,-10.43,-2.05,-6.16,80.28]]}
8.553	{"type":"ecg","dev":"node-01","seq":1525,"t0":154013,"fs":250,"leads_off":false,"bpm":105.4,"samples":[1730,1737,1728,1718,1718,1726,1733,1722,1703,1705,1707,1712,1717,1713,1707,1707,1703,1701,1677,1678,1679,1680,1673,1663,1641]}
8.569	{"type":"imu","dev":"node-01","seq":1439,"t0":154030,"fs":100,"samples":[[0.025,0.993,0.171,0.57,-10.37,-2.78,-6.16,80.28],[0.015,0.989,0.154,-1.45,-8.91,-2.72,-6.14,80.29],[0.012,0.986,0.162,-2.06,-10.43,-3.09,-6.14,80.27],[0.012,0.996,0.166,-1.14,-9.40,-2.17,-6.12,80.27],[0.021,0.994,0.162,-1.69,-10.31,-2.84,-6.12,80.26],[0.018,0.990,0.170,-1.81,-10.13,-3.15,-6.12,80.24],[0.015,0.991,0.171,-2.24,-10.56,-2.48,-6.12,80.22],[0.009,0.989,0.163,-4.19,-9.76,-3.27,-6.10,80.19],[0.004,0.984,0.165,-3.46,-9.88,-3.03,-6.08,80.16],[0.015,0.987,0.167,-4.25,-11.16,-2.78,-6.09,80.12]]}
8.653	{"type":"ecg","dev":"node-01","seq":1526,"t0":154113,"fs":250,"leads_off":false,"bpm":105.4,"samples":[1637,1642,1639,1639,1637,1648,1643,1633,1631,1639,1644,1646,1645,1642,1639,1647,1653,1668,1685,1723,1718,1751,1802,1853,1871]}
8.669	{"type":"imu","dev":"node-01","seq":1440,"t0":154130,"fs":100,"samples":[[0.014,0.985,0.162,-4.50,-9.88,-2.90,-6.08,80.09],[0.014,0.985,0.167,-4.62,-11.84,-3.51,-6.09,80.05],[0.010,0.987,0.168,-3.89,-10.49,-2.84,-6.08,80.02],[0.011,0.989,0.171,-1.75,-11.10,-2.30,-6.08,80.00],[0.015,0.984,0.167,-1.02,-10.31,-2.72,-6.08,80.00],[0.017,0.992,0.170,0.02,-10.43,-2.17,-6.08,80.01],[0.014,0.989,0.169,0.02,-10.98,-2.60,-6.08,80.01],[0.018,0.988,0.167,-1.75,-10.49,-3.09,-6.08,80.00],[0.017,0.988,0.166,-0.84,-9.70,-2.30,-6.08,80.00],[0.015,0.987,0.166,-1.81,-10.25,-1.26,-6.07,80.00]]}
8.753	{"type":"ecg","dev":"node-01","seq":1527,"t0":154213,"fs":250,"leads_off":false,"bpm":105.4,"samples":[1883,1883,1855,1821,1887,1956,1951,1891,1825,1759,1701,1666,1655,1655,1639,1616,1599,1521,1519,1514,1535,1565,1566,1557,1568]}
8.769	{"type":"imu","dev":"node-01","seq":1441,"t0":154230,"fs":100,"samples":[[0.018,0.988,0.165,-2.12,-10.43,-3.03,-6.07,79.99],[0.020,0.986,0.167,-0.71,-9.82,-3.03,-6.07,79.99],[0.010,0.984,0.172,-1.57,-9.70,-2.30,-6.05,79.97],[0.015,0.985,0.171,-1.45,-10.25,-1.93,-6.05,79.96],[0.013,0.981,0.173,-1.02,-9.82,-2.42,-6.04,79.95],[0.015,0.989,0.169,-1.08,-10.43,-1.87,-6.04,79.95],[0.017,0.988,0.166,-0.35,-8.85,-2.11,-6.02,79.96],[0.011,0.988,0.165,1.30,-9.52,-2.11,-6.01,79.98],[0.011,0.995,0.163,1.11,-10.01,-2.48,-6.00,80.01],[0.011,0.985,0.161,0.20,-10.31,-1.93,-5.99,80.02]]}
8.853	{"type":"ecg","dev":"node-01","seq":1528,"t0":154313,"fs":250,"leads_off":false,"bpm":102.7,"samples":[1535,1439,1338,1354,1566,1837,2155,2524,2962,3409,3150,2310,1296,640,562,760,946,1113,1267,1469,1660,1771,1808,1805,1805]}
8.869	{"type":"imu","dev":"node-01","seq":1442,"t0":154330,"fs":100,"samples":[[0.018,0.984,0.160,-0.78,-10.68,-1.08,-6.00,80.03],[0.014,0.988,0.158,0.14,-10.98,-1.38,-6.00,80.05],[0.010,0.987,0.171,-1.57,-10.80,-2.30,-6.00,80.04],[0.019,0.989,0.169,-2.24,-11.04,-2.30,-6.01,80.02],[0.013,0.989,0.181,-1.81,-10.86,-1.62,-6.01,79.99],[0.012,0.994,0.171,-0.65,-11.35,-1.08,-6.02,79.99],[0.025,0.990,0.134,-1.45,-10.62,-1.56,-6.03,80.02],[0.001,0.963,0.115,-4.13,-7.14,-3.09,-5.98,80.04],[0.024,0.987,0.178,2.09,-11.71,-2.05,-6.01,80.06],[0.013,0.982,0.159,-1.63,-10.80,-2.60,-6.00,80.06]]}
8.953	{"type":"ecg","dev":"node-01","seq":1529,"t0":154413,"fs":250,"leads_off":false,"bpm":102.7,"samples":[1809,1831,1838,1846,1846,1859,1861,1881,1894,1906,1920,1926,1925,1927,1946,1971,1987,2001,2005,2019,2032,2035,2060,2072,2081]}
8.969	{"type":"imu","dev":"node-01","seq":1443,"t0":154430,"fs":100,"samples":[[0.013,0.975,0.208,-6.93,-12.20,-0.71,-6.02,79.95],[0.011,0.980,0.133,-0.90,-13.48,0.75,-6.04,79.99],[0.022,0.994,0.188,-1.45,-12.26,-0.59,-6.07,79.96],[0.026,0.997,0.177,1.30,-11.59,-1.81,-6.09,79.97],[0.024,0.993,0.177,3.68,-9.21,-2.36,-6.08,80.01],[0.014,0.991,0.151,-0.53,-8.91,-3.64,-6.07,80.03],[0.009,0.985,0.160,-0.84,-9.70,-3.76,-6.05,80.03],[0.024,1.000,0.178,1.18,-9.76,-2.84,-6.05,80.04],[0.020,0.999,0.172,1.72,-10.01,-1.01,-6.05,80.06],[0.013,0.999,0.165,0.20,-11.10,-1.56,-6.05,80.08]]}
9.053	{"type":"ecg","dev":"node-01","seq":1530,"t0":154513,"fs":250,"leads_off":false,"bpm":102.7,"samples":[2091,2099,2096,2085,2094,2096,2112,2117,2121,2124,2127,2113,2096,2054,2018,1988,1949,1914,1859,1822,1788,1751,1714,1690,1680]}
9.069	{"type":"imu","dev":"node-01","seq":1444,"t0":154530,"fs":100,"samples":[[0.016,0.989,0.163,-2.67,-11.53,-1.01,-6.06,80.06],[0.021,0.985,0.163,-2.73,-11.53,-1.69,-6.08,80.05],[0.023,0.983,0.153,-4.07,-10.86,-2.36,-6.09,80.03],[0.026,0.976,0.157,-3.34,-10.68,-1.14,-6.10,80.01],[0.010,0.977,0.163,-0.11,-10.92,-1.99,-6.10,80.02],[0.020,0.977,0.163,-0.96,-11.23,-2.90,-6.11,80.02],[0.022,0.981,0.166,-2.24,-12.38,-2.78,-6.14,80.01],[0.019,0.984,0.157,-2.12,-11.84,-2.36,-6.15,80.00],[0.003,0.985,0.193,-3.58,-11.41,-1.75,-6.15,79.95],[0.023,0.998,0.183,-0.41,-10.62,-1.26,-6.15,79.94]]}
9.153	{"type":"ecg","dev":"node-01","seq":1531,"t0":154613,"fs":250,"leads_off":false,"bpm":102.7,"samples":[1680,1691,1695,1710,1691,1698,1687,1689,1707,1712,1726,1729,1723,1713,1725,1714,1713,1710,1717,1722,1723,1722,1719,1722,1714]}
9.169	{"type":"imu","dev":"node-01","seq":1445,"t0":154630,"fs":100,"samples":[[0.020,0.997,0.159,-0.41,-10.07,-1.08,-6.15,79.95],[0.016,0.991,0.164,-2.30,-12.20,-2.23,-6.16,79.94],[0.020,0.988,0.160,-2.36,-10.07,-2.48,-6.16,79.94],[0.028,0.985,0.173,-1.02,-10.43,-2.17,-6.17,79.93],[0.021,0.988,0.168,-0.41,-10.98,-1.81,-6.18,79.93],[0.017,0.988,0.164,-0.78,-10.98,-2.60,-6.18,79.94],[0.015,0.990,0.167,-0.41,-11.29,-2.60,-6.19,79.94],[0.022,0.991,0.173,-4.43,-10.19,-2.48,-6.19,79.90],[0.017,0.986,0.176,-5.53,-10.80,-2.60,-6.19,79.85],[0.018,0.985,0.171,-6.20,-10.43,-2.42,-6.19,79.79]]}
9.253	{"type":"ecg","dev":"node-01","seq":1532,"t0":154713,"fs":250,"leads_off":false,"bpm":102.7,"samples":[1716,1717,1712,1712,1714,1727,1732,1728,1726,1725,1723,1707,1710,1703,1706,1712,1712,1718,1717,1719,1729,1734,1744,1749,1749]}
9.269	{"type":"imu","dev":"node-01","seq":1446,"t0":154730,"fs":100,"samples":[[0.016,0.986,0.171,-2.79,-10.74,-1.38,-6.19,79.77],[0.010,0.986,0.171,-2.85,-11.23,-1.99,-6.19,79.75],[0.015,0.990,0.172,-3.15,-10.74,-0.95,-6.18,79.73],[0.012,0.982,0.174,-3.58,-11.04,-3.09,-6.18,79.70],[0.018,0.985,0.164,-2.54,-10.19,-3.45,-6.18,79.69],[0.016,0.986,0.169,-0.71,-10.62,-2.54,-6.18,79.70],[0.018,0.987,0.166,-0.11,-10.86,-2.36,-6.18,79.71],[0.017,0.994,0.169,-1.57,-10.43,-3.09,-6.18,79.71],[0.021,0.985,0.176,-2.91,-10.49,-2.23,-6.19,79.68],[0.016,0.987,0.166,3.25,-10.56,-2.36,-6.18,79.73]]}
9.353	{"type":"ecg","dev":"node-01","seq":1533,"t0":154813,"fs":250,"leads_off":false,"bpm":102.7,"samples":[1776,1797,1801,1808,1804,1820,1843,1875,1933,1982,1987,1978,1981,1994,1981,2000,2062,2065,2023,1966,1896,1809,1744,1713,1706]}
9.369	{"type":"imu","dev":"node-01","seq":1447,"t0":154830,"fs":100,"samples":[[0.015,0.995,0.171,4.71,-10.43,-1.69,-6.18,79.78],[0.016,0.992,0.177,1.11,-10.92,-2.54,-6.18,79.80],[0.013,0.987,0.164,-1.08,-11.35,-2.78,-6.18,79.80],[0.017,0.986,0.167,-3.76,-10.86,-3.64,-6.18,79.78],[0.012,0.988,0.169,-1.87,-9.34,-2.84,-6.16,79.77],[0.011,0.987,0.177,-2.61,-9.21,-3.27,-6.14,79.75],[0.018,0.983,0.166,-2.18,-10.86,-2.66,-6.15,79.74],[0.015,0.987,0.169,-1.51,-10.56,-3.58,-6.15,79.73],[0.015,0.986,0.172,-2.73,-10.37,-3.03,-6.15,79.71],[0.015,0.986,0.166,-3.34,-10.86,-3.15,-6.14,79.70]]}
9.453	{"type":"ecg","dev":"node-01","seq":1534,"t0":154913,"fs":250,"leads_off":false,"bpm":99.4,"samples":[1721,1701,1651,1601,1575,1574,1593,1615,1615,1616,1626,1600,1513,1390,1353,1508,1759,2039,2383,2736,3221,3287,2619,1661,795]}
9.469	{"type":"imu","dev":"node-01","seq":1448,"t0":154930,"fs":100,"samples":[[0.024,0.985,0.166,-1.08,-9.76,-3.15,-6.14,79.70],[0.012,0.994,0.167,-0.90,-9.70,-3.39,-6.13,79.71],[0.009,0.987,0.164,-0.84,-10.80,-3.15,-6.12,79.72],[0.005,0.986,0.166,-0.84,-11.47,-3.15,-6.12,79.72],[0.009,0.989,0.165,-2.36,-11.16,-3.64,-6.11,79.72],[0.014,0.984,0.169,-1.69,-10.92,-2.84,-6.11,79.71],[0.015,0.982,0.176,-1.69,-10.43,-2.90,-6.11,79.70],[0.012,0.988,0.175,-1.14,-10.56,-2.42,-6.11,79.69],[0.011,0.984,0.168,-0.29,-10.86,-1.38,-6.11,79.70],[0.018,0.993,0.182,-0.17,-12.75,-1.44,-6.13,79.70]]}
9.553	{"type":"ecg","dev":"node-01","seq":1535,"t0":155013,"fs":250,"leads_off":false,"bpm":99.4,"samples":[531,726,938,1086,1230,1392,1573,1749,1829,1846,1840,1831,1846,1872,1902,1919,1919,1915,1916,1927,1934,1967,1969,1978,1981]}
9.569	{"type":"imu","dev":"node-01","seq":1449,"t0":155030,"fs":100,"samples":[[0.015,0.990,0.164,0.50,-11.35,-0.47,-6.13,79.72],[0.028,0.979,0.135,-0.41,-9.95,-3.03,-6.14,79.76],[0.008,0.979,0.184,-3.34,-10.80,-3.39,-6.13,79.72],[0.024,0.992,0.179,0.20,-12.57,-3.51,-6.16,79.73],[0.004,0.979,0.164,-3.28,-11.04,-3.09,-6.15,79.71],[0.007,0.994,0.158,-1.08,-14.21,-0.47,-6.17,79.72],[0.012,0.985,0.162,-4.86,-12.45,-1.56,-6.19,79.69],[0.012,0.989,0.183,-1.57,-11.47,-2.78,-6.19,79.67],[0.017,0.992,0.178,5.20,-8.85,-3.82,-6.17,79.73],[0.015,0.990,0.169,4.35,-9.15,-4.25,-6.15,79.78]]}
9.653	{"type":"ecg","dev":"node-01","seq":1536,"t0":155113,"fs":250,"leads_off":false,"bpm":99.4,"samples":[1999,2016,2022,2032,2043,2067,2078,2094,2099,2108,2119,2127,2133,2142,2141,2150,2159,2163,2167,2176,2177,2187,2187,2166,2138]}
9.669	{"type":"imu","dev":"node-01","seq":1450,"t0":155130,"fs":100,"samples":[[0.008,0.990,0.156,1.97,-8.85,-4.06,-6.13,79.83],[0.012,0.993,0.163,1.36,-10.25,-3.09,-6.12,79.86],[0.014,1.002,0.180,1.66,-10.62,-3.39,-6.12,79.87],[0.016,0.999,0.178,-0.59,-10.62,-2.72,-6.12,79.87],[0.009,0.990,0.161,-4.62,-10.56,-2.42,-6.11,79.84],[0.014,0.990,0.168,-4.43,-10.19,-2.60,-6.10,79.81],[0.008,0.989,0.165,-4.68,-10.80,-2.48,-6.09,79.78],[0.010,0.979,0.164,-6.45,-10.07,-2.23,-6.08,79.73],[0.013,0.973,0.165,-2.85,-10.74,-3.15,-6.08,79.71],[0.020,0.977,0.166,-1.51,-10.86,-3.21,-6.09,79.71]]}
9.753	{"type":"ecg","dev":"node-01","seq":1537,"t0":155213,"fs":250,"leads_off":false,"bpm":99.4,"samples":[2097,2070,2019,1963,1911,1869,1835,1795,1756,1726,1716,1709,1703,1699,1686,1696,1711,1712,1728,1706,1710,1712,1708,1707,1701]}
9.769	{"type":"imu","dev":"node-01","seq":1451,"t0":155230,"fs":100,"samples":[[0.014,0.985,0.169,-1.45,-10.98,-3.09,-6.09,79.71],[0.017,0.991,0.167,-0.59,-10.86,-2.90,-6.09,79.72],[0.019,0.990,0.158,0.87,-10.43,-2.23,-6.10,79.75],[0.003,0.988,0.195,-0.59,-10.13,-1.99,-6.08,79.73],[0.017,0.993,0.164,0.32,-10.68,-0.59,-6.08,79.75],[0.015,0.990,0.167,-2.67,-9.58,-1.81,-6.07,79.73],[0.021,0.986,0.160,-2.67,-9.76,-2.11,-6.07,79.73],[0.022,0.990,0.173,-1.39,-9.70,-2.66,-6.07,79.72],[0.021,0.989,0.179,-0.23,-10.07,-2.05,-6.07,79.72],[0.015,0.986,0.174,-0.59,-10.25,-2.78,-6.06,79.72]]}
9.853	{"type":"ecg","dev":"node-01","seq":1538,"t0":155313,"fs":250,"leads_off":false,"bpm":99.4,"samples":[1694,1690,1691,1699,1712,1726,1742,1718,1707,1711,1711,1711,1711,1696,1689,1684,1701,1709,1705,1691,1695,1701,1698,1698,1695]}
9.869	{"type":"imu","dev":"node-01","seq":1452,"t0":155330,"fs":100,"samples":[[0.011,0.990,0.171,-1.69,-10.19,-2.66,-6.05,79.71],[0.012,0.984,0.179,-3.03,-10.56,-1.50,-6.05,79.68],[0.013,0.989,0.177,-1.51,-10.74,-1.99,-6.05,79.67],[0.012,0.988,0.174,-0.11,-10.56,-2.17,-6.05,79.68],[0.010,0.991,0.176,-0.65,-10.43,-1.87,-6.04,79.68],[0.009,0.985,0.174,-0.71,-10.86,-1.56,-6.03,79.67],[0.005,0.982,0.177,-2.61,-11.04,-2.42,-6.03,79.65],[0.013,0.985,0.169,-2.36,-10.80,-2.30,-6.03,79.64],[0.016,0.982,0.173,-1.63,-11.23,-1.87,-6.04,79.63],[0.011,0.987,0.180,-1.02,-10.92,-3.33,-6.04,79.62]]}
9.953	{"type":"ecg","dev":"node-01","seq":1539,"t0":155413,"fs":250,"leads_off":false,"bpm":99.4,"samples":[1694,1693,1695,1695,1705,1706,1696,1698,1691,1702,1712,1714,1728,1776,1834,1886,1904,1918,1919,1904,1903,1954,2002,1981,1927]}
9.969	{"type":"imu","dev":"node-01","seq":1453,"t0":155430,"fs":100,"samples":[[0.020,0.987,0.179,-3.64,-10.43,-3.21,-6.04,79.59],[0.014,0.986,0.175,-3.52,-11.47,-3.21,-6.05,79.56],[0.015,0.986,0.175,-0.17,-10.98,-1.75,-6.05,79.57],[0.014,0.995,0.174,1.42,-10.98,-2.17,-6.05,79.59],[0.017,0.993,0.173,-0.41,-10.74,-1.26,-6.06,79.60],[0.016,0.985,0.169,0.26,-10.37,-2.23,-6.05,79.61],[0.012,0.988,0.176,0.02,-11.71,-1.14,-6.06,79.62],[0.018,0.985,0.166,1.54,-11.96,-1.69,-6.08,79.65],[0.008,0.988,0.172,1.11,-11.23,-2.36,-6.08,79.67],[0.016,0.983,0.169,-0.90,-10.62,-2.54,-6.08,79.67]]}
10.053	{"type":"ecg","dev":"node-01","seq":1540,"t0":155513,"fs":250,"leads_off":false,"bpm":97.2,"samples":[1872,1809,1742,1702,1680,1684,1680,1649,1598,1558,1554,1563,1575,1599,1615,1626,1622,1584,1472,1377,1407,1601,1870,2187,2543]}
10.069	{"type":"imu","dev":"node-01","seq":1454,"t0":155530,"fs":100,"samples":[[0.011,0.988,0.174,-1.69,-11.04,-1.81,-6.08,79.67],[0.016,0.986,0.175,-2.42,-10.68,-2.30,-6.08,79.65],[0.018,0.986,0.167,-3.03,-10.98,-2.66,-6.09,79.63],[0.016,0.979,0.176,-3.09,-10.92,-2.48,-6.09,79.61],[0.014,0.984,0.174,-3.46,-10.19,-3.03,-6.09,79.58],[0.012,0.984,0.169,-1.69,-11.41,-2.97,-6.09,79.58],[0.011,0.985,0.172,-2.42,-11.16,-1.99,-6.09,79.56],[0.009,0.986,0.170,-2.00,-11.29,-2.23,-6.09,79.56],[0.020,0.984,0.169,-0.59,-11.71,-1.93,-6.11,79.56],[0.015,0.987,0.181,-0.41,-11.16,-2.11,-6.11,79.56]]}
10.153	{"type":"ecg","dev":"node-01","seq":1541,"t0":155613,"fs":250,"leads_off":false,"bpm":97.2,"samples":[2969,3374,3056,2199,1190,577,567,797,979,1141,1289,1467,1651,1770,1810,1809,1818,1822,1838,1851,1872,1886,1885,1875,1890]}
10.169	{"type":"imu","dev":"node-01","seq":1455,"t0":155630,"fs":100,"samples":[[0.020,0.992,0.179,-0.29,-12.69,-2.05,-6.13,79.56],[0.008,0.990,0.190,-0.84,-13.12,-1.81,-6.15,79.54],[0.018,0.988,0.177,0.26,-12.93,-2.36,-6.17,79.55],[0.025,0.982,0.150,1.24,-10.31,-2.05,-6.18,79.60],[0.002,0.965,0.141,-0.29,-9.15,-3.64,-6.15,79.64],[0.027,0.996,0.177,3.00,-13.12,-3.88,-6.18,79.67],[0.003,0.979,0.171,-1.08,-10.49,-2.36,-6.17,79.67],[0.001,0.984,0.205,-3.21,-13.12,-1.38,-6.17,79.61],[0.019,0.991,0.151,-2.97,-12.38,-1.01,-6.20,79.61],[0.016,0.986,0.182,-4.13,-10.92,-1.99,-6.19,79.57]]}
10.253	{"type":"ecg","dev":"node-01","seq":1542,"t0":155713,"fs":250,"leads_off":false,"bpm":97.2,"samples":[1906,1938,1946,1950,1963,1979,1991,2000,2026,2023,2043,2067,2077,2087,2098,2110,2111,2119,2122,2128,2127,2128,2134,2135,2143]}
10.269	{"type":"imu","dev":"node-01","seq":1456,"t0":155730,"fs":100,"samples":[[0.013,0.982,0.187,-1.39,-9.03,-2.11,-6.17,79.55],[0.022,0.982,0.183,2.27,-8.54,-3.27,-6.16,79.57],[0.014,0.986,0.157,1.91,-8.66,-3.76,-6.14,79.62],[0.015,0.984,0.164,0.57,-9.40,-4.55,-6.12,79.64],[0.016,0.993,0.179,1.36,-10.13,-2.84,-6.12,79.66],[0.014,0.998,0.169,0.69,-9.34,-1.81,-6.10,79.68],[0.010,0.995,0.175,-0.11,-10.49,-2.66,-6.10,79.69],[0.014,0.986,0.170,1.18,-10.56,-1.81,-6.09,79.71],[0.008,0.992,0.170,0.99,-10.62,-2.30,-6.09,79.73],[0.008,0.986,0.167,-0.78,-10.56,-1.44,-6.07,79.74]]}
10.353	{"type":"ecg","dev":"node-01","seq":1543,"t0":155813,"fs":250,"leads_off":false,"bpm":97.2,"samples":[2130,2137,2144,2142,2111,2086,2032,1983,1934,1876,1839,1783,1745,1717,1696,1678,1653,1644,1643,1652,1666,1671,1667,1657,1667]}
10.369	{"type":"imu","dev":"node-01","seq":1457,"t0":155830,"fs":100,"samples":[[0.012,0.984,0.165,-3.89,-10.31,-3.09,-6.07,79.72],[0.011,0.980,0.163,-1.63,-10.07,-3.27,-6.06,79.72],[0.015,0.986,0.178,-2.18,-10.74,-3.76,-6.06,79.69],[0.024,0.981,0.172,-3.09,-10.25,-2.42,-6.07,79.67],[0.011,0.984,0.152,5.02,-10.37,-3.15,-6.06,79.75],[0.009,0.993,0.199,2.70,-10.68,-2.60,-6.05,79.76],[0.026,0.992,0.183,3.07,-11.96,-2.42,-6.08,79.78],[0.011,0.992,0.166,-1.08,-10.43,-2.97,-6.07,79.79],[0.015,0.980,0.162,-1.93,-9.52,-2.11,-6.07,79.78],[0.013,0.990,0.158,-0.71,-10.37,-2.17,-6.06,79.80]]}
10.456	{"type":"ecg","dev":"node-01","seq":1544,"t0":155913,"fs":250,"leads_off":false,"bpm":97.2,"samples":[1677,1689,1677,1679,1680,1680,1685,1685,1689,1695,1698,1702,1723,1699,1703,1686,1692,1705,1708,1707,1703,1728,1710,1694,1712]}
10.469	{"type":"imu","dev":"node-01","seq":1458,"t0":155930,"fs":100,"samples":[[0.018,0.994,0.177,-0.11,-8.79,-2.66,-6.04,79.80],[0.013,0.982,0.170,-0.71,-8.79,-3.33,-6.02,79.80],[0.011,0.988,0.172,-1.51,-9.64,-3.39,-6.01,79.79],[0.015,0.983,0.171,-3.15,-9.64,-3.27,-6.00,79.77],[0.010,0.987,0.179,-0.65,-10.86,-3.09,-6.00,79.76],[0.013,0.986,0.168,0.20,-10.74,-2.17,-6.00,79.77],[0.004,0.984,0.172,0.20,-9.21,-2.11,-5.97,79.78],[0.011,0.992,0.172,0.81,-9.58,-1.75,-5.96,79.80],[0.009,0.996,0.166,3.92,-8.97,-2.23,-5.94,79.85],[0.010,0.996,0.174,3.80,-10.01,-2.60,-5.93,79.89]]}
10.553	{"type":"ecg","dev":"node-01","seq":1545,"t0":156013,"fs":250,"leads_off":false,"bpm":97.2,"samples":[1712,1709,1712,1714,1722,1718,1708,1703,1712,1744,1798,1872,1914,1904,1884,1903,1920,1969,2019,2057,2011,1933,1872,1856,1827]}
10.569	{"type":"imu","dev":"node-01","seq":1459,"t0":156030,"fs":100,"samples":[[0.009,1.002,0.167,4.35,-10.19,-2.60,-5.92,79.95],[0.017,0.996,0.169,2.82,-9.76,-3.45,-5.92,79.98],[0.016,0.999,0.170,1.85,-9.58,-2.78,-5.91,80.01],[0.019,0.993,0.169,-0.11,-9.58,-2.30,-5.91,80.02],[0.016,0.989,0.169,-2.91,-8.79,-2.78,-5.89,79.99],[0.012,0.979,0.169,-3.70,-10.19,-3.03,-5.89,79.96],[0.010,0.979,0.166,-2.85,-10.56,-2.66,-5.89,79.94],[0.011,0.979,0.170,-2.73,-8.97,-2.60,-5.87,79.92],[0.014,0.976,0.169,-1.75,-8.66,-1.75,-5.86,79.91],[0.010,0.985,0.167,1.60,-8.36,-1.87,-5.83,79.93]]}
10.653	{"type":"ecg","dev":"node-01","seq":1546,"t0":156113,"fs":250,"leads_off":false,"bpm":96.7,"samples":[1769,1697,1649,1653,1626,1582,1535,1535,1535,1571,1593,1588,1584,1565,1477,1351,1313,1484,1759,2059,2384,2722,3214,3307,2640]}
10.669	{"type":"imu","dev":"node-01","seq":1460,"t0":156130,"fs":100,"samples":[[0.014,0.985,0.170,3.37,-10.31,-2.84,-5.83,79.97],[0.010,0.987,0.168,3.00,-9.34,-2.11,-5.82,80.01],[0.012,0.993,0.158,3.07,-9.76,-1.62,-5.81,80.05],[0.016,0.988,0.160,3.74,-10.25,-1.69,-5.81,80.11],[0.014,0.991,0.156,2.94,-11.16,-3.09,-5.82,80.15],[0.011,0.989,0.157,3.37,-10.92,-1.50,-5.82,80.20],[0.008,0.989,0.159,3.37,-10.31,-1.62,-5.82,80.25],[0.004,0.992,0.167,1.72,-10.62,-2.36,-5.81,80.27],[0.007,0.990,0.166,-0.17,-10.68,-1.32,-5.81,80.27],[0.004,0.985,0.168,-1.32,-11.04,-3.27,-5.80,80.26]]}
10.753	{"type":"ecg","dev":"node-01","seq":1547,"t0":156213,"fs":250,"leads_off":false,"bpm":96.7,"samples":[1629,785,541,714,896,1023,1165,1315,1500,1692,1798,1808,1793,1803,1820,1838,1858,1872,1882,1898,1914,1933,1921,1925,1937]}
10.769	{"type":"imu","dev":"node-01","seq":1461,"t0":156230,"fs":100,"samples":[[0.011,0.993,0.154,1.66,-10.98,-1.50,-5.81,80.30],[0.008,0.990,0.159,1.60,-12.32,-2.36,-5.82,80.32],[0.024,0.982,0.127,1.54,-9.95,-1.93,-5.83,80.39],[0.015,0.984,0.166,-2.36,-10.43,-2.23,-5.83,80.36],[0.020,0.990,0.158,0.75,-9.58,-3.15,-5.83,80.38],[0.001,0.974,0.149,0.20,-10.92,-2.30,-5.82,80.40],[0.010,0.988,0.156,2.33,-14.09,-0.40,-5.86,80.44],[0.014,0.991,0.134,1.30,-14.03,-0.16,-5.89,80.49],[0.015,0.981,0.159,0.57,-10.49,-1.14,-5.90,80.50],[0.013,0.991,0.161,5.32,-9.95,-2.66,-5.89,80.55]]}
10.853	{"type":"ecg","dev":"node-01","seq":1548,"t0":156313,"fs":250,"leads_off":false,"bpm":96.7,"samples":[1968,1977,1984,1979,2000,2007,2039,2064,2061,2074,2089,2107,2112,2124,2131,2146,2147,2133,2145,2159,2186,2164,2160,2141,2142]}
10.869	{"type":"imu","dev":"node-01","seq":1462,"t0":156330,"fs":100,"samples":[[0.010,0.991,0.165,6.54,-9.15,-1.93,-5.87,80.62],[0.006,0.992,0.141,5.81,-9.27,-3.15,-5.85,80.70],[-0.003,0.997,0.149,4.35,-10.19,-3.15,-5.83,80.76],[0.004,0.992,0.151,3.49,-11.90,-2.05,-5.84,80.81],[-0.008,0.995,0.149,0.69,-11.96,-1.69,-5.83,80.83],[-0.009,0.988,0.145,-0.47,-11.53,-1.44,-5.81,80.84],[-0.013,0.983,0.147,-0.53,-12.08,-1.69,-5.80,80.85],[-0.008,0.987,0.146,-1.75,-12.69,-2.72,-5.80,80.84],[-0.002,0.984,0.142,-3.58,-12.69,-3.21,-5.81,80.83],[0.014,0.983,0.145,-4.56,-13.36,-3.82,-5.84,80.80]]}
10.952	{"type":"status","dev":"node-01","fw":"0.1.0","uptime_ms":156509,"ecg":{"fs":250},"imu":{"ok":true,"fs":100,"errors":861,"fields":["ax","ay","az","gx","gy","gz","pitch","roll"]}}
10.954	{"type":"ecg","dev":"node-01","seq":1549,"t0":156413,"fs":250,"leads_off":false,"bpm":96.7,"samples":[2128,2093,2042,1983,1928,1901,1858,1811,1751,1712,1678,1657,1637,1643,1637,1647,1650,1655,1649,1675,1686,1690,1687,1682,1671]}
10.969	{"type":"imu","dev":"node-01","seq":1463,"t0":156430,"fs":100,"samples":[[0.015,0.979,0.150,-3.28,-13.73,-3.94,-5.87,80.78],[0.019,0.979,0.159,0.87,-14.70,-4.12,-5.92,80.78],[0.026,0.985,0.158,0.99,-12.63,-3.88,-5.96,80.80],[0.028,0.983,0.133,1.18,-14.15,-3.03,-6.01,80.84],[0.026,0.984,0.186,0.75,-13.73,-3.21,-6.05,80.81],[0.034,0.995,0.145,1.66,-12.69,-1.14,-6.09,80.85],[0.023,0.990,0.151,0.26,-13.30,-1.26,-6.13,80.86],[0.017,0.993,0.142,-0.17,-12.87,-1.38,-6.15,80.88],[0.022,1.007,0.165,1.05,-12.69,-2.60,-6.18,80.89],[0.027,1.006,0.170,-0.29,-13.36,-2.36,-6.22,80.87]]}
11.053	{"type":"ecg","dev":"node-01","seq":1550,"t0":156513,"fs":250,"leads_off":false,"bpm":96.7,"samples":[1680,1691,1694,1678,1691,1715,1737,1714,1685,1674,1671,1670,1679,1670,1673,1684,1681,1685,1677,1682,1665,1667,1677,1712,1712]}
11.069	{"type":"imu","dev":"node-01","seq":1464,"t0":156530,"fs":100,"samples":[[0.020,1.000,0.163,-2.42,-12.32,-2.23,-6.24,80.85],[0.009,1.000,0.152,-2.91,-13.18,-2.11,-6.25,80.83],[0.018,0.998,0.161,-3.95,-12.08,-2.17,-6.26,80.79],[0.019,0.995,0.158,-3.09,-12.02,-1.93,-6.28,80.76],[0.010,0.990,0.155,-2.18,-12.20,-2.30,-6.28,80.75],[0.012,0.988,0.154,-3.76,-12.20,-0.83,-6.29,80.72],[0.010,0.985,0.160,-4.68,-12.63,-1.75,-6.30,80.67],[0.008,0.989,0.165,-2.85,-12.32,-1.93,-6.30,80.64],[0.003,0.983,0.153,-2.85,-12.08,-2.54,-6.31,80.63],[0.009,0.984,0.153,-1.75,-12.26,-2.05,-6.30,80.62]]}
11.153	{"type":"ecg","dev":"node-01","seq":1551,"t0":156613,"fs":250,"leads_off":false,"bpm":96.7,"samples":[1727,1731,1766,1827,1859,1875,1873,1882,1922,1981,1986,2002,1995,1943,1887,1854,1798,1730,1685,1669,1648,1599,1535,1527,1525]}
11.169	{"type":"imu","dev":"node-01","seq":1465,"t0":156630,"fs":100,"samples":[[0.011,0.986,0.161,-1.32,-11.84,-2.97,-6.31,80.61],[0.012,0.991,0.155,0.26,-12.02,-2.54,-6.31,80.62],[0.008,0.982,0.156,0.20,-11.16,-2.66,-6.30,80.63],[0.010,0.989,0.157,1.42,-10.37,-2.97,-6.29,80.65],[0.001,0.999,0.143,1.66,-11.65,-1.99,-6.28,80.69],[0.010,0.991,0.167,-3.40,-12.63,-2.97,-6.29,80.65],[0.010,0.981,0.144,-2.12,-11.96,-1.44,-6.29,80.65],[0.006,0.998,0.160,3.92,-12.45,-1.32,-6.29,80.69],[0.010,0.994,0.156,-0.41,-12.08,-2.23,-6.30,80.70],[0.006,0.986,0.147,-1.20,-12.08,-3.33,-6.30,80.70]]}
11.253	{"type":"ecg","dev":"node-01","seq":1552,"t0":156713,"fs":250,"leads_off":false,"bpm":98.5,"samples":[1555,1571,1575,1568,1569,1558,1489,1382,1361,1502,1728,1979,2277,2593,3127,3335,2816,1847,944,620,734,944,1040,1100,1194]}
11.269	{"type":"imu","dev":"node-01","seq":1466,"t0":156730,"fs":100,"samples":[[0.013,0.988,0.146,-3.34,-11.71,-3.45,-6.30,80.69],[0.012,0.982,0.147,-1.69,-10.62,-2.60,-6.29,80.69],[0.009,0.986,0.148,0.32,-11.77,-2.36,-6.29,80.71],[0.021,0.985,0.151,2.03,-11.35,-1.44,-6.30,80.74],[0.011,0.987,0.155,1.36,-11.04,-1.69,-6.30,80.76],[0.010,0.992,0.161,-0.11,-12.08,-2.23,-6.30,80.76],[0.014,0.991,0.162,-3.03,-12.45,-2.23,-6.31,80.73],[0.017,0.985,0.152,-2.67,-12.08,-1.44,-6.32,80.71],[0.016,0.990,0.179,-0.65,-12.51,-2.11,-6.34,80.69],[0.031,0.988,0.122,1.24,-11.10,-2.66,-6.36,80.74]]}
11.353	{"type":"ecg","dev":"node-01","seq":1553,"t0":156813,"fs":250,"leads_off":false,"bpm":98.5,"samples":[1374,1586,1749,1802,1781,1776,1792,1821,1834,1857,1851,1840,1851,1875,1906,1919,1931,1946,1963,1955,1965,1978,2019,2027,2017]}
11.369	{"type":"imu","dev":"node-01","seq":1467,"t0":156830,"fs":100,"samples":[[0.004,0.982,0.134,-1.39,-9.82,-2.30,-6.33,80.76],[0.017,0.982,0.141,-0.78,-9.70,-2.78,-6.32,80.77],[0.000,0.974,0.175,-2.67,-11.96,-2.54,-6.31,80.73],[0.028,1.000,0.143,-2.00,-13.97,-0.89,-6.35,80.73],[0.027,0.982,0.142,-2.85,-13.18,-1.26,-6.39,80.72],[0.014,0.983,0.156,0.87,-10.13,-1.20,-6.37,80.74],[0.014,1.000,0.167,3.68,-7.14,-1.69,-6.33,80.77],[0.006,0.998,0.163,2.58,-6.53,-2.72,-6.28,80.79],[0.004,0.982,0.144,0.57,-6.90,-3.27,-6.23,80.82],[0.010,0.991,0.151,0.69,-8.73,-3.15,-6.20,80.83]]}
11.453	{"type":"ecg","dev":"node-01","seq":1554,"t0":156913,"fs":250,"leads_off":false,"bpm":98.5,"samples":[2022,2027,2062,2083,2102,2110,2101,2115,2118,2122,2096,2108,2128,2128,2153,2144,2125,2101,2067,2030,2000,1941,1872,1824,1781]}
11.468	{"type":"imu","dev":"node-01","seq":1468,"t0":156930,"fs":100,"samples":[[0.010,0.995,0.153,-0.11,-9.27,-2.54,-6.17,80.84],[0.007,0.992,0.150,-0.78,-8.30,-1.75,-6.14,80.85],[0.006,0.985,0.149,-1.20,-9.46,-2.48,-6.12,80.84],[0.002,0.980,0.148,-1.32,-8.48,-1.32,-6.08,80.84],[0.003,0.979,0.147,-3.03,-9.09,-2.05,-6.05,80.82],[0.005,0.976,0.147,-2.18,-9.70,-1.87,-6.03,80.82],[0.012,0.975,0.149,0.50,-9.82,-1.26,-6.02,80.83],[0.016,0.977,0.151,0.75,-9.88,-2.42,-6.02,80.85],[0.024,0.988,0.153,0.63,-9.70,-3.45,-6.02,80.86],[0.013,0.986,0.152,0.02,-10.01,-2.23,-6.01,80.87]]}
11.553	{"type":"ecg","dev":"node-01","seq":1555,"t0":157013,"fs":250,"leads_off":false,"bpm":98.5,"samples":[1727,1697,1655,1650,1661,1651,1631,1610,1611,1629,1661,1662,1648,1651,1663,1673,1676,1678,1675,1679,1681,1676,1674,1686,1712]}
11.569	{"type":"imu","dev":"node-01","seq":1469,"t0":157030,"fs":100,"samples":[[0.017,0.987,0.130,-1.14,-8.06,-2.66,-5.99,80.89],[0.000,0.985,0.179,0.69,-10.86,-1.26,-5.98,80.87],[0.022,0.999,0.138,-0.65,-10.37,-1.32,-5.98,80.89],[0.013,0.989,0.145,-3.89,-10.56,-1.75,-5.98,80.87],[0.006,0.984,0.136,-1.93,-10.31,-0.65,-5.97,80.87],[0.025,0.988,0.149,0.02,-9.82,-2.48,-5.98,80.88],[0.019,0.985,0.155,-0.04,-8.73,-1.99,-5.96,80.89],[0.018,0.986,0.156,1.36,-10.25,-1.38,-5.97,80.90],[0.015,0.995,0.152,0.26,-10.49,-2.48,-5.97,80.91],[0.012,0.990,0.156,-2.18,-10.25,-1.20,-5.96,80.90]]}
11.653	{"type":"ecg","dev":"node-01","seq":1556,"t0":157113,"fs":250,"leads_off":false,"bpm":98.5,"samples":[1715,1695,1680,1677,1680,1680,1698,1699,1683,1681,1682,1681,1665,1680,1698,1750,1807,1851,1861,1873,1879,1909,1927,1971,2010]}
11.669	{"type":"imu","dev":"node-01","seq":1470,"t0":157130,"fs":100,"samples":[[0.012,0.989,0.161,-2.06,-10.25,-1.08,-5.96,80.87],[0.015,0.987,0.151,-1.14,-10.74,-0.89,-5.96,80.87],[0.010,0.986,0.151,-0.17,-10.74,-0.89,-5.96,80.88],[0.008,0.990,0.150,-0.53,-9.76,-0.71,-5.94,80.88],[0.019,0.989,0.141,-1.02,-10.56,-1.14,-5.95,80.89],[0.012,0.985,0.151,-1.39,-10.98,-2.05,-5.95,80.89],[0.012,0.987,0.145,-0.41,-10.92,-1.44,-5.95,80.90],[0.014,0.986,0.147,-0.59,-10.86,-1.69,-5.96,80.90],[0.017,0.983,0.157,0.14,-10.37,-1.01,-5.96,80.90],[0.020,0.992,0.149,0.93,-10.74,-1.62,-5.97,80.92]]}
11.753	{"type":"ecg","dev":"node-01","seq":1557,"t0":157213,"fs":250,"leads_off":false,"bpm":98.5,"samples":[2033,1968,1889,1840,1811,1765,1687,1642,1623,1614,1567,1527,1511,1520,1531,1554,1569,1575,1552,1520,1403,1355,1395,1582,1803]}
11.769	{"type":"imu","dev":"node-01","seq":1471,"t0":157230,"fs":100,"samples":[[0.014,0.995,0.152,-0.41,-10.31,-1.69,-5.97,80.93],[0.017,0.990,0.152,0.02,-10.80,-1.32,-5.97,80.94],[0.017,0.989,0.153,0.02,-10.07,-1.20,-5.97,80.94],[0.019,0.993,0.150,-0.23,-10.92,-0.77,-5.98,80.95],[0.010,0.990,0.145,-0.11,-10.98,-1.14,-5.98,80.96],[0.017,0.995,0.146,-1.08,-11.16,-1.69,-5.99,80.96],[0.009,0.989,0.145,0.75,-11.29,-1.50,-5.99,80.99],[0.020,0.992,0.146,-0.59,-10.56,-1.26,-6.00,80.99],[0.012,0.988,0.145,-1.32,-11.23,-1.08,-6.00,80.99],[0.013,0.986,0.151,-0.96,-10.31,-1.44,-6.00,80.99]]}
11.853	{"type":"ecg","dev":"node-01","seq":1558,"t0":157313,"fs":250,"leads_off":false,"bpm":101.1,"samples":[2082,2401,2850,3329,3199,2398,1351,675,602,784,941,1085,1200,1357,1534,1713,1796,1794,1773,1758,1773,1790,1808,1813,1827]}
11.869	{"type":"imu","dev":"node-01","seq":1472,"t0":157330,"fs":100,"samples":[[0.019,0.992,0.156,-1.08,-11.23,-1.26,-6.01,80.98],[0.021,0.996,0.157,-1.81,-10.49,-0.65,-6.01,80.96],[0.021,0.996,0.157,-1.81,-11.35,-0.77,-6.03,80.95],[0.016,0.996,0.165,-1.32,-11.47,-1.08,-6.04,80.93],[0.038,0.991,0.117,-1.02,-10.19,-1.26,-6.06,80.96],[0.015,0.975,0.123,-3.46,-8.79,-2.23,-6.04,80.97],[0.024,0.994,0.143,0.93,-10.37,-2.36,-6.05,80.99],[0.007,0.971,0.142,-1.14,-11.16,-2.11,-6.05,81.00],[0.012,0.979,0.167,-2.91,-12.81,-0.10,-6.07,80.95],[0.033,0.984,0.116,-3.95,-12.14,0.14,-6.10,80.96]]}
11.953	{"type":"ecg","dev":"node-01","seq":1559,"t0":157413,"fs":250,"leads_off":false,"bpm":101.1,"samples":[1839,1842,1858,1872,1901,1919,1920,1919,1935,1942,1967,1982,2000,2019,2031,2042,2062,2066,2068,2080,2111,2132,2135,2112,2101]}
11.969	{"type":"imu","dev":"node-01","seq":1473,"t0":157430,"fs":100,"samples":[[0.027,0.975,0.156,-0.90,-11.84,0.02,-6.13,80.95],[0.021,0.985,0.153,1.48,-10.62,-0.83,-6.13,80.97],[0.014,0.986,0.149,2.46,-8.24,-1.56,-6.11,81.00],[0.015,0.979,0.143,-0.47,-9.15,-3.58,-6.09,81.01],[0.024,0.995,0.153,-0.11,-11.23,-1.75,-6.11,81.02],[0.023,0.998,0.155,0.93,-10.86,-1.38,-6.12,81.03],[0.022,0.994,0.147,1.36,-10.25,-1.20,-6.12,81.05],[0.011,0.987,0.148,1.05,-10.68,-0.22,-6.12,81.07],[0.021,0.986,0.143,0.26,-10.49,-0.47,-6.13,81.09],[0.020,0.982,0.149,-1.63,-10.98,-0.22,-6.13,81.08]]}
12.053	{"type":"ecg","dev":"node-01","seq":1560,"t0":157513,"fs":250,"leads_off":false,"bpm":101.1,"samples":[2115,2138,2143,2133,2117,2105,2076,2032,1989,1947,1904,1862,1825,1776,1723,1685,1665,1648,1648,1645,1653,1663,1680,1677,1699]}
12.069	{"type":"imu","dev":"node-01","seq":1474,"t0":157530,"fs":100,"samples":[[0.021,0.986,0.145,-2.91,-11.77,-2.05,-6.15,81.06],[0.023,0.978,0.135,-2.61,-12.08,-1.56,-6.17,81.06],[0.029,0.977,0.138,-1.32,-11.77,-2.72,-6.19,81.06],[0.028,0.983,0.152,-0.78,-9.95,-1.87,-6.20,81.06],[0.031,0.990,0.148,0.50,-10.86,-2.60,-6.22,81.07],[0.028,0.987,0.130,-0.41,-11.10,-2.05,-6.23,81.10],[0.017,0.988,0.173,-0.84,-10.25,-1.69,-6.23,81.07],[0.023,0.991,0.162,2.33,-10.43,-1.14,-6.23,81.08],[0.024,0.994,0.142,-1.87,-10.98,-0.65,-6.25,81.08],[0.020,0.981,0.130,-3.76,-10.74,-0.71,-6.25,81.07]]}
12.153	{"type":"ecg","dev":"node-01","seq":1561,"t0":157613,"fs":250,"leads_off":false,"bpm":101.1,"samples":[1694,1680,1693,1703,1703,1710,1712,1727,1723,1719,1718,1702,1722,1722,1734,1729,1735,1730,1725,1723,1727,1715,1697,1702,1712]}
12.169	{"type":"imu","dev":"node-01","seq":1475,"t0":157630,"fs":100,"samples":[[0.013,0.985,0.134,-0.23,-11.16,-1.14,-6.25,81.09],[0.036,0.992,0.163,-0.17,-10.49,-1.69,-6.27,81.08],[0.025,0.991,0.148,-1.81,-10.07,-2.17,-6.27,81.07],[0.024,0.988,0.149,-1.75,-10.98,-2.54,-6.28,81.06],[0.024,0.984,0.148,-2.12,-11.23,-2.78,-6.29,81.05],[0.024,0.982,0.151,-1.93,-9.76,-1.50,-6.29,81.04],[0.021,0.986,0.154,-0.96,-12.32,-0.47,-6.31,81.03],[0.017,0.990,0.153,-0.59,-11.10,-1.50,-6.31,81.03],[0.021,0.988,0.144,1.05,-11.04,-0.53,-6.32,81.05],[0.020,0.990,0.154,-0.35,-11.96,-1.93,-6.33,81.05]]}
12.253	{"type":"ecg","dev":"node-01","seq":1562,"t0":157713,"fs":250,"leads_off":false,"bpm":101.1,"samples":[1722,1713,1722,1754,1828,1879,1917,1918,1920,1926,1951,1988,2007,2015,1975,1923,1890,1847,1790,1714,1664,1655,1639,1600,1559]}
12.269	{"type":"imu","dev":"node-01","seq":1476,"t0":157730,"fs":100,"samples":[[0.023,0.985,0.141,-0.35,-11.84,-1.26,-6.35,81.06],[0.023,0.989,0.156,-2.67,-11.77,-3.27,-6.36,81.03],[0.034,0.981,0.156,-3.40,-10.62,-3.03,-6.38,81.00],[0.034,0.979,0.142,-0.04,-11.35,-1.62,-6.40,81.01],[0.023,0.992,0.155,0.99,-10.68,-2.72,-6.40,81.03],[0.023,0.989,0.144,-2.48,-10.62,-1.56,-6.40,81.02],[0.019,0.981,0.153,-2.67,-10.62,-2.17,-6.40,80.99],[0.021,0.991,0.144,0.14,-11.23,-1.75,-6.41,81.01],[0.025,0.981,0.154,-1.75,-10.62,-1.38,-6.42,80.99],[0.018,0.988,0.147,-0.29,-11.16,-2.42,-6.41,81.00]]}
12.353	{"type":"ecg","dev":"node-01","seq":1563,"t0":157813,"fs":250,"leads_off":false,"bpm":104.2,"samples":[1535,1562,1588,1587,1581,1585,1590,1568,1457,1375,1402,1600,1841,2128,2463,2902,3347,3218,2454,1441,743,615,794,951,1098]}
12.369	{"type":"imu","dev":"node-01","seq":1477,"t0":157830,"fs":100,"samples":[[0.026,0.993,0.147,-0.53,-11.04,-1.69,-6.42,81.01],[0.022,0.984,0.151,-0.90,-11.35,-2.11,-6.43,81.00],[0.023,0.981,0.141,-0.65,-11.04,-1.81,-6.44,81.01],[0.022,0.988,0.148,-0.23,-11.41,-3.03,-6.45,81.02],[0.030,0.986,0.144,-0.96,-11.90,-2.78,-6.47,81.02],[0.028,0.989,0.147,-1.20,-11.84,-1.62,-6.49,81.02],[0.021,0.990,0.146,0.50,-11.84,-2.23,-6.50,81.04],[0.024,0.990,0.155,-2.18,-12.38,-1.69,-6.51,81.02],[0.023,0.989,0.159,-1.08,-12.63,-2.60,-6.54,81.00],[0.033,0.988,0.150,-0.17,-11.84,-1.32,-6.56,81.01]]}
12.453	{"type":"ecg","dev":"node-01","seq":1564,"t0":157913,"fs":250,"leads_off":false,"bpm":104.2,"samples":[1237,1367,1558,1715,1787,1803,1825,1802,1817,1833,1846,1853,1851,1862,1868,1881,1899,1926,1931,1934,1936,1950,1962,1970,1995]}
12.469	{"type":"imu","dev":"node-01","seq":1478,"t0":157930,"fs":100,"samples":[[0.012,0.971,0.118,-1.69,-8.36,-4.00,-6.52,81.03],[0.035,0.997,0.142,-0.41,-11.53,-3.03,-6.54,81.05],[0.037,0.983,0.123,-0.71,-10.07,-3.15,-6.56,81.08],[0.016,0.985,0.185,-0.90,-13.66,-1.75,-6.58,81.03],[0.033,0.993,0.129,-3.89,-12.63,-0.95,-6.61,81.03],[0.028,0.983,0.151,-3.58,-12.02,-1.93,-6.62,81.00],[0.025,0.997,0.162,3.92,-9.88,-1.08,-6.62,81.03],[0.028,0.988,0.155,3.49,-9.15,-3.09,-6.61,81.07],[0.017,0.986,0.133,0.26,-10.37,-2.97,-6.60,81.09],[0.026,0.986,0.151,0.14,-9.03,-3.09,-6.58,81.10]]}
12.553	{"type":"ecg","dev":"node-01","seq":1565,"t0":158013,"fs":250,"leads_off":false,"bpm":104.2,"samples":[2014,2030,2038,2064,2070,2085,2091,2085,2084,2098,2102,2109,2103,2107,2106,2111,2119,2112,2092,2060,2014,1968,1929,1886,1843]}
12.569	{"type":"imu","dev":"node-01","seq":1479,"t0":158030,"fs":100,"samples":[[0.031,0.994,0.157,-0.23,-10.62,-2.60,-6.59,81.09],[0.023,0.988,0.149,-1.26,-11.47,-2.72,-6.60,81.09],[0.022,0.984,0.143,-1.39,-10.68,-2.11,-6.60,81.09],[0.021,0.986,0.141,-2.73,-9.82,-1.38,-6.58,81.08],[0.018,0.985,0.143,-3.15,-10.56,-1.75,-6.58,81.06],[0.017,0.983,0.137,-3.89,-10.13,-2.72,-6.56,81.04],[0.022,0.978,0.129,-2.24,-11.10,-2.23,-6.57,81.05],[0.034,0.980,0.138,-3.34,-11.16,-2.36,-6.58,81.04],[0.032,0.978,0.145,-2.91,-11.10,-2.23,-6.60,81.02],[0.034,0.983,0.149,1.30,-10.74,-1.75,-6.61,81.04]]}
12.653	{"type":"ecg","dev":"node-01","seq":1566,"t0":158113,"fs":250,"leads_off":false,"bpm":104.2,"samples":[1803,1762,1722,1681,1664,1661,1645,1635,1631,1637,1657,1661,1665,1673,1679,1689,1701,1711,1723,1702,1704,1707,1717,1731,1729]}
12.669	{"type":"imu","dev":"node-01","seq":1480,"t0":158130,"fs":100,"samples":[[0.035,0.984,0.141,2.21,-11.35,-2.23,-6.63,81.08],[0.026,0.980,0.122,1.24,-10.31,-2.30,-6.63,81.12],[0.024,0.989,0.160,2.15,-10.62,-1.50,-6.63,81.14],[0.029,0.990,0.140,0.57,-11.53,-0.77,-6.64,81.16],[0.029,0.993,0.138,-1.39,-10.80,-0.89,-6.65,81.16],[0.021,0.988,0.135,-1.26,-9.70,-2.30,-6.64,81.17],[0.043,0.998,0.163,1.42,-10.49,-1.38,-6.65,81.18],[0.028,0.992,0.149,-1.26,-9.88,-1.69,-6.65,81.17],[0.020,0.993,0.146,-1.81,-11.04,-2.30,-6.65,81.16],[0.021,0.990,0.150,-1.26,-10.56,-1.69,-6.64,81.16]]}
12.753	{"type":"ecg","dev":"node-01","seq":1567,"t0":158213,"fs":250,"leads_off":false,"bpm":104.2,"samples":[1719,1713,1712,1727,1731,1737,1724,1713,1715,1722,1719,1711,1701,1707,1706,1700,1695,1695,1709,1745,1826,1906,1921,1909,1918]}
12.769	{"type":"imu","dev":"node-01","seq":1481,"t0":158230,"fs":100,"samples":[[0.030,0.990,0.152,-2.12,-9.64,-1.75,-6.64,81.14],[0.027,0.988,0.150,-1.57,-9.76,-1.99,-6.63,81.13],[0.020,0.994,0.149,-1.02,-10.13,-0.65,-6.62,81.12],[0.018,0.987,0.147,-3.09,-10.74,-2.42,-6.61,81.10],[0.026,0.986,0.152,-3.58,-10.86,-2.05,-6.62,81.07],[0.021,0.992,0.147,-1.87,-10.98,-1.75,-6.62,81.06],[0.021,0.985,0.143,0.02,-11.10,-1.75,-6.62,81.08],[0.026,0.985,0.151,0.75,-12.57,-0.71,-6.64,81.09],[0.029,0.987,0.148,1.18,-11.65,-2.42,-6.66,81.11],[0.035,0.986,0.150,2.76,-11.10,-2.11,-6.67,81.14]]}
12.859	{"type":"ecg","dev":"node-01","seq":1568,"t0":158313,"fs":250,"leads_off":false,"bpm":104.2,"samples":[1943,1953,1984,2031,2055,2037,1983,1916,1885,1841,1783,1707,1663,1648,1621,1582,1558,1553,1552,1575,1582,1596,1601,1600,1535]}
12.869	{"type":"imu","dev":"node-01","seq":1482,"t0":158330,"fs":100,"samples":[[0.032,0.990,0.144,2.70,-10.74,-2.05,-6.68,81.18],[0.034,0.989,0.143,2.82,-11.29,-2.23,-6.69,81.21],[0.031,0.998,0.143,1.97,-10.31,-1.56,-6.70,81.25],[0.032,0.991,0.144,-0.35,-9.46,-1.26,-6.69,81.25],[0.016,0.992,0.143,1.85,-12.20,-2.97,-6.70,81.28],[0.031,0.985,0.135,4.65,-10.62,-2.90,-6.70,81.35],[0.033,0.994,0.145,5.02,-9.82,-0.89,-6.70,81.40],[0.028,0.994,0.137,2.39,-10.56,0.02,-6.70,81.44],[0.009,0.991,0.147,-4.68,-10.13,-0.53,-6.68,81.40],[0.006,0.977,0.138,-5.41,-12.02,-2.23,-6.67,81.36]]}
12.953	{"type":"ecg","dev":"node-01","seq":1569,"t0":158413,"fs":250,"leads_off":false,"bpm":106.1,"samples":[1396,1303,1440,1689,2000,2415,2844,3376,3648,3029,2042,1039,541,573,781,1015,1199,1381,1578,1719,1775,1777,1774,1777,1807]}
12.969	{"type":"imu","dev":"node-01","seq":1483,"t0":158430,"fs":100,"samples":[[0.021,0.983,0.138,-2.79,-11.96,-2.36,-6.68,81.34],[0.019,0.988,0.145,-0.04,-12.26,-1.69,-6.68,81.35],[0.017,0.990,0.141,0.50,-12.69,-2.30,-6.69,81.36],[0.015,0.990,0.146,0.02,-13.42,-2.48,-6.71,81.37],[0.023,0.992,0.156,-0.41,-14.64,-1.50,-6.75,81.36],[0.023,0.989,0.138,1.30,-13.18,-0.95,-6.77,81.39],[0.040,0.988,0.093,1.30,-12.38,-1.44,-6.80,81.46],[0.014,0.973,0.157,-0.11,-12.14,-2.42,-6.80,81.45],[0.051,1.002,0.125,6.79,-12.75,-2.48,-6.85,81.55],[0.033,0.983,0.141,0.99,-12.45,-2.48,-6.87,81.56]]}
13.053	{"type":"ecg","dev":"node-01","seq":1570,"t0":158513,"fs":250,"leads_off":false,"bpm":106.1,"samples":[1829,1842,1853,1845,1843,1849,1872,1902,1905,1914,1920,1934,1939,1962,1983,2008,2022,2032,2034,2033,2060,2079,2095,2095,2096]}
13.069	{"type":"imu","dev":"node-01","seq":1484,"t0":158530,"fs":100,"samples":[[0.027,0.997,0.128,-1.26,-14.27,-1.32,-6.90,81.57],[0.045,0.986,0.121,-5.59,-13.36,-3.09,-6.94,81.55],[0.045,0.993,0.145,-3.15,-12.26,-2.72,-6.98,81.52],[0.053,0.999,0.154,4.22,-9.76,-2.97,-6.99,81.56],[0.039,0.990,0.132,1.42,-8.73,-3.64,-6.98,81.59],[0.031,0.991,0.140,0.75,-8.66,-4.37,-6.97,81.60],[0.035,0.994,0.140,1.05,-8.85,-4.31,-6.95,81.62],[0.041,0.994,0.148,1.97,-8.66,-3.64,-6.95,81.64],[0.037,0.992,0.138,-1.20,-10.56,-2.05,-6.96,81.63],[0.033,0.990,0.136,-1.45,-9.82,-2.11,-6.95,81.63]]}
13.153	{"type":"ecg","dev":"node-01","seq":1571,"t0":158613,"fs":250,"leads_off":false,"bpm":106.1,"samples":[2096,2095,2096,2099,2105,2113,2112,2113,2117,2109,2097,2063,2027,1983,1919,1857,1812,1777,1738,1706,1679,1667,1659,1648,1643]}
13.169	{"type":"imu","dev":"node-01","seq":1485,"t0":158630,"fs":100,"samples":[[0.032,0.990,0.139,-0.65,-10.31,-2.36,-6.95,81.63],[0.032,0.984,0.126,-2.85,-10.43,-3.45,-6.95,81.62],[0.027,0.984,0.132,-3.28,-10.01,-3.21,-6.94,81.61],[0.031,0.981,0.125,-3.95,-9.76,-4.06,-6.93,81.59],[0.037,0.990,0.129,-3.58,-10.19,-4.43,-6.94,81.58],[0.035,0.983,0.134,-2.42,-10.31,-3.58,-6.94,81.57],[0.036,0.987,0.140,-2.61,-9.82,-4.19,-6.94,81.55],[0.036,0.990,0.119,-0.23,-9.27,-4.12,-6.93,81.58],[0.024,0.989,0.166,2.27,-10.68,-3.82,-6.93,81.58],[0.030,0.990,0.133,5.32,-10.98,-2.66,-6.93,81.64]]}
13.253	{"type":"ecg","dev":"node-01","seq":1572,"t0":158713,"fs":250,"leads_off":false,"bpm":106.1,"samples":[1648,1653,1648,1648,1659,1666,1666,1679,1683,1692,1695,1698,1709,1714,1703,1697,1702,1712,1711,1699,1697,1695,1689,1680,1685]}
13.269	{"type":"imu","dev":"node-01","seq":1486,"t0":158730,"fs":100,"samples":[[0.022,0.995,0.126,1.54,-9.34,-2.17,-6.91,81.68],[0.021,0.984,0.146,-1.20,-10.92,-2.84,-6.90,81.67],[0.025,0.990,0.144,1.79,-10.49,-1.62,-6.89,81.69],[0.035,0.999,0.146,1.91,-9.82,-2.72,-6.89,81.71],[0.024,0.992,0.139,0.02,-8.54,-2.90,-6.86,81.71],[0.016,0.993,0.143,-0.35,-9.88,-2.54,-6.84,81.71],[0.021,1.001,0.143,-1.93,-9.88,-3.27,-6.83,81.70],[0.028,0.988,0.140,-3.52,-8.91,-2.90,-6.81,81.67],[0.022,0.989,0.135,-2.06,-10.43,-3.21,-6.80,81.66],[0.023,0.998,0.139,-2.91,-10.01,-3.39,-6.79,81.64]]}
13.353	{"type":"ecg","dev":"node-01","seq":1573,"t0":158813,"fs":250,"leads_off":false,"bpm":106.1,"samples":[1685,1683,1686,1679,1668,1673,1667,1666,1680,1701,1691,1688,1683,1693,1691,1693,1695,1689,1681,1686,1703,1741,1803,1866,1891]}
13.369	{"type":"imu","dev":"node-01","seq":1487,"t0":158830,"fs":100,"samples":[[0.027,0.987,0.138,-6.63,-10.37,-3.51,-6.79,81.58],[0.021,0.985,0.143,-5.78,-10.68,-2.66,-6.78,81.53],[0.023,0.981,0.142,-3.76,-10.92,-4.12,-6.78,81.50],[0.028,0.988,0.135,0.44,-10.56,-1.69,-6.78,81.51],[0.019,0.987,0.139,0.63,-11.65,-2.05,-6.78,81.53],[0.026,0.983,0.135,0.81,-11.35,-3.03,-6.78,81.55],[0.021,0.989,0.132,3.92,-11.71,-2.48,-6.79,81.61],[0.020,0.988,0.137,2.58,-12.20,-2.90,-6.79,81.64],[0.021,0.994,0.131,0.20,-11.84,-3.03,-6.80,81.66],[0.024,0.989,0.132,1.05,-9.88,-2.42,-6.79,81.68]]}
13.453	{"type":"ecg","dev":"node-01","seq":1574,"t0":158913,"fs":250,"leads_off":false,"bpm":106.1,"samples":[1904,1919,1913,1886,1923,2002,2002,1959,1902,1829,1745,1714,1674,1683,1693,1676,1627,1584,1563,1579,1596,1613,1649,1634,1616]}
13.469	{"type":"imu","dev":"node-01","seq":1488,"t0":158930,"fs":100,"samples":[[0.014,0.988,0.133,-0.47,-11.35,-1.32,-6.78,81.69],[0.015,0.994,0.142,-1.45,-10.62,-2.84,-6.76,81.68],[0.017,0.992,0.135,-3.52,-11.41,-2.60,-6.76,81.66],[0.015,0.987,0.134,-3.89,-11.41,-2.36,-6.75,81.63],[0.022,0.994,0.142,-2.48,-11.47,-2.72,-6.76,81.61],[0.015,0.983,0.140,-3.34,-12.26,-3.21,-6.76,81.59],[0.022,0.991,0.139,0.99,-12.14,-2.30,-6.77,81.60],[0.022,0.992,0.145,-0.53,-12.45,-1.62,-6.78,81.60],[0.021,0.988,0.139,-1.81,-11.96,-1.93,-6.79,81.59],[0.021,0.988,0.137,-2.48,-12.57,-1.56,-6.80,81.58]]}
13.553	{"type":"ecg","dev":"node-01","seq":1575,"t0":159013,"fs":250,"leads_off":false,"bpm":105.5,"samples":[1628,1535,1418,1380,1553,1835,2146,2523,2911,3429,3409,2663,1657,804,550,694,925,1126,1293,1456,1648,1787,1841,1840,1840]}
13.569	{"type":"imu","dev":"node-01","seq":1489,"t0":159030,"fs":100,"samples":[[0.027,0.981,0.134,-3.03,-12.63,-2.36,-6.82,81.56],[0.023,0.988,0.141,-3.15,-12.87,-2.84,-6.83,81.53],[0.025,0.990,0.140,-3.70,-11.65,-2.78,-6.84,81.51],[0.021,0.986,0.152,-3.76,-12.20,-2.60,-6.85,81.46],[0.033,0.982,0.150,-2.06,-13.60,-1.81,-6.88,81.44],[0.021,1.002,0.150,2.94,-14.09,-2.54,-6.90,81.47],[0.036,1.000,0.136,1.05,-13.48,-1.69,-6.94,81.50],[0.015,0.966,0.082,-3.46,-8.66,-3.15,-6.90,81.54],[0.028,1.003,0.162,3.43,-11.16,-2.84,-6.91,81.56],[0.025,0.984,0.133,-2.18,-10.07,-2.90,-6.90,81.55]]}
13.653	{"type":"ecg","dev":"node-01","seq":1576,"t0":159113,"fs":250,"leads_off":false,"bpm":105.5,"samples":[1845,1860,1894,1882,1896,1900,1915,1916,1924,1940,1953,1968,1968,1977,1991,2005,2011,2019,2035,2055,2069,2081,2092,2091,2102]}
13.669	{"type":"imu","dev":"node-01","seq":1490,"t0":159130,"fs":100,"samples":[[0.010,0.987,0.165,-1.75,-11.90,-1.32,-6.89,81.51],[0.025,0.991,0.106,-3.52,-13.36,-0.16,-6.91,81.53],[0.031,0.996,0.156,-7.36,-10.92,-1.75,-6.91,81.45],[0.033,0.989,0.158,-0.90,-10.56,-1.14,-6.91,81.43],[0.034,0.997,0.145,3.43,-8.97,-2.11,-6.90,81.47],[0.001,0.981,0.124,-2.36,-8.79,-3.51,-6.85,81.47],[0.023,0.983,0.135,-3.03,-9.09,-3.58,-6.83,81.46],[0.031,0.997,0.154,-0.84,-8.30,-2.36,-6.81,81.44],[0.024,0.997,0.143,-0.78,-10.80,-0.83,-6.81,81.44],[0.015,0.994,0.140,-0.96,-10.13,-0.95,-6.79,81.45]]}
13.753	{"type":"ecg","dev":"node-01","seq":1577,"t0":159213,"fs":250,"leads_off":false,"bpm":105.5,"samples":[2111,2124,2128,2128,2157,2143,2142,2146,2138,2141,2143,2130,2115,2093,2054,2002,1951,1901,1860,1812,1776,1731,1712,1689,1678]}
13.769	{"type":"imu","dev":"node-01","seq":1491,"t0":159230,"fs":100,"samples":[[0.018,0.984,0.140,-2.73,-10.43,-2.17,-6.78,81.43],[0.016,0.982,0.135,-3.21,-11.04,-1.69,-6.77,81.41],[0.024,0.980,0.134,-4.62,-10.25,-0.77,-6.76,81.38],[0.025,0.976,0.129,-2.48,-10.56,-1.69,-6.76,81.38],[0.025,0.982,0.137,0.44,-10.13,-1.32,-6.75,81.40],[0.025,0.986,0.138,-0.47,-10.25,-0.71,-6.74,81.41],[0.024,0.989,0.140,-0.78,-10.19,-1.75,-6.74,81.41],[0.034,0.988,0.146,0.99,-9.95,-1.44,-6.74,81.42],[0.020,0.986,0.145,-1.32,-9.88,-0.53,-6.73,81.41],[0.025,0.995,0.158,2.94,-9.88,0.57,-6.71,81.43]]}
13.853	{"type":"ecg","dev":"node-01","seq":1578,"t0":159313,"fs":250,"leads_off":false,"bpm":105.5,"samples":[1670,1665,1655,1666,1687,1700,1715,1699,1723,1710,1721,1709,1712,1712,1712,1729,1727,1715,1710,1716,1713,1717,1716,1725,1713]}
13.869	{"type":"imu","dev":"node-01","seq":1492,"t0":159330,"fs":100,"samples":[[0.026,0.993,0.133,-0.04,-10.37,-0.71,-6.71,81.45],[0.022,0.988,0.136,-4.98,-9.70,-2.66,-6.70,81.42],[0.023,0.977,0.134,-4.25,-10.13,-1.81,-6.69,81.39],[0.045,0.994,0.150,1.24,-9.64,-1.44,-6.70,81.40],[0.025,0.986,0.148,-3.82,-9.76,-3.33,-6.69,81.37],[0.026,0.991,0.142,-4.68,-8.91,-1.75,-6.67,81.33],[0.025,0.981,0.147,-0.96,-9.34,-1.44,-6.66,81.33],[0.024,0.992,0.147,-1.93,-9.58,-1.32,-6.65,81.31],[0.029,0.992,0.141,-3.21,-9.58,-1.44,-6.65,81.29],[0.025,0.990,0.145,-1.32,-9.70,-1.32,-6.63,81.29]]}
13.953	{"type":"ecg","dev":"node-01","seq":1579,"t0":159413,"fs":250,"leads_off":false,"bpm":105.5,"samples":[1706,1703,1694,1711,1712,1713,1710,1706,1690,1695,1700,1698,1684,1697,1699,1711,1694,1683,1687,1709,1706,1707,1705,1706,1719]}
13.969	{"type":"imu","dev":"node-01","seq":1493,"t0":159430,"fs":100,"samples":[[0.024,0.992,0.135,0.20,-10.31,-1.38,-6.63,81.31],[0.029,0.994,0.145,0.02,-10.25,-0.89,-6.63,81.32],[0.031,0.989,0.143,-2.30,-9.95,-0.95,-6.63,81.30],[0.024,0.987,0.138,-1.32,-10.43,-1.81,-6.63,81.30],[0.029,0.989,0.139,-0.41,-10.86,-2.84,-6.64,81.31],[0.029,0.989,0.140,-2.24,-9.27,-2.36,-6.63,81.30],[0.030,0.987,0.143,-2.18,-9.70,-1.50,-6.62,81.29],[0.035,0.990,0.149,-2.06,-10.43,-1.87,-6.63,81.27],[0.025,0.989,0.135,-0.90,-10.25,-1.01,-6.63,81.28],[0.033,0.995,0.143,-2.18,-10.86,-1.62,-6.64,81.27]]}
14.053	{"type":"ecg","dev":"node-01","seq":1580,"t0":159513,"fs":250,"leads_off":false,"bpm":105.5,"samples":[1718,1707,1711,1709,1731,1759,1821,1872,1901,1903,1905,1902,1895,1917,1978,2002,1958,1879,1819,1776,1735,1712,1697,1691,1664]}
14.069	{"type":"imu","dev":"node-01","seq":1494,"t0":159530,"fs":100,"samples":[[0.029,0.988,0.143,-3.95,-11.23,-1.50,-6.65,81.25],[0.028,0.983,0.137,-2.54,-11.35,-2.23,-6.66,81.24],[0.024,0.993,0.144,0.32,-10.43,-1.93,-6.66,81.25],[0.028,0.989,0.138,-0.53,-10.74,-2.05,-6.66,81.26],[0.034,0.990,0.138,-0.53,-10.19,-1.93,-6.67,81.27],[0.030,0.987,0.139,-0.84,-10.98,-2.48,-6.68,81.28],[0.034,0.988,0.140,-1.51,-12.14,-2.72,-6.70,81.28],[0.026,0.987,0.148,-0.29,-10.25,-2.60,-6.70,81.28],[0.029,0.989,0.144,-3.03,-11.16,-3.21,-6.71,81.26],[0.029,0.988,0.149,-3.34,-10.37,-2.30,-6.71,81.23]]}
14.153	{"type":"ecg","dev":"node-01","seq":1581,"t0":159613,"fs":250,"leads_off":false,"bpm":103.2,"samples":[1623,1569,1557,1571,1584,1586,1600,1609,1616,1602,1535,1424,1361,1472,1734,2023,2368,2736,3238,3360,2735,1776,874,537,695]}
14.169	{"type":"imu","dev":"node-01","seq":1495,"t0":159630,"fs":100,"samples":[[0.027,0.990,0.139,-3.15,-10.86,-2.72,-6.71,81.21],[0.029,0.991,0.149,-3.28,-11.04,-2.42,-6.72,81.18],[0.028,0.984,0.153,-4.50,-10.62,-1.93,-6.72,81.14],[0.021,0.987,0.145,-1.87,-12.38,-2.72,-6.73,81.13],[0.030,0.988,0.141,-0.65,-11.41,-2.36,-6.74,81.14],[0.029,0.995,0.140,-0.23,-10.43,-2.23,-6.74,81.16],[0.027,0.991,0.146,-1.20,-11.84,-1.69,-6.76,81.15],[0.028,0.990,0.149,-1.75,-10.68,-1.99,-6.76,81.14],[0.025,0.988,0.168,-1.39,-12.75,-1.93,-6.78,81.11],[0.031,0.996,0.151,-0.65,-12.14,-3.27,-6.80,81.11]]}
14.253	{"type":"ecg","dev":"node-01","seq":1582,"t0":159713,"fs":250,"leads_off":false,"bpm":103.2,"samples":[911,1086,1221,1407,1557,1711,1782,1792,1808,1791,1793,1815,1843,1854,1870,1875,1882,1900,1903,1917,1923,1927,1944,1962,1973]}
14.269	{"type":"imu","dev":"node-01","seq":1496,"t0":159730,"fs":100,"samples":[[0.030,0.994,0.142,-2.42,-11.59,-3.09,-6.81,81.10],[0.010,0.962,0.131,-6.20,-8.54,-3.51,-6.77,81.06],[0.044,0.997,0.139,2.09,-12.38,-3.70,-6.80,81.10],[0.038,0.980,0.128,-0.35,-10.68,-4.00,-6.82,81.13],[0.021,0.992,0.163,-3.09,-14.27,-2.05,-6.84,81.09],[0.025,0.985,0.125,-3.15,-12.51,-2.36,-6.86,81.09],[0.027,0.988,0.159,-2.36,-11.53,-1.93,-6.87,81.06],[0.034,0.996,0.165,2.27,-10.01,-3.03,-6.86,81.08],[0.039,0.987,0.149,1.54,-9.34,-5.04,-6.87,81.10],[0.030,0.988,0.140,0.20,-8.60,-5.34,-6.84,81.12]]}
14.353	{"type":"ecg","dev":"node-01","seq":1583,"t0":159813,"fs":250,"leads_off":false,"bpm":103.2,"samples":[1981,1986,2002,2026,2053,2061,2060,2066,2089,2111,2119,2117,2101,2099,2112,2119,2123,2119,2112,2129,2135,2128,2103,2064,2019]}
14.369	{"type":"imu","dev":"node-01","seq":1497,"t0":159830,"fs":100,"samples":[[0.027,0.992,0.143,0.20,-9.70,-3.70,-6.83,81.13],[0.025,1.000,0.161,2.09,-10.31,-4.06,-6.83,81.15],[0.018,0.999,0.154,0.08,-11.04,-2.42,-6.82,81.15],[0.017,0.991,0.139,-0.59,-10.56,-1.69,-6.80,81.16],[0.019,0.987,0.143,0.02,-11.16,-2.36,-6.80,81.17],[0.024,0.984,0.141,-3.15,-10.98,-1.69,-6.80,81.16],[0.021,0.980,0.134,-3.82,-11.04,-2.97,-6.80,81.14],[0.023,0.971,0.144,-2.91,-12.45,-3.70,-6.81,81.12],[0.027,0.985,0.141,-0.35,-11.41,-3.45,-6.82,81.13],[0.030,0.980,0.153,-1.26,-10.98,-2.54,-6.82,81.12]]}
14.453	{"type":"ecg","dev":"node-01","seq":1584,"t0":159913,"fs":250,"leads_off":false,"bpm":103.2,"samples":[1973,1921,1873,1835,1792,1743,1698,1668,1656,1662,1663,1669,1669,1671,1670,1677,1671,1683,1687,1696,1707,1687,1680,1695,1712]}
14.469	{"type":"imu","dev":"node-01","seq":1498,"t0":159930,"fs":100,"samples":[[0.030,0.990,0.153,-1.32,-10.49,-2.78,-6.82,81.11],[0.027,0.986,0.132,-1.14,-10.86,-3.39,-6.82,81.12],[0.016,0.983,0.140,-0.90,-9.27,-2.60,-6.80,81.13],[0.026,1.000,0.153,1.11,-10.19,-2.30,-6.79,81.14],[0.026,0.991,0.143,-2.54,-10.19,-2.30,-6.78,81.13],[0.031,0.991,0.136,-2.06,-10.37,-2.84,-6.78,81.13],[0.027,0.987,0.147,-1.39,-9.82,-3.15,-6.78,81.13],[0.039,0.991,0.154,-0.23,-9.46,-3.27,-6.78,81.13],[0.027,0.990,0.149,-0.11,-10.43,-1.93,-6.78,81.13],[0.021,0.990,0.148,-1.02,-9.58,-2.05,-6.76,81.13]]}
14.553	{"type":"ecg","dev":"node-01","seq":1585,"t0":160013,"fs":250,"leads_off":false,"bpm":103.2,"samples":[1698,1687,1695,1692,1695,1694,1702,1696,1712,1715,1691,1682,1695,1718,1723,1721,1680,1682,1698,1680,1696,1710,1702,1690,1682]}
14.569	{"type":"imu","dev":"node-01","seq":1499,"t0":160030,"fs":100,"samples":[[0.023,0.990,0.150,-0.71,-10.13,-2.30,-6.75,81.13],[0.021,0.991,0.151,1.30,-9.40,-2.23,-6.73,81.14],[0.022,0.989,0.152,-0.35,-9.82,-2.72,-6.72,81.14],[0.025,0.989,0.145,-0.04,-10.07,-1.32,-6.71,81.15],[0.020,0.987,0.153,-1.45,-10.49,-2.11,-6.70,81.14],[0.018,0.986,0.145,-2.48,-10.62,-1.75,-6.69,81.13],[0.018,0.989,0.144,-1.51,-11.10,-2.05,-6.69,81.12],[0.021,0.990,0.144,-1.14,-11.47,-1.93,-6.69,81.12],[0.027,0.987,0.148,-0.11,-10.31,-2.60,-6.69,81.13],[0.028,0.985,0.144,0.93,-10.56,-2.66,-6.69,81.15]]}
14.653	{"type":"ecg","dev":"node-01","seq":1586,"t0":160113,"fs":250,"leads_off":false,"bpm":103.2,"samples":[1687,1685,1683,1697,1700,1703,1697,1692,1701,1698,1711,1707,1702,1727,1771,1835,1879,1905,1917,1936,1936,1913,1937,2000,2018]}
14.669	{"type":"imu","dev":"node-01","seq":1500,"t0":160130,"fs":100,"samples":[[0.023,0.991,0.141,2.76,-10.31,-2.78,-6.68,81.19],[0.029,0.993,0.162,1.11,-10.43,-1.56,-6.68,81.19],[0.020,0.998,0.131,3.80,-11.35,-1.26,-6.69,81.26],[0.026,0.993,0.142,-1.75,-10.31,-1.69,-6.68,81.25],[0.019,0.990,0.149,-2.61,-10.49,-1.87,-6.67,81.23],[0.023,0.984,0.146,-1.63,-10.01,-2.05,-6.66,81.22],[0.028,0.994,0.144,-1.69,-9.82,-2.30,-6.66,81.22],[0.019,0.984,0.147,-2.54,-9.76,-2.97,-6.64,81.20],[0.030,0.990,0.142,-1.45,-9.34,-2.60,-6.64,81.19],[0.029,0.985,0.144,-2.06,-10.62,-3.09,-6.64,81.18]]}
14.753	{"type":"ecg","dev":"node-01","seq":1587,"t0":160213,"fs":250,"leads_off":false,"bpm":103.2,"samples":[1974,1905,1846,1787,1743,1722,1710,1702,1689,1648,1611,1582,1581,1599,1613,1616,1618,1630,1635,1572,1438,1386,1526,1788,2089]}
14.769	{"type":"imu","dev":"node-01","seq":1501,"t0":160230,"fs":100,"samples":[[0.026,0.990,0.152,-0.41,-9.88,-2.05,-6.63,81.18],[0.025,0.988,0.148,0.81,-10.43,-2.84,-6.63,81.20],[0.025,0.986,0.144,3.43,-11.04,-2.72,-6.64,81.24],[0.021,0.991,0.147,2.09,-9.70,-2.11,-6.62,81.27],[0.022,0.993,0.140,0.44,-11.23,-0.77,-6.63,81.28],[0.021,0.980,0.137,1.54,-11.47,-1.08,-6.63,81.31],[0.021,0.987,0.142,1.72,-12.26,-2.23,-6.64,81.34],[0.023,0.991,0.144,1.48,-12.20,-0.77,-6.65,81.36],[0.021,0.991,0.138,0.81,-10.19,-1.38,-6.65,81.39],[0.029,0.991,0.140,-1.93,-10.68,-3.09,-6.65,81.38]]}
14.853	{"type":"ecg","dev":"node-01","seq":1588,"t0":160313,"fs":250,"leads_off":false,"bpm":100.5,"samples":[2430,2795,3286,3344,2671,1713,846,551,716,939,1104,1231,1393,1584,1734,1835,1823,1818,1823,1834,1856,1863,1856,1876,1893]}
14.869	{"type":"imu","dev":"node-01","seq":1502,"t0":160330,"fs":100,"samples":[[0.028,0.996,0.149,-1.39,-11.10,-2.05,-6.66,81.37],[0.020,0.986,0.152,-0.71,-12.38,-1.56,-6.67,81.36],[0.031,0.994,0.154,0.02,-14.03,-1.08,-6.71,81.36],[0.026,0.997,0.145,1.42,-13.06,-0.95,-6.73,81.38],[0.033,0.979,0.098,-1.02,-9.95,-2.23,-6.73,81.42],[0.028,0.985,0.166,1.05,-11.96,-2.54,-6.75,81.41],[0.042,0.991,0.126,3.98,-11.29,-2.42,-6.77,81.48],[0.015,0.973,0.151,0.02,-11.65,-1.20,-6.76,81.47],[0.028,0.999,0.134,2.76,-13.48,-0.04,-6.80,81.52],[0.027,0.995,0.136,-4.50,-12.26,-1.14,-6.81,81.49]]}
14.953	{"type":"ecg","dev":"node-01","seq":1589,"t0":160413,"fs":250,"leads_off":false,"bpm":100.5,"samples":[1899,1905,1905,1927,1938,1948,1955,1963,1968,1978,1989,1987,2000,2013,2026,2046,2042,2058,2064,2085,2097,2096,2095,2091,2096]}
14.969	{"type":"imu","dev":"node-01","seq":1503,"t0":160430,"fs":100,"samples":[[0.029,0.989,0.159,-3.82,-11.47,-1.93,-6.82,81.44],[0.044,0.992,0.150,2.76,-9.03,-2.48,-6.82,81.47],[0.027,0.990,0.134,2.27,-9.09,-2.48,-6.80,81.51],[0.028,0.986,0.132,0.57,-9.82,-3.51,-6.80,81.53],[0.022,0.992,0.135,-0.78,-10.01,-2.17,-6.78,81.54],[0.020,1.000,0.143,1.30,-10.25,-2.11,-6.77,81.56],[0.024,1.001,0.154,-2.30,-11.35,-1.26,-6.77,81.53],[0.019,0.981,0.127,-2.54,-10.98,-1.32,-6.77,81.52],[0.013,0.993,0.147,-0.23,-10.92,-1.50,-6.76,81.52],[0.026,0.989,0.142,-3.52,-11.35,-1.99,-6.76,81.50]]}
15.053	{"type":"ecg","dev":"node-01","seq":1590,"t0":160513,"fs":250,"leads_off":false,"bpm":100.5,"samples":[2099,2109,2109,2097,2090,2086,2054,2021,1971,1930,1876,1833,1776,1738,1712,1689,1666,1648,1635,1633,1645,1646,1641,1646,1656]}
15.069	{"type":"imu","dev":"node-01","seq":1504,"t0":160530,"fs":100,"samples":[[0.018,0.979,0.132,-5.04,-11.71,-3.39,-6.76,81.46],[0.034,0.979,0.133,-4.07,-11.10,-2.97,-6.77,81.44],[0.034,0.978,0.130,-2.85,-10.98,-3.45,-6.79,81.43],[0.027,0.988,0.148,-0.84,-11.16,-2.60,-6.79,81.42],[0.032,0.986,0.137,-0.41,-10.01,-2.78,-6.79,81.43],[0.019,0.987,0.125,-1.02,-10.43,-2.05,-6.78,81.45],[0.021,0.984,0.173,-2.61,-11.71,-1.99,-6.78,81.40],[0.032,0.994,0.129,2.21,-11.77,-1.32,-6.80,81.44],[0.024,0.997,0.130,-1.63,-10.74,-2.66,-6.80,81.45],[0.020,0.988,0.133,-1.26,-10.62,-3.03,-6.79,81.45]]}
15.153	{"type":"ecg","dev":"node-01","seq":1591,"t0":160613,"fs":250,"leads_off":false,"bpm":100.5,"samples":[1663,1675,1676,1677,1670,1678,1675,1696,1666,1686,1695,1693,1699,1680,1665,1684,1686,1682,1680,1692,1665,1658,1659,1680,1701]}
15.169	{"type":"imu","dev":"node-01","seq":1505,"t0":160630,"fs":100,"samples":[[0.032,0.993,0.145,-2.79,-11.90,-1.87,-6.80,81.43],[0.038,0.987,0.142,0.99,-9.52,-2.66,-6.81,81.45],[0.027,0.991,0.135,1.30,-10.19,-1.75,-6.80,81.48],[0.024,0.991,0.140,-1.75,-10.62,-3.39,-6.80,81.47],[0.030,0.987,0.143,-2.48,-9.70,-3.39,-6.79,81.45],[0.029,0.987,0.143,-1.26,-10.86,-2.30,-6.79,81.44],[0.022,0.990,0.141,-2.48,-9.95,-2.48,-6.78,81.43],[0.021,0.982,0.143,-2.12,-10.56,-2.78,-6.77,81.41],[0.017,0.983,0.141,-1.63,-9.76,-0.77,-6.76,81.41],[0.020,0.987,0.138,-0.41,-9.70,-2.66,-6.73,81.41]]}
15.253	{"type":"ecg","dev":"node-01","seq":1592,"t0":160713,"fs":250,"leads_off":false,"bpm":100.5,"samples":[1710,1702,1691,1704,1706,1695,1693,1686,1680,1680,1687,1685,1690,1712,1699,1695,1687,1703,1712,1719,1694,1691,1701,1712,1745]}
15.269	{"type":"imu","dev":"node-01","seq":1506,"t0":160730,"fs":100,"samples":[[0.015,0.987,0.141,-3.09,-10.43,-2.90,-6.72,81.39],[0.019,0.991,0.142,-1.32,-11.47,-2.72,-6.72,81.39],[0.028,0.983,0.141,-2.06,-10.92,-3.03,-6.72,81.38],[0.031,0.983,0.144,-0.29,-9.82,-2.42,-6.72,81.38],[0.029,0.992,0.138,-0.47,-10.98,-1.81,-6.73,81.39],[0.029,0.990,0.138,-0.29,-11.10,-1.87,-6.73,81.40],[0.027,0.988,0.143,-2.12,-10.62,-2.72,-6.74,81.39],[0.030,0.985,0.145,-3.82,-10.56,-3.76,-6.74,81.36],[0.027,0.983,0.137,-1.93,-9.70,-2.23,-6.73,81.35],[0.019,0.987,0.142,0.14,-10.56,-2.30,-6.72,81.36]]}
15.353	{"type":"ecg","dev":"node-01","seq":1593,"t0":160813,"fs":250,"leads_off":false,"bpm":100.5,"samples":[1795,1840,1893,1895,1922,1935,1911,1927,1984,2016,1974,1920,1851,1795,1745,1721,1701,1691,1683,1648,1601,1571,1565,1586,1600]}
15.369	{"type":"imu","dev":"node-01","seq":1507,"t0":160830,"fs":100,"samples":[[0.031,0.992,0.141,-2.06,-10.56,-1.87,-6.72,81.35],[0.029,0.985,0.138,-2.18,-9.64,-1.56,-6.72,81.34],[0.025,0.990,0.143,0.02,-10.49,-1.87,-6.71,81.35],[0.029,0.989,0.144,-1.81,-10.07,-3.39,-6.71,81.34],[0.031,0.982,0.145,-4.13,-9.82,-1.75,-6.71,81.31],[0.028,0.989,0.146,-3.09,-10.25,-2.17,-6.71,81.28],[0.025,0.989,0.138,0.93,-9.64,-1.62,-6.70,81.31],[0.021,0.990,0.148,0.63,-10.49,-1.44,-6.69,81.32],[0.026,0.991,0.140,-1.51,-10.43,-1.38,-6.69,81.32],[0.020,0.988,0.137,-0.96,-10.92,-2.05,-6.68,81.32]]}
15.453	{"type":"ecg","dev":"node-01","seq":1594,"t0":160913,"fs":250,"leads_off":false,"bpm":97.5,"samples":[1618,1625,1623,1616,1583,1456,1376,1450,1678,1958,2299,2663,3121,3426,2971,2064,1083,593,653,879,1034,1170,1343,1535,1710]}
15.469	{"type":"imu","dev":"node-01","seq":1508,"t0":160930,"fs":100,"samples":[[0.030,0.986,0.139,-1.51,-10.86,-1.01,-6.69,81.32],[0.027,0.983,0.135,-0.78,-10.19,-1.38,-6.69,81.33],[0.026,0.990,0.148,0.69,-11.71,-1.87,-6.70,81.34],[0.023,0.988,0.142,-0.11,-10.86,-1.26,-6.70,81.35],[0.031,0.986,0.156,0.44,-10.31,-1.20,-6.70,81.35],[0.028,0.992,0.151,-0.23,-11.16,-1.81,-6.71,81.34],[0.033,1.002,0.151,-1.81,-12.14,-2.11,-6.73,81.33],[0.031,0.994,0.145,-2.79,-11.59,-1.69,-6.75,81.31],[0.038,0.977,0.104,-1.32,-11.04,-1.56,-6.77,81.35],[0.022,0.969,0.154,-2.48,-10.80,-2.30,-6.76,81.32]]}
15.553	{"type":"ecg","dev":"node-01","seq":1595,"t0":161013,"fs":250,"leads_off":false,"bpm":97.5,"samples":[1798,1841,1824,1799,1831,1841,1859,1865,1898,1903,1898,1913,1932,1940,1953,1955,1971,1984,1999,2017,2027,2057,2047,2063,2083]}
15.568	{"type":"imu","dev":"node-01","seq":1509,"t0":161030,"fs":100,"samples":[[0.047,0.993,0.145,4.65,-12.02,-1.44,-6.80,81.37],[0.018,0.973,0.137,0.63,-9.70,-2.23,-6.78,81.39],[0.023,0.995,0.145,0.63,-13.66,-0.16,-6.80,81.40],[0.029,0.995,0.110,-1.81,-12.38,-0.22,-6.82,81.43],[0.032,0.991,0.161,-2.79,-10.74,-2.42,-6.83,81.39],[0.036,0.987,0.158,3.19,-8.97,-2.72,-6.82,81.41],[0.034,0.998,0.147,4.71,-8.97,-3.27,-6.81,81.46],[0.029,0.990,0.135,-0.53,-7.99,-3.70,-6.78,81.47],[0.021,0.991,0.136,0.02,-9.46,-1.81,-6.77,81.49],[0.035,1.004,0.156,-1.02,-10.01,-2.36,-6.77,81.47]]}
15.653	{"type":"ecg","dev":"node-01","seq":1596,"t0":161113,"fs":250,"leads_off":false,"bpm":97.5,"samples":[2090,2106,2113,2121,2125,2128,2129,2131,2139,2151,2130,2135,2151,2164,2165,2142,2109,2069,2035,1995,1958,1904,1846,1803,1759]}
15.669	{"type":"imu","dev":"node-01","seq":1510,"t0":161130,"fs":100,"samples":[[0.030,0.996,0.146,-1.26,-10.86,-1.75,-6.77,81.46],[0.018,0.998,0.140,1.24,-10.98,-1.08,-6.77,81.48],[0.022,0.991,0.138,-0.71,-10.80,-1.99,-6.76,81.49],[0.019,0.989,0.139,-4.25,-10.31,-1.81,-6.75,81.46],[0.032,0.977,0.127,-5.90,-9.88,-2.60,-6.75,81.42],[0.023,0.979,0.140,-3.52,-10.31,-2.66,-6.74,81.40],[0.029,0.984,0.138,-2.30,-10.43,-3.27,-6.74,81.39],[0.029,0.985,0.147,-2.00,-10.25,-3.33,-6.74,81.37],[0.031,0.992,0.151,-1.69,-10.07,-3.15,-6.74,81.35],[0.027,0.990,0.139,-1.57,-9.70,-3.09,-6.73,81.35]]}
15.753	{"type":"ecg","dev":"node-01","seq":1597,"t0":161213,"fs":250,"leads_off":false,"bpm":97.5,"samples":[1727,1702,1680,1664,1662,1661,1661,1659,1663,1669,1682,1681,1680,1683,1691,1703,1703,1708,1701,1691,1698,1697,1695,1697,1697]}
15.769	{"type":"imu","dev":"node-01","seq":1511,"t0":161230,"fs":100,"samples":[[0.015,0.983,0.162,-2.91,-9.95,-2.30,-6.71,81.31],[0.033,0.990,0.133,2.64,-11.23,-2.48,-6.72,81.35],[0.031,0.991,0.147,-0.53,-11.65,-3.03,-6.74,81.35],[0.039,0.988,0.126,-1.26,-10.19,-0.95,-6.75,81.37],[0.031,0.994,0.141,0.08,-10.01,-2.60,-6.75,81.38],[0.034,0.994,0.153,0.14,-9.88,-2.36,-6.75,81.38],[0.028,0.985,0.142,-1.14,-9.76,-2.72,-6.74,81.38],[0.029,0.989,0.141,-1.45,-10.01,-2.17,-6.74,81.37],[0.029,0.990,0.145,1.48,-9.03,-1.99,-6.73,81.39],[0.027,0.994,0.147,-0.53,-10.43,-2.30,-6.72,81.39]]}
15.853	{"type":"ecg","dev":"node-01","seq":1598,"t0":161313,"fs":250,"leads_off":false,"bpm":97.5,"samples":[1705,1708,1696,1702,1699,1700,1694,1710,1703,1698,1711,1698,1685,1687,1694,1693,1705,1693,1689,1696,1742,1712,1695,1697,1712]}
15.869	{"type":"imu","dev":"node-01","seq":1512,"t0":161330,"fs":100,"samples":[[0.028,0.989,0.138,0.63,-10.80,-2.23,-6.73,81.41],[0.024,0.984,0.142,1.85,-10.37,-1.20,-6.72,81.44],[0.023,0.996,0.143,3.07,-9.88,-0.95,-6.71,81.47],[0.034,0.995,0.145,0.02,-10.74,-1.81,-6.72,81.48],[0.026,0.982,0.141,-1.87,-10.37,-1.93,-6.72,81.47],[0.024,0.988,0.138,-1.63,-10.98,-2.60,-6.72,81.46],[0.031,0.989,0.139,-2.36,-10.68,-2.60,-6.72,81.45],[0.034,0.988,0.140,-3.03,-10.62,-2.17,-6.73,81.43],[0.033,0.986,0.140,-2.91,-10.56,-2.42,-6.74,81.41],[0.027,0.986,0.140,-3.58,-11.16,-1.32,-6.74,81.39]]}
15.952	{"type":"status","dev":"node-01","fw":"0.1.0","uptime_ms":161509,"ecg":{"fs":250},"imu":{"ok":true,"fs":100,"errors":861,"fields":["ax","ay","az","gx","gy","gz","pitch","roll"]}}
15.954	{"type":"ecg","dev":"node-01","seq":1599,"t0":161413,"fs":250,"leads_off":false,"bpm":97.5,"samples":[1767,1845,1901,1921,1904,1902,1917,1958,2001,2029,2033,1991,1919,1873,1839,1787,1728,1677,1649,1619,1581,1535,1520,1535,1552]}
15.969	{"type":"imu","dev":"node-01","seq":1513,"t0":161430,"fs":100,"samples":[[0.031,0.985,0.146,-2.18,-10.86,-2.11,-6.75,81.37],[0.026,0.993,0.137,-1.02,-10.68,-2.17,-6.75,81.37],[0.029,0.987,0.146,-3.40,-10.37,-2.90,-6.75,81.34],[0.030,0.986,0.138,-1.39,-11.04,-2.48,-6.76,81.34],[0.023,0.993,0.144,-1.93,-11.41,-1.44,-6.76,81.33],[0.034,0.991,0.140,-2.67,-11.53,-1.75,-6.78,81.32],[0.034,0.990,0.144,-1.75,-11.65,-3.03,-6.79,81.31],[0.030,0.985,0.141,-2.48,-11.53,-2.17,-6.81,81.30],[0.029,0.989,0.135,-2.91,-10.56,-1.20,-6.81,81.29],[0.027,0.987,0.143,-2.00,-10.31,-1.44,-6.80,81.28]]}
16.053	{"type":"ecg","dev":"node-01","seq":1600,"t0":161513,"fs":250,"leads_off":false,"bpm":96.1,"samples":[1570,1580,1563,1584,1562,1459,1350,1344,1526,1823,2146,2501,2884,3340,3184,2378,1360,625,495,713,929,1104,1243,1424,1616]}
16.069	{"type":"imu","dev":"node-01","seq":1514,"t0":161530,"fs":100,"samples":[[0.028,0.988,0.140,-1.93,-11.35,-2.42,-6.81,81.27],[0.030,0.987,0.136,-0.78,-10.43,-0.47,-6.81,81.28],[0.028,0.984,0.140,-1.08,-12.08,-0.89,-6.83,81.28],[0.031,0.985,0.147,0.63,-11.47,-1.01,-6.84,81.29],[0.032,0.989,0.145,-0.90,-11.65,-1.69,-6.85,81.29],[0.028,0.989,0.146,-3.15,-11.84,-2.42,-6.86,81.27],[0.030,0.988,0.163,-1.57,-12.87,-1.44,-6.89,81.24],[0.034,0.990,0.143,-0.78,-12.14,-1.01,-6.91,81.24],[0.034,0.986,0.135,-1.20,-11.96,-1.08,-6.93,81.25],[0.013,0.969,0.129,-3.58,-10.86,-3.15,-6.91,81.24]]}
16.153	{"type":"ecg","dev":"node-01","seq":1601,"t0":161613,"fs":250,"leads_off":false,"bpm":96.1,"samples":[1743,1829,1789,1791,1808,1836,1847,1850,1863,1870,1872,1886,1893,1920,1927,1940,1947,1951,1983,2010,1997,2000,2015,2035,2053]}
16.169	{"type":"imu","dev":"node-01","seq":1515,"t0":161630,"fs":100,"samples":[[0.039,0.991,0.158,-1.32,-12.63,-3.45,-6.94,81.22],[0.042,0.986,0.129,0.75,-11.23,-3.09,-6.96,81.25],[0.023,0.986,0.170,-1.20,-14.52,-0.40,-6.99,81.22],[0.033,0.993,0.128,-0.35,-14.46,-0.59,-7.03,81.25],[0.030,0.994,0.148,-3.82,-12.93,-1.01,-7.05,81.21],[0.030,0.989,0.147,1.79,-10.37,-1.75,-7.04,81.24],[0.039,0.992,0.156,2.76,-8.30,-3.21,-7.03,81.26],[0.035,0.990,0.139,1.05,-10.49,-2.54,-7.03,81.29],[0.029,0.988,0.143,-0.84,-11.04,-3.27,-7.03,81.29],[0.035,1.000,0.146,0.32,-10.80,-2.11,-7.03,81.30]]}
16.253	{"type":"ecg","dev":"node-01","seq":1602,"t0":161713,"fs":250,"leads_off":false,"bpm":96.1,"samples":[2064,2071,2085,2111,2128,2137,2130,2128,2139,2129,2128,2115,2128,2129,2145,2133,2101,2068,2014,1971,1911,1869,1819,1776,1740]}
16.269	{"type":"imu","dev":"node-01","seq":1516,"t0":161730,"fs":100,"samples":[[0.027,0.990,0.147,0.99,-11.59,-2.05,-7.04,81.31],[0.029,0.998,0.134,-1.02,-11.47,-2.30,-7.04,81.32],[0.031,0.988,0.138,-1.20,-9.58,-1.08,-7.03,81.33],[0.028,0.990,0.139,-2.73,-11.41,-1.20,-7.03,81.31],[0.028,0.983,0.132,-1.87,-10.62,-2.36,-7.03,81.32],[0.029,0.981,0.137,-1.14,-11.23,-1.75,-7.03,81.32],[0.026,0.977,0.139,-2.06,-11.29,-3.21,-7.03,81.31],[0.035,0.985,0.143,-0.71,-11.23,-2.11,-7.04,81.31],[0.038,0.988,0.146,-1.32,-10.92,-2.36,-7.06,81.31],[0.035,0.991,0.140,-2.12,-10.31,-2.36,-7.05,81.30]]}
16.353	{"type":"ecg","dev":"node-01","seq":1603,"t0":161813,"fs":250,"leads_off":false,"bpm":96.1,"samples":[1711,1691,1648,1644,1643,1634,1639,1648,1649,1653,1655,1658,1662,1671,1674,1681,1679,1680,1674,1679,1683,1689,1696,1698,1691]}
16.368	{"type":"imu","dev":"node-01","seq":1517,"t0":161830,"fs":100,"samples":[[0.029,0.984,0.137,-2.00,-10.49,-2.54,-7.05,81.29],[0.031,0.996,0.142,1.30,-11.53,-1.14,-7.05,81.32],[0.029,0.995,0.146,-1.45,-10.13,-1.08,-7.05,81.31],[0.029,0.990,0.138,-1.87,-9.34,-1.62,-7.03,81.31],[0.029,0.990,0.142,-0.90,-10.07,-3.27,-7.02,81.31],[0.034,0.992,0.153,1.91,-9.09,-2.72,-7.01,81.33],[0.032,0.994,0.147,0.69,-10.07,-2.84,-7.00,81.34],[0.026,0.987,0.149,-0.90,-9.58,-1.69,-6.99,81.33],[0.031,0.995,0.155,-0.11,-10.13,-2.90,-6.99,81.33],[0.032,0.991,0.154,-0.65,-10.01,-3.21,-6.98,81.32]]}
16.453	{"type":"ecg","dev":"node-01","seq":1604,"t0":161913,"fs":250,"leads_off":false,"bpm":96.1,"samples":[1682,1685,1690,1685,1687,1687,1680,1670,1655,1660,1663,1669,1665,1687,1670,1693,1663,1664,1666,1671,1696,1674,1674,1680,1682]}
16.469	{"type":"imu","dev":"node-01","seq":1518,"t0":161930,"fs":100,"samples":[[0.021,0.990,0.147,-1.69,-10.25,-1.81,-6.96,81.30],[0.023,0.986,0.146,-1.93,-9.88,-1.26,-6.95,81.29],[0.030,0.982,0.145,-1.08,-11.29,-1.44,-6.95,81.29],[0.022,0.982,0.150,-2.24,-11.16,-1.62,-6.95,81.26],[0.019,0.983,0.143,-3.76,-10.37,-1.32,-6.93,81.24],[0.030,0.976,0.146,-2.24,-10.43,-2.05,-6.93,81.22],[0.032,0.982,0.146,-0.35,-10.62,-2.48,-6.93,81.22],[0.034,0.990,0.141,2.15,-11.23,-2.17,-6.94,81.26],[0.036,0.994,0.141,1.18,-9.88,-2.54,-6.95,81.28],[0.036,0.985,0.146,-0.35,-10.37,-1.75,-6.95,81.29]]}
16.553	{"type":"ecg","dev":"node-01","seq":1605,"t0":162013,"fs":250,"leads_off":false,"bpm":96.1,"samples":[1718,1776,1846,1885,1889,1901,1872,1902,1931,1978,2000,1980,1931,1870,1839,1790,1734,1677,1651,1621,1589,1535,1514,1510,1529]}
16.568	{"type":"imu","dev":"node-01","seq":1519,"t0":162030,"fs":100,"samples":[[0.031,0.987,0.139,-1.51,-10.43,-2.42,-6.95,81.28],[0.033,0.994,0.148,0.50,-11.65,-1.38,-6.96,81.29],[0.028,0.986,0.146,1.24,-10.86,-1.50,-6.96,81.31],[0.033,0.988,0.143,0.38,-10.43,-0.95,-6.96,81.33],[0.030,0.992,0.141,0.14,-9.64,-1.62,-6.95,81.34],[0.034,0.990,0.137,0.38,-10.49,-1.81,-6.95,81.36],[0.039,0.990,0.141,0.32,-10.92,-2.30,-6.96,81.37],[0.023,0.994,0.129,1.85,-10.68,-2.05,-6.96,81.41],[0.036,0.992,0.144,0.08,-10.80,-0.77,-6.97,81.42],[0.031,0.991,0.135,-1.20,-11.65,-1.38,-6.97,81.43]]}
16.653	{"type":"ecg","dev":"node-01","seq":1606,"t0":162113,"fs":250,"leads_off":false,"bpm":96.4,"samples":[1527,1533,1530,1535,1527,1462,1354,1299,1424,1683,1975,2331,2671,3152,3271,2655,1663,750,437,603,831,1003,1149,1315,1509]}
16.669	{"type":"imu","dev":"node-01","seq":1520,"t0":162130,"fs":100,"samples":[[0.028,0.981,0.133,-1.20,-10.68,-1.87,-6.97,81.43],[0.032,0.988,0.135,-1.75,-11.53,-1.81,-6.98,81.43],[0.031,0.983,0.134,-1.75,-10.49,-0.77,-6.98,81.43],[0.027,0.987,0.142,-1.20,-10.43,-2.90,-6.97,81.43],[0.032,0.986,0.147,-1.08,-9.76,-1.50,-6.97,81.42],[0.030,0.993,0.146,0.63,-11.35,-1.99,-6.97,81.43],[0.030,0.996,0.160,-0.23,-12.45,-1.26,-6.99,81.41],[0.035,0.993,0.145,0.99,-12.20,-1.08,-7.01,81.43],[0.042,1.001,0.144,-0.04,-10.98,-1.99,-7.03,81.44],[0.022,0.963,0.115,-2.91,-9.76,-3.27,-7.01,81.45]]}
16.753	{"type":"ecg","dev":"node-01","seq":1607,"t0":162213,"fs":250,"leads_off":false,"bpm":96.4,"samples":[1679,1774,1786,1775,1783,1799,1811,1830,1842,1854,1856,1869,1876,1884,1905,1919,1924,1936,1948,1963,1993,1981,1991,2027,2032]}
16.768	{"type":"imu","dev":"node-01","seq":1521,"t0":162230,"fs":100,"samples":[[0.052,0.998,0.152,4.89,-10.92,-0.89,-7.03,81.49],[0.048,0.991,0.137,3.37,-10.56,-1.56,-7.05,81.54],[0.023,0.982,0.167,-2.12,-12.75,-0.16,-7.06,81.49],[0.040,0.991,0.119,-3.46,-12.93,-0.16,-7.09,81.49],[0.042,0.988,0.135,-5.17,-13.24,-1.38,-7.13,81.46],[0.038,0.989,0.152,-0.59,-9.88,-1.56,-7.13,81.45],[0.042,0.989,0.149,2.58,-8.73,-1.93,-7.12,81.47],[0.035,0.992,0.146,1.42,-7.63,-2.78,-7.09,81.49],[0.035,0.991,0.139,-1.26,-9.64,-2.17,-7.09,81.49],[0.035,1.001,0.146,1.30,-10.43,-2.23,-7.08,81.50]]}
16.853	{"type":"ecg","dev":"node-01","seq":1608,"t0":162313,"fs":250,"leads_off":false,"bpm":96.4,"samples":[2067,2080,2099,2101,2099,2111,2121,2144,2150,2145,2147,2142,2147,2147,2154,2153,2123,2085,2013,1991,1945,1901,1843,1785,1735]}
16.869	{"type":"imu","dev":"node-01","seq":1522,"t0":162330,"fs":100,"samples":[[0.034,0.993,0.147,1.05,-11.04,-1.69,-7.09,81.51],[0.028,0.995,0.138,0.93,-11.96,-0.40,-7.10,81.53],[0.027,0.981,0.129,1.18,-11.35,0.08,-7.10,81.57],[0.032,0.985,0.131,0.08,-11.84,-1.01,-7.11,81.58],[0.030,0.992,0.122,-0.59,-12.63,-1.08,-7.12,81.61],[0.034,0.968,0.123,-2.79,-12.69,-1.75,-7.14,81.60],[0.043,0.985,0.150,-0.90,-11.53,-1.75,-7.17,81.59],[0.039,0.992,0.136,-1.75,-11.77,-2.42,-7.18,81.58],[0.046,0.983,0.131,-2.48,-11.90,-1.93,-7.21,81.57],[0.044,0.987,0.137,-2.48,-11.71,-2.17,-7.23,81.56]]}
16.953	{"type":"ecg","dev":"node-01","seq":1609,"t0":162413,"fs":250,"leads_off":false,"bpm":96.4,"samples":[1687,1658,1634,1633,1629,1613,1600,1619,1626,1617,1627,1633,1629,1632,1643,1646,1646,1643,1643,1643,1648,1646,1643,1647,1648]}
16.968	{"type":"imu","dev":"node-01","seq":1523,"t0":162430,"fs":100,"samples":[[0.035,0.976,0.121,-2.42,-10.86,-2.84,-7.23,81.56],[0.046,0.995,0.156,1.60,-12.20,-1.32,-7.26,81.57],[0.044,0.997,0.139,-1.69,-12.57,-2.11,-7.29,81.56],[0.033,0.992,0.133,-2.73,-12.57,-0.77,-7.30,81.55],[0.043,0.990,0.127,-1.81,-10.92,-1.81,-7.31,81.56],[0.048,0.992,0.152,0.63,-12.38,-2.72,-7.34,81.56],[0.046,0.989,0.142,-0.35,-11.65,-1.26,-7.36,81.56],[0.031,0.986,0.139,-0.29,-13.42,-1.56,-7.38,81.57],[0.036,0.988,0.144,-0.11,-12.87,-1.87,-7.41,81.57],[0.041,0.983,0.143,-0.41,-12.57,-1.56,-7.43,81.57]]}
17.053	{"type":"ecg","dev":"node-01","seq":1610,"t0":162513,"fs":250,"leads_off":false,"bpm":96.4,"samples":[1658,1648,1643,1635,1655,1660,1659,1642,1648,1633,1619,1620,1637,1647,1646,1648,1648,1634,1621,1630,1629,1648,1667,1735,1813]}
17.069	{"type":"imu","dev":"node-01","seq":1524,"t0":162530,"fs":100,"samples":[[0.040,0.988,0.142,0.50,-12.20,-1.08,-7.44,81.58],[0.037,0.990,0.146,0.38,-11.96,-0.59,-7.45,81.58],[0.038,0.988,0.141,-0.47,-12.32,-1.08,-7.47,81.58],[0.036,0.985,0.138,-1.39,-11.84,-1.32,-7.48,81.58],[0.040,0.992,0.138,-4.68,-11.84,-1.44,-7.49,81.54],[0.042,0.986,0.138,-5.41,-11.84,-2.23,-7.50,81.50],[0.046,0.981,0.136,-4.19,-11.47,-1.62,-7.52,81.47],[0.044,0.988,0.144,-1.02,-12.14,-2.48,-7.54,81.47],[0.039,0.989,0.139,-1.39,-11.04,-2.11,-7.54,81.46],[0.034,0.991,0.143,-0.23,-11.53,-2.30,-7.54,81.47]]}
17.153	{"type":"ecg","dev":"node-01","seq":1611,"t0":162613,"fs":250,"leads_off":false,"bpm":96.4,"samples":[1834,1861,1863,1857,1885,1935,1970,1998,1979,1929,1869,1840,1798,1721,1656,1628,1629,1598,1535,1503,1494,1488,1535,1555,1554]}
17.169	{"type":"imu","dev":"node-01","seq":1525,"t0":162630,"fs":100,"samples":[[0.038,0.989,0.142,-0.78,-10.25,-2.42,-7.53,81.47],[0.044,0.991,0.135,-0.29,-11.47,-1.81,-7.55,81.48],[0.040,0.986,0.145,0.50,-11.16,-1.14,-7.55,81.49],[0.040,0.989,0.144,0.63,-11.04,-1.81,-7.55,81.50],[0.040,0.990,0.143,-0.96,-10.25,-2.66,-7.55,81.50],[0.042,0.988,0.146,-2.36,-11.23,-1.69,-7.56,81.48],[0.037,0.990,0.146,-2.00,-10.31,-2.60,-7.55,81.46],[0.041,0.989,0.138,-4.07,-11.04,-3.15,-7.55,81.43],[0.037,0.981,0.137,-4.19,-10.37,-3.03,-7.55,81.40],[0.039,0.988,0.134,-3.46,-10.74,-3.76,-7.54,81.38]]}
17.253	{"type":"ecg","dev":"node-01","seq":1612,"t0":162713,"fs":250,"leads_off":false,"bpm":97.9,"samples":[1566,1535,1506,1404,1328,1408,1629,1889,2202,2505,2949,3297,3003,2167,1143,603,631,843,967,1086,1203,1360,1558,1725,1802]}
17.269	{"type":"imu","dev":"node-01","seq":1526,"t0":162730,"fs":100,"samples":[[0.039,0.983,0.128,-3.46,-11.10,-1.99,-7.55,81.37],[0.038,0.980,0.135,-1.57,-10.74,-2.84,-7.55,81.37],[0.041,0.986,0.144,-0.47,-10.98,-2.23,-7.55,81.38],[0.035,0.988,0.154,0.75,-10.56,-2.78,-7.54,81.38],[0.038,0.988,0.144,1.42,-11.16,-2.05,-7.54,81.40],[0.038,0.990,0.150,1.18,-11.16,-2.05,-7.55,81.41],[0.035,0.986,0.152,0.87,-11.16,-2.17,-7.54,81.42],[0.056,0.992,0.125,2.09,-10.80,-4.00,-7.56,81.46],[0.040,0.979,0.102,-1.08,-9.27,-3.64,-7.55,81.50],[0.044,0.988,0.136,-1.32,-10.25,-3.03,-7.55,81.50]]}
17.353	{"type":"ecg","dev":"node-01","seq":1613,"t0":162813,"fs":250,"leads_off":false,"bpm":97.9,"samples":[1806,1807,1794,1827,1857,1861,1869,1872,1872,1878,1891,1910,1936,1932,1946,1963,1981,1999,2014,2017,2025,2034,2045,2064,2075]}
17.368	{"type":"imu","dev":"node-01","seq":1527,"t0":162830,"fs":100,"samples":[[0.030,0.978,0.132,-1.69,-9.82,-3.51,-7.53,81.50],[0.025,0.971,0.166,-2.85,-12.14,-2.54,-7.53,81.45],[0.056,0.987,0.132,-3.82,-11.71,-1.62,-7.56,81.43],[0.038,0.980,0.143,-0.41,-10.74,-1.62,-7.55,81.44],[0.031,0.984,0.150,3.43,-9.27,-2.42,-7.53,81.47],[0.040,0.990,0.149,4.41,-7.93,-3.27,-7.50,81.51],[0.035,0.993,0.130,3.37,-8.12,-4.55,-7.47,81.56],[0.029,0.993,0.140,2.46,-8.18,-3.76,-7.44,81.60],[0.042,0.996,0.139,3.61,-8.48,-3.58,-7.42,81.64],[0.033,0.998,0.133,2.09,-7.93,-2.54,-7.39,81.68]]}
17.453	{"type":"ecg","dev":"node-01","seq":1614,"t0":162913,"fs":250,"leads_off":false,"bpm":97.9,"samples":[2081,2097,2103,2112,2119,2123,2117,2129,2137,2131,2129,2131,2122,2110,2082,2033,1979,1926,1880,1831,1775,1723,1690,1669,1648]}
17.468	{"type":"imu","dev":"node-01","seq":1528,"t0":162930,"fs":100,"samples":[[0.033,0.990,0.134,1.54,-9.40,-2.78,-7.37,81.70],[0.034,0.991,0.140,1.05,-8.42,-3.21,-7.34,81.72],[0.028,0.991,0.144,0.08,-9.21,-2.78,-7.32,81.72],[0.032,0.992,0.134,-1.75,-9.52,-2.84,-7.30,81.72],[0.034,0.989,0.136,-2.97,-10.56,-3.03,-7.30,81.70],[0.033,0.979,0.133,-3.34,-8.91,-4.00,-7.28,81.67],[0.036,0.985,0.135,-1.02,-8.91,-3.15,-7.26,81.67],[0.036,0.990,0.137,0.26,-9.52,-3.51,-7.25,81.69],[0.034,0.984,0.126,1.48,-7.93,-2.60,-7.22,81.72],[0.028,0.978,0.156,-1.02,-8.91,-2.05,-7.20,81.70]]}
17.553	{"type":"ecg","dev":"node-01","seq":1615,"t0":163013,"fs":250,"leads_off":false,"bpm":97.9,"samples":[1623,1613,1607,1606,1603,1615,1616,1616,1611,1624,1632,1627,1626,1633,1645,1650,1650,1644,1647,1651,1661,1658,1651,1662,1655]}
17.568	{"type":"imu","dev":"node-01","seq":1529,"t0":163030,"fs":100,"samples":[[0.029,0.989,0.158,2.03,-10.43,-2.23,-7.19,81.70],[0.035,0.989,0.135,-1.26,-9.34,-2.30,-7.17,81.70],[0.030,0.983,0.119,-1.93,-8.73,-2.72,-7.15,81.71],[0.028,0.984,0.127,-0.41,-9.40,-2.72,-7.13,81.72],[0.041,0.988,0.136,0.50,-9.64,-2.72,-7.13,81.74],[0.039,0.989,0.143,0.50,-9.52,-2.36,-7.13,81.74],[0.039,0.991,0.137,1.36,-9.76,-2.78,-7.13,81.76],[0.034,0.992,0.137,-0.29,-9.70,-2.78,-7.12,81.77],[0.030,0.987,0.137,-1.20,-10.25,-1.81,-7.11,81.76],[0.034,0.986,0.136,0.26,-9.09,-2.72,-7.10,81.77]]}
17.653	{"type":"ecg","dev":"node-01","seq":1616,"t0":163113,"fs":250,"leads_off":false,"bpm":97.9,"samples":[1658,1648,1648,1650,1650,1663,1680,1680,1666,1653,1661,1668,1670,1670,1690,1742,1815,1861,1875,1877,1878,1905,1935,1983,2017]}
17.669	{"type":"imu","dev":"node-01","seq":1530,"t0":163130,"fs":100,"samples":[[0.029,0.989,0.138,0.02,-9.15,-0.77,-7.08,81.78],[0.023,0.982,0.136,-1.26,-9.52,-1.56,-7.06,81.77],[0.029,0.983,0.134,-1.02,-10.74,-2.42,-7.05,81.77],[0.028,0.988,0.130,-0.41,-10.62,-1.81,-7.05,81.78],[0.028,0.987,0.132,-3.76,-10.01,-3.09,-7.04,81.76],[0.032,0.980,0.123,-3.64,-10.98,-3.09,-7.04,81.74],[0.036,0.982,0.135,-2.06,-11.04,-2.90,-7.05,81.73],[0.040,0.987,0.125,2.76,-10.01,-2.36,-7.05,81.78],[0.028,0.991,0.129,2.46,-10.25,-1.81,-7.05,81.82],[0.030,0.988,0.128,1.54,-9.76,-2.30,-7.04,81.85]]}
17.753	{"type":"ecg","dev":"node-01","seq":1617,"t0":163213,"fs":250,"leads_off":false,"bpm":97.9,"samples":[2021,1977,1898,1859,1839,1799,1728,1681,1663,1637,1586,1535,1533,1535,1561,1582,1581,1584,1589,1571,1453,1355,1378,1589,1839]}
17.769	{"type":"imu","dev":"node-01","seq":1531,"t0":163230,"fs":100,"samples":[[0.028,0.991,0.134,1.54,-10.13,-2.66,-7.03,81.88],[0.029,0.994,0.137,-0.84,-10.74,-3.03,-7.02,81.87],[0.038,0.988,0.136,-2.24,-10.68,-2.90,-7.03,81.86],[0.037,0.990,0.132,1.42,-10.80,-2.05,-7.04,81.88],[0.032,0.997,0.134,0.81,-9.58,-1.87,-7.03,81.90],[0.032,0.996,0.127,-0.23,-11.16,-3.33,-7.03,81.91],[0.039,0.987,0.126,-3.76,-10.19,-2.72,-7.04,81.89],[0.035,0.982,0.127,-2.85,-9.95,-2.30,-7.03,81.88],[0.031,0.987,0.126,-2.42,-9.95,-2.17,-7.03,81.87],[0.034,0.990,0.128,-2.06,-9.58,-1.87,-7.02,81.87]]}
17.853	{"type":"ecg","dev":"node-01","seq":1618,"t0":163313,"fs":250,"leads_off":false,"bpm":100.0,"samples":[2117,2415,2817,3306,3203,2449,1462,755,629,802,967,1092,1207,1349,1535,1727,1813,1839,1829,1817,1829,1853,1879,1890,1897]}
17.868	{"type":"imu","dev":"node-01","seq":1532,"t0":163330,"fs":100,"samples":[[0.033,0.989,0.139,-1.02,-10.07,-2.36,-7.01,81.86],[0.028,0.986,0.139,-1.14,-10.43,-0.59,-7.01,81.85],[0.029,0.986,0.144,-1.63,-11.90,-1.38,-7.02,81.83],[0.032,0.990,0.138,1.24,-11.41,-1.75,-7.03,81.85],[0.047,0.984,0.110,0.20,-10.68,-2.84,-7.04,81.88],[0.025,0.973,0.095,-1.39,-8.66,-2.54,-7.02,81.92],[0.037,0.991,0.124,2.82,-10.37,-2.72,-7.02,81.97],[0.026,0.974,0.141,0.14,-11.10,-2.05,-7.02,81.97],[0.029,0.990,0.154,-0.04,-13.42,-1.87,-7.05,81.95],[0.041,0.997,0.112,-2.06,-12.93,-0.16,-7.08,81.96]]}
17.953	{"type":"ecg","dev":"node-01","seq":1619,"t0":163413,"fs":250,"leads_off":false,"bpm":100.0,"samples":[1904,1903,1909,1934,1943,1940,1967,1980,1997,2027,2033,2032,2037,2054,2064,2082,2094,2097,2111,2123,2128,2127,2123,2135,2147]}
17.969	{"type":"imu","dev":"node-01","seq":1533,"t0":163430,"fs":100,"samples":[[0.042,0.990,0.135,1.24,-11.29,-0.89,-7.09,81.98],[0.034,0.990,0.141,1.60,-10.74,-1.38,-7.10,81.99],[0.029,0.996,0.137,2.82,-7.93,-2.17,-7.06,82.02],[0.031,0.990,0.121,0.69,-8.30,-3.09,-7.04,82.05],[0.034,0.993,0.127,0.57,-10.49,-2.84,-7.04,82.07],[0.040,0.999,0.128,-0.17,-10.98,-2.72,-7.05,82.08],[0.034,0.996,0.132,-2.30,-11.04,-1.69,-7.06,82.07],[0.028,0.987,0.130,-1.26,-10.43,-1.44,-7.05,82.06],[0.029,0.984,0.134,-3.28,-11.23,-1.81,-7.06,82.03],[0.026,0.985,0.129,-4.25,-11.77,-2.17,-7.06,82.00]]}
18.053	{"type":"ecg","dev":"node-01","seq":1620,"t0":163513,"fs":250,"leads_off":false,"bpm":100.0,"samples":[2157,2171,2176,2160,2147,2133,2098,2064,2032,1998,1947,1891,1845,1795,1751,1725,1701,1680,1659,1661,1678,1679,1689,1696,1687]}
18.069	{"type":"imu","dev":"node-01","seq":1534,"t0":163530,"fs":100,"samples":[[0.030,0.982,0.122,-3.58,-10.92,-3.33,-7.06,81.99],[0.035,0.982,0.122,-4.19,-11.10,-3.03,-7.07,81.96],[0.042,0.981,0.127,-2.06,-11.65,-3.09,-7.09,81.96],[0.048,0.987,0.135,-1.08,-10.74,-2.23,-7.11,81.95],[0.041,0.990,0.135,0.57,-11.47,-2.90,-7.12,81.96],[0.041,0.990,0.126,-1.20,-10.62,-2.60,-7.13,81.97],[0.025,0.983,0.158,-0.41,-11.90,-2.54,-7.14,81.94],[0.037,0.992,0.146,2.21,-11.35,-0.83,-7.15,81.96],[0.037,0.998,0.127,1.72,-11.47,-0.40,-7.16,81.99],[0.031,0.991,0.113,-3.34,-11.53,-1.99,-7.16,81.99]]}
18.153	{"type":"ecg","dev":"node-01","seq":1621,"t0":163613,"fs":250,"leads_off":false,"bpm":100.0,"samples":[1679,1683,1698,1712,1715,1714,1715,1726,1717,1722,1723,1713,1711,1728,1731,1734,1716,1713,1712,1714,1723,1718,1726,1737,1734]}
18.169	{"type":"imu","dev":"node-01","seq":1535,"t0":163630,"fs":100,"samples":[[0.033,0.983,0.121,-2.79,-11.16,-1.93,-7.17,81.98],[0.046,0.990,0.137,1.18,-10.92,-2.90,-7.19,81.99],[0.041,0.985,0.134,-0.59,-10.68,-2.11,-7.19,81.99],[0.035,0.991,0.132,-0.71,-11.23,-2.60,-7.20,82.00],[0.041,0.990,0.136,-2.24,-11.35,-3.27,-7.21,81.98],[0.036,0.992,0.136,-0.84,-10.80,-2.17,-7.22,81.97],[0.036,0.991,0.131,-2.91,-11.65,-1.26,-7.23,81.96],[0.036,0.984,0.136,-3.21,-10.68,-1.69,-7.23,81.93],[0.027,0.987,0.136,0.81,-11.71,-1.32,-7.23,81.94],[0.039,0.990,0.134,-3.28,-11.10,-1.56,-7.24,81.92]]}
18.253	{"type":"ecg","dev":"node-01","seq":1622,"t0":163713,"fs":250,"leads_off":false,"bpm":100.0,"samples":[1724,1713,1709,1709,1714,1713,1719,1720,1726,1722,1727,1742,1821,1897,1930,1925,1919,1926,1957,1984,2017,2035,2025,1974,1921]}
18.268	{"type":"imu","dev":"node-01","seq":1536,"t0":163730,"fs":100,"samples":[[0.038,0.984,0.123,-3.40,-11.16,-2.72,-7.25,81.90],[0.037,0.989,0.135,-2.36,-12.02,-1.93,-7.26,81.89],[0.039,0.984,0.129,-0.84,-11.96,-1.81,-7.28,81.89],[0.038,0.983,0.143,-2.06,-10.92,-2.30,-7.28,81.87],[0.041,0.987,0.133,-0.17,-11.71,-1.87,-7.30,81.87],[0.041,0.994,0.139,-1.14,-10.43,-1.62,-7.30,81.87],[0.048,0.988,0.133,-0.96,-11.35,-2.60,-7.32,81.87],[0.030,0.994,0.140,-1.69,-10.68,-2.54,-7.32,81.85],[0.031,0.983,0.131,-2.54,-11.10,-1.75,-7.32,81.84],[0.042,0.985,0.138,-0.53,-10.98,-2.36,-7.32,81.84]]}
18.353	{"type":"ecg","dev":"node-01","seq":1623,"t0":163813,"fs":250,"leads_off":false,"bpm":101.8,"samples":[1878,1839,1766,1708,1671,1658,1626,1590,1557,1535,1559,1571,1589,1590,1598,1587,1517,1392,1359,1504,1755,2038,2379,2726,3216]}
18.368	{"type":"imu","dev":"node-01","seq":1537,"t0":163830,"fs":100,"samples":[[0.031,0.993,0.143,1.30,-10.80,-1.99,-7.32,81.85],[0.041,0.987,0.134,-2.54,-11.65,-2.78,-7.33,81.83],[0.030,0.990,0.140,-2.06,-10.92,-2.72,-7.33,81.81],[0.034,0.989,0.137,-2.00,-11.53,-2.54,-7.33,81.80],[0.043,0.985,0.131,-1.14,-9.82,-1.75,-7.33,81.80],[0.030,0.985,0.131,-2.18,-10.13,-1.69,-7.32,81.79],[0.035,0.987,0.130,-2.73,-10.86,-2.54,-7.32,81.78],[0.034,0.993,0.134,-3.03,-10.43,-1.50,-7.31,81.76],[0.034,0.987,0.138,-2.61,-10.13,-3.21,-7.31,81.74],[0.037,0.984,0.144,-1.20,-9.52,-1.75,-7.30,81.73]]}
18.453	{"type":"ecg","dev":"node-01","seq":1624,"t0":163913,"fs":250,"leads_off":false,"bpm":101.8,"samples":[3419,2867,1913,959,579,694,897,1040,1158,1303,1490,1681,1791,1815,1808,1803,1820,1841,1853,1867,1877,1879,1887,1907,1934]}
18.468	{"type":"imu","dev":"node-01","seq":1538,"t0":163930,"fs":100,"samples":[[0.033,0.989,0.152,-0.65,-10.86,-2.66,-7.30,81.71],[0.028,0.988,0.142,-2.61,-11.35,-1.69,-7.29,81.69],[0.036,0.994,0.134,-0.47,-12.14,-2.30,-7.31,81.70],[0.037,0.973,0.083,-3.52,-9.15,-4.12,-7.29,81.73],[0.037,0.986,0.165,0.02,-12.08,-2.97,-7.31,81.71],[0.053,0.995,0.125,3.49,-10.43,-4.12,-7.33,81.76],[0.025,0.978,0.167,-0.84,-11.53,-1.93,-7.32,81.73],[0.046,0.983,0.104,-2.67,-13.48,-1.20,-7.36,81.74],[0.041,0.988,0.143,-2.79,-11.59,-1.20,-7.38,81.72],[0.048,0.986,0.150,0.02,-10.62,-1.75,-7.39,81.71]]}
18.553	{"type":"ecg","dev":"node-01","seq":1625,"t0":164013,"fs":250,"leads_off":false,"bpm":101.8,"samples":[1958,1955,1954,1963,1982,1998,2007,2018,2043,2064,2087,2096,2110,2108,2121,2129,2145,2152,2159,2161,2160,2163,2167,2176,2171]}
18.568	{"type":"imu","dev":"node-01","seq":1539,"t0":164030,"fs":100,"samples":[[0.043,0.992,0.142,2.82,-7.93,-2.90,-7.37,81.74],[0.028,0.987,0.133,-2.18,-9.09,-4.49,-7.34,81.73],[0.028,0.983,0.119,0.08,-8.91,-4.25,-7.31,81.76],[0.037,0.996,0.146,1.54,-8.66,-3.94,-7.29,81.77],[0.030,0.997,0.141,0.57,-10.07,-1.99,-7.28,81.78],[0.030,0.992,0.133,1.05,-10.37,-2.17,-7.27,81.80],[0.028,0.992,0.138,-0.11,-8.91,-1.87,-7.24,81.81],[0.036,0.985,0.130,-2.48,-9.64,-2.42,-7.24,81.80],[0.038,0.980,0.133,-2.73,-9.76,-2.42,-7.23,81.78],[0.034,0.985,0.128,-0.84,-9.09,-2.42,-7.22,81.79]]}
18.653	{"type":"ecg","dev":"node-01","seq":1626,"t0":164113,"fs":250,"leads_off":false,"bpm":101.8,"samples":[2161,2170,2154,2122,2081,2031,1968,1935,1894,1841,1794,1751,1726,1697,1685,1683,1686,1696,1682,1687,1698,1707,1713,1725,1727]}
18.668	{"type":"imu","dev":"node-01","seq":1540,"t0":164130,"fs":100,"samples":[[0.040,0.985,0.132,-2.79,-9.70,-3.33,-7.21,81.77],[0.041,0.984,0.129,-2.48,-9.76,-3.51,-7.21,81.76],[0.039,0.987,0.138,-2.91,-10.25,-2.78,-7.21,81.74],[0.038,0.990,0.137,-2.91,-9.95,-2.30,-7.21,81.72],[0.039,0.994,0.124,-1.81,-9.70,-2.54,-7.20,81.72],[0.029,0.991,0.160,-0.53,-9.64,-1.99,-7.19,81.70],[0.040,1.000,0.128,1.48,-10.92,-2.11,-7.20,81.74],[0.040,0.993,0.141,-2.12,-10.25,-2.72,-7.20,81.72],[0.034,0.985,0.120,-0.04,-10.01,-2.48,-7.20,81.75],[0.042,0.993,0.145,1.97,-11.16,-2.78,-7.21,81.76]]}
18.753	{"type":"ecg","dev":"node-01","seq":1627,"t0":164213,"fs":250,"leads_off":false,"bpm":101.8,"samples":[1728,1727,1723,1720,1717,1727,1731,1733,1742,1737,1735,1733,1727,1727,1727,1733,1731,1735,1743,1739,1728,1728,1723,1729,1730]}
18.768	{"type":"imu","dev":"node-01","seq":1541,"t0":164230,"fs":100,"samples":[[0.042,0.994,0.131,1.72,-10.19,-1.99,-7.21,81.80],[0.034,0.983,0.136,-1.39,-10.31,-2.54,-7.21,81.79],[0.043,0.984,0.134,-1.02,-10.07,-1.56,-7.21,81.79],[0.037,0.989,0.135,-0.59,-9.52,-2.05,-7.20,81.79],[0.034,0.990,0.136,-1.93,-9.40,-2.17,-7.19,81.78],[0.030,0.985,0.141,-1.81,-9.88,-1.62,-7.18,81.76],[0.026,0.989,0.135,-0.04,-9.09,-1.44,-7.15,81.77],[0.027,0.994,0.142,-1.14,-10.19,-1.44,-7.14,81.76],[0.026,0.990,0.135,-1.20,-10.01,-2.11,-7.13,81.76],[0.029,0.991,0.132,-1.08,-10.86,-1.75,-7.12,81.76]]}
18.853	{"type":"ecg","dev":"node-01","seq":1628,"t0":164313,"fs":250,"leads_off":false,"bpm":101.8,"samples":[1725,1713,1717,1726,1739,1727,1717,1712,1722,1740,1756,1795,1875,1936,1939,1926,1915,1924,1968,2014,2058,2054,2012,1951,1909]}
18.869	{"type":"imu","dev":"node-01","seq":1542,"t0":164330,"fs":100,"samples":[[0.030,0.985,0.135,-1.39,-10.80,-2.84,-7.12,81.76],[0.037,0.989,0.133,-0.65,-10.74,-3.15,-7.13,81.76],[0.035,0.987,0.139,-2.54,-9.34,-2.17,-7.12,81.74],[0.037,0.988,0.136,-1.08,-9.64,-2.30,-7.11,81.74],[0.036,0.990,0.135,-1.14,-9.58,-1.38,-7.10,81.74],[0.039,0.989,0.137,-0.35,-9.95,-2.84,-7.10,81.74],[0.034,0.990,0.136,-0.59,-9.40,-1.50,-7.09,81.74],[0.030,0.987,0.142,-2.24,-11.04,-2.23,-7.09,81.72],[0.036,0.989,0.142,-0.90,-10.25,-2.48,-7.10,81.72],[0.035,0.988,0.139,-1.02,-11.71,-3.33,-7.10,81.71]]}
18.953	{"type":"ecg","dev":"node-01","seq":1629,"t0":164413,"fs":250,"leads_off":false,"bpm":102.1,"samples":[1870,1815,1744,1685,1667,1643,1607,1572,1535,1535,1535,1565,1581,1591,1598,1567,1457,1359,1377,1600,1877,2197,2559,2982,3444]}
18.968	{"type":"imu","dev":"node-01","seq":1543,"t0":164430,"fs":100,"samples":[[0.039,0.989,0.136,-0.53,-9.82,-3.15,-7.10,81.72],[0.037,0.989,0.138,-1.08,-11.23,-3.09,-7.11,81.71],[0.036,0.985,0.132,-1.57,-8.85,-1.93,-7.10,81.71],[0.039,0.986,0.137,-1.63,-10.62,-3.03,-7.11,81.70],[0.034,0.986,0.127,-2.00,-11.29,-2.72,-7.12,81.70],[0.038,0.986,0.131,-1.75,-11.59,-2.17,-7.13,81.70],[0.034,0.981,0.130,-1.81,-10.86,-2.42,-7.13,81.69],[0.034,0.983,0.134,-1.26,-10.49,-1.62,-7.13,81.69],[0.032,0.986,0.142,-1.26,-11.23,-2.78,-7.14,81.68],[0.031,0.989,0.139,-0.96,-11.84,-2.60,-7.14,81.68]]}
19.053	{"type":"ecg","dev":"node-01","seq":1630,"t0":164513,"fs":250,"leads_off":false,"bpm":102.1,"samples":[3258,2450,1397,666,535,734,934,1098,1234,1415,1607,1739,1788,1786,1775,1789,1800,1817,1834,1839,1840,1832,1844,1861,1879]}
19.068	{"type":"imu","dev":"node-01","seq":1544,"t0":164530,"fs":100,"samples":[[0.035,0.984,0.155,-0.96,-12.45,-2.05,-7.17,81.66],[0.032,0.989,0.140,0.02,-11.90,-1.38,-7.17,81.67],[0.036,0.987,0.141,-0.29,-12.75,-2.42,-7.20,81.67],[0.033,0.967,0.063,-1.75,-8.60,-3.94,-7.18,81.74],[0.037,0.993,0.176,1.42,-10.62,-2.48,-7.18,81.72],[0.049,0.999,0.128,3.43,-11.29,-3.88,-7.20,81.77],[0.025,0.988,0.169,-3.28,-12.38,-2.36,-7.21,81.71],[0.034,0.988,0.103,-4.50,-13.36,-0.89,-7.24,81.71],[0.039,0.983,0.146,-4.43,-12.32,-1.38,-7.26,81.66],[0.042,0.993,0.148,-0.96,-12.08,-1.81,-7.28,81.65]]}
19.153	{"type":"ecg","dev":"node-01","seq":1631,"t0":164613,"fs":250,"leads_off":false,"bpm":102.1,"samples":[1899,1906,1919,1937,1954,1962,1975,1994,2007,2022,2017,2032,2047,2047,2077,2086,2092,2099,2099,2099,2095,2096,2112,2112,2109]}
19.168	{"type":"imu","dev":"node-01","seq":1545,"t0":164630,"fs":100,"samples":[[0.039,0.990,0.146,2.64,-7.75,-3.15,-7.25,81.68],[0.024,0.986,0.126,0.87,-8.30,-3.94,-7.22,81.71],[0.023,0.987,0.135,0.50,-10.25,-4.19,-7.20,81.72],[0.036,0.995,0.147,1.11,-10.92,-3.15,-7.20,81.73],[0.037,0.995,0.139,-0.04,-11.84,-2.42,-7.22,81.74],[0.031,0.992,0.137,0.69,-11.59,-1.81,-7.22,81.75],[0.035,0.992,0.131,-2.00,-11.47,-1.81,-7.23,81.75],[0.031,0.992,0.131,-3.15,-10.62,-2.66,-7.23,81.73],[0.031,0.989,0.129,-2.73,-11.16,-2.97,-7.23,81.72],[0.029,0.981,0.129,-4.74,-10.80,-2.17,-7.22,81.69]]}
19.253	{"type":"ecg","dev":"node-01","seq":1632,"t0":164713,"fs":250,"leads_off":false,"bpm":102.1,"samples":[2112,2107,2090,2064,2019,1971,1924,1881,1839,1797,1754,1716,1702,1693,1680,1670,1660,1658,1680,1678,1675,1674,1680,1681,1687]}
19.268	{"type":"imu","dev":"node-01","seq":1546,"t0":164730,"fs":100,"samples":[[0.032,0.982,0.131,-4.43,-11.23,-3.70,-7.23,81.66],[0.034,0.982,0.131,-4.68,-10.56,-2.84,-7.22,81.63],[0.043,0.986,0.134,-3.03,-10.68,-3.09,-7.23,81.61],[0.043,0.994,0.133,-1.26,-10.43,-2.36,-7.24,81.62],[0.024,0.982,0.125,-0.96,-10.07,-1.81,-7.22,81.63],[0.029,0.988,0.162,0.99,-10.98,-0.59,-7.22,81.62],[0.035,0.995,0.133,0.57,-12.02,-2.23,-7.23,81.64],[0.031,0.988,0.128,-3.52,-9.88,-2.66,-7.22,81.63],[0.031,0.979,0.124,-2.48,-10.98,-2.97,-7.22,81.62],[0.048,0.990,0.151,1.30,-10.62,-2.23,-7.23,81.63]]}
19.353	{"type":"ecg","dev":"node-01","seq":1633,"t0":164813,"fs":250,"leads_off":false,"bpm":102.1,"samples":[1685,1680,1686,1686,1699,1695,1695,1697,1699,1697,1698,1699,1701,1711,1707,1691,1691,1687,1690,1680,1680,1682,1697,1710,1713]}
19.368	{"type":"imu","dev":"node-01","seq":1547,"t0":164830,"fs":100,"samples":[[0.034,0.993,0.138,-1.51,-8.79,-2.78,-7.21,81.62],[0.029,0.987,0.136,-4.07,-9.21,-3.58,-7.19,81.60],[0.030,0.987,0.142,-3.40,-10.25,-2.97,-7.18,81.57],[0.033,0.989,0.142,-4.01,-10.62,-2.66,-7.18,81.53],[0.032,0.988,0.141,-4.25,-10.37,-2.48,-7.18,81.50],[0.026,0.986,0.143,-2.06,-11.10,-1.32,-7.17,81.48],[0.028,0.996,0.141,-0.35,-11.35,-2.11,-7.17,81.49],[0.033,0.991,0.142,-0.11,-10.37,-2.36,-7.17,81.49],[0.027,0.993,0.135,-0.71,-11.16,-2.48,-7.17,81.50],[0.033,0.987,0.137,-2.30,-10.74,-2.97,-7.17,81.49]]}
19.453	{"type":"ecg","dev":"node-01","seq":1634,"t0":164913,"fs":250,"leads_off":false,"bpm":102.1,"samples":[1719,1731,1744,1749,1744,1734,1727,1727,1733,1737,1734,1744,1744,1739,1733,1737,1735,1734,1744,1770,1830,1895,1931,1942,1952]}
19.468	{"type":"imu","dev":"node-01","seq":1548,"t0":164930,"fs":100,"samples":[[0.039,0.984,0.135,-1.32,-10.98,-3.15,-7.18,81.49],[0.037,0.987,0.141,-0.23,-10.37,-3.27,-7.18,81.50],[0.033,0.985,0.141,-1.51,-9.88,-3.51,-7.17,81.49],[0.038,0.986,0.131,-1.81,-10.25,-1.81,-7.17,81.49],[0.031,0.985,0.143,-2.79,-10.01,-2.11,-7.16,81.47],[0.032,0.990,0.138,-3.40,-9.52,-2.42,-7.15,81.45],[0.029,0.989,0.148,-3.15,-9.58,-2.48,-7.13,81.42],[0.035,0.988,0.136,-1.51,-10.56,-1.81,-7.13,81.42],[0.032,0.990,0.144,-0.04,-10.74,-1.87,-7.13,81.43],[0.030,0.991,0.148,-0.41,-11.10,-2.72,-7.13,81.42]]}
19.553	{"type":"ecg","dev":"node-01","seq":1635,"t0":165013,"fs":250,"leads_off":false,"bpm":102.1,"samples":[1962,1947,1936,1993,2047,2038,1981,1921,1850,1770,1723,1711,1727,1713,1680,1626,1594,1581,1590,1605,1617,1626,1626,1641,1605]}
19.568	{"type":"imu","dev":"node-01","seq":1549,"t0":165030,"fs":100,"samples":[[0.035,0.985,0.144,-0.47,-11.53,-3.03,-7.14,81.42],[0.030,0.987,0.148,-0.17,-12.45,-2.23,-7.15,81.42],[0.037,0.990,0.138,0.32,-10.80,-1.62,-7.16,81.44],[0.029,0.991,0.143,0.57,-11.96,-3.27,-7.17,81.45],[0.030,0.988,0.147,-2.18,-11.29,-2.05,-7.17,81.43],[0.029,0.992,0.145,-2.73,-10.68,-2.36,-7.16,81.41],[0.035,0.987,0.143,-3.03,-11.16,-2.48,-7.17,81.39],[0.026,0.986,0.138,-2.54,-10.74,-2.54,-7.16,81.37],[0.023,0.984,0.140,-1.63,-10.92,-2.42,-7.15,81.37],[0.026,0.988,0.139,-1.87,-11.29,-3.39,-7.15,81.36]]}
19.653	{"type":"ecg","dev":"node-01","seq":1636,"t0":165113,"fs":250,"leads_off":false,"bpm":100.9,"samples":[1486,1396,1456,1680,1943,2279,2656,3123,3527,3164,2283,1243,625,590,802,993,1166,1330,1519,1701,1806,1834,1824,1823,1840]}
19.668	{"type":"imu","dev":"node-01","seq":1550,"t0":165130,"fs":100,"samples":[[0.032,0.983,0.138,-0.41,-10.80,-3.03,-7.15,81.37],[0.030,0.981,0.141,0.44,-10.80,-2.17,-7.15,81.39],[0.031,0.983,0.147,-0.78,-10.68,-2.48,-7.14,81.38],[0.028,0.988,0.144,0.38,-11.04,-1.81,-7.14,81.39],[0.037,0.994,0.155,-0.41,-13.18,-1.08,-7.17,81.38],[0.040,0.984,0.137,-0.96,-12.26,-1.14,-7.19,81.39],[0.047,0.982,0.093,-0.90,-10.62,-2.30,-7.21,81.44],[0.021,0.976,0.162,-2.42,-9.27,-2.66,-7.18,81.40],[0.045,1.002,0.131,5.38,-10.25,-2.84,-7.19,81.48],[0.025,0.981,0.145,-0.11,-10.80,-1.81,-7.18,81.48]]}
19.753	{"type":"ecg","dev":"node-01","seq":1637,"t0":165213,"fs":250,"leads_off":false,"bpm":100.9,"samples":[1857,1862,1863,1881,1900,1904,1917,1931,1932,1939,1941,1953,1962,1982,2000,2014,2015,2030,2037,2059,2063,2075,2086,2094,2103]}
19.768	{"type":"imu","dev":"node-01","seq":1551,"t0":165230,"fs":100,"samples":[[0.028,0.989,0.120,-1.45,-13.73,-1.56,-7.20,81.50],[0.031,0.982,0.134,-4.92,-13.42,-1.56,-7.22,81.47],[0.040,0.985,0.161,-2.42,-11.84,-1.87,-7.24,81.43],[0.044,0.992,0.149,5.81,-9.58,-2.30,-7.24,81.48],[0.028,0.987,0.136,3.37,-9.09,-2.23,-7.22,81.53],[0.025,0.993,0.129,1.72,-9.58,-2.78,-7.19,81.57],[0.026,0.996,0.150,-0.23,-10.13,-3.03,-7.18,81.56],[0.030,0.992,0.148,0.93,-10.13,-1.38,-7.17,81.57],[0.027,0.994,0.140,-0.53,-11.29,-1.44,-7.17,81.57],[0.026,0.990,0.128,-0.35,-10.74,-1.99,-7.16,81.59]]}
19.853	{"type":"ecg","dev":"node-01","seq":1638,"t0":165313,"fs":250,"leads_off":false,"bpm":100.9,"samples":[2116,2119,2133,2133,2139,2135,2131,2140,2143,2146,2131,2115,2096,2063,2005,1947,1895,1851,1817,1774,1735,1705,1680,1674,1683]}
19.868	{"type":"imu","dev":"node-01","seq":1552,"t0":165330,"fs":100,"samples":[[0.021,0.986,0.143,-1.69,-11.10,-2.11,-7.15,81.58],[0.027,0.985,0.134,-3.89,-10.92,-2.97,-7.14,81.55],[0.031,0.982,0.129,-2.85,-11.35,-3.70,-7.15,81.55],[0.028,0.981,0.137,-3.28,-10.56,-4.06,-7.14,81.52],[0.037,0.980,0.138,-1.81,-10.31,-2.23,-7.14,81.51],[0.038,0.979,0.140,-1.14,-10.37,-2.42,-7.15,81.51],[0.039,0.985,0.143,-0.23,-11.47,-2.23,-7.16,81.51],[0.037,0.992,0.129,2.94,-10.86,-2.72,-7.16,81.56],[0.018,0.984,0.132,1.72,-10.43,-1.81,-7.15,81.60],[0.031,0.990,0.147,3.43,-11.71,-1.69,-7.15,81.63]]}
19.953	{"type":"ecg","dev":"node-01","seq":1639,"t0":165413,"fs":250,"leads_off":false,"bpm":100.9,"samples":[1664,1648,1661,1676,1677,1682,1681,1685,1695,1706,1698,1687,1676,1689,1699,1701,1682,1691,1683,1687,1687,1680,1677,1690,1689]}
19.968	{"type":"imu","dev":"node-01","seq":1553,"t0":165430,"fs":100,"samples":[[0.034,0.989,0.132,-2.18,-10.01,-2.54,-7.15,81.62],[0.034,0.986,0.128,-2.48,-10.07,-2.17,-7.14,81.62],[0.038,0.986,0.139,-2.42,-9.82,-2.48,-7.14,81.60],[0.040,0.992,0.147,-0.47,-9.64,-2.36,-7.14,81.59],[0.033,0.989,0.139,-1.32,-10.25,-2.11,-7.13,81.59],[0.029,0.987,0.135,-2.00,-10.68,-3.03,-7.13,81.58],[0.038,0.990,0.140,-1.32,-11.04,-2.84,-7.14,81.58],[0.032,0.986,0.139,-2.73,-11.23,-2.97,-7.14,81.56],[0.032,0.989,0.143,-2.12,-10.31,-1.50,-7.14,81.54],[0.033,0.985,0.138,-0.71,-11.23,-2.17,-7.14,81.54]]}
20.053	{"type":"ecg","dev":"node-01","seq":1640,"t0":165513,"fs":250,"leads_off":false,"bpm":100.9,"samples":[1697,1679,1686,1691,1687,1683,1667,1675,1680,1672,1677,1661,1665,1680,1678,1683,1666,1659,1678,1689,1685,1680,1680,1689,1716]}
20.068	{"type":"imu","dev":"node-01","seq":1554,"t0":165530,"fs":100,"samples":[[0.026,0.989,0.143,-0.71,-11.47,-1.26,-7.14,81.54],[0.032,0.988,0.135,-2.00,-12.32,-1.32,-7.15,81.54],[0.031,0.989,0.134,-1.93,-11.77,-1.20,-7.16,81.53],[0.030,0.984,0.136,-1.02,-11.35,-2.23,-7.16,81.53],[0.034,0.984,0.141,-2.42,-11.04,-2.72,-7.17,81.52],[0.036,0.983,0.135,-1.14,-12.20,-2.66,-7.19,81.52],[0.041,0.992,0.141,-0.17,-9.64,-2.48,-7.18,81.53],[0.033,0.986,0.140,0.93,-10.80,-2.48,-7.18,81.54],[0.032,0.991,0.139,-0.11,-11.10,-1.38,-7.19,81.55],[0.031,0.985,0.147,-1.08,-11.71,-2.48,-7.19,81.54]]}
20.153	{"type":"ecg","dev":"node-01","seq":1641,"t0":165613,"fs":250,"leads_off":false,"bpm":100.9,"samples":[1776,1856,1911,1910,1907,1913,1905,1935,1979,2011,1981,1925,1859,1810,1749,1695,1664,1667,1679,1647,1578,1535,1530,1583,1583]}
20.168	{"type":"imu","dev":"node-01","seq":1555,"t0":165630,"fs":100,"samples":[[0.034,0.985,0.142,-1.20,-12.08,-1.81,-7.21,81.53],[0.038,0.988,0.143,0.38,-12.14,-1.81,-7.23,81.54],[0.035,0.991,0.143,-0.41,-10.98,-1.75,-7.23,81.54],[0.038,0.990,0.139,-1.51,-11.29,-2.36,-7.24,81.54],[0.030,0.989,0.141,-0.17,-11.53,-1.62,-7.24,81.54],[0.034,0.997,0.142,-2.79,-11.84,-2.11,-7.25,81.52],[0.031,0.986,0.137,-2.00,-12.20,-1.69,-7.26,81.51],[0.035,0.986,0.144,-1.02,-10.49,-1.93,-7.26,81.51],[0.038,0.985,0.134,-0.53,-10.98,-1.87,-7.27,81.52],[0.031,0.990,0.139,-1.20,-11.10,-2.30,-7.26,81.51]]}
20.253	{"type":"ecg","dev":"node-01","seq":1642,"t0":165713,"fs":250,"leads_off":false,"bpm":99.9,"samples":[1587,1584,1596,1603,1568,1430,1333,1376,1600,1875,2211,2579,3023,3423,3083,2218,1169,560,534,751,925,1100,1264,1444,1641]}
20.268	{"type":"imu","dev":"node-01","seq":1556,"t0":165730,"fs":100,"samples":[[0.027,0.986,0.134,-2.73,-11.65,-2.97,-7.26,81.50],[0.031,0.987,0.137,-2.12,-10.80,-1.62,-7.26,81.49],[0.032,0.984,0.135,-2.06,-11.10,-2.30,-7.26,81.49],[0.030,0.990,0.136,-2.30,-11.35,-1.62,-7.26,81.48],[0.035,0.990,0.147,-1.45,-11.10,-2.23,-7.26,81.47],[0.032,0.989,0.142,-1.63,-12.26,-2.05,-7.28,81.46],[0.034,0.991,0.159,-1.02,-12.51,-1.44,-7.29,81.44],[0.029,0.987,0.148,-1.32,-13.91,-2.54,-7.32,81.42],[0.037,0.980,0.088,-1.69,-10.07,-3.51,-7.31,81.47],[0.022,0.964,0.117,-4.50,-9.64,-3.88,-7.28,81.46]]}
20.353	{"type":"ecg","dev":"node-01","seq":1643,"t0":165813,"fs":250,"leads_off":false,"bpm":99.9,"samples":[1750,1769,1766,1758,1776,1783,1799,1806,1834,1832,1827,1830,1854,1883,1892,1893,1903,1916,1936,1957,1962,1968,1991,2011,2023]}
20.368	{"type":"imu","dev":"node-01","seq":1557,"t0":165830,"fs":100,"samples":[[0.047,0.994,0.141,4.29,-12.26,-2.66,-7.31,81.52],[0.020,0.981,0.152,-0.29,-10.25,-2.30,-7.29,81.51],[0.023,0.989,0.163,-1.02,-13.18,-0.77,-7.30,81.48],[0.036,0.983,0.111,-3.95,-13.24,-0.40,-7.33,81.48],[0.038,0.987,0.155,-2.42,-12.32,-0.89,-7.34,81.45],[0.039,0.990,0.155,2.70,-10.13,-2.17,-7.34,81.47],[0.042,0.989,0.149,1.54,-8.73,-3.27,-7.33,81.49],[0.029,0.987,0.131,0.14,-9.15,-3.88,-7.30,81.51],[0.037,1.004,0.142,-0.17,-11.35,-3.45,-7.31,81.51],[0.036,0.992,0.148,0.32,-10.49,-3.27,-7.31,81.52]]}
20.453	{"type":"ecg","dev":"node-01","seq":1644,"t0":165913,"fs":250,"leads_off":false,"bpm":99.9,"samples":[2035,2054,2064,2075,2083,2081,2087,2095,2098,2101,2096,2107,2117,2128,2127,2123,2096,2064,2016,1973,1930,1875,1839,1799,1747]}
20.468	{"type":"imu","dev":"node-01","seq":1558,"t0":165930,"fs":100,"samples":[[0.032,0.994,0.145,0.81,-10.80,-1.99,-7.31,81.53],[0.023,0.993,0.137,-0.53,-11.71,-1.75,-7.30,81.53],[0.021,0.989,0.135,-1.26,-10.80,-1.56,-7.28,81.54],[0.029,0.987,0.136,-1.93,-11.53,-2.48,-7.28,81.53],[0.033,0.986,0.125,-3.21,-11.29,-2.66,-7.29,81.52],[0.031,0.978,0.130,-3.52,-11.29,-2.23,-7.29,81.51],[0.042,0.978,0.135,-2.54,-10.86,-3.27,-7.30,81.49],[0.035,0.978,0.140,-1.63,-10.19,-2.90,-7.29,81.49],[0.034,0.983,0.137,-1.51,-10.62,-2.48,-7.29,81.48],[0.038,0.986,0.131,-2.67,-10.07,-2.72,-7.29,81.48]]}
20.553	{"type":"ecg","dev":"node-01","seq":1645,"t0":166013,"fs":250,"leads_off":false,"bpm":99.9,"samples":[1713,1687,1664,1664,1646,1648,1648,1653,1659,1665,1665,1667,1680,1682,1698,1706,1685,1682,1705,1712,1702,1696,1703,1712,1718]}
20.568	{"type":"imu","dev":"node-01","seq":1559,"t0":166030,"fs":100,"samples":[[0.028,0.984,0.164,-2.12,-10.49,-1.75,-7.28,81.44],[0.034,0.994,0.153,1.30,-11.29,-1.99,-7.28,81.45],[0.028,0.992,0.137,-1.57,-12.08,-2.36,-7.29,81.44],[0.027,0.984,0.135,-1.63,-10.68,-2.90,-7.27,81.44],[0.042,0.994,0.139,-0.35,-10.86,-1.81,-7.28,81.45],[0.038,0.994,0.153,0.20,-11.23,-1.50,-7.29,81.45],[0.038,0.991,0.142,-1.57,-11.16,-2.42,-7.30,81.44],[0.038,0.992,0.143,-1.45,-11.10,-3.09,-7.30,81.44],[0.038,0.999,0.145,-1.39,-11.29,-1.93,-7.32,81.43],[0.032,0.994,0.146,-2.85,-11.23,-1.69,-7.31,81.41]]}
20.653	{"type":"ecg","dev":"node-01","seq":1646,"t0":166113,"fs":250,"leads_off":false,"bpm":99.9,"samples":[1714,1701,1699,1702,1690,1702,1693,1697,1710,1698,1687,1680,1691,1689,1687,1690,1683,1690,1708,1740,1807,1877,1903,1898,1904]}
20.668	{"type":"imu","dev":"node-01","seq":1560,"t0":166130,"fs":100,"samples":[[0.034,0.992,0.147,-3.28,-12.08,-1.44,-7.32,81.38],[0.033,0.989,0.144,-1.93,-12.08,-1.56,-7.33,81.36],[0.028,0.988,0.149,-2.36,-12.02,-0.77,-7.34,81.34],[0.026,0.981,0.137,-2.54,-11.23,-1.93,-7.33,81.33],[0.034,0.989,0.144,-2.48,-11.29,-1.69,-7.33,81.32],[0.037,0.985,0.135,-3.40,-11.59,-2.66,-7.34,81.30],[0.043,0.988,0.139,-3.40,-11.23,-2.97,-7.36,81.28],[0.040,0.984,0.146,-3.89,-10.13,-3.03,-7.35,81.25],[0.031,0.982,0.145,-1.32,-10.62,-2.05,-7.35,81.24],[0.033,0.988,0.145,-0.90,-11.04,-1.75,-7.35,81.24]]}
20.753	{"type":"ecg","dev":"node-01","seq":1647,"t0":166213,"fs":250,"leads_off":false,"bpm":99.9,"samples":[1922,1952,1985,2019,2032,1995,1920,1874,1850,1797,1725,1674,1651,1643,1607,1554,1514,1507,1535,1563,1579,1578,1582,1574,1501]}
20.768	{"type":"imu","dev":"node-01","seq":1561,"t0":166230,"fs":100,"samples":[[0.033,0.993,0.144,-1.14,-10.74,-2.97,-7.34,81.24],[0.033,0.988,0.138,-2.06,-10.49,-3.03,-7.34,81.24],[0.041,0.993,0.139,-0.71,-10.19,-2.72,-7.34,81.25],[0.033,0.991,0.139,-0.78,-10.80,-2.54,-7.33,81.25],[0.028,0.990,0.147,-1.39,-10.43,-3.33,-7.32,81.25],[0.035,0.979,0.143,-4.01,-10.19,-2.90,-7.31,81.22],[0.032,0.989,0.144,-2.36,-10.86,-2.30,-7.31,81.20],[0.033,0.990,0.144,-2.24,-10.56,-2.72,-7.31,81.19],[0.023,0.981,0.140,-1.63,-11.53,-2.54,-7.31,81.19],[0.033,0.986,0.142,-1.81,-11.16,-2.48,-7.30,81.18]]}
20.853	{"type":"ecg","dev":"node-01","seq":1648,"t0":166313,"fs":250,"leads_off":false,"bpm":99.6,"samples":[1360,1291,1392,1635,1947,2311,2687,3208,3389,2806,1813,853,484,609,828,1019,1178,1344,1531,1699,1787,1799,1794,1799,1817]}
20.868	{"type":"imu","dev":"node-01","seq":1562,"t0":166330,"fs":100,"samples":[[0.031,0.981,0.140,-2.48,-9.76,-2.72,-7.29,81.17],[0.027,0.984,0.138,-4.25,-11.59,-3.15,-7.29,81.15],[0.034,0.985,0.146,-2.00,-10.07,-2.23,-7.28,81.14],[0.033,0.993,0.146,-1.69,-10.68,-2.72,-7.27,81.13],[0.036,0.996,0.162,-2.06,-12.63,-2.36,-7.29,81.10],[0.030,0.996,0.151,-1.45,-10.86,-1.99,-7.29,81.09],[0.036,0.990,0.145,-1.57,-10.74,-3.70,-7.29,81.09],[0.017,0.975,0.138,-3.58,-8.91,-3.21,-7.25,81.07],[0.040,0.991,0.145,-1.02,-10.19,-4.25,-7.26,81.07],[0.025,0.978,0.161,-2.00,-11.29,-4.49,-7.24,81.05]]}
20.952	{"type":"status","dev":"node-01","fw":"0.1.0","uptime_ms":166509,"ecg":{"fs":250},"imu":{"ok":true,"fs":100,"errors":861,"fields":["ax","ay","az","gx","gy","gz","pitch","roll"]}}
20.954	{"type":"ecg","dev":"node-01","seq":1649,"t0":166413,"fs":250,"leads_off":false,"bpm":99.6,"samples":[1843,1863,1870,1867,1875,1903,1904,1903,1913,1920,1934,1942,1957,1965,1978,1994,2010,2027,2041,2045,2054,2075,2091,2102,2115]}
20.968	{"type":"imu","dev":"node-01","seq":1563,"t0":166430,"fs":100,"samples":[[0.028,0.991,0.169,-2.30,-12.08,-2.30,-7.25,81.01],[0.040,0.990,0.131,-5.90,-12.02,-1.93,-7.27,80.98],[0.041,0.985,0.157,-3.70,-9.40,-2.84,-7.26,80.94],[0.035,0.989,0.164,0.32,-9.21,-2.36,-7.25,80.94],[0.039,0.990,0.157,4.65,-8.91,-3.94,-7.23,80.99],[0.022,0.990,0.134,1.66,-8.24,-4.73,-7.19,81.03],[0.025,0.991,0.148,-1.02,-8.85,-5.53,-7.17,81.03],[0.039,0.988,0.153,-0.90,-10.68,-3.64,-7.17,81.02],[0.029,0.998,0.150,0.81,-9.27,-2.54,-7.16,81.04],[0.029,0.996,0.149,-0.11,-9.95,-2.54,-7.14,81.05]]}
21.053	{"type":"ecg","dev":"node-01","seq":1650,"t0":166513,"fs":250,"leads_off":false,"bpm":99.6,"samples":[2122,2123,2130,2138,2137,2143,2151,2160,2155,2154,2128,2096,2054,2009,1964,1904,1859,1826,1786,1748,1712,1681,1681,1678,1680]}
21.068	{"type":"imu","dev":"node-01","seq":1564,"t0":166530,"fs":100,"samples":[[0.022,0.987,0.143,-2.30,-10.43,-2.48,-7.12,81.04],[0.033,0.993,0.143,-3.64,-10.13,-2.60,-7.12,81.02],[0.028,0.990,0.141,-4.43,-10.19,-2.84,-7.11,80.99],[0.024,0.983,0.144,-5.17,-9.70,-3.39,-7.09,80.96],[0.032,0.984,0.141,-3.09,-9.76,-3.03,-7.08,80.94],[0.034,0.982,0.144,-2.85,-9.03,-3.82,-7.07,80.93],[0.032,0.993,0.149,-1.87,-10.56,-3.70,-7.06,80.92],[0.030,0.986,0.135,-1.57,-9.82,-3.21,-7.05,80.93],[0.025,0.994,0.171,0.38,-11.65,-2.36,-7.06,80.92],[0.029,0.998,0.141,0.57,-10.49,-2.30,-7.05,80.95]]}
21.153	{"type":"ecg","dev":"node-01","seq":1651,"t0":166613,"fs":250,"leads_off":false,"bpm":99.6,"samples":[1685,1681,1673,1678,1676,1676,1680,1702,1712,1698,1706,1712,1726,1730,1715,1707,1710,1715,1705,1717,1722,1731,1731,1726,1717]}
21.168	{"type":"imu","dev":"node-01","seq":1565,"t0":166630,"fs":100,"samples":[[0.021,0.990,0.149,-2.54,-10.68,-2.84,-7.04,80.93],[0.028,0.981,0.145,-1.57,-10.07,-3.33,-7.03,80.93],[0.032,0.989,0.152,-0.11,-10.31,-2.72,-7.03,80.94],[0.037,0.990,0.158,0.14,-10.37,-2.36,-7.03,80.94],[0.034,0.990,0.153,-1.39,-10.74,-3.09,-7.03,80.93],[0.027,0.993,0.152,-2.18,-9.82,-3.64,-7.02,80.92],[0.029,0.986,0.156,-2.85,-10.13,-2.60,-7.01,80.89],[0.025,0.984,0.154,-2.61,-10.31,-3.15,-7.00,80.87],[0.026,0.989,0.156,-0.96,-10.74,-2.84,-7.00,80.86],[0.025,0.986,0.160,-0.78,-11.10,-2.78,-6.99,80.85]]}
21.253	{"type":"ecg","dev":"node-01","seq":1652,"t0":166713,"fs":250,"leads_off":false,"bpm":99.6,"samples":[1711,1716,1716,1721,1711,1715,1707,1714,1721,1726,1729,1712,1713,1731,1733,1739,1727,1727,1745,1784,1857,1901,1931,1926,1941]}
21.268	{"type":"imu","dev":"node-01","seq":1566,"t0":166730,"fs":100,"samples":[[0.018,0.989,0.158,-1.26,-10.92,-2.17,-6.98,80.84],[0.029,0.990,0.153,-1.69,-12.20,-2.54,-6.99,80.84],[0.024,0.989,0.151,-0.59,-11.65,-1.99,-6.99,80.84],[0.028,0.985,0.158,-0.17,-11.10,-1.87,-6.99,80.84],[0.031,0.987,0.154,0.69,-11.23,-3.09,-7.00,80.85],[0.027,0.984,0.160,0.08,-12.51,-3.45,-7.01,80.85],[0.031,0.991,0.153,-1.75,-10.80,-2.90,-7.02,80.84],[0.034,0.987,0.153,-2.12,-11.90,-2.90,-7.03,80.83],[0.029,0.993,0.153,-2.79,-11.29,-1.87,-7.04,80.81],[0.030,0.988,0.160,-5.23,-10.62,-2.54,-7.03,80.76]]}
21.353	{"type":"ecg","dev":"node-01","seq":1653,"t0":166813,"fs":250,"leads_off":false,"bpm":99.6,"samples":[1950,1968,2000,2039,2064,2061,1989,1936,1910,1863,1785,1729,1699,1696,1665,1611,1563,1562,1603,1627,1627,1622,1629,1618,1535]}
21.368	{"type":"imu","dev":"node-01","seq":1567,"t0":166830,"fs":100,"samples":[[0.030,0.983,0.152,0.50,-10.43,-1.44,-7.03,80.77],[0.022,0.993,0.163,1.42,-11.04,-2.05,-7.02,80.78],[0.027,0.988,0.150,-1.57,-11.41,-2.72,-7.02,80.78],[0.025,0.988,0.146,0.81,-11.90,-2.78,-7.03,80.80],[0.024,0.988,0.158,1.91,-11.53,-3.58,-7.03,80.82],[0.028,0.984,0.146,1.18,-11.71,-2.72,-7.03,80.85],[0.035,0.983,0.149,2.64,-12.32,-2.42,-7.05,80.89],[0.026,0.985,0.146,1.42,-12.57,-1.75,-7.07,80.91],[0.025,0.988,0.145,0.44,-11.47,-1.87,-7.07,80.93],[0.032,0.984,0.143,-0.41,-12.08,-2.11,-7.08,80.95]]}
21.453	{"type":"ecg","dev":"node-01","seq":1654,"t0":166913,"fs":250,"leads_off":false,"bpm":99.0,"samples":[1423,1392,1555,1820,2103,2414,2735,3216,3329,2683,1679,806,577,752,946,1067,1183,1296,1518,1715,1844,1875,1867,1857,1847]}
21.468	{"type":"imu","dev":"node-01","seq":1568,"t0":166930,"fs":100,"samples":[[0.033,0.983,0.139,0.57,-10.68,-1.44,-7.08,80.97],[0.031,0.991,0.149,-0.11,-11.35,-2.48,-7.09,80.98],[0.029,0.994,0.152,-0.23,-11.90,-2.17,-7.09,80.99],[0.021,0.990,0.152,-0.47,-11.90,-2.60,-7.09,80.99],[0.026,0.991,0.152,-1.75,-12.38,-2.36,-7.10,80.97],[0.027,0.990,0.165,-0.78,-11.71,-3.09,-7.10,80.96],[0.035,0.977,0.099,-1.14,-10.31,-2.97,-7.10,81.01],[0.013,0.975,0.138,-1.02,-10.49,-3.27,-7.08,81.02],[0.031,0.996,0.135,3.80,-10.74,-2.78,-7.08,81.08],[0.014,0.973,0.159,-1.32,-13.36,-2.66,-7.08,81.06]]}
21.553	{"type":"ecg","dev":"node-01","seq":1655,"t0":167013,"fs":250,"leads_off":false,"bpm":99.0,"samples":[1850,1869,1899,1916,1922,1920,1917,1923,1949,1948,1967,1987,1985,2030,2032,2026,2020,2037,2051,2077,2096,2122,2129,2146,2147]}
21.568	{"type":"imu","dev":"node-01","seq":1569,"t0":167030,"fs":100,"samples":[[0.020,0.980,0.135,1.36,-15.01,-1.32,-7.11,81.10],[0.025,0.994,0.142,-2.85,-14.64,-2.36,-7.14,81.09],[0.030,0.987,0.156,-1.02,-10.92,-1.99,-7.14,81.08],[0.031,0.992,0.161,3.49,-9.40,-2.78,-7.13,81.10],[0.033,0.998,0.156,3.86,-8.54,-4.31,-7.10,81.14],[0.022,0.990,0.141,-0.47,-9.40,-4.37,-7.08,81.15],[0.014,0.988,0.144,-0.17,-10.19,-3.88,-7.05,81.16],[0.029,0.991,0.150,-1.08,-11.65,-4.19,-7.06,81.16],[0.025,0.990,0.147,-1.87,-11.47,-2.60,-7.06,81.15],[0.019,0.984,0.149,-1.45,-12.32,-2.84,-7.06,81.14]]}
21.653	{"type":"ecg","dev":"node-01","seq":1656,"t0":167113,"fs":250,"leads_off":false,"bpm":99.0,"samples":[2170,2179,2190,2192,2195,2189,2182,2190,2192,2183,2170,2131,2075,2013,1962,1909,1863,1811,1759,1712,1680,1666,1662,1651,1648]}
21.668	{"type":"imu","dev":"node-01","seq":1570,"t0":167130,"fs":100,"samples":[[0.019,0.985,0.142,0.63,-11.41,-1.81,-7.05,81.16],[0.022,0.993,0.145,0.20,-13.24,-2.48,-7.07,81.17],[0.028,0.985,0.132,-2.06,-13.30,-3.94,-7.09,81.17],[0.023,0.983,0.131,-0.23,-13.12,-3.58,-7.10,81.20],[0.035,0.983,0.137,0.81,-12.57,-3.03,-7.12,81.22],[0.032,0.988,0.145,0.87,-12.81,-3.15,-7.14,81.24],[0.034,0.988,0.147,1.05,-12.38,-2.97,-7.16,81.25],[0.026,0.985,0.128,0.02,-12.69,-3.15,-7.17,81.28],[0.028,0.998,0.168,0.50,-12.45,-2.36,-7.19,81.27],[0.033,0.996,0.139,0.99,-12.63,-1.50,-7.20,81.30]]}
21.753	{"type":"ecg","dev":"node-01","seq":1657,"t0":167213,"fs":250,"leads_off":false,"bpm":99.0,"samples":[1653,1659,1651,1647,1648,1648,1657,1658,1658,1650,1645,1638,1646,1657,1670,1669,1680,1685,1685,1673,1678,1677,1671,1668,1643]}
21.768	{"type":"imu","dev":"node-01","seq":1571,"t0":167230,"fs":100,"samples":[[0.028,0.993,0.139,-2.42,-12.75,-2.23,-7.21,81.29],[0.027,0.990,0.131,-1.08,-12.87,-2.36,-7.23,81.30],[0.029,0.993,0.138,0.75,-13.18,-2.23,-7.24,81.32],[0.027,0.985,0.143,0.81,-12.20,-2.17,-7.25,81.34],[0.029,0.993,0.144,1.05,-11.96,-2.17,-7.26,81.36],[0.026,0.982,0.141,0.32,-12.75,-1.44,-7.26,81.37],[0.024,0.982,0.149,-0.96,-12.08,-2.42,-7.27,81.36],[0.028,0.984,0.137,-0.17,-12.26,-2.66,-7.27,81.37],[0.028,0.987,0.144,0.44,-11.90,-1.87,-7.28,81.38],[0.022,0.982,0.143,0.26,-11.77,-2.05,-7.27,81.39]]}
21.853	{"type":"ecg","dev":"node-01","seq":1658,"t0":167313,"fs":250,"leads_off":false,"bpm":99.0,"samples":[1671,1664,1632,1655,1661,1663,1663,1638,1669,1671,1674,1696,1772,1811,1870,1872,1861,1872,1904,1939,1978,2006,1984,1907,1855]}
21.868	{"type":"imu","dev":"node-01","seq":1572,"t0":167330,"fs":100,"samples":[[0.026,0.989,0.146,-1.02,-10.49,-1.08,-7.26,81.39],[0.021,0.980,0.148,-1.20,-12.26,-1.69,-7.26,81.37],[0.024,0.986,0.145,-2.36,-13.06,-2.90,-7.27,81.36],[0.035,0.985,0.142,-2.36,-11.16,-1.93,-7.27,81.34],[0.030,0.984,0.143,-1.20,-12.02,-2.17,-7.28,81.34],[0.028,0.983,0.136,0.57,-10.31,-1.69,-7.27,81.36],[0.030,0.982,0.141,-0.65,-12.26,-1.32,-7.28,81.36],[0.023,0.985,0.145,0.81,-11.65,-2.54,-7.27,81.38],[0.021,0.990,0.145,1.72,-12.08,-2.23,-7.27,81.40],[0.026,0.998,0.141,1.60,-11.04,-1.56,-7.26,81.43]]}
21.953	{"type":"ecg","dev":"node-01","seq":1659,"t0":167413,"fs":250,"leads_off":false,"bpm":100.0,"samples":[1828,1795,1716,1649,1614,1610,1598,1533,1488,1490,1522,1535,1578,1582,1564,1533,1469,1373,1333,1447,1671,1911,2227,2544,3024]}
21.968	{"type":"imu","dev":"node-01","seq":1573,"t0":167430,"fs":100,"samples":[[0.033,0.998,0.151,1.54,-12.08,-1.38,-7.27,81.44],[0.031,1.003,0.149,2.33,-12.38,-1.81,-7.28,81.47],[0.038,0.997,0.147,-0.11,-11.53,-1.81,-7.29,81.47],[0.031,0.990,0.148,-0.96,-11.96,-1.81,-7.30,81.46],[0.038,0.996,0.139,-1.02,-12.20,-3.09,-7.32,81.46],[0.046,0.991,0.151,-3.40,-12.45,-4.19,-7.34,81.42],[0.046,0.999,0.141,-4.98,-11.53,-3.33,-7.36,81.39],[0.053,0.995,0.152,-5.29,-11.71,-3.82,-7.39,81.33],[0.044,0.989,0.166,-4.74,-11.96,-3.03,-7.42,81.27],[0.042,0.995,0.163,-3.15,-10.92,-3.21,-7.42,81.23]]}
22.053	{"type":"ecg","dev":"node-01","seq":1660,"t0":167513,"fs":250,"leads_off":false,"bpm":100.0,"samples":[3238,2813,1954,1072,677,742,898,1005,1121,1247,1443,1630,1789,1860,1840,1813,1811,1843,1873,1893,1917,1910,1904,1904,1897]}
22.068	{"type":"imu","dev":"node-01","seq":1574,"t0":167530,"fs":100,"samples":[[0.047,0.991,0.168,-2.67,-11.65,-4.00,-7.44,81.18],[0.062,0.992,0.161,-2.36,-12.63,-4.49,-7.48,81.15],[0.063,1.000,0.174,-1.81,-11.84,-5.22,-7.52,81.11],[0.073,0.986,0.130,0.99,-9.52,-6.93,-7.55,81.15],[0.053,0.981,0.152,-0.04,-9.76,-6.38,-7.55,81.15],[0.058,0.981,0.137,3.98,-9.52,-6.20,-7.56,81.21],[0.046,0.972,0.148,0.44,-13.12,-4.92,-7.59,81.21],[0.059,0.972,0.173,-4.68,-15.80,-6.75,-7.67,81.14],[0.067,0.943,0.094,-3.03,-15.37,-8.09,-7.75,81.18],[0.060,0.930,0.127,-0.78,-15.07,-7.90,-7.81,81.19]]}
22.153	{"type":"ecg","dev":"node-01","seq":1661,"t0":167613,"fs":250,"leads_off":false,"bpm":100.0,"samples":[1887,1923,1936,1934,1937,1971,2014,2028,1995,1983,2031,2071,2034,1985,2014,2101,2170,2191,2198,2192,2192,2179,2171,2175,2193]}
22.168	{"type":"imu","dev":"node-01","seq":1575,"t0":167630,"fs":100,"samples":[[0.059,0.932,0.129,3.31,-14.95,-8.88,-7.87,81.24],[0.052,0.938,0.125,8.43,-16.53,-10.22,-7.94,81.35],[0.045,0.961,0.135,11.97,-18.30,-11.01,-8.01,81.48],[0.042,0.978,0.136,13.43,-20.25,-10.40,-8.10,81.62],[0.016,0.991,0.164,12.76,-24.21,-11.38,-8.19,81.73],[0.008,0.995,0.178,10.20,-28.97,-10.95,-8.32,81.79],[-0.031,0.940,0.198,5.69,-34.52,-9.67,-8.46,81.77],[-0.033,0.924,0.186,5.02,-38.91,-8.58,-8.63,81.76],[-0.060,0.902,0.145,-5.04,-42.93,-7.36,-8.82,81.69],[-0.110,0.897,0.071,-23.95,-42.32,-6.32,-8.90,81.54]]}
22.253	{"type":"ecg","dev":"node-01","seq":1662,"t0":167713,"fs":250,"leads_off":false,"bpm":100.0,"samples":[2233,2220,2159,2078,1983,1917,1870,1860,1845,1814,1756,1724,1713,1685,1667,1665,1657,1647,1633,1629,1633,1610,1595,1609,1616]}
22.269	{"type":"imu","dev":"node-01","seq":1576,"t0":167730,"fs":100,"samples":[[-0.144,0.896,0.053,-27.06,-42.38,-6.99,-8.96,81.37],[-0.174,0.902,0.036,-20.35,-39.40,-10.10,-8.94,81.30],[-0.189,0.939,0.063,-1.32,-36.53,-13.15,-8.90,81.38],[-0.205,0.955,0.069,6.66,-35.31,-14.80,-8.82,81.54],[-0.230,1.016,0.041,11.66,-32.87,-19.19,-8.71,81.78],[-0.216,1.086,0.088,18.07,-35.74,-24.06,-8.66,82.02],[-0.182,1.122,0.081,27.94,-37.57,-25.16,-8.68,82.38],[-0.139,1.154,0.165,28.25,-40.98,-29.49,-8.77,82.64],[-0.034,1.125,0.133,27.64,-46.47,-23.45,-9.03,82.94],[0.003,1.121,0.124,24.04,-48.60,-21.93,-9.31,83.18]]}
22.353	{"type":"ecg","dev":"node-01","seq":1663,"t0":167813,"fs":250,"leads_off":false,"bpm":100.0,"samples":[1615,1608,1610,1635,1631,1639,1630,1623,1623,1622,1616,1621,1605,1590,1584,1595,1625,1631,1629,1611,1603,1593,1584,1562,1535]}
22.369	{"type":"imu","dev":"node-01","seq":1577,"t0":167830,"fs":100,"samples":[[0.045,1.122,0.192,7.15,-51.53,-17.54,-9.68,83.19],[0.084,1.098,0.145,-4.25,-49.70,-13.03,-10.05,83.14],[0.103,1.056,0.145,-11.32,-47.51,-10.40,-10.43,83.00],[0.092,1.037,0.122,-7.79,-42.69,-0.95,-10.74,82.93],[0.084,1.011,0.160,-7.42,-37.99,4.60,-10.99,82.82],[0.074,0.991,0.163,-8.34,-28.66,8.62,-11.14,82.70],[0.021,0.975,0.198,-10.71,-24.09,8.01,-11.17,82.51],[0.047,0.955,0.135,-12.48,-14.46,11.12,-11.15,82.38],[0.022,0.933,0.113,-18.70,-7.38,11.06,-11.03,82.20],[0.009,0.926,0.102,-18.34,-4.27,12.40,-10.86,82.06]]}
22.453	{"type":"ecg","dev":"node-01","seq":1664,"t0":167913,"fs":250,"leads_off":false,"bpm":100.0,"samples":[1491,1491,1569,1658,1731,1746,1744,1734,1739,1759,1783,1817,1801,1719,1631,1616,1602,1535,1471,1417,1411,1417,1370,1315,1282]}
22.468	{"type":"imu","dev":"node-01","seq":1578,"t0":167930,"fs":100,"samples":[[-0.011,0.924,0.112,-16.08,3.16,16.67,-10.60,81.92],[-0.020,0.924,0.104,-8.21,9.51,17.89,-10.27,81.87],[-0.038,0.930,0.115,-5.78,12.01,18.92,-9.90,81.84],[-0.056,0.934,0.114,-2.42,16.34,21.06,-9.47,81.84],[-0.072,0.929,0.097,2.33,20.97,21.97,-8.99,81.91],[-0.077,0.931,0.103,2.15,23.35,21.12,-8.49,81.96],[-0.075,0.924,0.098,6.91,29.20,22.22,-7.94,82.07],[-0.070,0.919,0.113,1.48,34.93,19.72,-7.35,82.10],[-0.056,0.941,0.098,-0.78,41.58,17.58,-6.71,82.13],[-0.052,0.970,0.092,-4.37,44.38,15.69,-6.10,82.14]]}
22.553	{"type":"ecg","dev":"node-01","seq":1665,"t0":168013,"fs":250,"leads_off":false,"bpm":102.4,"samples":[1297,1330,1358,1350,1331,1331,1333,1249,1168,1187,1377,1632,1936,2283,2670,3029,2918,2267,1358,671,528,720,896,1039,1163]}
22.568	{"type":"imu","dev":"node-01","seq":1579,"t0":168030,"fs":100,"samples":[[-0.052,1.025,0.056,-7.61,50.30,15.39,-5.42,82.16],[-0.042,1.033,0.081,-6.93,51.64,13.74,-4.76,82.16],[-0.015,1.075,0.085,4.53,55.79,14.29,-4.10,82.27],[0.027,1.038,0.132,8.55,58.84,13.56,-3.48,82.36],[0.063,0.989,0.188,5.44,56.58,14.41,-2.92,82.36],[0.075,0.963,0.182,2.15,54.38,16.06,-2.42,82.31],[0.088,0.918,0.169,-10.65,51.27,18.92,-1.98,82.15],[0.127,0.912,0.162,-16.02,44.99,22.10,-1.65,81.95],[0.145,0.926,0.152,-17.91,44.14,21.18,-1.35,81.75],[0.205,0.992,0.068,-12.18,46.40,19.41,-1.12,81.72]]}
22.653	{"type":"ecg","dev":"node-01","seq":1666,"t0":168113,"fs":250,"leads_off":false,"bpm":102.4,"samples":[1322,1527,1719,1792,1783,1748,1731,1754,1817,1867,1885,1876,1874,1872,1863,1867,1872,1893,1897,1905,1905,1937,1980,1995,2000]}
22.668	{"type":"imu","dev":"node-01","seq":1580,"t0":168130,"fs":100,"samples":[[0.204,1.063,0.042,-7.00,52.74,16.49,-0.79,81.77],[0.192,1.091,0.058,6.18,54.44,13.56,-0.44,81.93],[0.193,1.032,0.165,26.66,54.44,9.41,-0.11,82.18],[0.230,1.015,0.198,40.50,51.21,10.45,0.14,82.51],[0.228,1.021,0.153,37.21,50.97,7.71,0.39,82.85],[0.197,1.077,0.127,18.07,52.55,4.23,0.69,83.04],[0.181,1.092,0.092,15.81,53.84,2.28,1.02,83.24],[0.160,1.087,0.088,20.44,52.74,3.74,1.35,83.48],[0.114,1.077,0.136,29.10,47.43,11.06,1.68,83.76],[0.055,1.085,0.123,35.63,42.07,10.88,1.99,84.09]]}
22.753	{"type":"ecg","dev":"node-01","seq":1667,"t0":168213,"fs":250,"leads_off":false,"bpm":102.4,"samples":[1998,2002,2030,2055,2053,2059,2068,2110,2151,2143,2110,2087,2094,2102,2122,2129,2124,2119,2112,2079,2007,1957,1911,1862,1809]}
22.768	{"type":"imu","dev":"node-01","seq":1581,"t0":168230,"fs":100,"samples":[[0.014,1.087,0.160,20.50,38.96,6.36,2.32,84.25],[-0.002,1.065,0.183,12.46,38.23,1.79,2.65,84.29],[0.015,1.040,0.180,8.86,34.51,-4.86,2.92,84.29],[0.042,1.010,0.206,-1.20,32.31,-11.75,3.13,84.16],[0.048,0.992,0.188,-3.09,30.73,-11.99,3.31,84.03],[0.066,0.969,0.187,-5.47,26.27,-13.64,3.43,83.88],[0.086,0.945,0.184,-7.00,22.49,-12.17,3.48,83.72],[0.084,0.932,0.188,-8.03,18.47,-11.38,3.49,83.53],[0.076,0.912,0.199,-13.70,14.93,-10.83,3.47,83.28],[0.071,0.888,0.185,-14.19,10.79,-11.50,3.42,83.04]]}
22.853	{"type":"ecg","dev":"node-01","seq":1668,"t0":168313,"fs":250,"leads_off":false,"bpm":102.4,"samples":[1792,1759,1726,1712,1711,1721,1733,1744,1746,1740,1733,1744,1737,1743,1755,1759,1740,1757,1790,1807,1790,1807,1804,1818,1780]}
22.868	{"type":"imu","dev":"node-01","seq":1582,"t0":168330,"fs":100,"samples":[[0.069,0.877,0.173,-14.31,8.23,-11.26,3.34,82.82],[0.065,0.869,0.188,-9.92,5.05,-11.69,3.24,82.62],[0.073,0.904,0.171,7.82,-0.13,-13.70,3.08,82.63],[0.091,0.923,0.175,9.16,-0.56,-14.61,2.91,82.65],[0.102,0.955,0.147,8.25,-5.01,-17.05,2.68,82.71],[0.086,0.971,0.134,9.35,-8.85,-19.19,2.44,82.79],[0.091,0.969,0.138,10.32,-10.92,-18.82,2.18,82.87],[0.071,0.980,0.150,13.74,-14.64,-16.44,1.91,82.97],[0.063,0.989,0.141,13.61,-17.87,-15.95,1.61,83.09],[0.069,0.985,0.158,6.54,-23.18,-15.65,1.29,83.11]]}
22.953	{"type":"ecg","dev":"node-01","seq":1669,"t0":168413,"fs":250,"leads_off":false,"bpm":102.4,"samples":[1776,1817,1825,1820,1795,1807,1813,1805,1767,1744,1766,1805,1838,1890,1922,1929,1945,1939,1944,1953,1924,1897,1953,2010,1968]}
22.968	{"type":"imu","dev":"node-01","seq":1583,"t0":168430,"fs":100,"samples":[[0.083,0.981,0.145,3.74,-26.59,-16.20,0.90,83.11],[0.078,0.969,0.138,-2.42,-29.34,-18.94,0.51,83.07],[0.090,0.948,0.113,-6.93,-32.81,-20.59,0.07,83.00],[0.078,0.936,0.115,-11.39,-35.62,-21.69,-0.38,82.89],[0.084,0.906,0.097,-8.58,-39.46,-22.84,-0.86,82.83],[0.083,0.891,0.082,-1.75,-40.80,-21.20,-1.35,82.85],[0.076,0.877,0.084,-0.53,-43.12,-20.83,-1.85,82.87],[0.073,0.894,0.111,-1.81,-48.54,-19.43,-2.38,82.86],[0.104,0.977,0.088,2.21,-50.62,-21.20,-2.97,82.92],[0.101,0.991,0.118,4.77,-49.34,-22.66,-3.49,82.97]]}
23.053	{"type":"ecg","dev":"node-01","seq":1670,"t0":168513,"fs":250,"leads_off":false,"bpm":102.4,"samples":[1893,1867,1883,1840,1763,1698,1678,1621,1579,1566,1535,1498,1450,1480,1553,1589,1561,1509,1431,1305,1259,1360,1575,1816,2115]}
23.069	{"type":"imu","dev":"node-01","seq":1584,"t0":168530,"fs":100,"samples":[[0.105,1.047,0.190,18.61,-47.75,-23.33,-4.00,83.09],[0.066,1.046,0.161,23.92,-50.19,-22.60,-4.48,83.29],[0.027,1.026,0.154,16.72,-54.46,-21.50,-4.95,83.41],[-0.029,1.008,0.068,8.68,-60.01,-16.56,-5.41,83.55],[-0.070,0.997,0.068,-6.63,-65.56,-13.58,-5.86,83.54],[-0.084,0.971,0.091,-10.29,-66.04,-13.39,-6.29,83.46],[-0.082,0.897,0.139,-18.28,-69.95,-13.94,-6.75,83.24],[-0.087,0.865,0.076,-27.54,-71.47,-14.67,-7.20,83.00],[-0.132,0.869,0.018,-35.23,-70.98,-17.60,-7.61,82.76],[-0.150,0.872,-0.020,-26.57,-68.73,-18.82,-7.91,82.68]]}
23.153	{"type":"ecg","dev":"node-01","seq":1671,"t0":168613,"fs":250,"leads_off":false,"bpm":105.0,"samples":[2433,2913,3024,2523,1665,813,443,542,746,899,1038,1147,1284,1431,1535,1579,1582,1598,1637,1663,1671,1683,1708,1701,1710]}
23.169	{"type":"imu","dev":"node-01","seq":1585,"t0":168630,"fs":100,"samples":[[-0.146,0.985,-0.061,-6.39,-61.71,-22.97,-8.19,82.83],[-0.171,1.062,-0.048,3.55,-53.24,-23.21,-8.36,83.06],[-0.183,1.076,-0.018,9.53,-49.64,-23.09,-8.49,83.31],[-0.266,1.088,0.065,23.74,-38.66,-19.98,-8.42,83.61],[-0.273,1.124,0.050,37.88,-33.12,-15.22,-8.31,84.06],[-0.248,1.139,0.092,37.94,-34.34,-14.19,-8.23,84.46],[-0.172,1.184,0.091,38.00,-43.54,-15.22,-8.33,84.86],[-0.138,1.169,0.037,20.44,-61.71,-12.17,-8.63,85.12],[-0.134,1.172,0.060,8.98,-66.53,-11.87,-9.01,85.25],[-0.078,1.139,0.083,-9.80,-69.76,-12.23,-9.41,85.17]]}
23.253	{"type":"ecg","dev":"node-01","seq":1672,"t0":168713,"fs":250,"leads_off":false,"bpm":105.0,"samples":[1745,1807,1879,1904,1911,1914,1911,1947,2000,2046,2027,1975,1950,1985,2063,2110,2126,2106,2074,2058,2044,2032,2031,2022,2007]}
23.269	{"type":"imu","dev":"node-01","seq":1586,"t0":168730,"fs":100,"samples":[[-0.034,1.113,0.121,-6.57,-65.43,-6.81,-9.83,85.08],[-0.021,1.118,0.142,-2.48,-62.57,-6.99,-10.22,85.01],[0.023,1.083,0.198,-14.19,-57.81,-3.33,-10.61,84.76],[0.025,1.031,0.162,-23.64,-52.20,-0.28,-10.93,84.46],[0.012,1.017,0.175,-28.82,-50.62,1.61,-11.23,84.09],[0.027,0.983,0.184,-37.85,-45.25,5.20,-11.47,83.63],[0.031,0.937,0.164,-44.31,-38.97,8.44,-11.67,83.12],[0.013,0.900,0.145,-39.98,-31.47,11.30,-11.76,82.68],[0.007,0.898,0.141,-35.04,-29.64,12.16,-11.83,82.29],[-0.004,0.893,0.156,-27.73,-23.85,15.94,-11.81,81.99]]}
23.353	{"type":"ecg","dev":"node-01","seq":1673,"t0":168813,"fs":250,"leads_off":false,"bpm":105.0,"samples":[1991,1979,2000,2011,2023,1991,1955,1904,1855,1827,1791,1744,1693,1661,1648,1649,1663,1686,1714,1713,1719,1724,1744,1753,1746]}
23.368	{"type":"imu","dev":"node-01","seq":1587,"t0":168830,"fs":100,"samples":[[-0.029,0.900,0.145,-14.25,-19.52,18.01,-11.73,81.83],[-0.059,0.908,0.146,-6.81,-18.85,18.50,-11.61,81.74],[-0.078,0.929,0.152,5.44,-16.84,18.68,-11.45,81.77],[-0.084,0.931,0.168,4.83,-11.35,17.46,-11.23,81.78],[-0.092,0.932,0.154,3.92,-9.95,17.89,-10.99,81.80],[-0.100,0.940,0.113,2.09,-6.23,15.51,-10.71,81.84],[-0.077,0.929,0.177,-4.01,-3.73,15.33,-10.44,81.75],[-0.062,0.915,0.137,0.93,-1.71,17.58,-10.17,81.75],[-0.073,0.955,0.094,9.29,1.09,17.10,-9.87,81.90],[-0.064,0.975,0.146,-7.85,4.02,11.12,-9.56,81.82]]}
23.453	{"type":"ecg","dev":"node-01","seq":1674,"t0":168913,"fs":250,"leads_off":false,"bpm":105.0,"samples":[1745,1722,1725,1731,1766,1790,1787,1776,1776,1776,1743,1710,1715,1753,1781,1777,1765,1751,1734,1730,1759,1789,1846,1919,1949]}
23.468	{"type":"imu","dev":"node-01","seq":1588,"t0":168930,"fs":100,"samples":[[-0.039,0.967,0.162,-17.61,6.34,10.02,-9.26,81.62],[-0.033,0.955,0.150,-18.03,11.76,7.71,-8.92,81.43],[-0.036,0.978,0.155,0.87,13.84,9.41,-8.57,81.43],[-0.043,0.973,0.153,6.24,16.34,11.18,-8.19,81.49],[-0.061,0.978,0.108,18.98,18.65,14.41,-7.77,81.72],[-0.064,0.978,0.099,16.60,19.63,14.23,-7.35,81.93],[-0.069,0.962,0.088,8.31,22.74,14.47,-6.89,82.07],[-0.065,0.963,0.076,7.33,23.71,14.29,-6.45,82.21],[-0.051,0.963,0.078,8.68,26.70,13.01,-5.99,82.36],[-0.038,1.033,0.057,10.38,32.86,11.36,-5.52,82.55]]}
23.553	{"type":"ecg","dev":"node-01","seq":1675,"t0":169013,"fs":250,"leads_off":false,"bpm":112.9,"samples":[1939,1939,1987,2017,2064,2146,2181,2146,2038,1984,2000,1993,1853,1665,1534,1531,1601,1622,1581,1535,1520,1531,1535,1535,1535]}
23.568	{"type":"imu","dev":"node-01","seq":1589,"t0":169030,"fs":100,"samples":[[-0.036,1.054,0.036,12.52,34.99,8.86,-5.02,82.78],[-0.036,1.071,0.061,18.43,39.20,4.17,-4.50,83.04],[-0.033,1.084,0.072,25.14,40.36,0.08,-3.98,83.35],[-0.026,1.044,0.078,19.41,40.97,-2.11,-3.47,83.59],[-0.006,1.020,0.103,9.10,43.47,-3.15,-2.97,83.69],[0.039,1.000,0.002,0.44,40.48,-6.50,-2.56,83.82],[0.071,0.979,-0.018,-6.63,37.74,-5.89,-2.22,83.90],[0.057,0.962,0.020,-8.89,38.53,0.88,-1.86,83.91],[0.046,1.010,0.049,10.75,48.59,16.36,-1.38,84.08],[0.034,1.035,0.072,23.61,52.01,20.33,-0.90,84.35]]}
23.653	{"type":"ecg","dev":"node-01","seq":1676,"t0":169113,"fs":250,"leads_off":false,"bpm":112.9,"samples":[1575,1600,1531,1385,1314,1424,1677,1959,2244,2559,3020,3058,2479,1581,687,334,478,739,896,1087,1247,1394,1567,1669,1712]}
23.668	{"type":"imu","dev":"node-01","seq":1590,"t0":169130,"fs":100,"samples":[[0.021,1.017,0.172,37.39,53.10,19.17,-0.39,84.64],[0.056,0.961,0.178,22.76,48.65,15.33,0.03,84.75],[0.083,0.906,0.120,3.61,40.30,9.90,0.32,84.74],[0.094,0.894,0.094,-1.02,37.07,6.97,0.56,84.72],[0.130,0.895,0.038,-10.04,30.66,5.94,0.68,84.68],[0.157,0.947,0.015,-3.21,27.31,7.03,0.75,84.73],[0.161,0.998,0.015,5.14,28.90,8.86,0.83,84.87],[0.170,1.083,-0.010,14.65,33.29,7.77,0.96,85.13],[0.114,1.099,0.132,24.65,33.90,7.28,1.17,85.34],[0.089,1.091,0.180,33.13,32.13,7.95,1.36,85.56]]}
23.753	{"type":"ecg","dev":"node-01","seq":1677,"t0":169213,"fs":250,"leads_off":false,"bpm":112.9,"samples":[1708,1698,1714,1729,1727,1723,1749,1824,1877,1891,1898,1904,1936,1952,1984,1985,1995,2023,2084,2109,2114,2113,2112,2129,2151]}
23.768	{"type":"imu","dev":"node-01","seq":1591,"t0":169230,"fs":100,"samples":[[0.024,1.079,0.160,30.69,22.37,9.60,1.53,85.78],[0.010,1.121,0.185,13.74,9.99,8.13,1.58,85.81],[0.018,1.106,0.144,5.75,5.79,5.57,1.59,85.80],[0.019,1.092,0.183,-7.36,0.48,1.42,1.54,85.62],[0.055,1.066,0.161,-13.46,-6.35,-0.83,1.39,85.41],[0.071,1.043,0.156,-17.54,-9.21,-1.26,1.20,85.16],[0.069,0.979,0.142,-21.81,-12.75,-3.64,0.97,84.88],[0.082,0.958,0.183,-21.69,-12.08,-3.82,0.74,84.55],[0.095,0.943,0.200,-16.63,-11.41,-5.16,0.49,84.25],[0.100,0.937,0.196,-16.87,-11.59,-6.75,0.25,83.97]]}
23.853	{"type":"ecg","dev":"node-01","seq":1678,"t0":169313,"fs":250,"leads_off":false,"bpm":112.9,"samples":[2168,2177,2190,2148,2122,2085,2112,2161,2183,2181,2190,2190,2177,2135,2075,2015,1984,1957,1894,1818,1733,1728,1776,1778,1746]}
23.869	{"type":"imu","dev":"node-01","seq":1592,"t0":169330,"fs":100,"samples":[[0.108,0.931,0.183,-23.03,-10.31,-10.47,0.02,83.64],[0.111,0.918,0.160,-22.12,-11.16,-10.34,-0.23,83.36],[0.114,0.909,0.147,-20.53,-11.65,-9.80,-0.48,83.10],[0.092,0.907,0.140,-17.67,-14.64,-8.51,-0.73,82.89],[0.073,0.907,0.152,-15.59,-16.41,-6.69,-0.96,82.69],[0.061,0.910,0.156,-15.29,-16.84,-7.60,-1.18,82.49],[0.054,0.913,0.155,-11.45,-19.21,-10.40,-1.42,82.34],[0.065,0.928,0.170,-6.51,-17.99,-12.78,-1.64,82.22],[0.050,0.940,0.165,-4.07,-18.60,-14.73,-1.86,82.14],[0.085,0.935,0.129,-4.86,-19.82,-17.36,-2.11,82.09]]}
23.953	{"type":"ecg","dev":"node-01","seq":1679,"t0":169413,"fs":250,"leads_off":false,"bpm":112.9,"samples":[1744,1749,1744,1731,1730,1780,1811,1810,1797,1770,1744,1743,1723,1744,1761,1797,1858,1910,1882,1840,1797,1753,1733,1731,1723]}
23.968	{"type":"imu","dev":"node-01","seq":1593,"t0":169430,"fs":100,"samples":[[0.078,0.961,0.156,10.20,-22.02,-19.12,-2.38,82.16],[0.091,0.973,0.132,8.80,-22.45,-20.28,-2.66,82.25],[0.102,0.949,0.108,-4.43,-27.63,-19.19,-3.00,82.23],[0.093,0.943,0.105,4.96,-28.54,-19.12,-3.33,82.31],[0.091,0.951,0.121,5.63,-29.95,-18.27,-3.66,82.37],[0.113,0.969,0.138,-4.01,-32.63,-19.55,-4.04,82.33],[0.102,0.955,0.138,-8.34,-34.21,-19.25,-4.42,82.23],[0.095,0.949,0.146,-6.02,-34.15,-18.70,-4.78,82.15],[0.072,0.924,0.174,0.20,-37.93,-19.55,-5.15,82.10],[0.071,0.915,0.189,-0.59,-45.56,-19.55,-5.57,82.02]]}
24.053	{"type":"ecg","dev":"node-01","seq":1680,"t0":169513,"fs":250,"leads_off":false,"bpm":112.9,"samples":[1705,1667,1661,1694,1730,1809,1776,1775,1808,1827,1845,1871,1933,1984,1936,1831,1741,1733,1721,1667,1587,1535,1526,1476,1410]}
24.069	{"type":"imu","dev":"node-01","seq":1594,"t0":169530,"fs":100,"samples":[[0.087,0.925,0.168,-7.00,-52.93,-20.28,-6.08,81.90],[0.084,0.964,0.125,-10.96,-53.48,-20.28,-6.58,81.81],[0.072,1.075,0.027,-15.23,-51.65,-22.97,-7.03,81.80],[0.037,1.163,0.037,-0.90,-43.66,-24.73,-7.36,81.91],[0.017,1.170,0.055,13.80,-40.98,-24.19,-7.63,82.16],[-0.012,1.144,0.194,26.85,-40.74,-20.89,-7.86,82.38],[-0.030,1.150,0.158,27.21,-42.93,-20.77,-8.10,82.65],[-0.039,1.135,0.142,17.03,-46.29,-23.09,-8.35,82.82],[-0.044,1.059,0.168,-4.62,-52.99,-23.51,-8.67,82.73],[-0.094,0.950,0.162,-5.29,-58.54,-15.53,-8.94,82.64]]}
24.153	{"type":"ecg","dev":"node-01","seq":1681,"t0":169613,"fs":250,"leads_off":false,"bpm":111.6,"samples":[1330,1292,1323,1387,1408,1403,1410,1407,1338,1191,1114,1191,1419,1697,1984,2288,2708,3082,2855,2133,1307,705,624,816,929]}
24.169	{"type":"imu","dev":"node-01","seq":1595,"t0":169630,"fs":100,"samples":[[-0.108,0.909,0.152,-5.53,-60.74,-10.53,-9.23,82.54],[-0.141,0.880,0.046,-12.42,-62.14,-0.47,-9.46,82.51],[-0.167,0.862,-0.024,-21.45,-58.30,2.52,-9.63,82.48],[-0.186,0.857,-0.028,-25.11,-53.73,0.69,-9.72,82.42],[-0.173,0.858,-0.029,-18.82,-42.20,-4.25,-9.71,82.43],[-0.147,0.938,-0.041,-2.85,-31.90,-13.21,-9.65,82.60],[-0.120,1.049,0.021,20.02,-24.21,-22.78,-9.56,82.92],[-0.097,1.051,0.087,33.68,-21.35,-28.15,-9.47,83.30],[-0.046,1.080,0.119,54.04,-17.02,-31.87,-9.41,83.86],[-0.049,1.080,0.056,40.02,-20.01,-26.69,-9.36,84.30]]}
24.253	{"type":"ecg","dev":"node-01","seq":1682,"t0":169713,"fs":250,"leads_off":false,"bpm":111.6,"samples":[970,1040,1181,1379,1591,1707,1744,1776,1756,1766,1792,1824,1852,1872,1892,1899,1919,1958,1950,1921,1904,1946,2017,2064,2085]}
24.269	{"type":"imu","dev":"node-01","seq":1596,"t0":169730,"fs":100,"samples":[[-0.046,1.070,0.036,30.20,-24.58,-22.36,-9.36,84.67],[-0.031,1.125,0.033,26.91,-34.52,-8.09,-9.48,85.01],[-0.018,1.148,0.041,22.88,-41.04,5.45,-9.68,85.29],[-0.046,1.123,0.104,14.96,-43.30,11.55,-9.86,85.42],[-0.052,1.100,0.105,0.93,-46.41,20.69,-10.06,85.42],[-0.119,1.054,0.103,-17.36,-44.76,23.25,-10.17,85.23],[-0.135,1.035,0.137,-24.43,-44.21,20.02,-10.26,84.93],[-0.118,1.011,0.175,-26.93,-37.38,11.85,-10.28,84.57],[-0.112,0.963,0.132,-30.96,-31.71,2.71,-10.27,84.21],[-0.106,0.933,0.143,-37.36,-30.01,0.08,-10.22,83.80]]}
24.353	{"type":"ecg","dev":"node-01","seq":1683,"t0":169813,"fs":250,"leads_off":false,"bpm":111.6,"samples":[2087,2125,2099,2100,2112,2128,2129,2145,2159,2178,2204,2213,2224,2231,2263,2293,2295,2289,2284,2253,2207,2137,2077,2033,1975]}
24.369	{"type":"imu","dev":"node-01","seq":1597,"t0":169830,"fs":100,"samples":[[-0.078,0.903,0.136,-38.15,-27.87,-5.77,-10.19,83.38],[-0.032,0.893,0.124,-25.53,-24.15,-5.53,-10.18,83.10],[-0.015,0.904,0.122,-22.73,-22.87,-5.28,-10.19,82.86],[-0.008,0.900,0.116,-18.82,-20.31,-0.65,-10.17,82.67],[-0.022,0.921,0.121,-1.08,-18.06,5.57,-10.12,82.66],[-0.013,0.960,0.133,8.43,-14.82,10.08,-10.04,82.73],[-0.023,0.962,0.125,13.61,-13.54,12.95,-9.95,82.86],[-0.027,0.991,0.152,19.29,-12.93,16.00,-9.85,83.02],[-0.027,1.006,0.172,4.83,-8.48,13.25,-9.71,83.01],[-0.024,0.995,0.177,-5.65,-6.29,13.25,-9.54,82.90]]}
24.453	{"type":"ecg","dev":"node-01","seq":1684,"t0":169913,"fs":250,"leads_off":false,"bpm":111.6,"samples":[1919,1869,1850,1839,1821,1792,1751,1743,1755,1760,1751,1750,1751,1753,1751,1757,1770,1796,1807,1810,1819,1820,1822,1830,1824]}
24.468	{"type":"imu","dev":"node-01","seq":1598,"t0":169930,"fs":100,"samples":[[-0.035,0.981,0.152,-6.26,-3.42,13.25,-9.35,82.80],[-0.040,0.971,0.110,-6.93,1.34,12.34,-9.10,82.75],[-0.073,0.967,0.135,-9.13,3.53,12.52,-8.80,82.65],[-0.073,0.982,0.132,-9.74,5.66,11.61,-8.48,82.55],[-0.061,0.946,0.088,-22.73,8.35,10.69,-8.16,82.36],[-0.068,0.923,0.085,-24.56,10.42,9.90,-7.81,82.17],[-0.061,0.912,0.084,-21.14,11.46,9.41,-7.46,82.01],[-0.040,0.898,0.111,-19.25,13.53,10.08,-7.13,81.85],[-0.048,0.891,0.100,-12.97,15.30,11.36,-6.77,81.75],[-0.074,0.916,0.093,4.47,16.21,12.28,-6.39,81.84]]}
24.553	{"type":"ecg","dev":"node-01","seq":1685,"t0":170013,"fs":250,"leads_off":false,"bpm":111.6,"samples":[1838,1839,1845,1833,1819,1843,1871,1872,1877,1862,1867,1909,1955,1984,1983,1972,1967,2003,2060,2098,2103,2027,1947,1924,1926]}
24.568	{"type":"imu","dev":"node-01","seq":1599,"t0":170030,"fs":100,"samples":[[-0.080,0.934,0.124,6.54,16.34,12.34,-6.01,81.92],[-0.074,0.945,0.111,7.46,15.85,13.25,-5.64,82.02],[-0.056,0.944,0.131,4.35,16.40,13.92,-5.30,82.06],[-0.043,0.970,0.116,3.61,17.19,12.95,-4.98,82.12],[-0.040,1.059,0.064,7.27,19.69,10.75,-4.64,82.28],[-0.041,1.088,0.063,11.42,21.21,7.71,-4.30,82.48],[-0.023,1.131,0.109,19.53,26.03,4.11,-3.93,82.71],[-0.004,1.130,0.133,21.60,27.25,1.85,-3.58,82.93],[0.008,1.115,0.139,16.91,27.68,2.28,-3.24,83.10],[0.017,1.117,0.116,0.93,26.46,0.20,-2.94,83.13]]}
24.653	{"type":"ecg","dev":"node-01","seq":1686,"t0":170113,"fs":250,"leads_off":false,"bpm":113.2,"samples":[1858,1787,1709,1714,1710,1659,1614,1582,1586,1583,1596,1621,1641,1640,1634,1580,1511,1407,1385,1535,1790,2087,2433,2857,3264]}
24.668	{"type":"imu","dev":"node-01","seq":1600,"t0":170130,"fs":100,"samples":[[0.046,1.193,0.043,-9.80,27.98,-1.08,-2.65,83.13],[0.062,1.251,0.040,-10.35,28.35,-2.48,-2.38,83.13],[0.085,1.294,0.048,2.09,35.91,-3.33,-2.05,83.25],[0.093,1.143,0.216,14.59,36.09,3.50,-1.75,83.31],[0.087,1.082,0.302,18.80,31.09,8.13,-1.50,83.32],[0.098,0.947,0.241,13.92,19.75,15.08,-1.39,83.30],[0.114,0.841,0.138,-17.54,10.73,18.07,-1.41,83.08],[0.109,0.811,0.108,-30.78,7.74,18.92,-1.46,82.76],[0.120,0.753,0.097,-40.11,9.26,20.02,-1.51,82.35],[0.115,0.705,0.053,-23.28,15.66,25.20,-1.52,82.20]]}
24.753	{"type":"ecg","dev":"node-01","seq":1687,"t0":170213,"fs":250,"leads_off":false,"bpm":113.2,"samples":[3111,2435,1584,925,766,937,1078,1131,1200,1309,1472,1655,1782,1817,1778,1744,1770,1831,1859,1858,1847,1859,1891,1923,1924]}
24.768	{"type":"imu","dev":"node-01","seq":1601,"t0":170230,"fs":100,"samples":[[0.101,0.683,0.046,-18.52,17.98,24.66,-1.48,82.09],[0.095,0.688,-0.007,-14.07,21.64,22.22,-1.40,82.13],[0.135,0.827,-0.093,4.77,26.88,10.02,-1.29,82.46],[0.136,0.987,0.026,22.58,37.55,-10.83,-1.05,82.80],[0.167,1.058,0.191,40.87,39.99,-18.21,-0.81,83.14],[0.169,1.031,0.243,91.36,47.55,-26.26,-0.52,83.91],[0.177,1.106,0.185,85.20,36.27,-17.84,-0.33,84.68],[0.149,1.154,0.101,68.07,29.93,-15.10,-0.18,85.35],[0.110,1.165,0.107,34.10,21.27,-6.08,-0.06,85.68],[0.129,1.178,0.138,17.58,11.03,8.25,-0.08,85.80]]}
24.853	{"type":"ecg","dev":"node-01","seq":1688,"t0":170313,"fs":250,"leads_off":false,"bpm":113.2,"samples":[1945,1968,1990,2022,2061,2077,2078,2083,2107,2135,2186,2203,2208,2203,2224,2239,2237,2227,2235,2255,2271,2253,2247,2240,2273]}
24.868	{"type":"imu","dev":"node-01","seq":1602,"t0":170330,"fs":100,"samples":[[0.123,1.150,0.148,15.14,6.27,12.46,-0.14,85.89],[0.108,1.100,0.104,8.68,-0.56,21.42,-0.25,85.95],[0.062,1.046,0.144,-6.39,-0.56,22.10,-0.32,85.81],[0.044,1.031,0.145,-9.92,-1.53,21.97,-0.38,85.64],[0.001,0.993,0.188,-16.39,4.14,13.68,-0.33,85.35],[-0.022,0.934,0.166,-26.08,4.57,3.31,-0.25,84.98],[-0.027,0.916,0.160,-30.96,3.10,-0.83,-0.18,84.58],[-0.024,0.894,0.142,-26.57,2.92,-8.09,-0.12,84.25],[-0.022,0.905,0.128,-17.12,0.12,-12.84,-0.09,84.03],[-0.011,0.921,0.136,-10.04,-1.90,-11.93,-0.09,83.89]]}
24.953	{"type":"ecg","dev":"node-01","seq":1689,"t0":170413,"fs":250,"leads_off":false,"bpm":113.2,"samples":[2303,2299,2271,2237,2163,2085,2037,1997,1941,1892,1877,1849,1819,1798,1778,1778,1751,1744,1765,1815,1826,1836,1841,1829,1798]}
24.968	{"type":"imu","dev":"node-01","seq":1603,"t0":170430,"fs":100,"samples":[[0.002,0.928,0.126,-4.56,-6.35,-11.75,-0.16,83.81],[0.010,0.927,0.133,-3.09,-10.80,-10.59,-0.27,83.74],[0.040,0.945,0.112,2.27,-16.96,-10.22,-0.48,83.75],[0.057,0.953,0.131,0.02,-18.30,-11.87,-0.72,83.72],[0.086,0.961,0.089,2.09,-20.98,-11.87,-1.01,83.76],[0.094,0.984,0.180,10.38,-22.63,-10.71,-1.32,83.78],[0.108,1.010,0.169,15.69,-23.85,-10.10,-1.65,83.87],[0.104,1.030,0.119,9.59,-25.68,-11.20,-1.98,83.95],[0.112,1.021,0.149,-1.75,-28.24,-11.44,-2.35,83.89],[0.110,1.015,0.154,-4.37,-29.76,-13.51,-2.71,83.80]]}
25.053	{"type":"ecg","dev":"node-01","seq":1690,"t0":170513,"fs":250,"leads_off":false,"bpm":113.2,"samples":[1797,1827,1808,1775,1789,1853,1879,1863,1826,1789,1779,1775,1790,1807,1811,1809,1796,1787,1770,1771,1775,1768,1750,1794,1862]}
25.069	{"type":"imu","dev":"node-01","seq":1604,"t0":170530,"fs":100,"samples":[[0.116,0.990,0.145,-9.43,-32.63,-12.05,-3.11,83.66],[0.095,0.938,0.125,-16.02,-35.98,-11.38,-3.51,83.48],[0.093,0.931,0.107,-19.43,-37.51,-10.22,-3.92,83.29],[0.075,0.895,0.096,-21.87,-38.18,-11.87,-4.31,83.09],[0.060,0.845,0.094,-21.14,-39.82,-11.50,-4.70,82.89],[0.045,0.818,0.102,-20.65,-42.38,-12.42,-5.08,82.69],[0.056,0.816,0.126,-13.89,-46.77,-12.97,-5.52,82.52],[0.074,0.833,0.113,-11.69,-50.43,-15.71,-6.00,82.40],[0.125,0.879,0.119,-9.25,-51.96,-19.67,-6.57,82.31],[0.140,0.899,0.123,-4.62,-50.98,-23.21,-7.09,82.26]]}
25.153	{"type":"ecg","dev":"node-01","seq":1691,"t0":170613,"fs":250,"leads_off":false,"bpm":113.2,"samples":[1915,1907,1883,1890,1897,1887,1891,1944,1961,1929,1859,1802,1795,1745,1636,1516,1454,1453,1490,1488,1456,1429,1424,1438,1447]}
25.168	{"type":"imu","dev":"node-01","seq":1605,"t0":170630,"fs":100,"samples":[[0.120,0.908,0.153,5.44,-49.70,-23.27,-7.59,82.28],[0.129,1.036,0.056,17.64,-48.97,-21.87,-8.06,82.54],[0.112,1.084,0.014,17.64,-47.51,-24.43,-8.48,82.85],[0.094,1.112,0.089,17.15,-46.84,-27.05,-8.86,83.07],[0.102,1.099,0.143,28.07,-45.62,-22.90,-9.24,83.34],[0.098,1.097,0.148,28.74,-47.14,-18.76,-9.62,83.60],[0.074,1.156,0.123,22.27,-48.48,-12.78,-9.98,83.82],[0.050,1.185,0.093,8.43,-51.41,-12.05,-10.33,83.94],[0.029,1.210,0.075,6.42,-51.84,-12.17,-10.68,84.05],[-0.003,1.207,0.072,3.98,-53.12,-8.15,-10.96,84.14]]}
25.253	{"type":"ecg","dev":"node-01","seq":1692,"t0":170713,"fs":250,"leads_off":false,"bpm":113.7,"samples":[1440,1423,1426,1424,1328,1196,1190,1474,1825,2134,2402,2759,3184,3071,2415,1594,896,737,922,1062,1102,1167,1276,1422,1584]}
25.269	{"type":"imu","dev":"node-01","seq":1606,"t0":170730,"fs":100,"samples":[[-0.061,1.029,0.136,5.14,-56.10,-1.75,-11.23,84.16],[-0.101,0.972,0.177,5.14,-57.32,3.01,-11.44,84.12],[-0.180,0.885,0.146,-0.59,-55.19,7.89,-11.53,84.04],[-0.238,0.869,-0.042,-19.92,-49.58,7.22,-11.48,84.02],[-0.258,0.914,-0.113,-33.28,-45.37,2.16,-11.38,83.96],[-0.257,0.990,-0.155,-42.67,-33.30,-14.49,-11.19,83.84],[-0.207,1.066,-0.046,-5.17,-27.14,-28.15,-11.02,83.96],[-0.108,1.074,0.053,37.21,-23.06,-33.15,-10.91,84.39],[-0.092,1.066,0.063,47.27,-21.41,-36.20,-10.81,84.92],[-0.004,1.093,0.169,49.16,-23.66,-35.59,-10.81,85.30]]}
25.353	{"type":"ecg","dev":"node-01","seq":1693,"t0":170813,"fs":250,"leads_off":false,"bpm":113.7,"samples":[1618,1619,1687,1726,1664,1681,1684,1725,1833,1856,1749,1680,1744,1829,1872,1867,1858,1906,1982,2012,2003,1968,1911,1936,2041]}
25.369	{"type":"imu","dev":"node-01","seq":1607,"t0":170830,"fs":100,"samples":[[0.081,1.046,0.075,24.59,-26.04,-38.39,-10.94,85.56],[0.137,1.024,0.109,4.16,-33.06,-33.51,-11.19,85.57],[0.163,1.045,0.009,-14.80,-36.16,-16.44,-11.50,85.50],[0.118,1.042,0.116,-17.73,-33.18,4.05,-11.72,85.29],[0.135,1.044,0.160,-8.76,-30.25,12.03,-11.93,85.12],[0.124,1.018,0.141,-15.71,-30.07,22.77,-12.12,84.91],[0.037,0.987,0.103,-45.23,-31.71,24.78,-12.24,84.45],[-0.023,0.980,0.120,-55.71,-30.43,23.44,-12.26,83.88],[-0.093,0.942,0.139,-59.19,-24.70,22.28,-12.16,83.22],[-0.129,0.892,0.104,-53.15,-16.10,22.58,-11.90,82.73]]}
25.453	{"type":"ecg","dev":"node-01","seq":1694,"t0":170913,"fs":250,"leads_off":false,"bpm":113.7,"samples":[2178,2227,2190,2163,2154,2149,2153,2132,2135,2160,2186,2221,2249,2237,2176,2097,2041,2002,1975,1929,1835,1806,1813,1807,1776]}
25.468	{"type":"imu","dev":"node-01","seq":1608,"t0":170930,"fs":100,"samples":[[-0.150,0.894,0.121,-48.82,-10.07,22.34,-11.58,82.24],[-0.152,0.942,0.124,-29.62,-2.02,17.10,-11.18,81.95],[-0.116,0.986,0.139,-8.09,1.94,9.84,-10.81,81.88],[-0.095,0.993,0.161,-4.07,1.52,5.75,-10.47,81.81],[-0.092,0.979,0.187,-5.53,1.88,0.63,-10.13,81.71],[-0.085,0.972,0.201,-7.91,4.32,-2.30,-9.79,81.56],[-0.074,0.946,0.200,-9.80,4.20,-2.66,-9.46,81.40],[-0.076,0.937,0.202,-9.25,4.44,0.51,-9.14,81.23],[-0.067,0.940,0.187,-3.89,4.32,4.78,-8.83,81.15],[-0.061,0.959,0.135,-2.48,5.42,10.27,-8.54,81.14]]}
25.553	{"type":"ecg","dev":"node-01","seq":1695,"t0":171013,"fs":250,"leads_off":false,"bpm":113.7,"samples":[1724,1681,1666,1648,1631,1667,1694,1680,1664,1678,1692,1680,1608,1617,1647,1687,1712,1711,1690,1675,1680,1680,1665,1665,1678]}
25.568	{"type":"imu","dev":"node-01","seq":1609,"t0":171030,"fs":100,"samples":[[-0.076,0.946,0.131,-4.98,6.82,11.97,-8.21,81.11],[-0.078,0.951,0.166,-5.65,6.03,16.42,-7.89,81.03],[-0.107,0.956,0.100,-15.84,8.47,20.08,-7.52,80.94],[-0.128,0.954,0.115,-17.48,9.57,18.44,-7.13,80.81],[-0.113,0.954,0.128,-14.86,11.21,17.16,-6.74,80.70],[-0.094,0.952,0.143,-9.86,11.70,15.21,-6.38,80.61],[-0.080,0.953,0.156,-8.09,11.15,13.74,-6.05,80.54],[-0.067,0.958,0.137,-8.03,11.82,11.97,-5.73,80.49],[-0.052,0.932,0.169,-8.09,12.25,12.46,-5.43,80.39],[-0.045,0.918,0.174,-7.24,11.46,12.46,-5.16,80.30]]}
25.653	{"type":"ecg","dev":"node-01","seq":1696,"t0":171113,"fs":250,"leads_off":false,"bpm":113.7,"samples":[1680,1679,1680,1665,1654,1643,1623,1674,1722,1763,1733,1687,1666,1658,1682,1687,1699,1681,1675,1707,1744,1760,1713,1697,1728]}
25.668	{"type":"imu","dev":"node-01","seq":1610,"t0":171130,"fs":100,"samples":[[-0.026,0.898,0.155,-7.30,13.41,16.61,-4.89,80.22],[-0.032,0.905,0.140,-7.36,16.34,18.92,-4.59,80.17],[-0.014,1.025,0.066,-1.57,20.48,18.68,-4.28,80.28],[-0.018,1.031,0.095,1.36,23.77,17.16,-3.95,80.38],[0.003,1.032,0.176,18.74,27.86,17.46,-3.60,80.56],[0.034,1.008,0.154,27.39,28.84,18.74,-3.28,80.85],[0.048,1.004,0.139,24.10,27.49,18.44,-3.00,81.11],[0.098,1.033,0.114,17.70,27.68,14.72,-2.78,81.33],[0.147,1.026,0.118,15.63,27.98,11.61,-2.60,81.54],[0.165,1.036,0.150,18.92,29.44,13.13,-2.45,81.72]]}
25.753	{"type":"ecg","dev":"node-01","seq":1697,"t0":171213,"fs":250,"leads_off":false,"bpm":113.7,"samples":[1757,1782,1789,1792,1798,1840,1879,1883,1863,1876,1926,1936,1918,1872,1818,1769,1735,1711,1696,1653,1617,1583,1591,1600,1595]}
25.768	{"type":"imu","dev":"node-01","seq":1611,"t0":171230,"fs":100,"samples":[[0.199,1.083,0.113,28.61,30.24,17.03,-2.31,82.05],[0.206,1.073,0.086,28.07,28.35,20.57,-2.21,82.39],[0.209,1.025,0.100,28.43,26.94,21.67,-2.13,82.71],[0.229,0.955,0.112,28.55,22.37,22.10,-2.13,83.00],[0.262,0.926,0.068,18.49,15.91,20.94,-2.25,83.24],[0.274,0.935,0.035,11.85,13.53,19.90,-2.40,83.44],[0.274,1.076,-0.019,11.30,11.76,16.06,-2.52,83.71],[0.224,1.075,0.020,25.93,17.19,13.13,-2.54,84.06],[0.147,1.071,0.105,43.74,20.30,21.06,-2.43,84.52],[0.117,1.086,0.131,49.89,21.21,23.31,-2.31,84.96]]}
25.853	{"type":"ecg","dev":"node-01","seq":1698,"t0":171313,"fs":250,"leads_off":false,"bpm":111.5,"samples":[1591,1580,1598,1614,1630,1670,1663,1581,1507,1554,1766,2022,2299,2554,2911,3188,2929,2256,1463,849,758,1009,1161,1222,1296]}
25.868	{"type":"imu","dev":"node-01","seq":1612,"t0":171330,"fs":100,"samples":[[0.053,1.110,0.112,42.94,18.96,20.81,-2.13,85.37],[0.020,1.109,0.098,22.82,13.96,11.49,-1.97,85.58],[0.015,1.104,0.113,12.82,10.36,5.57,-1.85,85.68],[0.041,1.079,0.124,-1.69,5.30,-5.40,-1.80,85.62],[0.055,1.060,0.141,-5.41,1.58,-11.56,-1.81,85.50],[0.065,1.046,0.152,-6.32,-1.35,-13.15,-1.85,85.36],[0.085,1.021,0.166,-10.41,-4.82,-16.32,-1.96,85.17],[0.106,0.973,0.174,-20.59,-9.58,-15.22,-2.14,84.86],[0.122,0.950,0.139,-25.59,-10.62,-15.53,-2.35,84.54],[0.084,0.881,0.129,-39.43,-8.91,-14.49,-2.49,84.11]]}
25.952	{"type":"status","dev":"node-01","fw":"0.1.0","uptime_ms":171509,"ecg":{"fs":250},"imu":{"ok":true,"fs":100,"errors":861,"fields":["ax","ay","az","gx","gy","gz","pitch","roll"]}}
25.954	{"type":"ecg","dev":"node-01","seq":1699,"t0":171413,"fs":250,"leads_off":false,"bpm":111.5,"samples":[1433,1625,1809,1923,1947,1936,1941,1979,1998,2017,1997,2017,2023,2014,2013,2000,2000,2039,2078,2113,2144,2153,2160,2163,2163]}
25.968	{"type":"imu","dev":"node-01","seq":1613,"t0":171430,"fs":100,"samples":[[0.119,0.898,0.192,-28.64,-11.04,-10.83,-2.70,83.70],[0.125,0.861,0.082,-24.92,-11.23,-10.10,-2.92,83.48],[0.072,0.858,0.198,-25.84,-13.85,-4.86,-3.09,83.09],[0.081,0.883,0.116,-15.90,-15.19,-3.51,-3.28,82.93],[0.064,0.886,0.129,-13.28,-14.15,-4.49,-3.43,82.77],[0.072,0.917,0.173,-4.86,-18.73,-6.99,-3.64,82.65],[0.088,0.945,0.156,-0.96,-22.20,-12.23,-3.89,82.61],[0.086,0.955,0.153,-1.81,-23.97,-15.53,-4.14,82.55],[0.081,0.975,0.174,2.33,-27.32,-17.11,-4.43,82.52],[0.085,1.001,0.176,8.43,-28.85,-16.20,-4.71,82.55]]}
26.053	{"type":"ecg","dev":"node-01","seq":1700,"t0":171513,"fs":250,"leads_off":false,"bpm":111.5,"samples":[2194,2222,2240,2254,2245,2246,2270,2311,2355,2350,2320,2303,2321,2311,2294,2286,2282,2240,2185,2159,2148,2125,2096,2064,1997]}
26.069	{"type":"imu","dev":"node-01","seq":1614,"t0":171530,"fs":100,"samples":[[0.089,0.999,0.180,4.89,-31.23,-14.67,-5.03,82.55],[0.093,0.991,0.162,3.43,-34.82,-15.16,-5.37,82.54],[0.105,1.001,0.172,-6.02,-38.12,-15.22,-5.76,82.44],[0.133,0.971,0.179,-19.01,-38.06,-15.65,-6.17,82.20],[0.133,0.963,0.147,-17.97,-38.97,-15.71,-6.58,82.00],[0.122,0.952,0.146,-19.56,-37.45,-14.31,-6.96,81.79],[0.122,0.942,0.150,-19.92,-37.57,-14.73,-7.34,81.58],[0.120,0.934,0.151,-18.46,-35.74,-15.77,-7.68,81.39],[0.124,0.908,0.162,-17.06,-34.40,-16.20,-8.03,81.18],[0.127,0.884,0.176,-16.57,-34.40,-15.47,-8.36,80.98]]}
26.153	{"type":"ecg","dev":"node-01","seq":1701,"t0":171613,"fs":250,"leads_off":false,"bpm":111.5,"samples":[1917,1845,1791,1771,1729,1706,1681,1683,1686,1664,1620,1607,1616,1607,1583,1567,1605,1648,1691,1661,1629,1618,1623,1600,1591]}
26.169	{"type":"imu","dev":"node-01","seq":1615,"t0":171630,"fs":100,"samples":[[0.128,0.885,0.164,-15.90,-35.56,-14.25,-8.70,80.79],[0.137,0.902,0.112,-17.42,-36.04,-15.65,-9.05,80.67],[0.145,0.932,0.195,-14.43,-37.51,-16.44,-9.41,80.47],[0.148,0.934,0.161,-10.71,-36.53,-16.62,-9.76,80.36],[0.133,0.908,0.173,-10.11,-36.65,-15.40,-10.09,80.24],[0.152,0.926,0.166,-6.87,-40.74,-15.22,-10.46,80.17],[0.173,0.990,0.128,-6.08,-40.92,-16.69,-10.85,80.16],[0.174,1.050,0.099,-11.26,-39.95,-21.81,-11.21,80.13],[0.135,1.068,0.184,4.71,-35.80,-20.95,-11.50,80.18],[0.109,1.031,0.206,20.14,-35.13,-16.14,-11.72,80.34]]}
26.253	{"type":"ecg","dev":"node-01","seq":1702,"t0":171713,"fs":250,"leads_off":false,"bpm":111.5,"samples":[1600,1621,1616,1622,1614,1596,1582,1615,1591,1535,1570,1611,1614,1600,1607,1591,1584,1581,1585,1601,1649,1694,1712,1681,1663]}
26.269	{"type":"imu","dev":"node-01","seq":1616,"t0":171730,"fs":100,"samples":[[0.093,1.037,0.195,17.33,-37.02,-13.82,-11.95,80.49],[0.086,1.121,0.096,1.24,-40.07,-14.92,-12.19,80.60],[0.069,1.225,0.035,-6.63,-37.99,-20.65,-12.38,80.69],[0.036,1.223,0.035,-3.76,-34.88,-21.62,-12.51,80.81],[-0.039,1.080,0.176,13.31,-35.07,-13.88,-12.56,80.94],[-0.102,1.007,0.290,32.15,-40.49,-0.89,-12.59,81.11],[-0.126,0.965,0.234,24.71,-42.81,-0.16,-12.62,81.26],[-0.148,0.880,0.113,-9.74,-47.75,-3.88,-12.64,81.19],[-0.125,0.833,0.061,-36.32,-52.26,-13.21,-12.75,80.91],[-0.090,0.813,0.048,-38.52,-52.02,-15.34,-12.86,80.66]]}
26.353	{"type":"ecg","dev":"node-01","seq":1703,"t0":171813,"fs":250,"leads_off":false,"bpm":105.5,"samples":[1701,1791,1836,1849,1837,1827,1843,1870,1917,1931,1947,1964,2003,2027,2010,2013,2020,2034,2103,2174,2217,2198,2176,2191,2189]}
26.369	{"type":"imu","dev":"node-01","seq":1617,"t0":171830,"fs":100,"samples":[[-0.055,0.810,-0.005,-30.90,-41.84,-22.72,-12.94,80.55],[-0.073,0.845,-0.046,-17.06,-33.12,-25.47,-12.90,80.64],[-0.095,0.883,-0.020,-9.50,-30.01,-25.47,-12.82,80.76],[-0.096,1.003,0.016,23.07,-24.34,-25.71,-12.69,81.15],[-0.063,1.052,0.113,46.66,-18.60,-25.65,-12.55,81.66],[-0.074,1.048,0.152,59.35,-16.96,-24.67,-12.38,82.24],[-0.013,1.083,0.145,64.16,-16.35,-19.92,-12.28,82.88],[-0.005,1.124,0.101,35.75,-20.92,-16.69,-12.24,83.27],[0.011,1.139,0.077,16.85,-31.41,-13.64,-12.32,83.50],[0.018,1.151,0.121,6.60,-34.46,-10.95,-12.42,83.57]]}
26.453	{"type":"ecg","dev":"node-01","seq":1704,"t0":171913,"fs":250,"leads_off":false,"bpm":105.5,"samples":[2145,2096,2067,2059,2003,1941,1903,1863,1890,1927,1963,1979,2000,2000,1981,1890,1738,1645,1729,1920,2149,2402,2697,3149,3248]}
26.469	{"type":"imu","dev":"node-01","seq":1618,"t0":171930,"fs":100,"samples":[[0.026,1.123,0.160,1.42,-36.90,-3.09,-12.56,83.55],[-0.001,1.070,0.150,-0.65,-37.75,7.10,-12.68,83.51],[-0.018,1.057,0.174,-4.31,-37.75,12.03,-12.78,83.41],[-0.056,1.017,0.180,-9.50,-32.87,12.40,-12.78,83.25],[-0.068,0.983,0.165,-17.36,-26.84,9.35,-12.71,83.02],[-0.069,0.967,0.162,-22.00,-24.40,5.81,-12.61,82.76],[-0.057,0.933,0.147,-36.26,-18.12,-2.60,-12.47,82.37],[-0.028,0.911,0.128,-37.12,-13.24,-8.09,-12.31,82.00],[-0.024,0.911,0.134,-32.91,-11.35,-9.25,-12.15,81.65],[-0.009,0.926,0.144,-19.25,-10.19,-9.80,-12.00,81.46]]}
26.553	{"type":"ecg","dev":"node-01","seq":1705,"t0":172013,"fs":250,"leads_off":false,"bpm":105.5,"samples":[2715,1968,1155,734,755,877,883,901,1023,1227,1424,1566,1620,1599,1584,1582,1627,1685,1709,1682,1635,1639,1669,1695,1701]}
26.568	{"type":"imu","dev":"node-01","seq":1619,"t0":172030,"fs":100,"samples":[[-0.004,0.935,0.153,-7.61,-10.07,-6.93,-11.85,81.37],[-0.012,0.952,0.150,-2.12,-10.37,-4.00,-11.70,81.34],[-0.045,0.938,0.081,-0.84,-6.04,-1.44,-11.47,81.41],[-0.049,0.976,0.195,7.76,-10.92,2.77,-11.29,81.43],[-0.049,0.966,0.096,10.57,-10.74,4.05,-11.11,81.59],[-0.060,0.972,0.177,4.47,-12.14,6.06,-10.94,81.60],[-0.057,0.991,0.120,10.69,-10.80,7.95,-10.76,81.73],[-0.076,0.984,0.154,8.61,-8.18,6.18,-10.54,81.81],[-0.073,0.991,0.176,13.25,-7.51,6.36,-10.32,81.90],[-0.053,1.001,0.165,15.32,-3.12,4.47,-10.08,82.02]]}
26.653	{"type":"ecg","dev":"node-01","seq":1706,"t0":172113,"fs":250,"leads_off":false,"bpm":105.5,"samples":[1715,1744,1737,1749,1749,1751,1722,1699,1716,1761,1791,1843,1854,1869,1907,1957,1997,2010,2016,2000,1991,1968,1941,1931,1916]}
26.668	{"type":"imu","dev":"node-01","seq":1620,"t0":172130,"fs":100,"samples":[[-0.065,1.006,0.138,5.26,0.85,0.45,-9.80,82.08],[-0.077,1.000,0.132,0.02,2.19,-0.34,-9.50,82.09],[-0.068,0.999,0.130,-6.81,2.07,0.27,-9.21,82.03],[-0.067,0.974,0.127,-13.03,3.90,2.52,-8.91,81.91],[-0.065,0.973,0.109,-15.90,4.87,3.44,-8.61,81.79],[-0.090,0.980,0.120,-15.78,6.94,4.96,-8.26,81.66],[-0.080,0.989,0.110,-11.45,6.52,5.39,-7.94,81.59],[-0.078,0.982,0.102,-11.57,6.70,6.18,-7.63,81.53],[-0.078,0.968,0.114,-14.50,7.80,5.08,-7.30,81.41],[-0.083,0.964,0.157,-9.80,9.45,5.75,-6.97,81.31]]}
26.753	{"type":"ecg","dev":"node-01","seq":1707,"t0":172213,"fs":250,"leads_off":false,"bpm":105.5,"samples":[1924,1936,1919,1875,1825,1774,1738,1705,1648,1580,1525,1514,1504,1479,1467,1463,1456,1473,1525,1535,1510,1491,1507,1517,1533]}
26.768	{"type":"imu","dev":"node-01","seq":1621,"t0":172230,"fs":100,"samples":[[-0.087,0.973,0.145,-5.84,9.32,5.81,-6.64,81.26],[-0.069,0.975,0.143,-1.57,10.79,4.11,-6.32,81.25],[-0.043,1.023,0.140,-3.52,10.73,0.02,-6.04,81.23],[-0.030,1.068,0.047,-10.11,14.63,-4.98,-5.75,81.26],[-0.038,1.059,0.030,-11.75,17.37,-5.89,-5.42,81.29],[-0.040,1.026,0.118,-5.96,19.32,-4.25,-5.08,81.27],[-0.017,0.970,0.104,5.02,18.53,-0.71,-4.77,81.37],[-0.007,0.966,0.065,0.63,18.10,0.57,-4.49,81.47],[0.024,0.985,0.037,-11.63,20.42,-3.09,-4.22,81.48],[0.080,1.046,0.089,-11.93,20.48,-5.10,-4.03,81.44]]}
26.853	{"type":"ecg","dev":"node-01","seq":1708,"t0":172313,"fs":250,"leads_off":false,"bpm":105.5,"samples":[1535,1535,1569,1584,1573,1574,1619,1691,1693,1695,1687,1680,1680,1670,1666,1690,1719,1724,1706,1683,1675,1641,1616,1675,1729]}
26.868	{"type":"imu","dev":"node-01","seq":1622,"t0":172330,"fs":100,"samples":[[0.101,1.082,0.107,-3.46,21.09,-6.08,-3.85,81.47],[0.133,1.126,0.095,10.14,23.71,-5.40,-3.68,81.64],[0.103,1.121,0.122,12.64,22.98,-2.36,-3.48,81.81],[0.098,1.069,0.152,12.21,20.36,-0.16,-3.32,81.93],[0.107,0.940,0.177,3.07,14.02,5.02,-3.24,81.91],[0.104,0.848,0.146,0.38,8.77,9.84,-3.23,81.88],[0.112,0.839,0.117,-1.26,8.71,11.85,-3.23,81.87],[0.122,0.843,0.066,-11.32,7.13,10.88,-3.26,81.83],[0.114,0.883,0.072,-10.71,8.77,8.07,-3.25,81.79],[0.123,0.926,0.066,-2.24,10.05,6.06,-3.24,81.85]]}
26.953	{"type":"ecg","dev":"node-01","seq":1709,"t0":172413,"fs":250,"leads_off":false,"bpm":105.5,"samples":[1744,1728,1691,1664,1663,1657,1657,1673,1711,1795,1884,1922,1882,1814,1774,1767,1784,1805,1808,1771,1774,1797,1834,1867,1904]}
26.968	{"type":"imu","dev":"node-01","seq":1623,"t0":172430,"fs":100,"samples":[[0.134,0.964,0.107,17.88,12.98,2.89,-3.20,82.07],[0.088,0.959,0.184,33.80,13.10,4.41,-3.12,82.34],[0.064,0.971,0.166,35.93,11.58,3.31,-3.01,82.65],[0.065,0.992,0.161,33.19,11.34,1.06,-2.92,82.94],[0.079,1.017,0.147,25.20,11.34,-3.09,-2.83,83.16],[0.096,1.033,0.147,15.14,11.40,-2.11,-2.77,83.28],[0.103,1.044,0.144,12.52,8.96,-0.40,-2.74,83.38],[0.085,1.081,0.163,16.11,8.35,2.77,-2.69,83.50],[0.079,1.096,0.196,16.85,4.81,4.29,-2.67,83.60],[0.065,1.090,0.208,14.22,3.16,3.19,-2.65,83.65]]}
27.053	{"type":"ecg","dev":"node-01","seq":1710,"t0":172513,"fs":250,"leads_off":false,"bpm":105.5,"samples":[1911,1887,1886,1930,1997,2000,1968,1927,1919,1890,1839,1818,1825,1821,1792,1762,1722,1713,1726,1769,1788,1795,1750,1699,1663]}
27.068	{"type":"imu","dev":"node-01","seq":1624,"t0":172530,"fs":100,"samples":[[0.057,1.063,0.224,6.42,3.53,2.83,-2.63,83.60],[0.051,1.025,0.221,-4.68,4.14,0.14,-2.59,83.44],[0.041,1.017,0.206,-4.74,3.59,1.73,-2.55,83.29],[0.024,0.983,0.200,-4.01,1.58,2.77,-2.51,83.16],[0.021,0.962,0.168,-6.39,-0.49,3.62,-2.49,83.03],[0.011,0.952,0.152,-9.01,-0.86,1.79,-2.46,82.90],[0.016,0.933,0.146,-17.61,-2.38,-2.60,-2.46,82.69],[0.022,0.929,0.135,-18.34,-1.41,-4.73,-2.45,82.50],[0.012,0.915,0.140,-13.64,-2.08,-6.08,-2.43,82.33],[0.012,0.925,0.141,-9.43,-2.99,-6.44,-2.43,82.22]]}
27.153	{"type":"ecg","dev":"node-01","seq":1711,"t0":172613,"fs":250,"leads_off":false,"bpm":102.9,"samples":[1602,1458,1360,1460,1769,2076,2362,2640,3043,3271,2864,2108,1296,752,706,887,1021,1099,1179,1312,1493,1661,1741,1785,1835]}
27.168	{"type":"imu","dev":"node-01","seq":1625,"t0":172630,"fs":100,"samples":[[0.011,0.947,0.164,-1.20,-3.79,-5.71,-2.43,82.17],[0.010,0.981,0.167,9.71,-5.07,-6.32,-2.44,82.23],[0.016,0.995,0.165,9.89,-7.69,-7.11,-2.49,82.29],[0.028,1.022,0.157,9.96,-10.43,-8.21,-2.57,82.37],[0.037,1.020,0.160,6.24,-16.35,-7.84,-2.72,82.40],[0.049,1.010,0.138,4.96,-18.42,-7.72,-2.90,82.45],[0.036,0.962,0.070,-5.11,-17.99,-8.76,-3.06,82.47],[0.061,0.998,0.198,2.88,-24.58,-6.93,-3.31,82.42],[0.093,0.990,0.098,2.21,-27.20,-6.69,-3.63,82.48],[0.056,0.957,0.157,-17.42,-27.69,-7.11,-3.88,82.28]]}
27.253	{"type":"ecg","dev":"node-01","seq":1712,"t0":172713,"fs":250,"leads_off":false,"bpm":102.9,"samples":[1863,1876,1870,1849,1850,1862,1875,1887,1885,1887,1883,1857,1867,1900,1921,1947,1962,1949,1929,1929,1923,1923,1942,1982,2042]}
27.269	{"type":"imu","dev":"node-01","seq":1626,"t0":172730,"fs":100,"samples":[[0.081,0.971,0.107,-11.32,-30.86,-6.87,-4.20,82.20],[0.092,0.970,0.109,-14.31,-28.48,-9.61,-4.50,82.09],[0.101,0.977,0.172,-19.07,-28.36,-11.87,-4.81,81.86],[0.118,0.963,0.139,-21.81,-30.25,-15.04,-5.15,81.64],[0.122,0.945,0.120,-25.29,-30.25,-16.26,-5.49,81.42],[0.115,0.926,0.123,-28.82,-31.53,-16.99,-5.82,81.16],[0.104,0.915,0.149,-24.74,-34.21,-14.98,-6.17,80.90],[0.101,0.966,0.140,-16.87,-37.57,-13.09,-6.53,80.76],[0.103,1.001,0.105,-16.51,-39.46,-13.51,-6.92,80.65],[0.096,1.057,0.096,-17.24,-40.74,-15.77,-7.27,80.57]]}
27.353	{"type":"ecg","dev":"node-01","seq":1713,"t0":172813,"fs":250,"leads_off":false,"bpm":102.9,"samples":[2077,2033,2001,2022,2083,2137,2146,2161,2161,2151,2160,2144,2114,2081,2060,2022,1983,1923,1840,1807,1841,1850,1823,1751,1666]}
27.368	{"type":"imu","dev":"node-01","seq":1627,"t0":172830,"fs":100,"samples":[[0.049,0.996,0.181,-10.84,-38.79,-12.90,-7.56,80.45],[0.027,0.977,0.198,-3.09,-40.80,-9.49,-7.84,80.38],[-0.007,0.977,0.160,-1.75,-40.43,-7.05,-8.07,80.37],[-0.028,1.006,0.137,-12.12,-40.37,-10.34,-8.27,80.29],[-0.037,1.027,0.133,-14.74,-39.34,-13.51,-8.46,80.19],[-0.023,1.062,0.110,-12.61,-39.95,-19.80,-8.65,80.15],[-0.021,1.056,0.131,-5.78,-40.74,-21.20,-8.86,80.15],[-0.019,1.048,0.146,-1.45,-41.53,-21.01,-9.06,80.17],[-0.044,0.967,0.158,-1.20,-41.65,-16.44,-9.26,80.17],[-0.098,0.873,0.150,-4.62,-42.38,-9.25,-9.34,80.13]]}
27.453	{"type":"ecg","dev":"node-01","seq":1714,"t0":172913,"fs":250,"leads_off":false,"bpm":102.9,"samples":[1626,1664,1723,1760,1761,1759,1777,1808,1802,1770,1765,1766,1756,1745,1764,1806,1846,1877,1840,1769,1703,1697,1751,1806,1827]}
27.469	{"type":"imu","dev":"node-01","seq":1628,"t0":172930,"fs":100,"samples":[[-0.118,0.868,0.174,-3.95,-41.41,-4.98,-9.41,80.06],[-0.126,0.919,0.026,-10.04,-39.09,-0.40,-9.45,80.13],[-0.163,0.967,-0.020,-19.50,-32.08,-4.43,-9.38,80.16],[-0.169,1.040,-0.040,-13.09,-30.49,-6.38,-9.31,80.27],[-0.175,1.129,0.052,13.68,-23.12,-12.54,-9.18,80.55],[-0.170,1.093,0.232,44.96,-24.34,-10.89,-9.06,80.93],[-0.125,1.122,0.257,58.43,-28.24,-11.20,-9.03,81.43],[-0.085,1.144,0.212,45.50,-29.82,-12.48,-9.06,81.84],[-0.059,1.114,0.176,4.77,-32.38,-18.88,-9.15,81.87],[-0.010,1.068,0.158,-17.30,-34.40,-19.49,-9.28,81.70]]}
27.553	{"type":"ecg","dev":"node-01","seq":1715,"t0":173013,"fs":250,"leads_off":false,"bpm":102.9,"samples":[1819,1794,1766,1758,1735,1710,1682,1682,1699,1719,1721,1702,1675,1658,1670,1687,1694,1719,1750,1734,1767,1750,1701,1680,1654]}
27.568	{"type":"imu","dev":"node-01","seq":1629,"t0":173030,"fs":100,"samples":[[0.014,1.055,0.149,-17.97,-36.23,-15.47,-9.46,81.53],[0.025,1.019,0.147,-9.43,-39.03,-3.88,-9.68,81.44],[0.007,1.009,0.178,-0.11,-35.68,7.46,-9.85,81.41],[-0.024,1.005,0.188,-2.30,-34.70,11.36,-9.96,81.35],[-0.055,0.994,0.192,-13.46,-29.34,9.23,-9.99,81.17],[-0.062,0.964,0.181,-24.56,-24.46,4.66,-9.96,80.90],[-0.066,0.952,0.179,-29.07,-19.46,-0.22,-9.87,80.58],[-0.082,0.938,0.157,-26.57,-15.49,-3.51,-9.72,80.32],[-0.065,0.930,0.150,-19.13,-13.48,-6.20,-9.59,80.13],[-0.063,0.928,0.146,-15.78,-14.09,-5.47,-9.45,80.00]]}
27.653	{"type":"ecg","dev":"node-01","seq":1716,"t0":173113,"fs":250,"leads_off":false,"bpm":102.9,"samples":[1650,1666,1729,1792,1847,1835,1790,1804,1842,1842,1873,1936,1914,1849,1779,1744,1709,1664,1612,1603,1636,1612,1535,1498,1478]}
27.668	{"type":"imu","dev":"node-01","seq":1630,"t0":173130,"fs":100,"samples":[[-0.043,0.920,0.146,-12.54,-14.52,-4.98,-9.35,79.90],[-0.013,0.911,0.138,-11.20,-15.07,-2.78,-9.30,79.82],[-0.019,0.921,0.134,-9.19,-13.54,-0.77,-9.22,79.77],[-0.044,0.935,0.152,-0.04,-12.69,3.50,-9.11,79.79],[-0.052,0.969,0.187,11.97,-10.98,6.85,-8.97,79.89],[-0.055,0.996,0.212,16.54,-11.29,8.25,-8.84,80.02],[-0.046,1.016,0.203,17.88,-11.10,7.16,-8.72,80.17],[-0.049,1.012,0.212,2.58,-9.52,4.72,-8.59,80.15],[-0.050,0.993,0.153,1.05,-8.97,3.92,-8.45,80.18],[-0.040,0.988,0.174,-4.31,-7.51,4.23,-8.31,80.14]]}
27.753	{"type":"ecg","dev":"node-01","seq":1717,"t0":173213,"fs":250,"leads_off":false,"bpm":99.3,"samples":[1486,1507,1535,1559,1583,1585,1582,1501,1393,1345,1500,1750,2030,2335,2663,3161,3295,2799,1984,1138,737,787,914,939,976]}
27.768	{"type":"imu","dev":"node-01","seq":1631,"t0":173230,"fs":100,"samples":[[-0.027,0.972,0.160,-7.91,-6.04,5.02,-8.17,80.07],[-0.029,0.962,0.179,-10.78,-2.87,8.56,-8.00,79.95],[-0.043,0.952,0.187,-9.31,-1.53,9.41,-7.80,79.84],[-0.043,0.958,0.189,-9.43,0.42,10.08,-7.59,79.73],[-0.047,0.935,0.183,-17.24,2.49,11.61,-7.36,79.54],[-0.061,0.915,0.183,-18.58,3.23,10.39,-7.11,79.35],[-0.067,0.909,0.161,-14.86,2.92,11.67,-6.85,79.21],[-0.088,0.920,0.169,-11.69,3.77,12.58,-6.57,79.11],[-0.088,0.900,0.083,-9.68,7.92,10.88,-6.25,79.12],[-0.117,0.886,0.074,-13.46,11.70,10.51,-5.86,79.11]]}
27.853	{"type":"ecg","dev":"node-01","seq":1718,"t0":173313,"fs":250,"leads_off":false,"bpm":99.3,"samples":[1091,1273,1461,1619,1689,1680,1662,1679,1702,1729,1747,1746,1749,1747,1744,1786,1834,1850,1827,1815,1827,1842,1871,1904,1914]}
27.868	{"type":"imu","dev":"node-01","seq":1632,"t0":173330,"fs":100,"samples":[[-0.083,0.923,0.194,2.03,6.40,10.14,-5.58,79.12],[-0.082,0.870,0.066,-1.51,8.35,8.07,-5.28,79.23],[-0.105,0.859,0.162,-6.81,8.23,8.56,-4.96,79.17],[-0.075,0.874,0.106,1.97,6.76,10.39,-4.70,79.26],[-0.066,0.871,0.141,-0.35,11.09,9.53,-4.41,79.29],[-0.046,0.936,0.140,0.81,12.43,8.19,-4.14,79.34],[-0.028,1.041,0.071,2.64,19.20,1.18,-3.84,79.50],[-0.027,1.075,0.137,10.99,23.84,-2.84,-3.50,79.68],[-0.013,1.104,0.171,19.65,24.26,-4.37,-3.17,79.91],[-0.036,1.083,0.208,27.46,25.18,-1.50,-2.83,80.15]]}
27.953	{"type":"ecg","dev":"node-01","seq":1719,"t0":173413,"fs":250,"leads_off":false,"bpm":99.3,"samples":[1920,1923,1927,1919,1919,1968,2005,2068,2031,2014,2014,2003,2011,2026,2032,2064,2073,2098,2147,2148,2151,2135,2097,2054,2023]}
27.968	{"type":"imu","dev":"node-01","seq":1633,"t0":173430,"fs":100,"samples":[[-0.020,1.183,0.133,23.31,22.74,-0.47,-2.53,80.45],[-0.011,1.201,0.108,13.00,22.07,-3.09,-2.26,80.66],[0.031,1.263,0.103,4.35,20.18,-6.44,-2.04,80.80],[0.103,1.169,0.091,4.53,21.88,-5.65,-1.89,80.94],[0.104,1.044,0.124,5.38,19.69,-1.50,-1.77,81.04],[0.164,0.940,0.311,17.33,13.04,10.33,-1.79,81.02],[0.218,0.893,0.198,18.07,7.98,15.88,-1.95,81.13],[0.234,0.865,0.117,3.80,3.96,17.40,-2.17,81.19],[0.213,0.852,0.052,-13.95,1.21,16.30,-2.39,81.15],[0.207,0.838,0.064,-12.48,4.38,16.79,-2.58,81.12]]}
28.053	{"type":"ecg","dev":"node-01","seq":1720,"t0":173513,"fs":250,"leads_off":false,"bpm":99.3,"samples":[2019,1991,1954,1926,1891,1861,1823,1814,1815,1810,1833,1839,1842,1840,1825,1807,1792,1819,1855,1867,1847,1809,1817,1835,1846]}
28.068	{"type":"imu","dev":"node-01","seq":1634,"t0":173530,"fs":100,"samples":[[0.176,0.903,0.041,5.63,14.20,20.02,-2.61,81.30],[0.149,0.985,0.021,17.94,16.64,18.01,-2.57,81.63],[0.066,1.020,0.109,34.89,27.19,9.96,-2.32,82.02],[0.027,0.998,0.285,56.85,31.46,9.23,-2.00,82.41],[0.018,1.021,0.245,64.83,29.93,8.80,-1.68,82.93],[0.001,1.053,0.170,42.64,28.53,4.35,-1.37,83.31],[-0.011,1.087,0.144,13.07,21.88,-0.65,-1.12,83.42],[0.000,1.090,0.144,4.53,17.68,-3.94,-0.92,83.44],[0.042,1.085,0.162,2.33,8.71,-6.69,-0.86,83.43],[0.053,1.062,0.173,6.18,1.88,-5.10,-0.88,83.43]]}
28.153	{"type":"ecg","dev":"node-01","seq":1721,"t0":173613,"fs":250,"leads_off":false,"bpm":99.3,"samples":[1840,1808,1783,1812,1843,1861,1845,1823,1812,1806,1815,1827,1847,1851,1808,1755,1742,1765,1773,1757,1767,1804,1807,1777,1757]}
28.168	{"type":"imu","dev":"node-01","seq":1635,"t0":173630,"fs":100,"samples":[[0.060,1.054,0.191,5.87,0.73,-3.82,-0.92,83.42],[0.061,1.040,0.220,-0.23,0.48,-3.15,-0.96,83.31],[0.045,1.006,0.194,-9.19,0.91,-4.19,-0.99,83.13],[0.043,0.987,0.188,-14.62,2.31,-3.15,-0.99,82.91],[0.029,0.941,0.185,-18.82,2.98,-1.26,-0.98,82.65],[0.040,0.934,0.167,-12.97,2.98,-1.32,-0.98,82.46],[0.045,0.942,0.171,-10.11,2.49,-1.08,-0.99,82.31],[0.030,0.949,0.181,-6.45,-0.01,-2.54,-1.00,82.18],[0.021,0.961,0.162,-6.02,-2.57,-7.36,-1.03,82.09],[0.003,0.950,0.144,-9.19,-5.74,-10.53,-1.07,81.99]]}
28.253	{"type":"ecg","dev":"node-01","seq":1722,"t0":173713,"fs":250,"leads_off":false,"bpm":99.3,"samples":[1761,1765,1765,1767,1776,1840,1918,1965,1970,1981,2011,2032,2069,2084,2065,2014,1968,1930,1902,1847,1778,1719,1709,1713,1733]}
28.268	{"type":"imu","dev":"node-01","seq":1636,"t0":173730,"fs":100,"samples":[[0.003,0.947,0.138,-9.31,-6.47,-11.20,-1.11,81.89],[0.009,0.958,0.146,-2.42,-9.40,-9.86,-1.19,81.85],[0.014,0.955,0.151,5.38,-12.20,-10.04,-1.31,81.89],[0.013,0.968,0.166,8.98,-12.69,-9.00,-1.42,81.95],[0.022,0.990,0.176,10.69,-15.25,-9.12,-1.57,82.01],[0.041,0.994,0.187,9.16,-19.03,-9.49,-1.77,82.05],[0.035,0.995,0.184,6.48,-20.43,-9.80,-1.97,82.06],[0.047,0.989,0.161,1.91,-25.07,-8.82,-2.23,82.05],[0.054,0.980,0.159,-2.42,-29.27,-8.64,-2.55,82.00],[0.056,0.980,0.148,-3.28,-29.27,-8.82,-2.84,81.96]]}
28.353	{"type":"ecg","dev":"node-01","seq":1723,"t0":173813,"fs":250,"leads_off":false,"bpm":97.4,"samples":[1695,1674,1679,1711,1765,1819,1835,1833,1811,1792,1670,1570,1675,1909,2192,2503,2837,3294,3420,2861,2063,1196,755,791,944]}
28.368	{"type":"imu","dev":"node-01","seq":1637,"t0":173830,"fs":100,"samples":[[0.057,0.966,0.152,-6.57,-32.57,-8.45,-3.17,81.88],[0.068,0.967,0.136,-9.68,-34.27,-8.88,-3.52,81.78],[0.071,0.953,0.150,-12.54,-34.82,-10.16,-3.87,81.64],[0.081,0.941,0.129,-13.52,-35.25,-9.92,-4.24,81.52],[0.074,0.907,0.122,-14.31,-37.63,-10.89,-4.62,81.40],[0.078,0.900,0.122,-12.42,-39.03,-10.77,-5.00,81.30],[0.090,0.897,0.148,-10.53,-40.43,-11.99,-5.41,81.18],[0.104,0.931,0.178,-6.14,-44.82,-12.72,-5.87,81.08],[0.121,0.969,0.167,-2.79,-47.45,-14.86,-6.38,81.03],[0.133,0.970,0.150,-2.73,-47.93,-14.73,-6.85,81.01]]}
28.453	{"type":"ecg","dev":"node-01","seq":1724,"t0":173913,"fs":250,"leads_off":false,"bpm":97.4,"samples":[1008,1068,1223,1445,1626,1744,1794,1793,1782,1766,1757,1703,1703,1758,1799,1826,1829,1891,1934,1915,1867,1871,1881,1871,1857]}
28.468	{"type":"imu","dev":"node-01","seq":1638,"t0":173930,"fs":100,"samples":[[0.110,0.981,0.173,-7.97,-51.41,-16.56,-7.35,80.91],[0.162,1.129,0.074,3.86,-55.43,-17.42,-7.90,81.06],[0.152,1.112,-0.030,-3.40,-55.49,-18.64,-8.45,81.23],[0.069,1.095,0.074,-2.91,-56.77,-11.44,-8.90,81.30],[0.038,1.067,0.095,8.43,-52.38,-5.40,-9.28,81.46],[0.015,1.048,0.107,12.03,-53.60,-2.42,-9.64,81.63],[-0.023,1.032,0.210,16.18,-56.84,-1.93,-9.98,81.73],[-0.016,0.957,0.226,-4.25,-61.41,-7.84,-10.36,81.58],[-0.016,0.883,0.196,-14.01,-65.62,-8.70,-10.80,81.36],[-0.006,0.839,0.158,-21.02,-77.75,-9.49,-11.31,81.12]]}
28.553	{"type":"ecg","dev":"node-01","seq":1725,"t0":174013,"fs":250,"leads_off":false,"bpm":97.4,"samples":[1843,1836,1871,1915,1904,1905,1904,1954,1984,1999,2000,1993,2000,2009,2021,2004,1983,1976,1973,1974,1994,1997,1966,1919,1871]}
28.569	{"type":"imu","dev":"node-01","seq":1639,"t0":174030,"fs":100,"samples":[[0.029,0.962,0.013,-26.93,-78.73,-13.58,-11.89,81.02],[0.007,0.985,-0.069,-32.00,-75.13,-17.17,-12.39,80.97],[-0.099,0.838,0.028,-29.86,-64.52,-17.72,-12.65,80.82],[-0.200,0.857,0.058,11.24,-50.07,-6.99,-12.62,81.03],[-0.315,0.972,0.012,33.19,-32.20,-1.50,-12.33,81.52],[-0.344,1.086,0.024,42.64,-26.47,-2.17,-11.99,82.08],[-0.343,1.189,0.143,63.13,-18.85,-15.04,-11.61,82.73],[-0.184,1.215,0.088,76.66,-26.16,-32.72,-11.46,83.54],[-0.108,1.204,0.090,60.87,-31.04,-41.26,-11.45,84.20],[-0.009,1.181,0.132,15.99,-41.77,-50.22,-11.60,84.34]]}
28.653	{"type":"ecg","dev":"node-01","seq":1726,"t0":174113,"fs":250,"leads_off":false,"bpm":97.4,"samples":[1840,1806,1744,1671,1625,1607,1581,1511,1459,1429,1418,1408,1424,1453,1468,1443,1406,1390,1389,1359,1363,1395,1405,1411,1424]}
28.669	{"type":"imu","dev":"node-01","seq":1640,"t0":174130,"fs":100,"samples":[[0.079,1.126,0.108,-7.42,-50.80,-48.15,-11.95,84.27],[0.123,1.103,0.086,-14.31,-53.36,-39.73,-12.36,84.16],[0.178,1.035,0.088,-18.34,-50.13,-16.69,-12.80,84.00],[0.171,0.998,0.202,-5.04,-44.76,10.27,-13.17,83.84],[0.162,0.996,0.184,2.21,-41.47,20.45,-13.50,83.77],[0.079,0.987,0.181,-6.45,-34.95,32.16,-13.66,83.63],[-0.007,0.953,0.199,-18.64,-29.76,33.74,-13.67,83.34],[-0.025,0.956,0.187,-19.37,-27.57,32.40,-13.64,83.06],[-0.070,0.941,0.137,-23.58,-21.29,24.29,-13.50,82.79],[-0.114,0.918,0.137,-31.08,-15.31,12.64,-13.23,82.47]]}
28.753	{"type":"ecg","dev":"node-01","seq":1727,"t0":174213,"fs":250,"leads_off":false,"bpm":97.4,"samples":[1411,1417,1411,1403,1417,1415,1371,1367,1425,1469,1473,1453,1467,1492,1535,1580,1573,1564,1532,1517,1499,1505,1579,1632,1618]}
28.768	{"type":"imu","dev":"node-01","seq":1641,"t0":174230,"fs":100,"samples":[[-0.128,0.919,0.135,-29.25,-13.36,8.19,-12.94,82.17],[-0.117,0.920,0.126,-15.90,-9.52,0.33,-12.63,82.01],[-0.092,0.938,0.145,-5.90,-8.42,-4.43,-12.35,81.94],[-0.079,0.947,0.151,0.87,-5.43,-4.98,-12.06,81.93],[-0.072,0.961,0.153,2.39,-3.60,-5.04,-11.77,81.93],[-0.056,0.978,0.172,-0.11,-2.87,-4.37,-11.50,81.89],[-0.042,1.004,0.167,1.24,-2.69,-3.15,-11.25,81.88],[-0.039,1.008,0.180,1.79,-3.36,-1.50,-11.01,81.86],[-0.016,1.007,0.175,2.39,-2.81,2.10,-10.81,81.85],[-0.023,1.016,0.177,-0.35,-0.49,7.58,-10.57,81.81]]}
28.853	{"type":"ecg","dev":"node-01","seq":1728,"t0":174313,"fs":250,"leads_off":false,"bpm":97.4,"samples":[1613,1634,1675,1765,1779,1763,1766,1767,1788,1836,1886,1898,1882,1793,1776,1793,1725,1601,1535,1535,1561,1535,1490,1444,1427]}
28.868	{"type":"imu","dev":"node-01","seq":1642,"t0":174330,"fs":100,"samples":[[-0.037,1.021,0.176,-4.07,0.66,7.40,-10.31,81.74],[-0.065,1.011,0.165,-7.36,4.44,9.47,-9.99,81.65],[-0.073,1.007,0.158,-11.32,6.70,7.28,-9.64,81.52],[-0.070,0.989,0.154,-15.29,6.94,6.12,-9.30,81.37],[-0.062,0.955,0.163,-18.70,6.94,3.80,-8.97,81.16],[-0.060,0.938,0.202,-18.03,7.49,1.18,-8.65,80.92],[-0.057,0.929,0.204,-18.52,9.08,0.94,-8.32,80.67],[-0.071,0.913,0.186,-19.13,10.66,0.63,-7.96,80.44],[-0.092,0.902,0.188,-21.87,8.84,1.24,-7.60,80.17],[-0.104,0.888,0.178,-21.45,9.81,0.69,-7.22,79.94]]}
28.953	{"type":"ecg","dev":"node-01","seq":1729,"t0":174413,"fs":250,"leads_off":false,"bpm":97.8,"samples":[1426,1437,1494,1485,1490,1478,1420,1296,1163,1227,1498,1813,2093,2369,2753,3109,2933,2270,1489,870,694,849,948,932,950]}
28.968	{"type":"imu","dev":"node-01","seq":1643,"t0":174430,"fs":100,"samples":[[-0.125,0.869,0.156,-17.85,9.75,3.13,-6.82,79.76],[-0.119,0.895,0.144,-9.62,11.34,4.96,-6.42,79.69],[-0.139,0.916,0.143,0.81,16.27,7.10,-5.96,79.73],[-0.147,0.944,0.124,6.54,18.59,6.12,-5.49,79.85],[-0.165,1.012,0.139,13.49,20.73,3.62,-4.99,80.03],[-0.142,1.152,0.082,21.42,21.34,-2.84,-4.54,80.35],[-0.138,1.173,0.083,22.09,23.47,-7.30,-4.09,80.68],[-0.131,1.138,0.166,25.69,21.64,-9.67,-3.66,80.95],[-0.046,1.113,0.085,26.18,17.68,-6.50,-3.36,81.31],[-0.051,1.147,0.000,16.97,19.38,-7.66,-3.06,81.65]]}
29.053	{"type":"ecg","dev":"node-01","seq":1730,"t0":174513,"fs":250,"leads_off":false,"bpm":97.8,"samples":[1072,1284,1531,1696,1713,1669,1648,1671,1685,1694,1703,1716,1715,1712,1756,1803,1814,1825,1810,1807,1839,1877,1911,1904,1918]}
29.068	{"type":"imu","dev":"node-01","seq":1644,"t0":174530,"fs":100,"samples":[[0.050,1.193,0.102,-2.00,12.43,-9.49,-2.93,81.70],[0.115,1.177,0.019,4.96,16.58,-10.65,-2.82,81.89],[0.125,1.133,0.091,3.31,16.09,-5.89,-2.73,82.00],[0.170,1.066,0.167,20.38,11.27,6.12,-2.74,82.18],[0.190,0.987,0.214,26.79,9.81,14.90,-2.81,82.35],[0.212,0.983,0.205,25.02,7.37,16.36,-2.92,82.51],[0.199,0.903,0.120,3.98,5.54,16.36,-3.05,82.55],[0.156,0.815,0.093,-12.30,6.34,20.94,-3.14,82.45],[0.109,0.795,0.053,-4.01,9.93,25.33,-3.13,82.48],[0.082,0.791,0.045,0.32,13.41,25.94,-3.06,82.57]]}
29.153	{"type":"ecg","dev":"node-01","seq":1731,"t0":174613,"fs":250,"leads_off":false,"bpm":97.8,"samples":[1919,1936,1962,2006,2059,2098,2112,2115,2109,2102,2090,2096,2120,2128,2127,2107,2075,2043,2032,2012,1986,1967,1936,1915,1878]}
29.168	{"type":"imu","dev":"node-01","seq":1645,"t0":174630,"fs":100,"samples":[[0.038,0.804,0.052,3.19,18.96,22.40,-2.87,82.68],[0.037,0.875,0.021,2.21,23.04,12.40,-2.64,82.82],[0.050,0.956,0.006,5.57,25.12,6.12,-2.40,83.01],[0.074,1.053,0.086,15.14,31.52,-9.92,-2.12,83.20],[0.088,0.984,0.161,41.79,32.62,-16.62,-1.86,83.56],[0.120,1.006,0.156,45.81,28.35,-17.36,-1.68,83.96],[0.119,1.066,0.107,31.85,22.43,-18.15,-1.55,84.28],[0.139,1.073,0.104,11.48,15.85,-13.94,-1.51,84.40],[0.128,1.072,0.099,4.65,12.31,-9.25,-1.49,84.45],[0.121,1.080,0.151,1.05,9.87,3.99,-1.50,84.41]]}
29.253	{"type":"ecg","dev":"node-01","seq":1732,"t0":174713,"fs":250,"leads_off":false,"bpm":97.8,"samples":[1827,1779,1756,1761,1762,1775,1792,1815,1833,1826,1829,1867,1915,1952,1948,1926,1905,1934,1940,1936,1922,1920,1953,1951,1964]}
29.268	{"type":"imu","dev":"node-01","seq":1646,"t0":174730,"fs":100,"samples":[[0.093,1.066,0.155,6.66,6.15,16.00,-1.50,84.43],[0.073,1.050,0.161,3.80,3.90,19.60,-1.51,84.40],[0.030,1.054,0.233,3.07,0.05,23.31,-1.52,84.29],[-0.010,1.028,0.178,-1.20,3.53,18.80,-1.44,84.20],[-0.016,1.007,0.175,-10.78,5.05,14.11,-1.34,84.01],[-0.032,0.941,0.173,-19.50,6.40,5.27,-1.22,83.73],[0.010,0.936,0.163,-16.45,7.07,-3.70,-1.13,83.50],[0.026,0.933,0.107,-19.01,7.37,-10.77,-1.07,83.31],[0.031,0.939,0.107,-22.24,8.35,-13.15,-1.00,83.09],[0.051,0.940,0.110,-18.46,5.48,-13.82,-0.99,82.92]]}
29.353	{"type":"ecg","dev":"node-01","seq":1733,"t0":174813,"fs":250,"leads_off":false,"bpm":97.8,"samples":[1943,1917,1922,1924,1915,1920,1918,1907,1900,1907,1937,1954,1960,1919,1904,1907,1938,1968,1954,1951,1921,1930,1927,1926,1920]}
29.368	{"type":"imu","dev":"node-01","seq":1647,"t0":174830,"fs":100,"samples":[[0.065,0.937,0.126,-12.42,3.96,-8.45,-1.01,82.79],[0.062,0.938,0.134,-10.35,3.41,-4.49,-1.03,82.67],[0.049,0.938,0.158,-6.87,1.09,1.18,-1.06,82.55],[0.040,0.953,0.150,-3.46,-1.47,3.56,-1.10,82.49],[0.039,0.954,0.156,-1.26,-1.96,3.86,-1.14,82.44],[0.032,0.962,0.145,2.46,-4.27,3.01,-1.20,82.45],[0.040,0.975,0.150,4.47,-7.02,0.39,-1.29,82.47],[0.053,0.978,0.162,4.53,-7.75,-0.77,-1.40,82.47],[0.046,0.984,0.154,7.76,-10.62,-3.76,-1.54,82.52],[0.041,1.002,0.161,10.57,-12.75,-6.26,-1.67,82.59]]}
29.453	{"type":"ecg","dev":"node-01","seq":1734,"t0":174913,"fs":250,"leads_off":false,"bpm":97.8,"samples":[1921,1917,1954,1965,1957,1960,1936,1937,1968,1979,1936,1919,1937,1984,2029,2095,2143,2160,2146,2128,2139,2166,2171,2146,2093]}
29.468	{"type":"imu","dev":"node-01","seq":1648,"t0":174930,"fs":100,"samples":[[0.035,1.009,0.166,11.54,-14.52,-5.40,-1.82,82.67],[0.028,1.023,0.162,9.10,-17.32,-6.62,-1.98,82.72],[0.023,1.016,0.161,3.31,-20.62,-6.26,-2.17,82.72],[0.012,1.014,0.159,1.18,-21.47,-6.38,-2.35,82.70],[0.019,0.999,0.148,-4.25,-26.16,-6.75,-2.58,82.63],[0.023,0.974,0.136,-9.50,-29.52,-7.60,-2.85,82.53],[0.029,0.940,0.126,-12.00,-35.01,-10.28,-3.17,82.41],[0.042,0.927,0.120,-11.08,-37.81,-10.95,-3.53,82.30],[0.065,0.906,0.115,-10.78,-40.37,-10.95,-3.95,82.20],[0.080,0.885,0.143,-14.50,-43.42,-13.51,-4.38,82.04]]}
29.553	{"type":"ecg","dev":"node-01","seq":1735,"t0":175013,"fs":250,"leads_off":false,"bpm":97.8,"samples":[2054,1998,1941,1893,1871,1867,1853,1814,1782,1711,1697,1739,1755,1738,1713,1670,1632,1609,1520,1417,1442,1654,1935,2153,2434]}
29.568	{"type":"imu","dev":"node-01","seq":1649,"t0":175030,"fs":100,"samples":[[0.104,0.892,0.129,-13.21,-44.46,-13.88,-4.86,81.90],[0.113,0.888,0.119,-11.20,-44.52,-14.61,-5.34,81.80],[0.116,0.894,0.121,-8.03,-46.29,-15.59,-5.84,81.73],[0.115,0.900,0.128,-5.29,-47.45,-14.43,-6.33,81.69],[0.111,0.904,0.133,0.02,-48.91,-12.66,-6.82,81.68],[0.115,0.957,0.120,-1.75,-49.76,-11.75,-7.31,81.69],[0.137,1.025,0.100,-1.75,-49.46,-11.93,-7.80,81.73],[0.128,1.108,0.060,-2.42,-46.71,-16.26,-8.23,81.81],[0.114,1.107,0.165,12.82,-45.56,-14.80,-8.65,81.93],[0.118,1.106,0.229,18.31,-45.74,-13.58,-9.02,82.03]]}
29.653	{"type":"ecg","dev":"node-01","seq":1736,"t0":175113,"fs":250,"leads_off":false,"bpm":93.9,"samples":[2851,3235,2980,2285,1458,786,690,835,946,967,974,1099,1226,1375,1479,1556,1653,1780,1790,1776,1792,1824,1825,1826,1810]}
29.668	{"type":"imu","dev":"node-01","seq":1650,"t0":175130,"fs":100,"samples":[[0.086,1.124,0.254,21.97,-47.08,-8.58,-9.39,82.15],[0.053,1.188,0.162,7.46,-49.82,-9.37,-9.74,82.23],[0.048,1.235,0.118,-4.13,-49.27,-12.23,-10.08,82.23],[0.001,1.226,-0.021,-11.87,-41.35,-17.17,-10.28,82.29],[-0.048,1.076,0.216,1.54,-45.13,-10.65,-10.47,82.24],[-0.109,0.929,0.172,15.20,-45.25,0.45,-10.57,82.33],[-0.155,0.896,0.184,5.38,-48.06,4.84,-10.64,82.30],[-0.184,0.831,0.057,-14.98,-50.25,5.08,-10.66,82.23],[-0.185,0.778,0.046,-36.93,-49.27,-1.99,-10.69,81.94],[-0.178,0.772,0.054,-35.84,-46.23,-6.26,-10.65,81.69]]}
29.753	{"type":"ecg","dev":"node-01","seq":1737,"t0":175213,"fs":250,"leads_off":false,"bpm":93.9,"samples":[1813,1819,1845,1891,1898,1921,1947,1974,1971,1971,1982,1983,1975,1979,1975,1994,2006,2038,2065,2046,2037,2060,2061,2037,2022]}
29.769	{"type":"imu","dev":"node-01","seq":1651,"t0":175230,"fs":100,"samples":[[-0.149,0.792,-0.031,-28.34,-34.82,-10.83,-10.57,81.62],[-0.149,0.836,-0.031,-23.21,-25.98,-17.66,-10.41,81.60],[-0.162,0.901,-0.019,-9.19,-22.69,-18.39,-10.22,81.70],[-0.135,1.057,0.058,30.93,-15.13,-19.49,-10.02,82.11],[-0.110,1.049,0.201,61.48,-9.15,-19.43,-9.79,82.65],[-0.084,1.058,0.181,69.10,-10.31,-17.23,-9.60,83.28],[-0.040,1.074,0.076,54.16,-14.82,-13.76,-9.52,83.87],[-0.043,1.107,0.057,12.94,-25.49,-10.40,-9.53,84.06],[-0.039,1.089,0.056,-4.86,-34.58,-6.14,-9.65,84.07],[-0.024,1.089,0.053,-0.71,-40.25,-0.59,-9.81,84.12]]}
29.853	{"type":"ecg","dev":"node-01","seq":1738,"t0":175313,"fs":250,"leads_off":false,"bpm":93.9,"samples":[2019,2033,2045,2045,2034,2020,2000,1996,1968,1893,1811,1798,1808,1782,1765,1758,1744,1728,1712,1685,1691,1705,1718,1715,1712]}
29.868	{"type":"imu","dev":"node-01","seq":1652,"t0":175330,"fs":100,"samples":[[-0.012,1.072,0.123,9.83,-44.40,10.45,-10.04,84.21],[-0.001,1.069,0.129,11.42,-46.35,16.18,-10.29,84.30],[-0.035,1.052,0.176,7.64,-44.70,22.58,-10.49,84.30],[-0.049,1.032,0.172,-4.50,-38.12,21.42,-10.60,84.18],[-0.061,0.980,0.155,-19.74,-29.95,13.44,-10.61,83.92],[-0.051,0.948,0.125,-27.91,-27.14,10.57,-10.60,83.62],[-0.054,0.912,0.166,-35.04,-21.23,5.39,-10.53,83.20],[-0.012,0.914,0.134,-23.28,-16.41,4.41,-10.46,82.94],[-0.016,0.917,0.110,-20.23,-13.48,3.56,-10.37,82.74],[-0.000,0.933,0.148,-16.93,-10.07,3.56,-10.26,82.54]]}
29.953	{"type":"ecg","dev":"node-01","seq":1739,"t0":175413,"fs":250,"leads_off":false,"bpm":93.9,"samples":[1727,1747,1747,1733,1719,1722,1711,1713,1722,1739,1744,1746,1737,1719,1730,1749,1757,1757,1771,1757,1767,1724,1695,1684,1735]}
29.968	{"type":"imu","dev":"node-01","seq":1653,"t0":175430,"fs":100,"samples":[[0.010,0.954,0.171,-11.93,-8.48,4.35,-10.15,82.37],[0.005,0.956,0.186,-9.98,-7.26,4.66,-10.02,82.20],[0.005,0.966,0.175,-0.71,-4.15,7.89,-9.87,82.15],[-0.031,0.996,0.174,2.52,-2.45,10.45,-9.66,82.13],[-0.043,1.000,0.164,2.03,-2.08,10.14,-9.44,82.12],[-0.044,1.014,0.150,7.70,-0.25,10.39,-9.20,82.19],[-0.039,1.027,0.136,8.31,3.10,10.51,-8.95,82.27],[-0.051,1.028,0.125,8.25,4.14,11.55,-8.67,82.37],[-0.067,1.015,0.121,4.77,7.80,10.02,-8.34,82.44],[-0.072,1.014,0.126,1.72,10.79,8.07,-7.99,82.46]]}
30.053	{"type":"ecg","dev":"node-01","seq":1740,"t0":175513,"fs":250,"leads_off":false,"bpm":93.9,"samples":[1806,1820,1808,1807,1734,1737,1754,1771,1767,1750,1761,1765,1787,1798,1810,1839,1860,1894,1938,1989,2017,1957,1883,1904,1975]}
30.069	{"type":"imu","dev":"node-01","seq":1654,"t0":175530,"fs":100,"samples":[[-0.063,1.015,0.131,-2.06,12.31,6.97,-7.64,82.45],[-0.058,1.016,0.125,-4.50,12.37,6.18,-7.30,82.41],[-0.054,0.992,0.132,-11.08,11.70,5.69,-6.98,82.30],[-0.050,0.971,0.113,-11.87,10.54,7.10,-6.68,82.21],[-0.052,0.959,0.115,-12.79,10.36,8.68,-6.38,82.10],[-0.054,0.935,0.108,-12.79,11.34,10.27,-6.08,82.00],[-0.060,0.908,0.094,-14.98,12.68,12.83,-5.76,81.90],[-0.062,0.896,0.093,-13.70,13.16,12.58,-5.44,81.81],[-0.066,0.866,0.099,-14.25,16.64,11.12,-5.07,81.70],[-0.072,0.873,0.079,-11.75,19.32,11.49,-4.69,81.65]]}
30.153	{"type":"ecg","dev":"node-01","seq":1741,"t0":175613,"fs":250,"leads_off":false,"bpm":93.9,"samples":[1990,1952,1862,1789,1713,1661,1661,1664,1685,1690,1621,1564,1533,1535,1552,1553,1591,1627,1630,1642,1603,1507,1423,1451,1680]}
30.253	{"type":"ecg","dev":"node-01","seq":1742,"t0":175713,"fs":250,"leads_off":false,"bpm":97.5,"samples":[1962,2203,2447,2800,3161,2975,2315,1497,804,627,778,912,976,1087,1213,1383,1616,1756,1775,1767,1773,1790,1818,1838,1858]}
30.353	{"type":"ecg","dev":"node-01","seq":1743,"t0":175813,"fs":250,"leads_off":false,"bpm":97.5,"samples":[1854,1866,1871,1904,1919,1956,1994,2018,2014,1997,2015,2074,2112,2128,2134,2161,2187,2217,2244,2252,2244,2246,2255,2247,2239]}
30.453	{"type":"ecg","dev":"node-01","seq":1744,"t0":175913,"fs":250,"leads_off":false,"bpm":97.5,"samples":[2240,2246,2240,2224,2207,2178,2176,2147,2094,2032,2000,1973,1936,1879,1802,1775,1744,1729,1725,1712,1703,1680,1663,1670,1712]}
30.553	{"type":"ecg","dev":"node-01","seq":1745,"t0":176013,"fs":250,"leads_off":false,"bpm":97.5,"samples":[1749,1763,1737,1717,1729,1760,1776,1776,1776,1774,1788,1807,1795,1784,1795,1809,1807,1782,1745,1722,1721,1696,1697,1718,1733]}
30.653	{"type":"ecg","dev":"node-01","seq":1746,"t0":176113,"fs":250,"leads_off":false,"bpm":97.5,"samples":[1735,1739,1713,1715,1706,1648,1650,1687,1707,1680,1699,1743,1767,1742,1715,1730,1790,1821,1855,1897,1927,1904,1819,1744,1719]}
30.753	{"type":"ecg","dev":"node-01","seq":1747,"t0":176213,"fs":250,"leads_off":false,"bpm":98.9,"samples":[1683,1646,1552,1472,1442,1454,1445,1408,1350,1295,1280,1291,1284,1328,1392,1441,1363,1189,1071,1213,1535,1887,2233,2559,2992]}
30.853	{"type":"ecg","dev":"node-01","seq":1748,"t0":176313,"fs":250,"leads_off":false,"bpm":98.9,"samples":[2973,2383,1635,947,685,802,939,968,999,1127,1343,1506,1638,1710,1737,1760,1744,1721,1731,1765,1803,1830,1824,1824,1827]}
30.952	{"type":"status","dev":"node-01","fw":"0.1.0","uptime_ms":176509,"ecg":{"fs":250},"imu":{"ok":true,"fs":100,"errors":941,"fields":["ax","ay","az","gx","gy","gz","pitch","roll"]}}
30.954	{"type":"ecg","dev":"node-01","seq":1749,"t0":176413,"fs":250,"leads_off":false,"bpm":98.9,"samples":[1833,1875,1919,1925,1905,1902,1923,1982,2037,2064,2011,2031,2064,2085,2064,2032,2021,2066,2081,2099,2093,2074,2078,2096,2093]}
31.053	{"type":"ecg","dev":"node-01","seq":1750,"t0":176513,"fs":250,"leads_off":false,"bpm":98.9,"samples":[2066,2036,2033,2017,1963,1929,1883,1851,1805,1746,1712,1664,1630,1565,1535,1565,1605,1621,1649,1662,1680,1653,1601,1617,1650]}
31.153	{"type":"ecg","dev":"node-01","seq":1751,"t0":176613,"fs":250,"leads_off":false,"bpm":98.9,"samples":[1647,1628,1618,1664,1683,1631,1601,1603,1634,1665,1713,1735,1728,1712,1671,1637,1629,1630,1616,1606,1600,1600,1593,1593,1599]}
31.253	{"type":"ecg","dev":"node-01","seq":1752,"t0":176713,"fs":250,"leads_off":false,"bpm":98.9,"samples":[1595,1554,1535,1558,1567,1584,1634,1693,1781,1860,1904,1925,1906,1889,1943,1927,1952,1941,1979,2003,1990,1936,1902,1797,1641]}
31.353	{"type":"ecg","dev":"node-01","seq":1753,"t0":176813,"fs":250,"leads_off":false,"bpm":99.7,"samples":[1623,1776,1841,1837,1788,1808,1866,1850,1795,1758,1754,1751,1712,1578,1462,1569,1864,2160,2435,2719,3177,3366,2862,2064,1281]}
31.453	{"type":"ecg","dev":"node-01","seq":1754,"t0":176913,"fs":250,"leads_off":false,"bpm":99.7,"samples":[819,881,1120,1212,1250,1335,1488,1651,1803,1899,1945,1956,1969,1983,1989,2006,2054,2082,2094,2105,2118,2105,2094,2032,1952]}
31.553	{"type":"ecg","dev":"node-01","seq":1755,"t0":177013,"fs":250,"leads_off":false,"bpm":99.7,"samples":[2000,2073,2118,2182,2242,2256,2301,2335,2350,2350,2371,2383,2361,2352,2350,2363,2379,2363,2329,2288,2256,2277,2306,2313,2285]}
31.653	{"type":"ecg","dev":"node-01","seq":1756,"t0":177113,"fs":250,"leads_off":false,"bpm":99.7,"samples":[2231,2176,2134,2091,2000,1946,1902,1845,1793,1777,1798,1798,1776,1775,1780,1777,1765,1794,1851,1849,1756,1713,1761,1813,1758]}
31.753	{"type":"ecg","dev":"node-01","seq":1757,"t0":177213,"fs":250,"leads_off":false,"bpm":99.7,"samples":[1671,1623,1659,1671,1681,1680,1695,1680,1673,1683,1705,1680,1636,1605,1616,1634,1632,1632,1663,1730,1749,1750,1759,1759,1807]}
31.853	{"type":"ecg","dev":"node-01","seq":1758,"t0":177313,"fs":250,"leads_off":false,"bpm":99.7,"samples":[1841,1855,1879,1904,1870,1799,1683,1603,1584,1493,1381,1326,1393,1422,1440,1408,1403,1392,1375,1387,1372,1387,1410,1355,1194]}
31.953	{"type":"ecg","dev":"node-01","seq":1759,"t0":177413,"fs":250,"leads_off":false,"bpm":101.3,"samples":[1023,1078,1359,1675,1942,2209,2627,2814,2405,1649,849,366,383,612,721,744,800,943,1131,1287,1360,1389,1411,1446,1467]}
32.053	{"type":"ecg","dev":"node-01","seq":1760,"t0":177513,"fs":250,"leads_off":false,"bpm":101.3,"samples":[1483,1499,1528,1577,1570,1535,1559,1633,1677,1683,1673,1679,1719,1778,1813,1824,1794,1763,1786,1845,1909,1968,2006,2017,2022]}
32.153	{"type":"ecg","dev":"node-01","seq":1761,"t0":177613,"fs":250,"leads_off":false,"bpm":101.3,"samples":[2011,1984,1971,1997,2032,2059,2064,2055,2027,2010,2000,1985,1961,1910,1874,1840,1810,1791,1745,1706,1695,1669,1691,1680,1679]}
32.253	{"type":"ecg","dev":"node-01","seq":1762,"t0":177713,"fs":250,"leads_off":false,"bpm":101.3,"samples":[1683,1682,1667,1678,1710,1712,1717,1713,1724,1753,1769,1761,1750,1749,1754,1765,1790,1782,1789,1806,1767,1796,1818,1847,1890]}
32.353	{"type":"ecg","dev":"node-01","seq":1763,"t0":177813,"fs":250,"leads_off":false,"bpm":111.3,"samples":[1870,1810,1776,1792,1836,1869,1879,1887,1914,1971,2031,2039,2061,2077,2089,2090,2068,2064,2080,2043,1981,1923,1927,1935,1872]}
32.453	{"type":"ecg","dev":"node-01","seq":1764,"t0":177913,"fs":250,"leads_off":false,"bpm":111.3,"samples":[1803,1776,1761,1743,1698,1707,1770,1782,1796,1825,1872,1888,1854,1725,1602,1597,1777,2063,2361,2675,3024,3466,3345,2637,1781]}
32.553	{"type":"ecg","dev":"node-01","seq":1765,"t0":178013,"fs":250,"leads_off":false,"bpm":111.3,"samples":[1008,780,911,1082,1182,1302,1445,1623,1783,1889,1926,1953,1963,1951,1937,1959,1997,2014,2035,2067,2098,2118,2128,2128,2135]}
32.653	{"type":"ecg","dev":"node-01","seq":1766,"t0":178113,"fs":250,"leads_off":false,"bpm":111.3,"samples":[2134,2160,2167,2188,2182,2176,2180,2192,2217,2239,2256,2267,2271,2288,2303,2310,2309,2314,2311,2305,2292,2300,2315,2331,2338]}
32.753	{"type":"ecg","dev":"node-01","seq":1767,"t0":178213,"fs":250,"leads_off":false,"bpm":111.3,"samples":[2310,2266,2219,2166,2123,2074,2003,1974,1943,1905,1855,1842,1831,1834,1847,1840,1803,1772,1776,1782,1808,1840,1819,1808,1841]}
32.853	{"type":"ecg","dev":"node-01","seq":1768,"t0":178313,"fs":250,"leads_off":false,"bpm":111.3,"samples":[1874,1862,1815,1749,1739,1779,1801,1791,1759,1738,1693,1657,1655,1622,1646,1680,1715,1691,1635,1615,1633,1693,1762,1783,1759]}
32.953	{"type":"ecg","dev":"node-01","seq":1769,"t0":178413,"fs":250,"leads_off":false,"bpm":111.3,"samples":[1728,1715,1733,1750,1730,1691,1653,1584,1504,1447,1376,1237,1116,1129,1231,1296,1290,1232,1175,1185,1232,1282,1328,1385,1428]}
33.053	{"type":"ecg","dev":"node-01","seq":1770,"t0":178513,"fs":250,"leads_off":false,"bpm":109.0,"samples":[1408,1306,1232,1333,1587,1870,2137,2434,2907,3109,2701,1938,1184,708,686,835,911,961,1086,1232,1394,1530,1655,1662,1632]}
33.153	{"type":"ecg","dev":"node-01","seq":1771,"t0":178613,"fs":250,"leads_off":false,"bpm":109.0,"samples":[1601,1629,1680,1728,1743,1742,1749,1792,1823,1839,1850,1842,1850,1878,1945,1999,2029,2038,2032,2032,2069,2087,2113,2131,2125]}
33.253	{"type":"ecg","dev":"node-01","seq":1772,"t0":178713,"fs":250,"leads_off":false,"bpm":109.0,"samples":[2129,2165,2198,2165,2121,2110,2118,2160,2195,2163,2083,2038,2032,2029,1998,1948,1905,1875,1842,1813,1798,1732,1671,1650,1665]}
33.353	{"type":"ecg","dev":"node-01","seq":1773,"t0":178813,"fs":250,"leads_off":false,"bpm":109.0,"samples":[1676,1664,1645,1638,1666,1688,1695,1712,1719,1729,1727,1669,1637,1653,1668,1648,1679,1706,1671,1639,1637,1655,1633,1603,1590]}
33.453	{"type":"ecg","dev":"node-01","seq":1774,"t0":178913,"fs":250,"leads_off":false,"bpm":109.0,"samples":[1595,1575,1584,1584,1552,1519,1513,1535,1515,1503,1563,1620,1664,1679,1680,1695,1707,1715,1755,1790,1817,1829,1794,1724,1680]}
33.553	{"type":"ecg","dev":"node-01","seq":1775,"t0":179013,"fs":250,"leads_off":false,"bpm":109.9,"samples":[1664,1631,1584,1519,1486,1472,1472,1463,1443,1438,1442,1467,1520,1553,1554,1530,1454,1342,1280,1393,1671,1969,2268,2588,3040]}
33.653	{"type":"ecg","dev":"node-01","seq":1776,"t0":179113,"fs":250,"leads_off":false,"bpm":109.9,"samples":[3165,2641,1857,1047,625,720,967,1094,1182,1328,1520,1711,1859,1933,1938,1920,1923,1938,1998,2029,2028,2064,2067,2074,2047]}
33.753	{"type":"ecg","dev":"node-01","seq":1777,"t0":179213,"fs":250,"leads_off":false,"bpm":109.9,"samples":[2058,2071,2091,2096,2107,2113,2131,2134,2151,2154,2139,2143,2161,2180,2203,2209,2245,2238,2220,2218,2224,2244,2263,2250,2224]}
33.853	{"type":"ecg","dev":"node-01","seq":1778,"t0":179313,"fs":250,"leads_off":false,"bpm":109.9,"samples":[2209,2225,2226,2187,2134,2100,2054,1968,1917,1886,1840,1792,1763,1735,1701,1673,1659,1680,1685,1680,1684,1698,1699,1661,1643]}
33.953	{"type":"ecg","dev":"node-01","seq":1779,"t0":179413,"fs":250,"leads_off":false,"bpm":109.9,"samples":[1648,1661,1679,1664,1642,1647,1655,1635,1621,1619,1631,1627,1647,1664,1638,1600,1586,1584,1585,1585,1589,1567,1535,1525,1507]}
34.053	{"type":"ecg","dev":"node-01","seq":1780,"t0":179513,"fs":250,"leads_off":false,"bpm":109.9,"samples":[1488,1498,1520,1557,1600,1656,1713,1739,1710,1693,1719,1787,1850,1858,1777,1674,1635,1594,1535,1504,1467,1424,1419,1388,1358]}
34.153	{"type":"ecg","dev":"node-01","seq":1781,"t0":179613,"fs":250,"leads_off":false,"bpm":110.3,"samples":[1345,1347,1372,1402,1422,1434,1439,1424,1383,1289,1242,1367,1630,1937,2289,2626,3005,2945,2347,1605,880,579,699,906,1039]}
34.253	{"type":"ecg","dev":"node-01","seq":1782,"t0":179713,"fs":250,"leads_off":false,"bpm":110.3,"samples":[1155,1295,1439,1618,1758,1794,1806,1801,1819,1856,1893,1899,1906,1894,1895,1910,1958,1983,2005,2012,2023,2064,2093,2125,2149]}
34.353	{"type":"ecg","dev":"node-01","seq":1783,"t0":179813,"fs":250,"leads_off":false,"bpm":110.3,"samples":[2165,2183,2214,2219,2204,2194,2229,2224,2255,2256,2271,2273,2276,2229,2229,2208,2192,2187,2176,2169,2150,2129,2112,2061,1998]}
34.453	{"type":"ecg","dev":"node-01","seq":1784,"t0":179913,"fs":250,"leads_off":false,"bpm":110.3,"samples":[1939,1899,1840,1810,1787,1748,1733,1730,1730,1733,1719,1717,1723,1727,1728,1756,1762,1759,1734,1744,1754,1758,1777,1775,1751]}
34.553	{"type":"ecg","dev":"node-01","seq":1785,"t0":180013,"fs":250,"leads_off":false,"bpm":110.3,"samples":[1764,1773,1775,1791,1789,1808,1840,1858,1824,1793,1824,1818,1777,1732,1717,1778,1869,1897,1872,1821,1781,1802,1904,2038,2092]}
34.653	{"type":"ecg","dev":"node-01","seq":1786,"t0":180113,"fs":250,"leads_off":false,"bpm":110.3,"samples":[2043,1984,1966,2001,2079,2112,2143,2133,2059,1963,1949,1879,1784,1700,1681,1714,1719,1667,1589,1568,1589,1631,1653,1653,1638]}
34.753	{"type":"ecg","dev":"node-01","seq":1787,"t0":180213,"fs":250,"leads_off":false,"bpm":109.5,"samples":[1633,1631,1601,1502,1488,1642,1913,2192,2480,2780,3227,3361,2831,2034,1245,863,962,1163,1228,1254,1340,1533,1735,1865,1895]}
34.853	{"type":"ecg","dev":"node-01","seq":1788,"t0":180313,"fs":250,"leads_off":false,"bpm":109.5,"samples":[1896,1907,1933,1934,1930,1949,1961,1989,2005,2015,2019,2017,2025,2032,2031,2000,2017,2115,2202,2215,2174,2148,2146,2176,2211]}
34.953	{"type":"ecg","dev":"node-01","seq":1789,"t0":180413,"fs":250,"leads_off":false,"bpm":109.5,"samples":[2182,2130,2130,2208,2242,2231,2221,2173,2087,2041,2095,2168,2222,2205,2122,2027,2005,1923,1895,1824,1762,1733,1722,1694,1605]}
35.053	{"type":"ecg","dev":"node-01","seq":1790,"t0":180513,"fs":250,"leads_off":false,"bpm":109.5,"samples":[1552,1593,1619,1629,1583,1553,1600,1651,1702,1718,1694,1687,1724,1697,1620,1562,1535,1567,1598,1585,1554,1519,1504,1520,1500]}
35.153	{"type":"ecg","dev":"node-01","seq":1791,"t0":180613,"fs":250,"leads_off":false,"bpm":109.5,"samples":[1463,1441,1439,1440,1460,1473,1479,1462,1435,1433,1463,1505,1565,1581,1561,1586,1653,1739,1776,1775,1771,1744,1648,1589,1634]}
35.253	{"type":"ecg","dev":"node-01","seq":1792,"t0":180713,"fs":250,"leads_off":false,"bpm":102.4,"samples":[1664,1610,1530,1463,1421,1367,1322,1295,1291,1306,1303,1299,1296,1327,1379,1387,1305,1155,1106,1283,1599,1891,2199,2503,2926]}
35.352	{"type":"ecg","dev":"node-01","seq":1793,"t0":180813,"fs":250,"leads_off":false,"bpm":102.4,"samples":[2960,2405,1571,758,443,579,800,896,937,1040,1258,1525,1670,1686,1695,1681,1664,1664,1667,1701,1745,1755,1773,1827,1871]}
35.453	{"type":"ecg","dev":"node-01","seq":1794,"t0":180913,"fs":250,"leads_off":false,"bpm":102.4,"samples":[1898,1899,1891,1904,1947,1991,1993,1968,1971,2001,2033,2047,2063,2065,2089,2107,2131,2128,2147,2147,2155,2131,2126,2112,2112]}
35.553	{"type":"ecg","dev":"node-01","seq":1795,"t0":181013,"fs":250,"leads_off":false,"bpm":102.4,"samples":[2096,2087,2085,2054,2032,1987,1920,1881,1840,1797,1757,1738,1731,1707,1658,1665,1685,1689,1667,1621,1618,1645,1675,1703,1683]}
35.653	{"type":"ecg","dev":"node-01","seq":1796,"t0":181113,"fs":250,"leads_off":false,"bpm":102.4,"samples":[1677,1668,1651,1690,1765,1774,1745,1713,1718,1748,1783,1769,1744,1718,1722,1742,1743,1728,1727,1712,1683,1712,1751,1766,1744]}
35.753	{"type":"ecg","dev":"node-01","seq":1797,"t0":181213,"fs":250,"leads_off":false,"bpm":102.4,"samples":[1744,1803,1887,1895,1853,1834,1872,1886,1899,1919,1937,1922,1835,1741,1681,1659,1630,1584,1535,1514,1501,1480,1472,1459,1462]}
35.853	{"type":"ecg","dev":"node-01","seq":1798,"t0":181313,"fs":250,"leads_off":false,"bpm":106.5,"samples":[1465,1474,1510,1557,1554,1552,1491,1392,1361,1535,1833,2119,2443,2834,3278,3183,2460,1609,832,567,737,970,1151,1291,1440]}
35.951	{"type":"status","dev":"node-01","fw":"0.1.0","uptime_ms":181509,"ecg":{"fs":250},"imu":{"ok":true,"fs":100,"errors":1441,"fields":["ax","ay","az","gx","gy","gz","pitch","roll"]}}
35.954	{"type":"ecg","dev":"node-01","seq":1799,"t0":181413,"fs":250,"leads_off":false,"bpm":106.5,"samples":[1601,1741,1826,1858,1869,1898,1911,1919,1901,1907,1936,1981,1997,1995,1993,2006,2013,2007,2022,2071,2139,2144,2143,2145,2166]}
36.053	{"type":"ecg","dev":"node-01","seq":1800,"t0":181513,"fs":250,"leads_off":false,"bpm":106.5,"samples":[2161,2180,2213,2242,2225,2209,2199,2218,2231,2204,2157,2201,2227,2192,2173,2225,2270,2252,2190,2138,2089,2023,1950,1856,1781]}
36.153	{"type":"ecg","dev":"node-01","seq":1801,"t0":181613,"fs":250,"leads_off":false,"bpm":106.5,"samples":[1759,1756,1767,1728,1713,1712,1703,1701,1709,1723,1722,1705,1680,1671,1675,1701,1712,1695,1663,1648,1619,1628,1653,1679,1663]}
36.253	{"type":"ecg","dev":"node-01","seq":1802,"t0":181713,"fs":250,"leads_off":false,"bpm":106.5,"samples":[1629,1615,1621,1618,1621,1598,1575,1584,1604,1615,1597,1591,1595,1600,1591,1610,1679,1776,1850,1856,1814,1805,1883,2000,2058]}
36.353	{"type":"ecg","dev":"node-01","seq":1803,"t0":181813,"fs":250,"leads_off":false,"bpm":106.5,"samples":[2011,1950,1889,1859,1839,1757,1643,1590,1579,1600,1599,1568,1522,1491,1488,1481,1477,1476,1473,1457,1385,1282,1239,1396,1686]}
36.453	{"type":"ecg","dev":"node-01","seq":1804,"t0":181913,"fs":250,"leads_off":false,"bpm":106.5,"samples":[1991,2304,2608,2967,2891,2288,1531,847,630,794,986,1059,1126,1275,1469,1656,1802,1876,1892,1881,1897,1926,1936,1947,1971]}
36.553	{"type":"ecg","dev":"node-01","seq":1805,"t0":182013,"fs":250,"leads_off":false,"bpm":106.5,"samples":[1983,1987,2003,2029,2071,2107,2115,2127,2129,2146,2159,2162,2160,2153,2176,2194,2211,2240,2283,2307,2295,2301,2303,2282,2258]}
36.653	{"type":"ecg","dev":"node-01","seq":1806,"t0":182113,"fs":250,"leads_off":false,"bpm":106.5,"samples":[2279,2295,2313,2295,2307,2315,2286,2218,2161,2129,2081,2040,2001,1967,1914,1867,1837,1811,1776,1763,1765,1779,1813,1825,1793]}
36.753	{"type":"ecg","dev":"node-01","seq":1807,"t0":182213,"fs":250,"leads_off":false,"bpm":106.5,"samples":[1786,1781,1778,1786,1799,1808,1807,1776,1750,1765,1781,1779,1774,1783,1778,1770,1733,1711,1709,1707,1707,1738,1750,1744,1722]}
36.853	{"type":"ecg","dev":"node-01","seq":1808,"t0":182313,"fs":250,"leads_off":false,"bpm":106.5,"samples":[1733,1745,1797,1853,1891,1897,1893,1887,1886,1907,1936,1949,1931,1853,1790,1783,1779,1712,1589,1510,1535,1600,1582,1521,1505]}
36.952	{"type":"ecg","dev":"node-01","seq":1809,"t0":182413,"fs":250,"leads_off":false,"bpm":107.3,"samples":[1518,1520,1516,1520,1558,1595,1584,1469,1359,1385,1594,1862,2128,2427,2787,3259,3291,2686,1792,1002,769,915,1071,1081,1119]}
37.052	{"type":"ecg","dev":"node-01","seq":1810,"t0":182513,"fs":250,"leads_off":false,"bpm":107.3,"samples":[1231,1391,1559,1680,1770,1799,1792,1792,1804,1837,1860,1859,1824,1823,1842,1883,1925,1959,2007,2027,2017,2046,2097,2095,2077]}
37.152	{"type":"ecg","dev":"node-01","seq":1811,"t0":182613,"fs":250,"leads_off":false,"bpm":107.3,"samples":[2027,1986,2001,2043,2100,2151,2180,2178,2145,2117,2111,2127,2135,2128,2082,2042,2067,2097,2079,2018,1968,1938,1908,1899,1875]}
37.252	{"type":"ecg","dev":"node-01","seq":1812,"t0":182713,"fs":250,"leads_off":false,"bpm":107.3,"samples":[1837,1811,1770,1719,1695,1684,1682,1648,1605,1615,1648,1676,1679,1655,1648,1664,1677,1680,1712,1702,1670,1643,1645,1695,1722]}
37.352	{"type":"ecg","dev":"node-01","seq":1813,"t0":182813,"fs":250,"leads_off":false,"bpm":107.3,"samples":[1697,1648,1600,1622,1668,1691,1687,1710,1742,1712,1707,1697,1706,1763,1809,1827,1808,1790,1793,1789,1793,1808,1834,1834,1783]}
37.453	{"type":"ecg","dev":"node-01","seq":1814,"t0":182913,"fs":250,"leads_off":false,"bpm":107.3,"samples":[1726,1682,1637,1599,1559,1513,1488,1488,1479,1437,1427,1442,1488,1486,1461,1430,1407,1408,1328,1223,1242,1456,1735,2074,2471]}
37.552	{"type":"ecg","dev":"node-01","seq":1815,"t0":183013,"fs":250,"leads_off":false,"bpm":108.4,"samples":[2931,3263,2912,2131,1244,581,472,653,816,959,1135,1311,1476,1615,1686,1694,1691,1682,1694,1729,1772,1814,1824,1802,1776]}
37.652	{"type":"ecg","dev":"node-01","seq":1816,"t0":183113,"fs":250,"leads_off":false,"bpm":108.4,"samples":[1789,1818,1843,1859,1862,1879,1898,1920,1924,1939,1964,1979,1985,1984,2011,2066,2099,2091,2076,2076,2095,2106,2103,2067,2034]}
37.752	{"type":"ecg","dev":"node-01","seq":1817,"t0":183213,"fs":250,"leads_off":false,"bpm":108.4,"samples":[2039,2058,2071,2061,2023,1991,1983,1958,1903,1850,1763,1715,1742,1734,1734,1731,1707,1701,1739,1703,1691,1739,1766,1774,1776]}
37.852	{"type":"ecg","dev":"node-01","seq":1818,"t0":183313,"fs":250,"leads_off":false,"bpm":108.4,"samples":[1795,1790,1793,1814,1819,1803,1792,1799,1797,1773,1779,1789,1776,1776,1779,1793,1774,1747,1736,1738,1759,1771,1776,1789,1828]}
37.952	{"type":"ecg","dev":"node-01","seq":1819,"t0":183413,"fs":250,"leads_off":false,"bpm":108.4,"samples":[1872,1907,1915,1918,1936,1986,2027,2043,2037,1985,1911,1857,1815,1777,1742,1699,1686,1686,1658,1600,1599,1600,1591,1582,1599]}
38.052	{"type":"ecg","dev":"node-01","seq":1820,"t0":183513,"fs":250,"leads_off":false,"bpm":109.2,"samples":[1633,1654,1667,1649,1572,1471,1491,1702,1978,2266,2605,3023,3490,3251,2457,1603,899,704,842,1008,1130,1250,1383,1552,1706]}
38.152	{"type":"ecg","dev":"node-01","seq":1821,"t0":183613,"fs":250,"leads_off":false,"bpm":109.2,"samples":[1753,1754,1765,1762,1787,1828,1850,1856,1847,1871,1904,1892,1899,1946,1996,2033,2038,2015,2006,2019,2047,2090,2117,2125,2118]}
38.252	{"type":"ecg","dev":"node-01","seq":1822,"t0":183713,"fs":250,"leads_off":false,"bpm":109.2,"samples":[2130,2153,2195,2202,2186,2158,2149,2153,2172,2173,2160,2149,2147,2157,2154,2130,2096,2047,1979,1954,1947,1930,1904,1847,1795]}
38.352	{"type":"ecg","dev":"node-01","seq":1823,"t0":183813,"fs":250,"leads_off":false,"bpm":109.2,"samples":[1769,1769,1769,1771,1797,1808,1813,1814,1772,1731,1735,1761,1778,1794,1796,1799,1831,1808,1783,1744,1728,1735,1744,1728,1728]}
38.452	{"type":"ecg","dev":"node-01","seq":1824,"t0":183913,"fs":250,"leads_off":false,"bpm":109.2,"samples":[1734,1779,1745,1719,1694,1680,1665,1642,1644,1603,1582,1605,1669,1749,1791,1763,1755,1766,1779,1779,1827,1892,1888,1815,1734]}
38.552	{"type":"ecg","dev":"node-01","seq":1825,"t0":184013,"fs":250,"leads_off":false,"bpm":109.2,"samples":[1674,1623,1565,1501,1429,1393,1367,1349,1370,1369,1370,1377,1371,1358,1360,1362,1373,1348,1248,1231,1418,1710,1981,2295,2678]}
38.652	{"type":"ecg","dev":"node-01","seq":1826,"t0":184113,"fs":250,"leads_off":false,"bpm":109.2,"samples":[3059,2871,2186,1404,755,605,786,950,1062,1181,1329,1480,1616,1675,1664,1609,1601,1703,1754,1734,1698,1680,1678,1745,1819]}
38.752	{"type":"ecg","dev":"node-01","seq":1827,"t0":184213,"fs":250,"leads_off":false,"bpm":109.2,"samples":[1843,1837,1831,1837,1861,1882,1862,1833,1888,1934,1945,1934,1993,2039,2058,2064,2062,2043,2057,2037,2002,1977,1975,1995,1997]}
38.852	{"type":"ecg","dev":"node-01","seq":1828,"t0":184313,"fs":250,"leads_off":false,"bpm":109.2,"samples":[1979,1986,1985,1965,1897,1868,1839,1793,1735,1699,1671,1657,1653,1618,1565,1535,1568,1600,1618,1633,1633,1626,1648,1648,1651]}
38.952	{"type":"ecg","dev":"node-01","seq":1829,"t0":184413,"fs":250,"leads_off":false,"bpm":109.2,"samples":[1643,1675,1703,1731,1765,1759,1759,1787,1803,1816,1854,1881,1887,1872,1866,1903,1963,1982,1968,1984,2003,2010,1995,1937,1890]}
39.052	{"type":"ecg","dev":"node-01","seq":1830,"t0":184513,"fs":250,"leads_off":false,"bpm":109.2,"samples":[1930,1998,2000,1956,1911,1911,1923,1935,1969,2000,2019,2005,1989,1976,1978,2035,2111,2128,2082,2005,1949,1894,1843,1812,1808]}
39.152	{"type":"ecg","dev":"node-01","seq":1831,"t0":184613,"fs":250,"leads_off":false,"bpm":108.5,"samples":[1809,1809,1774,1735,1696,1642,1653,1713,1766,1811,1815,1815,1781,1740,1639,1583,1665,1883,2139,2383,2635,3011,3155,2768,2082]}
39.252	{"type":"ecg","dev":"node-01","seq":1832,"t0":184713,"fs":250,"leads_off":false,"bpm":108.5,"samples":[1357,927,986,1225,1306,1284,1328,1445,1633,1810,1904,1904,1879,1873,1893,1906,1920,1943,1984,2013,2032,2027,2047,2073,2079]}
39.352	{"type":"ecg","dev":"node-01","seq":1833,"t0":184813,"fs":250,"leads_off":false,"bpm":108.5,"samples":[2039,2022,2014,2061,2112,2115,2098,2115,2170,2212,2214,2213,2209,2223,2241,2247,2227,2226,2225,2245,2265,2278,2262,2256,2248]}
39.452	{"type":"ecg","dev":"node-01","seq":1834,"t0":184913,"fs":250,"leads_off":false,"bpm":108.5,"samples":[2227,2206,2169,2117,2074,2025,1983,1950,1904,1872,1862,1821,1803,1809,1807,1802,1802,1777,1776,1782,1780,1767,1744,1712,1718]}
39.552	{"type":"ecg","dev":"node-01","seq":1835,"t0":185013,"fs":250,"leads_off":false,"bpm":108.5,"samples":[1748,1773,1756,1750,1744,1743,1741,1751,1744,1742,1728,1719,1719,1744,1775,1767,1742,1708,1702,1709,1724,1728,1733,1744,1782]}
39.652	{"type":"ecg","dev":"node-01","seq":1836,"t0":185113,"fs":250,"leads_off":false,"bpm":108.5,"samples":[1818,1847,1854,1857,1870,1879,1895,1904,1955,1948,1881,1812,1758,1680,1627,1574,1535,1520,1485,1472,1502,1506,1493,1479,1487]}
39.752	{"type":"ecg","dev":"node-01","seq":1837,"t0":185213,"fs":250,"leads_off":false,"bpm":107.7,"samples":[1535,1565,1568,1514,1408,1319,1313,1440,1710,1951,2193,2426,2855,3071,2758,2018,1242,849,879,983,976,891,931,1099,1295]}
39.852	{"type":"ecg","dev":"node-01","seq":1838,"t0":185313,"fs":250,"leads_off":false,"bpm":107.7,"samples":[1441,1535,1591,1599,1583,1612,1651,1682,1688,1680,1693,1716,1706,1683,1680,1691,1711,1740,1762,1786,1794,1795,1801,1831,1854]}
39.952	{"type":"ecg","dev":"node-01","seq":1839,"t0":185413,"fs":250,"leads_off":false,"bpm":107.7,"samples":[1872,1896,1899,1905,1907,1918,1911,1891,1910,1936,1968,1993,2020,2033,2022,2001,1971,1941,1898,1829,1744,1727,1735,1722,1697]}
40.052	{"type":"ecg","dev":"node-01","seq":1840,"t0":185513,"fs":250,"leads_off":false,"bpm":107.7,"samples":[1680,1674,1680,1675,1662,1650,1641,1642,1631,1629,1652,1695,1731,1733,1686,1680,1743,1786,1782,1785,1771,1728,1697,1698,1718]}
40.152	{"type":"ecg","dev":"node-01","seq":1841,"t0":185613,"fs":250,"leads_off":false,"bpm":107.7,"samples":[1741,1745,1766,1775,1788,1778,1755,1746,1797,1869,1910,1910,1897,1898,1936,1980,2016,2060,2071,2047,1972,1899,1863,1870,1838]}
40.252	{"type":"ecg","dev":"node-01","seq":1842,"t0":185713,"fs":250,"leads_off":false,"bpm":108.0,"samples":[1763,1737,1765,1766,1725,1694,1682,1701,1729,1746,1742,1748,1775,1789,1743,1644,1594,1725,1969,2270,2604,2964,3430,3485,2880]}
40.352	{"type":"ecg","dev":"node-01","seq":1843,"t0":185813,"fs":250,"leads_off":false,"bpm":108.0,"samples":[2045,1184,773,805,954,1102,1239,1397,1552,1671,1759,1797,1783,1765,1762,1776,1779,1754,1743,1749,1765,1785,1797,1794,1786]}
40.452	{"type":"ecg","dev":"node-01","seq":1844,"t0":185913,"fs":250,"leads_off":false,"bpm":108.0,"samples":[1755,1747,1759,1785,1840,1855,1872,1887,1890,1897,1917,1954,1978,1987,1989,2003,2015,2004,2011,2004,2001,2003,2002,1989,1990]}
40.552	{"type":"ecg","dev":"node-01","seq":1845,"t0":186013,"fs":250,"leads_off":false,"bpm":108.0,"samples":[2000,1986,1942,1877,1822,1789,1773,1729,1697,1662,1641,1617,1609,1600,1599,1614,1647,1664,1683,1671,1654,1663,1697,1730,1743]}
40.652	{"type":"ecg","dev":"node-01","seq":1846,"t0":186113,"fs":250,"leads_off":false,"bpm":108.0,"samples":[1729,1718,1710,1709,1708,1713,1726,1749,1751,1739,1748,1758,1751,1730,1727,1750,1774,1773,1753,1744,1744,1797,1874,1921,1923]}
40.752	{"type":"ecg","dev":"node-01","seq":1847,"t0":186213,"fs":250,"leads_off":false,"bpm":108.0,"samples":[1909,1920,1943,1951,1955,2002,2017,1915,1863,1899,1867,1803,1698,1636,1613,1589,1575,1523,1523,1534,1584,1626,1614,1583,1575]}
40.852	{"type":"ecg","dev":"node-01","seq":1848,"t0":186313,"fs":250,"leads_off":false,"bpm":107.5,"samples":[1598,1564,1472,1408,1506,1759,2066,2403,2775,3246,3287,2688,1877,1104,722,774,945,1051,1158,1322,1520,1662,1733,1786,1803]}
40.951	{"type":"status","dev":"node-01","fw":"0.1.0","uptime_ms":186509,"ecg":{"fs":250},"imu":{"ok":true,"fs":100,"errors":1941,"fields":["ax","ay","az","gx","gy","gz","pitch","roll"]}}
40.954	{"type":"ecg","dev":"node-01","seq":1849,"t0":186413,"fs":250,"leads_off":false,"bpm":107.5,"samples":[1757,1729,1788,1925,2034,1969,1853,1852,1934,1922,1840,1808,1879,1951,2000,2043,2003,1914,1931,1995,2010,1979,1941,1973,2102]}
41.052	{"type":"ecg","dev":"node-01","seq":1850,"t0":186513,"fs":250,"leads_off":false,"bpm":107.5,"samples":[2233,2287,2269,2207,2169,2154,2128,2097,2073,2084,2096,2077,2037,2003,1964,1909,1847,1765,1695,1649,1629,1601,1559,1500,1476]}
41.152	{"type":"ecg","dev":"node-01","seq":1851,"t0":186613,"fs":250,"leads_off":false,"bpm":107.5,"samples":[1477,1488,1494,1503,1527,1579,1611,1555,1478,1522,1623,1617,1520,1492,1606,1721,1715,1679,1671,1653,1658,1649,1648,1645,1629]}
41.252	{"type":"ecg","dev":"node-01","seq":1852,"t0":186713,"fs":250,"leads_off":false,"bpm":107.5,"samples":[1648,1671,1662,1633,1654,1657,1664,1658,1663,1672,1733,1894,1999,2002,1952,1968,2047,2090,2022,1955,1891,1823,1774,1717,1677]}
41.352	{"type":"ecg","dev":"node-01","seq":1853,"t0":186813,"fs":250,"leads_off":false,"bpm":108.0,"samples":[1659,1654,1648,1556,1495,1515,1535,1559,1569,1567,1604,1605,1566,1467,1395,1415,1591,1867,2179,2514,2954,3129,2679,1949,1214]}
41.452	{"type":"ecg","dev":"node-01","seq":1854,"t0":186913,"fs":250,"leads_off":false,"bpm":108.0,"samples":[732,733,929,1044,1117,1218,1374,1525,1616,1663,1682,1694,1712,1726,1726,1747,1776,1777,1777,1808,1818,1812,1833,1859,1873]}
41.552	{"type":"ecg","dev":"node-01","seq":1855,"t0":187013,"fs":250,"leads_off":false,"bpm":108.0,"samples":[1883,1904,1968,2039,2065,2094,2079,2030,2032,2090,2113,2099,2095,2091,2090,2077,2075,2041,2019,2037,2039,1990,1976,1977,1963]}
41.652	{"type":"ecg","dev":"node-01","seq":1856,"t0":187113,"fs":250,"leads_off":false,"bpm":108.0,"samples":[1943,1901,1844,1788,1745,1719,1695,1645,1619,1602,1584,1583,1586,1591,1604,1625,1630,1595,1571,1566,1585,1635,1709,1738,1751]}
41.752	{"type":"ecg","dev":"node-01","seq":1857,"t0":187213,"fs":250,"leads_off":false,"bpm":108.0,"samples":[1758,1761,1778,1801,1856,1875,1846,1824,1819,1808,1804,1811,1815,1818,1821,1824,1821,1776,1697,1663,1623,1643,1680,1719,1738]}
41.852	{"type":"ecg","dev":"node-01","seq":1858,"t0":187313,"fs":250,"leads_off":false,"bpm":108.0,"samples":[1725,1705,1722,1739,1777,1810,1829,1797,1719,1667,1633,1632,1599,1532,1477,1451,1431,1402,1392,1388,1379,1389,1419,1439,1453]}
41.952	{"type":"ecg","dev":"node-01","seq":1859,"t0":187413,"fs":250,"leads_off":false,"bpm":108.7,"samples":[1439,1424,1363,1277,1265,1428,1692,1971,2261,2580,2897,2721,2065,1285,655,533,803,1008,1023,1040,1166,1373,1562,1668,1717]}
42.052	{"type":"ecg","dev":"node-01","seq":1860,"t0":187513,"fs":250,"leads_off":false,"bpm":108.7,"samples":[1709,1680,1694,1730,1780,1828,1851,1851,1834,1840,1869,1892,1916,1898,1904,1919,1959,2002,1998,1963,1972,2003,2059,2087,2101]}
42.152	{"type":"ecg","dev":"node-01","seq":1861,"t0":187613,"fs":250,"leads_off":false,"bpm":108.7,"samples":[2155,2224,2274,2318,2379,2512,2586,2498,2333,2288,2357,2289,2090,2047,2155,2243,2227,2149,2058,1953,1920,1901,1815,1753,1726]}
42.252	{"type":"ecg","dev":"node-01","seq":1862,"t0":187713,"fs":250,"leads_off":false,"bpm":108.7,"samples":[1705,1682,1694,1684,1650,1618,1626,1626,1639,1626,1601,1617,1637,1584,1554,1586,1629,1653,1655,1676,1715,1751,1754,1734,1718]}
42.352	{"type":"ecg","dev":"node-01","seq":1863,"t0":187813,"fs":250,"leads_off":false,"bpm":108.7,"samples":[1744,1776,1808,1807,1791,1808,1869,1875,1845,1840,1869,1904,1936,1959,1967,1961,1973,2032,2106,2157,2141,2042,1989,2014,2014]}
42.452	{"type":"ecg","dev":"node-01","seq":1864,"t0":187913,"fs":250,"leads_off":false,"bpm":109.5,"samples":[1954,1875,1811,1771,1730,1719,1696,1699,1689,1657,1629,1626,1687,1759,1771,1668,1519,1500,1664,1909,2147,2432,2734,3155,3180]}
42.552	{"type":"ecg","dev":"node-01","seq":1865,"t0":188013,"fs":250,"leads_off":false,"bpm":109.5,"samples":[2639,1919,1257,1008,1117,1233,1221,1180,1217,1405,1635,1813,1905,1950,1940,1904,1837,1849,1885,1911,1905,1913,1956,1991,1987]}
42.652	{"type":"ecg","dev":"node-01","seq":1866,"t0":188113,"fs":250,"leads_off":false,"bpm":109.5,"samples":[1981,2022,2032,2041,2023,2003,2027,2061,2080,2115,2176,2202,2218,2253,2279,2297,2268,2251,2256,2247,2256,2247,2198,2174,2190]}
42.752	{"type":"ecg","dev":"node-01","seq":1867,"t0":188213,"fs":250,"leads_off":false,"bpm":109.5,"samples":[2208,2192,2175,2186,2170,2111,2012,1916,1855,1820,1792,1787,1783,1743,1698,1677,1699,1712,1725,1712,1683,1701,1706,1711,1723]}
42.852	{"type":"ecg","dev":"node-01","seq":1868,"t0":188313,"fs":250,"leads_off":false,"bpm":109.5,"samples":[1706,1693,1694,1723,1776,1789,1789,1765,1744,1730,1713,1709,1680,1706,1733,1730,1751,1774,1757,1751,1739,1730,1791,1862,1905]}
42.952	{"type":"ecg","dev":"node-01","seq":1869,"t0":188413,"fs":250,"leads_off":false,"bpm":109.5,"samples":[1918,1922,1936,1978,2013,1991,2000,1996,1927,1890,1877,1825,1766,1702,1665,1679,1666,1617,1559,1563,1605,1602,1563,1599,1674]}
43.052	{"type":"ecg","dev":"node-01","seq":1870,"t0":188513,"fs":250,"leads_off":false,"bpm":109.0,"samples":[1744,1682,1499,1365,1461,1791,2092,2368,2672,3111,3423,3088,2271,1336,750,720,899,1031,1104,1199,1375,1574,1722,1808,1855]}
43.152	{"type":"ecg","dev":"node-01","seq":1871,"t0":188613,"fs":250,"leads_off":false,"bpm":109.0,"samples":[1867,1863,1826,1781,1783,1799,1843,1850,1857,1859,1902,1892,1891,1906,1918,1910,1931,1936,1952,1971,1986,1998,1994,1983,1983]}
43.252	{"type":"ecg","dev":"node-01","seq":1872,"t0":188713,"fs":250,"leads_off":false,"bpm":109.0,"samples":[1989,2029,2064,2032,2037,2026,2013,2019,2032,2061,2015,1965,1913,1840,1771,1776,1794,1793,1753,1678,1623,1600,1573,1517,1478]}
43.352	{"type":"ecg","dev":"node-01","seq":1873,"t0":188813,"fs":250,"leads_off":false,"bpm":109.0,"samples":[1501,1535,1515,1491,1502,1507,1497,1470,1466,1479,1506,1535,1522,1502,1522,1552,1571,1567,1555,1571,1597,1584,1584,1558,1504]}
43.452	{"type":"ecg","dev":"node-01","seq":1874,"t0":188913,"fs":250,"leads_off":false,"bpm":109.0,"samples":[1505,1582,1606,1586,1535,1535,1600,1664,1675,1674,1717,1770,1789,1795,1823,1833,1827,1754,1645,1600,1621,1585,1533,1489,1451]}
43.552	{"type":"ecg","dev":"node-01","seq":1875,"t0":189013,"fs":250,"leads_off":false,"bpm":109.5,"samples":[1482,1454,1413,1361,1334,1348,1358,1399,1454,1459,1472,1447,1375,1319,1389,1616,1891,2192,2491,2944,3168,2736,1958,1088,528]}
43.652	{"type":"ecg","dev":"node-01","seq":1876,"t0":189113,"fs":250,"leads_off":false,"bpm":109.5,"samples":[497,699,845,976,1173,1347,1511,1607,1602,1671,1744,1777,1771,1767,1786,1821,1820,1799,1779,1767,1808,1808,1802,1827,1841]}
43.752	{"type":"ecg","dev":"node-01","seq":1877,"t0":189213,"fs":250,"leads_off":false,"bpm":109.5,"samples":[1854,1859,1888,1893,1904,1931,1947,1968,1999,2013,2035,2035,2032,2046,2065,2038,2033,2019,1969,1951,1962,1962,1955,1934,1911]}
43.852	{"type":"ecg","dev":"node-01","seq":1878,"t0":189313,"fs":250,"leads_off":false,"bpm":109.5,"samples":[1867,1798,1744,1691,1658,1648,1599,1502,1489,1466,1535,1593,1591,1571,1566,1562,1600,1619,1634,1616,1613,1618,1623,1626,1634]}
43.952	{"type":"ecg","dev":"node-01","seq":1879,"t0":189413,"fs":250,"leads_off":false,"bpm":109.5,"samples":[1623,1594,1535,1553,1610,1664,1668,1664,1670,1685,1687,1695,1686,1681,1662,1654,1658,1663,1696,1719,1770,1787,1801,1836,1863]}
44.052	{"type":"ecg","dev":"node-01","seq":1880,"t0":189513,"fs":250,"leads_off":false,"bpm":109.5,"samples":[1871,1882,1909,1951,1967,1952,1903,1850,1834,1814,1757,1687,1627,1613,1581,1535,1533,1535,1553,1587,1617,1654,1663,1662,1621]}
44.152	{"type":"ecg","dev":"node-01","seq":1881,"t0":189613,"fs":250,"leads_off":false,"bpm":109.2,"samples":[1522,1414,1446,1676,1973,2291,2653,3070,3420,3094,2327,1501,851,707,862,1059,1232,1379,1535,1710,1826,1874,1895,1904,1913]}
44.252	{"type":"ecg","dev":"node-01","seq":1882,"t0":189713,"fs":250,"leads_off":false,"bpm":109.2,"samples":[1924,1968,1963,2006,1984,2003,2032,2029,2066,2086,2101,2110,2113,2118,2147,2177,2186,2172,2169,2203,2240,2273,2307,2337,2365]}
44.352	{"type":"ecg","dev":"node-01","seq":1883,"t0":189813,"fs":250,"leads_off":false,"bpm":109.2,"samples":[2367,2352,2336,2319,2305,2303,2288,2288,2275,2249,2213,2165,2112,2058,1996,1922,1858,1792,1725,1668,1622,1584,1533,1499,1487]}
44.452	{"type":"ecg","dev":"node-01","seq":1884,"t0":189913,"fs":250,"leads_off":false,"bpm":109.2,"samples":[1487,1488,1499,1507,1501,1490,1520,1523,1493,1479,1467,1457,1466,1488,1507,1479,1467,1463,1471,1489,1482,1505,1535,1517,1459]}
44.552	{"type":"ecg","dev":"node-01","seq":1885,"t0":190013,"fs":250,"leads_off":false,"bpm":109.2,"samples":[1499,1578,1600,1600,1583,1526,1477,1520,1606,1685,1722,1765,1792,1797,1789,1792,1828,1876,1913,1936,1893,1767,1650,1616,1642]}
44.652	{"type":"ecg","dev":"node-01","seq":1886,"t0":190113,"fs":250,"leads_off":false,"bpm":109.0,"samples":[1648,1629,1555,1499,1465,1446,1377,1318,1316,1365,1365,1351,1356,1347,1323,1233,1152,1182,1397,1635,1885,2171,2503,2703,2401]}
44.752	{"type":"ecg","dev":"node-01","seq":1887,"t0":190213,"fs":250,"leads_off":false,"bpm":109.0,"samples":[1725,965,407,391,699,911,950,985,1115,1287,1471,1580,1609,1600,1606,1611,1641,1667,1680,1713,1744,1744,1712,1730,1806]}
44.852	{"type":"ecg","dev":"node-01","seq":1888,"t0":190313,"fs":250,"leads_off":false,"bpm":109.0,"samples":[1875,1903,1872,1847,1931,1953,1977,1987,1997,2011,2037,2047,2037,2061,2080,2101,2128,2144,2143,2141,2105,2061,2077,2139,2153]}
44.952	{"type":"ecg","dev":"node-01","seq":1889,"t0":190413,"fs":250,"leads_off":false,"bpm":109.0,"samples":[2135,2097,2029,1980,1953,1904,1874,1867,1840,1789,1742,1717,1686,1676,1664,1674,1682,1697,1708,1725,1746,1742,1746,1756,1763]}
45.052	{"type":"ecg","dev":"node-01","seq":1890,"t0":190513,"fs":250,"leads_off":false,"bpm":109.0,"samples":[1758,1755,1770,1794,1797,1790,1793,1851,1885,1907,1883,1853,1815,1788,1776,1786,1789,1804,1795,1794,1791,1807,1847,1899,1885]}
45.152	{"type":"ecg","dev":"node-01","seq":1891,"t0":190613,"fs":250,"leads_off":false,"bpm":109.0,"samples":[1870,1894,1909,1936,1966,1996,1995,1991,1935,1885,1842,1815,1776,1744,1712,1697,1680,1683,1696,1711,1717,1722,1729,1756,1779]}
45.252	{"type":"ecg","dev":"node-01","seq":1892,"t0":190713,"fs":250,"leads_off":false,"bpm":109.4,"samples":[1789,1776,1681,1625,1681,1870,2107,2353,2631,2951,3328,3203,2559,1777,1091,903,1088,1236,1233,1255,1341,1509,1659,1754,1786]}
45.352	{"type":"ecg","dev":"node-01","seq":1893,"t0":190813,"fs":250,"leads_off":false,"bpm":109.4,"samples":[1808,1841,1853,1854,1857,1878,1909,1937,1956,1981,2009,2019,2039,2057,2065,2082,2103,2124,2143,2150,2156,2176,2202,2237,2267]}
45.452	{"type":"ecg","dev":"node-01","seq":1894,"t0":190913,"fs":250,"leads_off":false,"bpm":109.4,"samples":[2263,2249,2229,2224,2241,2246,2235,2208,2205,2224,2195,2183,2145,2102,2067,2069,2027,1940,1869,1833,1833,1802,1747,1731,1744]}
45.552	{"type":"ecg","dev":"node-01","seq":1895,"t0":191013,"fs":250,"leads_off":false,"bpm":109.4,"samples":[1761,1745,1722,1633,1630,1654,1650,1697,1757,1751,1719,1697,1703,1721,1699,1657,1626,1641,1636,1623,1591,1530,1526,1591,1634]}
45.652	{"type":"ecg","dev":"node-01","seq":1896,"t0":191113,"fs":250,"leads_off":false,"bpm":109.4,"samples":[1657,1646,1629,1602,1563,1535,1561,1600,1695,1815,1851,1828,1839,1867,1902,1943,1991,2023,2046,2013,1949,1863,1815,1762,1723]}
45.752	{"type":"ecg","dev":"node-01","seq":1897,"t0":191213,"fs":250,"leads_off":false,"bpm":109.0,"samples":[1695,1698,1693,1635,1567,1562,1535,1552,1601,1619,1616,1606,1600,1599,1527,1398,1370,1570,1859,2160,2471,2831,3184,3003,2320]}
45.852	{"type":"ecg","dev":"node-01","seq":1898,"t0":191313,"fs":250,"leads_off":false,"bpm":109.0,"samples":[1460,764,583,720,883,1065,1248,1481,1693,1854,1917,1914,1886,1906,1953,1981,1957,1933,1963,2001,2065,2064,2003,1936,1936]}
45.951	{"type":"status","dev":"node-01","fw":"0.1.0","uptime_ms":191509,"ecg":{"fs":250},"imu":{"ok":true,"fs":100,"errors":2441,"fields":["ax","ay","az","gx","gy","gz","pitch","roll"]}}
45.953	{"type":"ecg","dev":"node-01","seq":1899,"t0":191413,"fs":250,"leads_off":false,"bpm":109.0,"samples":[2000,2079,2129,2135,2106,2061,2075,2145,2193,2247,2268,2256,2223,2206,2201,2194,2198,2199,2224,2214,2211,2223,2235,2224,2192]}
46.052	{"type":"ecg","dev":"node-01","seq":1900,"t0":191513,"fs":250,"leads_off":false,"bpm":109.0,"samples":[2157,2085,2038,2007,1977,1895,1819,1807,1808,1813,1795,1758,1725,1728,1735,1737,1737,1738,1755,1776,1775,1783,1791,1809,1852]}
46.152	{"type":"ecg","dev":"node-01","seq":1901,"t0":191613,"fs":250,"leads_off":false,"bpm":116.5,"samples":[1873,1889,1904,1903,1895,1905,1926,1939,1955,1957,1963,1963,1973,1999,2038,2067,2096,2133,2189,2246,2288,2335,2396,2436,2463]}
46.252	{"type":"ecg","dev":"node-01","seq":1902,"t0":191713,"fs":250,"leads_off":false,"bpm":116.5,"samples":[2518,2559,2609,2650,2701,2765,2765,2689,2599,2545,2501,2441,2352,2288,2256,2262,2209,2094,2000,2001,2068,2111,2097,2034,1983]}
46.352	{"type":"ecg","dev":"node-01","seq":1903,"t0":191813,"fs":250,"leads_off":false,"bpm":116.5,"samples":[1983,1968,1842,1707,1699,1901,2169,2427,2635,2871,3200,3069,2357,1471,743,560,707,767,798,903,1097,1295,1425,1523,1520]}
46.452	{"type":"ecg","dev":"node-01","seq":1904,"t0":191913,"fs":250,"leads_off":false,"bpm":116.5,"samples":[1487,1505,1535,1581,1581,1555,1533,1562,1587,1584,1613,1621,1616,1614,1609,1619,1665,1696,1681,1706,1739,1756,1756,1776,1823]}
46.552	{"type":"ecg","dev":"node-01","seq":1905,"t0":192013,"fs":250,"leads_off":false,"bpm":116.5,"samples":[1861,1882,1904,1930,1931,1904,1878,1886,1904,1931,1936,1915,1888,1807,1766,1732,1679,1669,1626,1535,1477,1456,1447,1440,1421]}
46.652	{"type":"ecg","dev":"node-01","seq":1906,"t0":192113,"fs":250,"leads_off":false,"bpm":116.5,"samples":[1378,1369,1402,1437,1471,1482,1457,1424,1373,1355,1386,1424,1431,1403,1382,1365,1377,1404,1423,1399,1385,1389,1396,1424,1408]}
46.752	{"type":"ecg","dev":"node-01","seq":1907,"t0":192213,"fs":250,"leads_off":false,"bpm":116.5,"samples":[1349,1328,1323,1335,1370,1451,1527,1554,1563,1605,1664,1693,1722,1798,1827,1793,1792,1807,1807,1786,1699,1618,1616,1618,1535]}
46.852	{"type":"ecg","dev":"node-01","seq":1908,"t0":192313,"fs":250,"leads_off":false,"bpm":112.1,"samples":[1456,1428,1424,1423,1433,1410,1339,1296,1296,1319,1337,1364,1391,1374,1290,1200,1238,1479,1744,2066,2397,2842,3280,3202,2554]}
46.952	{"type":"ecg","dev":"node-01","seq":1909,"t0":192413,"fs":250,"leads_off":false,"bpm":112.1,"samples":[1684,934,735,874,1020,1111,1232,1392,1579,1733,1835,1856,1866,1869,1888,1908,2020,2064,1963,1873,2039,2429,2639,2342,1758]}
47.052	{"type":"ecg","dev":"node-01","seq":1910,"t0":192513,"fs":250,"leads_off":false,"bpm":112.1,"samples":[1322,1281,1461,1687,1834,1900,1893,1885,1877,1885,1889,1907,1919,1927,1922,1922,1917,1911,1903,1886,1873,1853,1869,1923,1953]}
47.152	{"type":"ecg","dev":"node-01","seq":1911,"t0":192613,"fs":250,"leads_off":false,"bpm":112.1,"samples":[1919,1851,1796,1796,1831,1761,1632,1534,1535,1561,1556,1535,1569,1535,1507,1490,1498,1511,1535,1567,1535,1535,1574,1601,1600]}
47.252	{"type":"ecg","dev":"node-01","seq":1912,"t0":192713,"fs":250,"leads_off":false,"bpm":112.1,"samples":[1577,1527,1526,1590,1665,1664,1605,1535,1596,1714,1731,1661,1583,1564,1590,1609,1646,1681,1699,1728,1810,1936,2077,2158,2137]}
47.352	{"type":"ecg","dev":"node-01","seq":1913,"t0":192813,"fs":250,"leads_off":false,"bpm":118.4,"samples":[2096,2096,2129,2230,2368,2483,2526,2458,2351,2222,2112,2042,2007,2020,2022,1967,1866,1879,1936,1893,1795,1728,1723,1744,1738]}
47.452	{"type":"ecg","dev":"node-01","seq":1914,"t0":192913,"fs":250,"leads_off":false,"bpm":118.4,"samples":[1669,1533,1477,1602,1852,2132,2458,2838,3413,3509,2746,1658,678,358,538,793,998,1170,1327,1501,1648,1707,1721,1725,1775]}
47.552	{"type":"ecg","dev":"node-01","seq":1915,"t0":193013,"fs":250,"leads_off":false,"bpm":118.4,"samples":[1815,1795,1730,1682,1686,1721,1759,1805,1855,1913,1946,1947,1933,1948,2046,2151,2191,2114,2064,2037,2112,2128,2134,2139,2147]}
47.652	{"type":"ecg","dev":"node-01","seq":1916,"t0":193113,"fs":250,"leads_off":false,"bpm":118.4,"samples":[2135,2150,2161,2142,2142,2146,2159,2159,2157,2156,2198,2283,2224,2038,1861,1766,1755,1747,1748,1721,1663,1627,1614,1648,1692]}
47.752	{"type":"ecg","dev":"node-01","seq":1917,"t0":193213,"fs":250,"leads_off":false,"bpm":118.4,"samples":[1703,1693,1684,1679,1695,1715,1727,1715,1728,1742,1739,1732,1739,1714,1697,1681,1675,1683,1709,1735,1726,1695,1678,1685,1707]}
47.852	{"type":"ecg","dev":"node-01","seq":1918,"t0":193313,"fs":250,"leads_off":false,"bpm":118.4,"samples":[1743,1771,1809,1803,1767,1751,1782,1852,1923,1936,1904,1904,1934,1947,1937,1923,1933,1966,2010,2052,2079,2083,2023,1955,1866]}
47.952	{"type":"ecg","dev":"node-01","seq":1919,"t0":193413,"fs":250,"leads_off":false,"bpm":113.9,"samples":[1812,1747,1700,1663,1653,1639,1574,1488,1456,1465,1475,1497,1519,1564,1691,1706,1483,1222,1161,1360,1714,2061,2365,2615,2961]}
48.052	{"type":"ecg","dev":"node-01","seq":1920,"t0":193513,"fs":250,"leads_off":false,"bpm":113.9,"samples":[3017,2559,1792,990,674,775,915,1018,1129,1230,1365,1525,1685,1817,1922,1979,1971,1889,1807,1779,1795,1824,1858,1887,1917]}
48.152	{"type":"ecg","dev":"node-01","seq":1921,"t0":193613,"fs":250,"leads_off":false,"bpm":113.9,"samples":[1948,1962,1978,1974,1999,2002,1990,1988,2014,2080,2123,2145,2158,2167,2161,2157,2192,2224,2228,2221,2197,2191,2187,2199,2256]}
48.253	{"type":"ecg","dev":"node-01","seq":1922,"t0":193713,"fs":250,"leads_off":false,"bpm":113.9,"samples":[2320,2336,2266,2159,2094,2047,2022,1979,1930,1886,1830,1791,1773,1773,1767,1842,1930,1903,1773,1642,1589,1633,1676,1699,1690]}
48.352	{"type":"ecg","dev":"node-01","seq":1923,"t0":193813,"fs":250,"leads_off":false,"bpm":113.9,"samples":[1679,1697,1723,1735,1738,1735,1735,1726,1735,1747,1748,1733,1730,1728,1745,1749,1782,1846,1866,1803,1698,1636,1691,1793,1873]}
48.452	{"type":"ecg","dev":"node-01","seq":1924,"t0":193913,"fs":250,"leads_off":false,"bpm":113.9,"samples":[1899,1890,1893,1937,2003,2047,2085,2099,2046,1959,1930,1922,1865,1765,1708,1679,1653,1616,1575,1535,1558,1598,1632,1647,1636]}
48.552	{"type":"ecg","dev":"node-01","seq":1925,"t0":194013,"fs":250,"leads_off":false,"bpm":114.4,"samples":[1711,1751,1687,1489,1397,1553,1856,2139,2373,2555,2923,3121,2794,2074,1205,697,719,929,1040,1088,1131,1232,1433,1694,1858]}
48.652	{"type":"ecg","dev":"node-01","seq":1926,"t0":194113,"fs":250,"leads_off":false,"bpm":114.4,"samples":[1859,1841,1831,1849,1877,1895,1927,2016,2122,2169,2162,2157,2146,2133,2097,2090,2107,2125,2147,2157,2143,2112,2102,2115,2182]}
48.752	{"type":"ecg","dev":"node-01","seq":1927,"t0":194213,"fs":250,"leads_off":false,"bpm":114.4,"samples":[2217,2203,2177,2190,2205,2221,2254,2240,2206,2176,2150,2119,2112,2160,2167,2117,2012,1936,1874,1815,1776,1774,1790,1771,1714]}
48.852	{"type":"ecg","dev":"node-01","seq":1928,"t0":194313,"fs":250,"leads_off":false,"bpm":114.4,"samples":[1699,1682,1651,1646,1669,1699,1654,1615,1623,1650,1657,1710,1776,1776,1712,1637,1614,1642,1686,1687,1681,1679,1703,1728,1712]}
48.952	{"type":"ecg","dev":"node-01","seq":1929,"t0":194413,"fs":250,"leads_off":false,"bpm":114.4,"samples":[1671,1648,1666,1690,1643,1671,1719,1803,1871,1890,1872,1839,1881,2052,2161,2139,2006,1872,1768,1743,1779,1792,1737,1667,1583]}
49.052	{"type":"ecg","dev":"node-01","seq":1930,"t0":194513,"fs":250,"leads_off":false,"bpm":106.9,"samples":[1527,1494,1519,1584,1670,1795,1808,1661,1462,1377,1424,1510,1520,1424,1381,1484,1744,2017,2275,2541,3007,3248,2831,2055,1232]}
49.152	{"type":"ecg","dev":"node-01","seq":1931,"t0":194613,"fs":250,"leads_off":false,"bpm":106.9,"samples":[735,725,901,1007,1111,1264,1405,1520,1634,1682,1719,1873,2065,2039,1840,1661,1644,1731,1840,1905,1937,1932,1919,1882,1873]}
49.252	{"type":"ecg","dev":"node-01","seq":1932,"t0":194713,"fs":250,"leads_off":false,"bpm":106.9,"samples":[1909,1947,2004,2079,2112,2086,2041,2038,2115,2159,2166,2129,2106,2095,2075,2079,2123,2193,2256,2192,2082,2018,2037,2091,2023]}
49.352	{"type":"ecg","dev":"node-01","seq":1933,"t0":194813,"fs":250,"leads_off":false,"bpm":106.9,"samples":[1925,1815,1758,1743,1759,1776,1731,1665,1614,1601,1582,1492,1435,1490,1589,1617,1615,1600,1638,1695,1716,1680,1595,1600,1712]}
49.452	{"type":"ecg","dev":"node-01","seq":1934,"t0":194913,"fs":250,"leads_off":false,"bpm":106.9,"samples":[1837,1876,1846,1828,1838,1809,1794,1823,1872,1879,1866,1910,1982,1984,2003,2079,2098,2031,1947,1930,1984,2095,2186,2212,2170]}
49.552	{"type":"ecg","dev":"node-01","seq":1935,"t0":195013,"fs":250,"leads_off":false,"bpm":106.9,"samples":[2083,2007,1968,1949,1858,1761,1714,1771,1819,1780,1703,1653,1637,1638,1712,1828,1849,1728,1635,1569,1511,1488,1617,1863,2128]}
49.652	{"type":"ecg","dev":"node-01","seq":1936,"t0":195113,"fs":250,"leads_off":false,"bpm":112.3,"samples":[2415,2717,3155,3309,2823,2053,1259,905,1017,1182,1150,1133,1287,1649,1914,1936,1822,1737,1742,1815,1878,1899,1907,1907,1891]}
49.752	{"type":"ecg","dev":"node-01","seq":1937,"t0":195213,"fs":250,"leads_off":false,"bpm":112.3,"samples":[1920,1982,1997,1968,1936,1973,2053,2124,2198,2261,2230,2207,2222,2253,2231,2198,2215,2293,2399,2459,2404,2233,2099,2099,2096]}
49.852	{"type":"ecg","dev":"node-01","seq":1938,"t0":195313,"fs":250,"leads_off":false,"bpm":112.3,"samples":[1995,1868,1957,2256,2399,2374,2305,2235,2075,1953,1957,1982,1941,1791,1586,1354,1181,1109,1196,1338,1515,1771,1934,1974,1905]}
49.952	{"type":"ecg","dev":"node-01","seq":1939,"t0":195413,"fs":250,"leads_off":false,"bpm":112.3,"samples":[1819,1684,1665,1651,1665,1671,1643,1639,1688,1694,1610,1422,1259,1165,1414,1780,1975,1927,1755,1639,1607,1666,1727,1744,1755]}
50.052	{"type":"ecg","dev":"node-01","seq":1940,"t0":195513,"fs":250,"leads_off":false,"bpm":112.3,"samples":[1791,1813,1902,1953,1849,1710,1535,1326,1210,1295,1454,1495,1392,1344,1340,1283,1263,1301,1360,1454,1435,1296,1214,1250,1217]}
50.152	{"type":"ecg","dev":"node-01","seq":1941,"t0":195613,"fs":250,"leads_off":false,"bpm":107.8,"samples":[1139,1173,1379,1735,2057,2186,2451,2623,2434,1951,1312,765,594,662,703,686,709,910,1328,1505,1406,1281,1270,1351,1535]}
50.252	{"type":"ecg","dev":"node-01","seq":1942,"t0":195713,"fs":250,"leads_off":false,"bpm":107.8,"samples":[1664,1652,1616,1575,1535,1584,1690,1776,1690,1597,1575,1730,1997,2096,1914,1741,1776,2014,2179,2228,2243,2183,2065,1998,2014]}
50.352	{"type":"ecg","dev":"node-01","seq":1943,"t0":195813,"fs":250,"leads_off":false,"bpm":107.8,"samples":[2047,2096,2133,2116,2099,2157,2218,2181,2129,2036,1970,1932,1936,1936,1893,1890,1921,1899,1739,1591,1613,1645,1717,1856,1890]}
50.452	{"type":"ecg","dev":"node-01","seq":1944,"t0":195913,"fs":250,"leads_off":false,"bpm":123.4,"samples":[1807,1680,1733,1788,1771,1782,1872,1919,1907,1845,1825,1885,1926,1907,1884,1922,1977,1973,1936,1951,2035,2192,2299,2213,2082]}
50.552	{"type":"ecg","dev":"node-01","seq":1945,"t0":196013,"fs":250,"leads_off":false,"bpm":123.4,"samples":[2034,2037,2084,2155,2205,2245,2209,2095,2000,1939,1941,1983,1981,1971,1952,1958,1949,1915,1872,1810,1822,2023,2224,2110,1851]}
50.652	{"type":"ecg","dev":"node-01","seq":1946,"t0":196113,"fs":250,"leads_off":false,"bpm":123.4,"samples":[1646,1522,1591,1761,2030,2287,2529,2747,2966,3409,3539,3055,2275,1514,1164,1232,1366,1434,1488,1527,1637,1823,2064,2170,2128]}
50.752	{"type":"ecg","dev":"node-01","seq":1947,"t0":196213,"fs":250,"leads_off":false,"bpm":123.4,"samples":[2064,2064,2138,2184,2142,2054,2068,2192,2294,2307,2266,2260,2352,2464,2438,2288,2206,2199,2267,2352,2405,2381,2323,2295,2267]}
50.852	{"type":"ecg","dev":"node-01","seq":1948,"t0":196313,"fs":250,"leads_off":false,"bpm":123.4,"samples":[2320,2328,2364,2445,2449,2411,2374,2350,2336,2363,2416,2448,2427,2234,1988,1879,1920,2037,2096,2013,1840,1679,1638,1719,1791]}
50.951	{"type":"status","dev":"node-01","fw":"0.1.0","uptime_ms":196509,"ecg":{"fs":250},"imu":{"ok":true,"fs":100,"errors":2940,"fields":["ax","ay","az","gx","gy","gz","pitch","roll"]}}
50.953	{"type":"ecg","dev":"node-01","seq":1949,"t0":196413,"fs":250,"leads_off":false,"bpm":123.4,"samples":[1776,1793,1775,1753,1723,1741,1834,1903,1893,1873,1872,1925,1979,1942,1776,1627,1662,1723,1776,1745,1758,1771,1826,1866,1939]}
51.052	{"type":"ecg","dev":"node-01","seq":1950,"t0":196513,"fs":250,"leads_off":false,"bpm":123.4,"samples":[2022,2045,2005,1931,1936,2027,2095,2142,2130,1966,1787,1739,1862,2064,2091,1893,1680,1621,1643,1707,1729,1712,1689,1655,1663]}
51.152	{"type":"ecg","dev":"node-01","seq":1951,"t0":196613,"fs":250,"leads_off":false,"bpm":119.4,"samples":[1685,1727,1777,1840,1850,1744,1524,1381,1568,2065,2452,2714,2866,3149,3138,2706,2075,1382,997,1015,1104,1079,1069,1232,1578]}
51.252	{"type":"ecg","dev":"node-01","seq":1952,"t0":196713,"fs":250,"leads_off":false,"bpm":119.4,"samples":[1861,1878,1827,1840,1873,1911,1950,1994,1984,1985,2003,2013,2036,2059,2087,2090,2094,2178,2317,2287,2082,1993,2178,2370,2408]}
51.352	{"type":"ecg","dev":"node-01","seq":1953,"t0":196813,"fs":250,"leads_off":false,"bpm":119.4,"samples":[2226,2077,2038,2128,2279,2378,2384,2359,2351,2351,2287,2254,2258,2302,2333,2256,2123,2078,2094,2065,2121,2170,2064,1810,1741]}
51.452	{"type":"ecg","dev":"node-01","seq":1954,"t0":196913,"fs":250,"leads_off":false,"bpm":119.4,"samples":[1872,1890,1667,1535,1594,1689,1727,1745,1773,1796,1685,1635,1712,1842,1907,1873,1839,1834,1815,1776,1728,1737,1779,1839,1827]}
51.552	{"type":"ecg","dev":"node-01","seq":1955,"t0":197013,"fs":250,"leads_off":false,"bpm":119.4,"samples":[1747,1729,1797,1814,1727,1716,1831,1929,1921,1904,1970,2087,2173,2251,2234,2095,1837,1632,1577,1648,1705,1664,1683,1664,1623]}
51.652	{"type":"ecg","dev":"node-01","seq":1956,"t0":197113,"fs":250,"leads_off":false,"bpm":119.9,"samples":[1642,1665,1631,1585,1562,1584,1707,1756,1710,1563,1535,1648,1621,1479,1439,1684,2003,2311,2487,2862,3280,3181,2551,1745,1100]}
51.752	{"type":"ecg","dev":"node-01","seq":1957,"t0":197213,"fs":250,"leads_off":false,"bpm":119.9,"samples":[943,966,1034,1107,1248,1345,1421,1520,1663,1730,1787,1707,1598,1657,1795,1974,1969,1856,1806,1902,2055,2116,2159,2139,2131]}
51.852	{"type":"ecg","dev":"node-01","seq":1958,"t0":197313,"fs":250,"leads_off":false,"bpm":119.9,"samples":[2112,1984,1835,1805,1834,1879,1972,2038,2077,2118,2119,2064,2068,2151,2219,2260,2334,2377,2218,1990,1835,1733,1838,2009,2046]}
51.952	{"type":"ecg","dev":"node-01","seq":1959,"t0":197413,"fs":250,"leads_off":false,"bpm":119.9,"samples":[1942,1808,1680,1663,1691,1667,1597,1554,1535,1535,1556,1508,1477,1535,1729,1856,1713,1516,1362,1360,1529,1554,1456,1513,1629]}
52.052	{"type":"ecg","dev":"node-01","seq":1960,"t0":197513,"fs":250,"leads_off":false,"bpm":119.9,"samples":[1694,1719,1749,1695,1613,1629,1616,1535,1635,1762,1715,1585,1655,1702,1600,1589,1620,1622,1609,1586,1523,1493,1535,1695,1954]}
52.152	{"type":"ecg","dev":"node-01","seq":1961,"t0":197613,"fs":250,"leads_off":false,"bpm":119.9,"samples":[2091,1872,1520,1213,1315,1591,1655,1602,1907,2074,2097,2009,1584,1075,1041,1433,1682,1683,1461,1216,1104,1230,1584,1649,1467]}
52.252	{"type":"ecg","dev":"node-01","seq":1962,"t0":197713,"fs":250,"leads_off":false,"bpm":118.8,"samples":[1317,1257,1188,1119,1222,1632,2019,2387,2763,3013,2843,2342,1839,1157,769,938,1218,1254,1002,834,931,1267,1569,1687,1673]}
52.352	{"type":"ecg","dev":"node-01","seq":1963,"t0":197813,"fs":250,"leads_off":false,"bpm":118.8,"samples":[1634,1703,1772,1794,1808,1783,1760,1765,2030,2237,2173,1933,1810,1923,2087,2115,1984,1973,2058,2166,2194,2158,2096,2154,2079]}
52.452	{"type":"ecg","dev":"node-01","seq":1964,"t0":197913,"fs":250,"leads_off":false,"bpm":118.8,"samples":[2106,2368,2402,2311,2288,2482,2815,2866,2597,2231,2037,1975,2097,2342,2395,2235,2063,2028,2009,1982,2003,2017,1914,1818,1765]}
52.552	{"type":"ecg","dev":"node-01","seq":1965,"t0":198013,"fs":250,"leads_off":false,"bpm":118.8,"samples":[1748,1968,2237,2174,1855,1535,1535,1818,2055,2059,1885,1679,1826,2191,2311,2125,1936,1960,2070,2071,1929,2014,2317,2391,2136]}
52.652	{"type":"ecg","dev":"node-01","seq":1966,"t0":198113,"fs":250,"leads_off":false,"bpm":122.7,"samples":[1776,1745,1961,2106,1994,1951,2044,2138,2157,2046,1919,1887,1893,2019,2137,2113,2127,2148,2288,2526,2352,1931,1638,1687,1871]}
52.752	{"type":"ecg","dev":"node-01","seq":1967,"t0":198213,"fs":250,"leads_off":false,"bpm":122.7,"samples":[1964,1948,1908,1919,2067,2169,2193,2255,2438,2446,2231,1998,1969,2139,2273,2208,1968,1843,1946,2085,2035,1915,1903,1939,1879]}
52.852	{"type":"ecg","dev":"node-01","seq":1968,"t0":198313,"fs":250,"leads_off":false,"bpm":122.7,"samples":[1746,1805,1942,2045,2002,1757,1557,1567,1680,1766,1771,1637,1584,1672,1938,2279,2624,2986,3429,3639,3121,2288,1427,919,849]}
52.907	{"type":"imu","dev":"node-01","seq":1655,"t0":175630,"fs":100,"samples":[[-0.085,0.926,0.069,-8.95,19.87,11.12,-4.30,81.64],[-0.097,1.022,0.041,2.64,23.10,9.66,-3.88,81.79],[-0.121,1.093,0.119,20.38,24.75,8.07,-3.43,82.03],[-0.117,1.101,0.138,30.32,22.98,8.86,-3.02,82.34],[-0.074,1.054,0.083,31.48,17.68,7.22,-2.71,82.71],[0.006,1.135,0.017,13.49,14.99,2.03,-2.51,82.97],[0.039,1.183,-0.003,5.02,16.15,-4.25,-2.34,83.17],[0.130,1.146,0.014,8.92,20.48,-13.03,-2.22,83.38],[0.036,0.919,0.147,20.26,-31.84,-8.70,-2.24,80.93],[-0.014,1.042,0.008,-17.36,-8.30,11.24,0.76,89.57]]}
52.952	{"type":"ecg","dev":"node-01","seq":1969,"t0":198413,"fs":250,"leads_off":false,"bpm":122.7,"samples":[966,1054,987,1040,1379,1713,1877,1957,2003,2091,2059,1983,2060,2192,2209,2223,2288,2487,2718,2724,2533,2305,2319,2538,2795]}
53.052	{"type":"ecg","dev":"node-01","seq":1970,"t0":198513,"fs":250,"leads_off":false,"bpm":126.4,"samples":[2926,2943,2929,2765,2860,3377,3604,3229,2822,2673,2850,3026,2898,2805,2819,2856,2833,2895,2991,2954,2901,2923,2954,2939,2817]}
53.152	{"type":"ecg","dev":"node-01","seq":1971,"t0":198613,"fs":250,"leads_off":false,"bpm":126.4,"samples":[2672,2635,2598,2493,2353,2183,2075,2058,2061,1999,1872,1795,1854,1927,1904,1871,1864,1873,1866,2045,2310,2187,1786,1493,1449]}
53.252	{"type":"ecg","dev":"node-01","seq":1972,"t0":198713,"fs":250,"leads_off":false,"bpm":126.4,"samples":[1476,1577,1750,1847,1804,1686,1608,1583,1589,1616,1601,1568,1614,1682,1683,1567,1510,1497,1564,1623,1647,1651,1812,1951,1863]}
53.352	{"type":"ecg","dev":"node-01","seq":1973,"t0":198813,"fs":250,"leads_off":false,"bpm":126.4,"samples":[1584,1265,1159,1264,1426,1495,1509,1559,1610,1699,1747,1700,1600,1565,1645,1761,1829,1855,1826,1631,1387,1296,1294,1390,1456]}
53.452	{"type":"ecg","dev":"node-01","seq":1974,"t0":198913,"fs":250,"leads_off":false,"bpm":133.4,"samples":[1424,1366,1290,1259,1317,1363,1366,1349,1335,1337,1345,1372,1351,1213,1142,1435,1926,2165,2199,2239,2585,2869,2585,1823,848]}
53.552	{"type":"ecg","dev":"node-01","seq":1975,"t0":199013,"fs":250,"leads_off":false,"bpm":133.4,"samples":[214,259,640,845,866,784,843,1259,1688,1984,1936,1619,1344,1353,1488,1585,1637,1602,1535,1509,1535,1675,1845,1920,1941]}
53.652	{"type":"ecg","dev":"node-01","seq":1976,"t0":199113,"fs":250,"leads_off":false,"bpm":133.4,"samples":[1904,1750,1598,1643,1840,1997,1983,1845,1795,1790,1835,1738,1723,1824,1920,1920,1863,1914,1962,1936,1840,1750,1769,1887,1878]}
53.752	{"type":"ecg","dev":"node-01","seq":1977,"t0":199213,"fs":250,"leads_off":false,"bpm":133.4,"samples":[1775,1685,1651,1645,1588,1494,1430,1602,1616,1253,951,1123,1443,1514,1255,895,847,1200,1596,1680,1511,1327,1251,1381,1570]}
53.852	{"type":"ecg","dev":"node-01","seq":1978,"t0":199313,"fs":250,"leads_off":false,"bpm":133.4,"samples":[1566,1370,1344,1360,1459,1494,1461,1529,1635,1287,799,719,1286,1811,1910,1677,1333,1104,1271,1494,1607,1559,1514,1414,1163]}
53.952	{"type":"ecg","dev":"node-01","seq":1979,"t0":199413,"fs":250,"leads_off":false,"bpm":133.4,"samples":[1007,1324,1711,1751,1583,1339,1048,1133,1449,1777,1882,1770,1467,1339,1306,1521,1763,1856,1798,1677,1510,1405,1395,1587,1839]}
54.052	{"type":"ecg","dev":"node-01","seq":1980,"t0":199513,"fs":250,"leads_off":false,"bpm":133.4,"samples":[1883,1790,1725,1618,1662,1744,1689,1645,1621,1603,1612,1616,1607,1564,1450,1360,1264,1469,1701,1733,1581,1493,1647,1792,1740]}
54.152	{"type":"ecg","dev":"node-01","seq":1981,"t0":199613,"fs":250,"leads_off":false,"bpm":129.6,"samples":[1553,1593,1779,2270,2855,3329,3465,2935,2001,1339,1040,1014,1299,1361,1223,1031,1088,1559,1998,2093,1931,1877,1927,2032,1965]}
54.252	{"type":"ecg","dev":"node-01","seq":1982,"t0":199713,"fs":250,"leads_off":false,"bpm":129.6,"samples":[1845,1779,1653,1678,1915,2235,2407,2326,1954,1645,1920,2320,2446,2336,2219,2021,1952,2183,2317,2158,2066,2083,2176,2161,2044]}
54.352	{"type":"ecg","dev":"node-01","seq":1983,"t0":199813,"fs":250,"leads_off":false,"bpm":129.6,"samples":[2106,2258,2437,2283,1767,1692,2401,3038,3024,2619,2271,1961,1797,1956,2030,1984,1998,1968,1823,1535,1456,1624,1831,2027,2095]}
54.452	{"type":"ecg","dev":"node-01","seq":1984,"t0":199913,"fs":250,"leads_off":false,"bpm":129.6,"samples":[1962,1823,1834,1865,1797,1636,1861,2119,2118,1881,1518,1503,1818,2011,2047,1995,1822,1670,1739,1877,2175,2241,2003,1797,1718]}
54.488	{"type":"imu","dev":"node-01","seq":1656,"t0":198470,"fs":100,"samples":[[0.237,0.900,0.447,-33.64,-7.87,21.55,0.41,88.72],[0.183,0.910,0.429,-36.69,-7.08,18.50,0.12,87.88],[0.211,0.855,0.396,-63.70,4.32,9.23,-0.09,86.80],[0.416,0.692,0.590,-41.39,12.86,-2.66,-24.55,49.54],[0.425,0.737,0.598,-31.20,14.69,-6.50,-24.40,49.26],[0.485,0.702,0.648,-24.07,16.34,9.53,-24.29,48.99],[0.338,0.799,0.573,-15.17,19.44,24.90,-23.98,48.94],[0.392,0.784,0.583,-18.64,19.99,29.72,-23.75,48.85],[0.393,0.726,0.612,-26.87,26.70,27.64,-23.47,48.61],[0.407,0.676,0.603,-25.59,30.54,26.67,-23.18,48.35]]}
54.552	{"type":"ecg","dev":"node-01","seq":1985,"t0":200013,"fs":250,"leads_off":false,"bpm":129.6,"samples":[1563,1677,2079,2397,2415,2215,1794,1402,1678,2145,2352,2273,2055,1921,1819,1920,2027,2086,1990,1972,2223,2417,2400,2187,1947]}
54.588	{"type":"imu","dev":"node-01","seq":1657,"t0":200050,"fs":100,"samples":[[0.419,0.625,0.608,-20.04,27.55,24.96,-22.96,48.10],[0.428,0.623,0.615,-14.07,28.53,23.31,-22.75,47.91],[0.433,0.648,0.591,-11.51,28.53,21.18,-22.54,47.79],[0.438,0.652,0.580,-7.24,30.48,14.78,-22.32,47.73],[0.439,0.670,0.607,-8.64,28.04,8.25,-22.12,47.65],[0.448,0.666,0.620,-11.81,28.16,7.58,-21.92,47.52],[0.423,0.699,0.628,-14.62,26.52,6.73,-21.70,47.38],[0.395,0.709,0.655,-15.78,23.59,9.78,-21.49,47.23],[0.380,0.707,0.684,-17.67,21.03,8.68,-21.27,47.03],[0.314,0.715,0.673,-15.41,20.48,10.33,-21.00,46.88]]}
54.652	{"type":"ecg","dev":"node-01","seq":1986,"t0":200113,"fs":250,"leads_off":false,"bpm":132.1,"samples":[1888,2150,2417,2559,2497,2305,2145,2091,2061,1940,1849,1885,2240,2544,2441,2063,1749,1776,1926,2011,2126,2192,2255,2191,1971]}
54.688	{"type":"imu","dev":"node-01","seq":1658,"t0":200150,"fs":100,"samples":[[0.283,0.716,0.647,-9.31,18.47,14.35,-20.73,46.80],[0.308,0.730,0.647,-6.14,19.32,14.53,-20.48,46.78],[0.311,0.722,0.690,-12.61,14.69,9.11,-20.27,46.64],[0.353,0.741,0.675,-17.00,16.21,8.50,-20.09,46.50],[0.377,0.724,0.698,-24.13,15.05,7.16,-19.95,46.25],[0.386,0.702,0.709,-27.73,16.21,3.44,-19.82,45.95],[0.372,0.683,0.715,-28.15,17.55,0.94,-19.66,45.62],[0.351,0.654,0.708,-29.68,22.31,6.30,-19.45,45.28],[0.353,0.675,0.694,-27.12,20.42,9.23,-19.26,44.99],[0.355,0.606,0.752,-21.69,4.14,11.91,-19.24,44.66]]}
54.752	{"type":"ecg","dev":"node-01","seq":1987,"t0":200213,"fs":250,"leads_off":false,"bpm":132.1,"samples":[1616,1603,2012,2559,3038,3317,3392,3645,3702,3187,2544,1839,1394,1357,1403,1514,1638,1673,1707,1955,2256,2289,2173,2096,2223]}
54.787	{"type":"imu","dev":"node-01","seq":1659,"t0":200250,"fs":100,"samples":[[0.339,0.692,0.717,-21.20,-0.98,17.83,-19.24,44.44],[0.351,0.610,0.754,-23.58,7.68,15.57,-19.18,44.10],[0.454,0.605,0.754,-33.40,18.10,7.58,-19.12,43.66],[0.386,0.607,0.803,-17.24,26.64,0.20,-18.90,43.36],[0.397,0.594,0.814,-6.45,27.43,-0.10,-18.68,43.15],[0.400,0.559,0.814,-4.56,27.68,7.34,-18.48,42.94],[0.328,0.720,0.801,13.49,9.38,16.91,-18.35,43.05],[0.410,0.695,0.789,12.39,11.58,23.19,-18.30,43.14],[0.289,0.739,0.759,8.68,18.35,30.75,-18.06,43.24],[0.389,0.689,0.767,11.91,18.29,31.06,-17.93,43.33]]}
54.852	{"type":"ecg","dev":"node-01","seq":1988,"t0":200313,"fs":250,"leads_off":false,"bpm":132.1,"samples":[2418,2416,2290,2173,2101,2183,2317,2559,2621,2349,2169,2283,2425,2367,2071,2142,2595,2894,2842,2448,1955,2064,2295,2662,2985]}
54.887	{"type":"imu","dev":"node-01","seq":1660,"t0":200350,"fs":100,"samples":[[0.319,0.643,0.743,1.72,14.20,25.69,-17.79,43.30],[0.295,0.623,0.757,-2.91,12.01,20.02,-17.66,43.20],[0.336,0.602,0.785,-3.21,11.82,8.86,-17.56,43.05],[0.338,0.585,0.805,-3.34,19.02,5.57,-17.40,42.88],[0.349,0.587,0.782,-2.48,24.44,3.01,-17.21,42.73],[0.323,0.609,0.739,-7.61,1.70,3.86,-17.22,42.59],[0.330,0.625,0.745,-7.54,-2.02,7.89,-17.27,42.47],[0.342,0.607,0.732,-7.12,-3.79,10.45,-17.35,42.34],[0.608,0.071,0.906,-6.51,13.41,4.60,-17.55,41.52],[0.354,0.642,0.791,49.53,-11.10,10.27,-17.69,41.96]]}
54.952	{"type":"ecg","dev":"node-01","seq":1989,"t0":200413,"fs":250,"leads_off":false,"bpm":132.1,"samples":[2993,2815,2645,2559,2506,2322,2294,2583,2697,2654,2555,2417,2067,2039,2153,2091,2303,2462,2335,2064,2112,2314,2320,2064,1792]}
54.987	{"type":"imu","dev":"node-01","seq":1661,"t0":200450,"fs":100,"samples":[[0.306,0.696,0.688,52.03,4.63,10.63,-17.64,42.54],[0.317,0.667,0.754,7.21,0.48,5.20,-17.63,42.59],[0.332,0.648,0.752,1.42,-1.16,-0.34,-17.66,42.56],[0.356,0.664,0.780,7.15,-1.29,1.91,-17.70,42.59],[0.356,0.687,0.771,0.87,3.71,4.23,-17.69,42.58],[0.344,0.668,0.745,-16.69,5.60,4.41,-17.66,42.40],[0.349,0.631,0.723,-15.84,4.44,3.38,-17.66,42.22],[0.355,0.625,0.752,-8.52,1.46,3.19,-17.70,42.09],[0.350,0.614,0.718,-7.48,3.96,1.12,-17.71,41.98],[0.327,0.603,0.707,-11.32,5.36,-1.87,-17.69,41.84]]}
55.052	{"type":"ecg","dev":"node-01","seq":1990,"t0":200513,"fs":250,"leads_off":false,"bpm":132.1,"samples":[1808,1892,1954,1907,1913,1931,1870,1722,1717,1927,1941,1693,1555,1872,2304,2433,2034,1585,1562,1917,2199,2222,2131,2002,1905]}
55.087	{"type":"imu","dev":"node-01","seq":1662,"t0":200550,"fs":100,"samples":[[0.336,0.622,0.739,-9.13,5.12,-2.97,-17.67,41.72],[0.378,0.632,0.785,-8.70,4.14,-4.73,-17.69,41.57],[0.399,0.639,0.806,-13.95,6.03,-5.95,-17.70,41.37],[0.404,0.643,0.793,-15.11,6.70,-5.47,-17.71,41.18],[0.399,0.634,0.724,-13.34,6.70,-1.93,-17.74,41.05],[0.359,0.610,0.757,-21.63,9.02,-1.01,-17.70,40.79],[0.357,0.590,0.733,-16.45,8.59,-1.32,-17.68,40.59],[0.364,0.588,0.724,-6.69,5.24,-0.22,-17.70,40.49],[0.371,0.619,0.784,-2.00,7.80,-3.09,-17.68,40.43],[0.382,0.627,0.803,3.25,7.92,-5.47,-17.66,40.41]]}
55.152	{"type":"ecg","dev":"node-01","seq":1991,"t0":200613,"fs":250,"leads_off":false,"bpm":132.1,"samples":[1712,1552,1591,1784,2037,2139,1998,1749,1595,1738,1813,1712,1753,2126,2259,2213,2006,1774,1705,1926,2125,2253,2259,2133,2031]}
55.188	{"type":"imu","dev":"node-01","seq":1663,"t0":200650,"fs":100,"samples":[[0.399,0.667,0.763,1.48,9.14,-7.72,-17.64,40.44],[0.377,0.681,0.765,-8.15,6.70,-10.22,-17.63,40.39],[0.363,0.678,0.734,-14.01,6.34,-9.73,-17.61,40.30],[0.321,0.651,0.710,-20.41,9.02,-11.32,-17.54,40.14],[0.331,0.630,0.706,-16.20,12.13,-10.10,-17.46,40.01],[0.339,0.621,0.712,-17.48,11.58,-10.40,-17.39,39.87],[0.355,0.596,0.755,-16.51,13.53,-11.01,-17.31,39.66],[0.362,0.612,0.741,-15.47,14.69,-15.04,-17.24,39.52],[0.379,0.620,0.772,-16.93,15.85,-19.00,-17.16,39.34],[0.377,0.627,0.749,-20.29,17.25,-21.50,-17.07,39.15]]}
55.252	{"type":"ecg","dev":"node-01","seq":1992,"t0":200713,"fs":250,"leads_off":false,"bpm":132.1,"samples":[1930,1907,1885,1905,1975,1856,1860,1979,2123,2017,1684,1584,1847,2011,1963,1777,1757,1844,2035,2045,1810,1635,1628,1530,1379]}
55.288	{"type":"imu","dev":"node-01","seq":1664,"t0":200750,"fs":100,"samples":[[0.331,0.605,0.772,-31.02,19.75,-23.82,-16.90,38.82],[0.287,0.594,0.742,-28.40,19.69,-22.54,-16.71,38.54],[0.272,0.587,0.749,-27.18,20.54,-20.16,-16.49,38.27],[0.280,0.584,0.744,-22.42,19.20,-17.66,-16.31,38.04],[0.266,0.590,0.811,-20.29,21.40,-16.69,-16.07,37.80],[0.260,0.604,0.821,-17.18,20.30,-16.26,-15.83,37.61],[0.225,0.644,0.839,-11.51,15.54,-17.72,-15.60,37.49],[0.167,0.687,0.858,-13.70,10.24,-18.03,-15.36,37.38],[0.137,0.707,0.887,-15.47,8.96,-15.65,-15.11,37.26],[0.114,0.732,0.887,-18.70,6.15,-7.72,-14.86,37.12]]}
55.352	{"type":"ecg","dev":"node-01","seq":1993,"t0":200813,"fs":250,"leads_off":false,"bpm":121.9,"samples":[1454,1706,2022,2305,2435,2529,3037,3535,3497,2789,1840,1106,921,1127,1337,1264,1299,1441,1641,1696,1446,1275,1520,1808,2017]}
55.387	{"type":"imu","dev":"node-01","seq":1665,"t0":200850,"fs":100,"samples":[[0.158,0.727,0.930,-28.28,5.73,-0.40,-14.66,36.86],[0.171,0.701,0.914,-31.81,3.53,3.07,-14.50,36.56],[0.231,0.655,0.822,-35.23,2.49,10.27,-14.43,36.25],[0.282,0.599,0.894,-34.86,3.71,12.03,-14.40,35.87],[0.288,0.578,0.961,-27.91,2.19,11.06,-14.38,35.49],[0.312,0.538,0.833,-19.07,-1.77,6.67,-14.46,35.26],[0.297,0.505,0.909,-21.26,-3.48,-1.56,-14.52,34.91],[0.278,0.506,0.880,-10.04,-2.26,-8.58,-14.56,34.72],[0.243,0.521,0.876,-8.76,-3.97,-11.75,-14.58,34.55],[0.190,0.558,0.899,-8.70,-2.63,-13.21,-14.51,34.41]]}
55.452	{"type":"ecg","dev":"node-01","seq":1994,"t0":200913,"fs":250,"leads_off":false,"bpm":121.9,"samples":[2027,1842,1776,1797,1872,1901,1869,1979,2152,2130,1937,1799,1830,1977,2063,1933,1871,2009,2063,1891,1692,1839,2066,2226,2256]}
55.487	{"type":"imu","dev":"node-01","seq":1666,"t0":200950,"fs":100,"samples":[[0.132,0.585,0.867,-7.24,-3.30,-9.31,-14.40,34.33],[0.118,0.597,0.856,-4.98,-1.10,-4.73,-14.25,34.30],[0.082,0.609,0.881,-10.11,0.18,0.02,-14.05,34.20],[0.116,0.604,0.855,2.09,4.38,7.77,-13.86,34.25],[0.136,0.608,0.842,0.08,4.99,9.90,-13.68,34.28],[0.150,0.582,0.868,-18.46,3.71,10.08,-13.53,34.09],[0.197,0.546,0.915,-15.17,6.40,11.79,-13.41,33.87],[0.208,0.555,0.873,-8.58,8.35,14.41,-13.29,33.76],[0.198,0.555,0.856,-13.34,6.34,12.77,-13.18,33.61],[0.212,0.538,0.834,-20.47,3.90,12.28,-13.12,33.40]]}
55.552	{"type":"ecg","dev":"node-01","seq":1995,"t0":201013,"fs":250,"leads_off":false,"bpm":121.9,"samples":[2171,2081,1919,1934,2193,2352,2289,2018,1839,1903,1998,2130,2086,1920,1817,1775,1633,1557,1485,1470,1463,1398,1535,1807,1803]}
55.587	{"type":"imu","dev":"node-01","seq":1667,"t0":201050,"fs":100,"samples":[[0.217,0.532,0.849,-19.19,5.66,10.69,-13.04,33.18],[0.167,0.510,0.870,-13.89,9.57,11.49,-12.88,32.99],[0.142,0.519,0.900,-11.69,12.68,11.36,-12.65,32.81],[0.156,0.519,0.910,-14.43,13.04,10.88,-12.44,32.61],[0.173,0.532,0.915,-14.62,11.64,7.89,-12.26,32.42],[0.178,0.546,0.911,-9.86,11.15,6.97,-12.10,32.29],[0.172,0.529,0.908,-14.98,11.70,7.95,-11.92,32.10],[0.152,0.525,0.901,-15.04,10.36,9.05,-11.75,31.92],[0.150,0.521,0.861,-11.51,11.40,12.10,-11.58,31.79],[0.169,0.530,0.894,-8.95,14.08,13.92,-11.39,31.68]]}
55.652	{"type":"ecg","dev":"node-01","seq":1996,"t0":201113,"fs":250,"leads_off":false,"bpm":121.9,"samples":[1631,1390,1175,1276,1632,1909,1891,1702,1651,1587,1581,1601,1563,1461,1477,1639,1804,1826,1770,1651,1522,1530,1649,1709,1789]}
55.687	{"type":"imu","dev":"node-01","seq":1668,"t0":201150,"fs":100,"samples":[[0.169,0.531,0.882,-2.91,13.04,16.97,-11.22,31.64],[0.208,0.554,0.889,-0.23,11.09,18.31,-11.11,31.64],[0.217,0.578,0.895,2.82,10.66,18.56,-11.02,31.69],[0.236,0.581,0.895,1.91,7.92,18.86,-10.97,31.74],[0.232,0.585,0.888,0.26,6.82,17.22,-10.93,31.77],[0.250,0.594,0.848,-7.54,6.21,14.84,-10.92,31.77],[0.246,0.584,0.879,-11.08,5.73,13.92,-10.91,31.69],[0.241,0.544,0.876,-13.09,4.32,12.52,-10.91,31.57],[0.232,0.520,0.856,-21.14,4.44,10.39,-10.91,31.36],[0.227,0.508,0.885,-25.35,2.68,9.47,-10.91,31.08]]}
55.752	{"type":"ecg","dev":"node-01","seq":1997,"t0":201213,"fs":250,"leads_off":false,"bpm":121.9,"samples":[1831,1744,1803,1779,1659,1666,1703,1665,1669,1698,1639,1585,1711,1825,1673,1463,1503,1663,1761,1806,1862,1856,1718,1571,1659]}
55.787	{"type":"imu","dev":"node-01","seq":1669,"t0":201250,"fs":100,"samples":[[0.239,0.519,0.919,-18.03,4.08,6.85,-10.91,30.87],[0.240,0.509,0.896,-16.63,4.14,6.42,-10.91,30.68],[0.247,0.506,0.912,-17.00,3.90,6.12,-10.92,30.48],[0.238,0.505,0.904,-14.56,2.80,5.81,-10.94,30.31],[0.241,0.498,0.922,-8.52,2.86,6.67,-10.95,30.19],[0.229,0.482,0.925,-8.64,2.98,8.99,-10.95,30.05],[0.220,0.479,0.906,-9.56,2.13,10.94,-10.95,29.91],[0.197,0.479,0.902,-13.03,0.79,13.68,-10.94,29.75],[0.191,0.461,0.900,-17.24,-1.47,13.50,-10.95,29.53],[0.186,0.490,0.829,-5.17,2.25,13.38,-10.93,29.50]]}
55.852	{"type":"ecg","dev":"node-01","seq":1998,"t0":201313,"fs":250,"leads_off":false,"bpm":121.9,"samples":[1869,1972,1919,1830,1821,1791,1712,1616,1531,1552,1614,1587,1553,1585,1580,1477,1456,1502,1505,1424,1246,1323,1627,1780,1653]}
55.887	{"type":"imu","dev":"node-01","seq":1670,"t0":201350,"fs":100,"samples":[[0.203,0.484,0.949,-40.35,0.05,13.62,-10.92,29.05],[0.217,0.501,0.993,-27.42,1.09,9.17,-10.92,28.74],[0.208,0.499,0.926,-13.09,-0.74,5.51,-10.93,28.60],[0.216,0.495,0.909,-7.61,-0.37,5.20,-10.95,28.53],[0.231,0.480,0.855,-19.68,-2.87,3.99,-11.02,28.35],[0.229,0.477,0.852,-25.04,-3.54,3.74,-11.10,28.12],[0.211,0.466,0.952,-31.08,-0.92,2.64,-11.11,27.76],[0.208,0.448,0.886,-32.12,-0.74,5.57,-11.14,27.44],[0.208,0.445,0.910,-35.59,0.18,4.05,-11.14,27.06],[0.215,0.453,0.933,-23.46,2.37,6.42,-11.13,26.81]]}
55.951	{"type":"status","dev":"node-01","fw":"0.1.0","uptime_ms":201509,"ecg":{"fs":250},"imu":{"ok":true,"fs":100,"errors":3283,"fields":["ax","ay","az","gx","gy","gz","pitch","roll"]}}
55.953	{"type":"ecg","dev":"node-01","seq":1999,"t0":201413,"fs":250,"leads_off":false,"bpm":104.8,"samples":[1428,1258,1291,1407,1728,2240,2793,3332,3493,2954,2193,1483,949,848,999,1023,970,964,1137,1359,1511,1535,1525,1584,1635]}
55.987	{"type":"imu","dev":"node-01","seq":1671,"t0":201450,"fs":100,"samples":[[0.213,0.445,0.955,-18.52,4.87,10.63,-11.09,26.59],[0.229,0.474,0.872,-16.02,5.79,10.69,-11.07,26.48],[0.205,0.434,0.943,-27.36,5.18,10.27,-11.02,26.17],[0.214,0.449,0.857,-15.23,10.97,9.66,-10.94,26.05],[0.204,0.497,1.022,-14.62,13.41,8.38,-10.80,25.91],[0.202,0.504,0.996,-16.87,11.64,7.95,-10.67,25.76],[0.186,0.477,0.960,-32.48,9.26,7.03,-10.56,25.44],[0.159,0.427,0.932,-27.12,9.20,9.47,-10.44,25.17],[0.174,0.417,0.941,-36.26,10.12,12.58,-10.32,24.79],[0.157,0.340,0.915,-44.74,2.80,13.86,-10.27,24.26]]}
56.052	{"type":"ecg","dev":"node-01","seq":2000,"t0":201513,"fs":250,"leads_off":false,"bpm":104.8,"samples":[1711,1766,1807,1855,1833,1650,1574,1792,2057,2077,1889,1776,1767,1739,1710,1682,1775,1936,2121,2080,1821,1733,1834,2027,2157]}
56.087	{"type":"imu","dev":"node-01","seq":1672,"t0":201550,"fs":100,"samples":[[0.151,0.342,0.903,-33.76,9.93,16.67,-10.15,23.86],[0.162,0.333,0.932,-32.97,9.08,17.22,-10.04,23.45],[0.123,0.401,0.977,-27.54,8.90,12.95,-9.89,23.16],[0.139,0.458,1.026,-10.29,11.76,6.18,-9.71,23.08],[0.165,0.484,1.084,-10.59,14.81,2.89,-9.53,22.99],[0.162,0.468,1.016,-24.07,10.05,0.02,-9.41,22.79],[0.159,0.393,1.018,-39.37,6.34,0.14,-9.32,22.36],[0.159,0.355,0.992,-32.24,3.96,0.33,-9.27,22.00],[0.177,0.319,0.983,-35.17,4.87,2.89,-9.23,21.57],[0.173,0.298,0.943,-34.19,2.98,4.47,-9.22,21.16]]}
56.152	{"type":"ecg","dev":"node-01","seq":2001,"t0":201613,"fs":250,"leads_off":false,"bpm":104.8,"samples":[2032,1835,1883,2093,2169,2031,1847,1781,1812,1858,1840,1799,1744,1747,1773,1603,1376,1239,1486,1778,1733,1408,1243,1530,1726]}
56.187	{"type":"imu","dev":"node-01","seq":1673,"t0":201650,"fs":100,"samples":[[0.156,0.357,0.976,-26.32,5.85,6.61,-9.14,20.88],[0.147,0.375,1.081,-35.71,6.82,3.38,-9.04,20.50],[0.147,0.427,1.036,-17.54,9.20,2.83,-8.92,20.36],[0.127,0.419,1.022,-33.58,7.80,1.67,-8.80,20.07],[0.146,0.348,0.986,-47.54,4.51,1.79,-8.73,19.59],[0.131,0.257,1.018,-62.06,6.15,1.85,-8.64,18.88],[0.166,0.190,0.891,-53.52,1.58,3.44,-8.66,18.20],[0.181,0.186,0.924,-48.64,8.16,3.44,-8.63,17.60],[0.176,0.215,1.003,-33.64,17.86,5.57,-8.47,17.16],[0.187,0.270,1.010,-18.70,23.04,6.42,-8.28,16.93]]}
56.252	{"type":"ecg","dev":"node-01","seq":2002,"t0":201713,"fs":250,"leads_off":false,"bpm":104.8,"samples":[1679,1455,1321,1367,1445,1510,1584,1520,1409,1295,1248,1303,1447,1535,1559,1430,1357,1392,1328,1274,1352,1595,1700,1664,1526]}
56.287	{"type":"imu","dev":"node-01","seq":1674,"t0":201750,"fs":100,"samples":[[0.153,0.307,1.036,-16.32,25.05,5.81,-8.03,16.77],[0.102,0.408,1.099,-6.45,26.58,3.13,-7.71,16.77],[0.093,0.423,1.170,-8.03,26.40,-1.01,-7.38,16.76],[0.055,0.368,1.109,-18.40,21.76,-1.01,-7.08,16.61],[0.046,0.298,1.047,-43.95,13.16,-3.33,-6.85,16.16],[0.035,0.238,1.075,-49.92,8.71,-2.84,-6.67,15.60],[0.062,0.195,1.041,-39.01,7.74,0.94,-6.52,15.10],[0.072,0.177,1.033,-38.21,6.46,2.83,-6.41,14.64],[0.060,0.184,1.098,-28.15,4.57,-2.11,-6.30,14.26],[0.082,0.232,1.115,-18.70,3.16,-9.55,-6.22,14.03]]}
56.352	{"type":"ecg","dev":"node-01","seq":2003,"t0":201813,"fs":250,"leads_off":false,"bpm":104.8,"samples":[1421,1423,1465,1456,1386,1405,1566,1829,1757,1435,1152,1111,1344,1600,1606,1429,1305,1346,1506,1627,1617,1593,1569,1578,1601]}
56.387	{"type":"imu","dev":"node-01","seq":1675,"t0":201850,"fs":100,"samples":[[0.085,0.261,1.141,-18.64,2.43,-11.01,-6.16,13.82],[0.053,0.301,1.130,-16.32,-1.77,-16.75,-6.10,13.68],[0.019,0.321,1.116,-17.85,-6.77,-16.38,-6.07,13.55],[0.015,0.334,1.109,-18.40,-7.81,-11.87,-6.04,13.44],[0.023,0.317,1.057,-20.53,-12.32,-2.36,-6.06,13.30],[0.039,0.287,1.071,-14.07,-8.60,6.12,-6.06,13.20],[0.051,0.271,1.060,-8.82,-10.43,9.72,-6.10,13.13],[0.097,0.262,1.062,-6.08,-10.49,11.42,-6.18,13.09],[0.115,0.250,1.037,-5.96,-8.66,6.85,-6.27,13.04],[0.127,0.256,0.999,-7.24,-8.48,4.05,-6.36,12.99]]}
56.452	{"type":"ecg","dev":"node-01","seq":2004,"t0":201913,"fs":250,"leads_off":false,"bpm":104.8,"samples":[1703,1778,1805,1695,1513,1311,1313,1427,1475,1450,1311,1269,1329,1357,1357,1315,1285,1321,1409,1391,1325,1296,1301,1278,1191]}
56.487	{"type":"imu","dev":"node-01","seq":1676,"t0":201950,"fs":100,"samples":[[0.124,0.238,1.033,-12.91,-4.34,-5.28,-6.41,12.87],[0.104,0.231,0.991,-9.74,-5.86,-12.48,-6.46,12.78],[0.092,0.221,0.998,-10.53,-5.56,-15.59,-6.49,12.67],[0.053,0.202,1.022,-11.87,-5.68,-17.54,-6.47,12.52],[0.045,0.194,1.009,-15.90,-9.09,-16.08,-6.48,12.33],[0.039,0.236,1.063,-9.01,-4.82,-13.33,-6.44,12.25],[0.046,0.275,1.059,-10.47,-3.66,-10.59,-6.40,12.19],[0.034,0.298,1.089,-19.07,-2.14,-8.70,-6.32,12.07],[0.062,0.334,1.063,-25.78,-1.23,-7.66,-6.27,11.92],[0.083,0.318,1.103,-34.07,-1.10,-8.64,-6.24,11.67]]}
56.552	{"type":"ecg","dev":"node-01","seq":2005,"t0":202013,"fs":250,"leads_off":false,"bpm":100.1,"samples":[1221,1462,1814,2207,2559,2924,3003,2593,1942,1264,753,656,761,797,727,716,845,1136,1367,1453,1443,1488,1535,1512,1477]}
56.587	{"type":"imu","dev":"node-01","seq":1677,"t0":202050,"fs":100,"samples":[[0.084,0.271,1.055,-42.30,-2.32,-6.93,-6.23,11.31],[0.126,0.171,1.063,-54.74,-3.54,-3.76,-6.27,10.74],[0.119,0.123,0.936,-45.53,-1.41,-1.62,-6.30,10.22],[0.110,0.047,1.102,-55.65,0.05,0.33,-6.29,9.52],[0.132,0.071,1.042,-29.31,-0.01,2.64,-6.31,9.12],[0.117,0.085,0.990,-20.84,2.31,1.73,-6.29,8.83],[0.096,0.111,1.125,-26.45,3.35,-4.92,-6.23,8.50],[0.095,0.175,1.123,-18.28,7.43,-9.55,-6.13,8.34],[0.081,0.208,1.164,-22.54,8.53,-12.48,-6.00,8.15],[0.089,0.241,1.145,-23.46,7.01,-16.50,-5.90,8.00]]}
56.652	{"type":"ecg","dev":"node-01","seq":2006,"t0":202113,"fs":250,"leads_off":false,"bpm":100.1,"samples":[1439,1498,1635,1684,1663,1637,1611,1579,1557,1625,1687,1711,1705,1682,1604,1647,1778,1897,1917,1867,1783,1743,1804,1936,2045]}
56.687	{"type":"imu","dev":"node-01","seq":1678,"t0":202150,"fs":100,"samples":[[0.066,0.286,1.111,-16.63,7.55,-20.16,-5.77,7.96],[0.058,0.267,1.094,-23.70,5.60,-19.80,-5.66,7.84],[0.027,0.220,1.075,-42.36,3.04,-16.20,-5.55,7.50],[0.019,0.149,1.011,-44.43,0.30,-10.89,-5.45,7.09],[0.015,0.080,1.045,-36.45,2.01,-4.61,-5.34,6.67],[0.028,0.038,1.043,-36.75,-3.12,-1.56,-5.30,6.22],[0.027,0.037,1.071,-25.17,0.05,-0.89,-5.22,5.88],[0.043,0.049,1.105,-21.51,-1.53,-3.09,-5.17,5.61],[0.044,0.049,1.094,-20.71,-2.02,-4.31,-5.13,5.35],[0.045,0.048,1.128,-19.86,0.85,-10.40,-5.07,5.10]]}
56.752	{"type":"ecg","dev":"node-01","seq":2007,"t0":202213,"fs":250,"leads_off":false,"bpm":100.1,"samples":[2011,1904,1834,1840,1844,1789,1776,1841,1904,1843,1701,1678,1765,1787,1616,1378,1280,1356,1461,1445,1342,1239,1290,1451,1431]}
56.787	{"type":"imu","dev":"node-01","seq":1679,"t0":202250,"fs":100,"samples":[[0.050,0.088,1.116,-15.04,2.80,-14.12,-4.99,4.93],[0.048,0.094,1.123,-12.42,2.13,-15.77,-4.92,4.81],[0.038,0.117,1.079,-16.02,4.81,-17.72,-4.81,4.68],[-0.001,0.095,1.090,-35.65,0.85,-13.39,-4.71,4.34],[-0.015,0.113,1.073,-30.35,1.64,-11.08,-4.58,4.07],[-0.023,0.143,1.072,-28.46,1.58,-7.23,-4.45,3.87],[-0.019,0.103,1.106,-30.17,1.46,-5.40,-4.33,3.59],[-0.025,0.104,1.089,-22.00,2.01,-4.73,-4.20,3.42],[-0.004,0.103,1.059,-26.39,1.70,-2.30,-4.09,3.20],[-0.008,0.059,1.085,-38.70,2.19,-2.30,-3.98,2.82]]}
56.852	{"type":"ecg","dev":"node-01","seq":2008,"t0":202313,"fs":250,"leads_off":false,"bpm":100.1,"samples":[1223,1133,1250,1424,1423,1301,1264,1386,1491,1403,1239,1190,1280,1340,1331,1290,1303,1361,1412,1395,1310,1280,1319,1407,1470]}
56.887	{"type":"imu","dev":"node-01","seq":1680,"t0":202350,"fs":100,"samples":[[0.018,0.055,1.096,-28.21,2.25,-0.10,-3.90,2.54],[0.008,0.076,1.093,-19.62,4.51,-1.99,-3.78,2.38],[0.012,0.080,1.069,-30.59,2.74,-0.83,-3.69,2.12],[-0.012,0.050,1.053,-29.86,2.80,-3.39,-3.58,1.84],[-0.019,0.037,1.061,-28.40,3.35,-2.54,-3.45,1.56],[-0.040,0.043,1.057,-27.18,2.68,-2.30,-3.32,1.31],[-0.051,0.028,1.051,-31.75,0.36,-0.95,-3.19,0.99],[-0.047,0.020,1.075,-29.31,1.27,-0.53,-3.06,0.72],[-0.032,0.016,1.086,-23.34,0.36,0.75,-2.97,0.49],[-0.042,0.017,1.104,-17.24,1.34,0.69,-2.85,0.33]]}
56.952	{"type":"ecg","dev":"node-01","seq":2009,"t0":202413,"fs":250,"leads_off":false,"bpm":100.1,"samples":[1447,1393,1392,1450,1462,1373,1296,1351,1424,1423,1431,1484,1527,1583,1522,1470,1559,1645,1700,1633,1492,1424,1463,1488,1411]}
56.987	{"type":"imu","dev":"node-01","seq":1681,"t0":202450,"fs":100,"samples":[[-0.041,0.018,1.111,-17.06,2.07,0.57,-2.73,0.18],[-0.052,0.022,1.105,-19.74,0.05,-0.95,-2.62,0.00],[-0.028,0.029,1.141,-20.41,0.05,-2.60,-2.54,-0.17],[-0.042,0.033,1.115,-18.40,-0.56,-3.15,-2.45,-0.31],[-0.042,0.005,1.085,-21.87,0.24,-3.45,-2.35,-0.51],[-0.067,-0.021,1.086,-23.09,-1.16,-3.51,-2.25,-0.75],[-0.059,-0.022,1.085,-23.28,-2.26,-1.69,-2.16,-1.00],[-0.055,-0.021,1.065,-20.41,-4.76,-2.23,-2.11,-1.19],[-0.043,-0.022,1.054,-21.87,-5.01,-2.48,-2.07,-1.41],[-0.060,-0.037,1.055,-20.71,-5.98,-3.58,-2.02,-1.62]]}
57.052	{"type":"ecg","dev":"node-01","seq":2010,"t0":202513,"fs":250,"leads_off":false,"bpm":102.4,"samples":[1338,1360,1435,1398,1247,1099,1054,1161,1315,1328,1205,1178,1308,1422,1315,1053,970,1339,1790,2006,2115,2403,2993,3142,2559]}
57.087	{"type":"imu","dev":"node-01","seq":1682,"t0":202550,"fs":100,"samples":[[-0.063,-0.040,1.099,-11.51,-4.46,-1.87,-1.96,-1.74],[-0.053,-0.034,1.110,-7.24,-5.49,-0.16,-1.92,-1.81],[-0.060,-0.023,1.109,-8.28,-3.48,1.00,-1.85,-1.88],[-0.062,-0.026,1.102,-10.47,-5.13,1.24,-1.80,-1.97],[-0.073,-0.016,1.082,-8.70,-5.74,0.94,-1.74,-2.04],[-0.064,0.016,1.092,-7.73,-4.27,-0.04,-1.68,-2.06],[-0.057,0.006,1.088,-7.73,-5.19,-0.65,-1.64,-2.09],[-0.080,-0.003,1.087,-5.11,-3.60,-2.90,-1.56,-2.10],[-0.067,-0.015,1.052,-8.58,-5.07,-2.05,-1.50,-2.16],[-0.070,-0.036,1.015,-14.62,-6.41,-3.64,-1.46,-2.30]]}
57.152	{"type":"ecg","dev":"node-01","seq":2011,"t0":202613,"fs":250,"leads_off":false,"bpm":102.4,"samples":[1668,914,642,692,688,539,481,710,1010,1114,1066,1125,1353,1514,1488,1327,1301,1460,1630,1649,1501,1449,1500,1562,1486]}
57.187	{"type":"imu","dev":"node-01","seq":1683,"t0":202650,"fs":100,"samples":[[-0.062,-0.049,1.112,-11.26,-3.91,-3.33,-1.40,-2.41],[-0.057,-0.020,1.037,-2.73,-9.58,-1.99,-1.40,-2.41],[-0.062,-0.034,1.051,-5.47,-9.34,-1.44,-1.40,-2.45],[-0.068,-0.034,1.081,-10.17,-11.10,-1.50,-1.41,-2.54],[-0.059,-0.023,1.137,-4.50,-7.87,-3.51,-1.40,-2.56],[-0.054,-0.021,1.099,-0.59,-7.99,-2.90,-1.39,-2.53],[-0.038,-0.024,1.047,-9.19,-7.63,-1.99,-1.40,-2.60],[-0.031,-0.027,1.084,-10.84,-6.71,-4.00,-1.40,-2.68],[-0.031,-0.019,1.086,-1.81,-6.77,-4.00,-1.41,-2.67],[-0.043,-0.021,1.086,-2.00,-6.90,-2.66,-1.40,-2.66]]}
57.252	{"type":"ecg","dev":"node-01","seq":2012,"t0":202713,"fs":250,"leads_off":false,"bpm":102.4,"samples":[1332,1329,1535,1739,1710,1510,1440,1607,1789,1776,1605,1578,1744,1931,1904,1707,1647,1799,1951,1898,1703,1629,1765,1911,1893]}
57.287	{"type":"imu","dev":"node-01","seq":1684,"t0":202750,"fs":100,"samples":[[-0.046,-0.008,1.097,-6.08,-6.77,-2.84,-1.39,-2.67],[-0.029,-0.004,1.083,-6.93,-6.04,-4.06,-1.40,-2.69],[-0.026,-0.013,1.098,-7.06,-7.02,-3.64,-1.41,-2.72],[-0.030,-0.003,1.100,-4.56,-6.65,-3.58,-1.42,-2.71],[-0.023,-0.010,1.078,-7.06,-7.02,-4.19,-1.43,-2.74],[-0.023,-0.027,1.080,-9.19,-6.71,-3.51,-1.44,-2.80],[-0.041,-0.028,1.083,-8.21,-6.90,-1.93,-1.44,-2.86],[-0.044,-0.036,1.092,-8.95,-6.35,-3.33,-1.43,-2.92],[-0.039,-0.031,1.095,-8.52,-7.63,-3.45,-1.43,-2.98],[-0.052,-0.022,1.072,-10.47,-7.57,-1.75,-1.42,-3.05]]}
57.352	{"type":"ecg","dev":"node-01","seq":2013,"t0":202813,"fs":250,"leads_off":false,"bpm":102.4,"samples":[1666,1583,1689,1783,1711,1457,1309,1375,1495,1456,1274,1184,1280,1378,1291,1133,1107,1269,1428,1442,1280,1233,1353,1467,1438]}
57.387	{"type":"imu","dev":"node-01","seq":1685,"t0":202850,"fs":100,"samples":[[-0.053,-0.051,1.104,-18.21,-8.36,-3.09,-1.42,-3.22],[-0.060,-0.067,1.083,-9.86,-11.53,-3.70,-1.44,-3.32],[-0.058,-0.065,1.070,-10.53,-10.56,-2.30,-1.46,-3.43],[-0.062,-0.069,1.121,-21.02,-8.48,-0.53,-1.45,-3.63],[-0.090,-0.061,1.055,-16.20,-9.70,-2.72,-1.42,-3.79],[-0.058,-0.074,1.073,-18.82,-8.12,-4.61,-1.40,-3.97],[-0.068,-0.084,1.076,-10.41,-7.87,-4.19,-1.39,-4.09],[-0.054,-0.063,1.081,5.69,-7.32,-2.30,-1.37,-4.02],[-0.064,-0.040,1.077,3.86,-7.57,-2.11,-1.35,-3.95],[-0.051,-0.057,1.079,-17.24,-8.60,-4.19,-1.35,-4.10]]}
57.452	{"type":"ecg","dev":"node-01","seq":2014,"t0":202913,"fs":250,"leads_off":false,"bpm":102.4,"samples":[1264,1232,1445,1599,1504,1281,1231,1417,1603,1535,1307,1248,1449,1627,1594,1424,1360,1472,1567,1489,1279,1265,1531,1757,1710]}
57.488	{"type":"imu","dev":"node-01","seq":1686,"t0":202950,"fs":100,"samples":[[-0.053,-0.067,1.082,-17.73,-9.40,-4.80,-1.36,-4.26],[-0.061,-0.071,1.073,-13.95,-8.48,-3.64,-1.35,-4.39],[-0.056,-0.065,1.095,-11.93,-8.66,-4.49,-1.35,-4.48],[-0.046,-0.059,1.084,-13.89,-7.93,-4.43,-1.35,-4.59],[-0.059,-0.065,1.077,-18.28,-8.12,-3.94,-1.34,-4.75],[-0.048,-0.077,1.084,-20.78,-8.79,-4.06,-1.35,-4.94],[-0.052,-0.089,1.055,-19.19,-10.07,-2.48,-1.37,-5.13],[-0.063,-0.099,1.054,-16.87,-9.40,-1.81,-1.36,-5.29],[-0.063,-0.108,1.073,-16.93,-11.10,-0.04,-1.38,-5.47],[-0.067,-0.096,1.070,-15.23,-12.32,-0.10,-1.40,-5.61]]}
57.552	{"type":"ecg","dev":"node-01","seq":2015,"t0":203013,"fs":250,"leads_off":false,"bpm":102.4,"samples":[1506,1494,1733,1893,1807,1577,1503,1739,1887,1781,1489,1430,1626,1735,1604,1344,1280,1463,1592,1481,1215,1218,1486,1662,1553]}
57.588	{"type":"imu","dev":"node-01","seq":1687,"t0":203050,"fs":100,"samples":[[-0.056,-0.093,1.064,-14.62,-11.23,-0.10,-1.42,-5.74],[-0.059,-0.080,1.070,-12.48,-10.01,-0.34,-1.43,-5.84],[-0.061,-0.080,1.063,-4.68,-10.62,-2.11,-1.44,-5.85],[-0.059,-0.068,1.054,-2.54,-11.53,-1.08,-1.46,-5.83],[-0.056,-0.101,1.068,-10.47,-13.06,-2.36,-1.50,-5.93],[-0.055,-0.111,1.082,-7.06,-13.54,-2.11,-1.54,-6.00],[-0.056,-0.090,1.087,0.44,-13.12,-1.14,-1.58,-5.97],[-0.060,-0.085,1.083,-0.65,-12.45,-1.62,-1.61,-5.94],[-0.063,-0.076,1.092,-3.82,-13.18,-2.97,-1.64,-5.94],[-0.063,-0.078,1.103,-8.21,-12.69,-2.48,-1.66,-5.98]]}
57.652	{"type":"ecg","dev":"node-01","seq":2016,"t0":203113,"fs":250,"leads_off":false,"bpm":100.0,"samples":[1316,1298,1509,1658,1483,1187,1212,1728,2223,2437,2496,2864,3456,3451,2672,1639,1008,1070,1245,1117,759,714,1011,1343,1456]}
57.688	{"type":"imu","dev":"node-01","seq":1688,"t0":203150,"fs":100,"samples":[[-0.055,-0.094,1.114,-9.19,-12.26,-3.58,-1.70,-6.05],[-0.062,-0.100,1.098,-6.20,-12.26,-3.70,-1.72,-6.09],[-0.042,-0.096,1.148,-12.18,-11.96,-3.27,-1.76,-6.19],[-0.048,-0.082,1.118,-4.68,-15.13,-3.45,-1.82,-6.19],[-0.058,-0.062,1.081,1.66,-11.77,-4.61,-1.84,-6.12],[-0.064,-0.060,1.105,-7.67,-10.37,-5.77,-1.84,-6.13],[-0.063,-0.080,1.180,-2.85,-8.85,-4.61,-1.83,-6.12],[-0.062,-0.050,1.057,-13.40,-10.43,-3.15,-1.82,-6.17],[-0.070,-0.083,1.154,-24.13,-9.27,-5.40,-1.81,-6.37],[-0.094,-0.090,1.059,-12.00,-14.40,-4.25,-1.81,-6.46]]}
57.752	{"type":"ecg","dev":"node-01","seq":2017,"t0":203213,"fs":250,"leads_off":false,"bpm":100.0,"samples":[1431,1535,1790,1901,1793,1620,1682,1920,1968,1830,1698,1794,2008,2075,1942,1779,1682,1799,1919,1919,1730,1731,2032,2258,2240]}
57.788	{"type":"imu","dev":"node-01","seq":1689,"t0":203250,"fs":100,"samples":[[-0.053,-0.094,1.043,-15.53,-12.32,-0.71,-1.84,-6.59],[-0.071,-0.111,1.051,-24.25,-10.86,-2.90,-1.83,-6.81],[-0.063,-0.132,1.021,-18.82,-12.57,-4.92,-1.85,-7.01],[-0.066,-0.145,1.034,-15.04,-11.53,-4.98,-1.85,-7.17],[-0.051,-0.169,1.006,-6.26,-12.32,-4.25,-1.88,-7.28],[-0.059,-0.233,0.977,-14.07,-11.47,-2.23,-1.89,-7.54],[-0.071,-0.259,0.990,-18.95,-11.35,-1.81,-1.89,-7.88],[-0.061,-0.262,1.051,-14.80,-12.69,-0.71,-1.90,-8.14],[-0.076,-0.210,1.083,11.18,-16.71,-3.03,-1.95,-8.09],[-0.046,-0.180,1.074,19.71,-17.02,-5.28,-2.03,-7.92]]}
57.852	{"type":"ecg","dev":"node-01","seq":2018,"t0":203313,"fs":250,"leads_off":false,"bpm":100.0,"samples":[2079,2064,2241,2302,2245,2128,2154,2304,2293,2139,1960,2000,2177,2205,2047,1886,1876,1987,1994,1827,1602,1584,1747,1756,1595]}
57.887	{"type":"imu","dev":"node-01","seq":1690,"t0":203350,"fs":100,"samples":[[-0.044,-0.172,1.114,3.86,-14.46,-6.93,-2.09,-7.90],[-0.036,-0.157,1.126,-11.26,-16.29,-6.44,-2.17,-8.01],[-0.019,-0.127,1.075,-13.58,-14.46,-6.26,-2.25,-8.12],[-0.018,-0.071,1.055,-14.50,-11.84,-7.17,-2.30,-8.18],[-0.016,-0.045,1.088,1.66,-7.32,-7.05,-2.31,-8.04],[-0.015,-0.048,1.118,8.25,-5.74,-4.00,-2.30,-7.85],[-0.010,-0.070,1.118,6.42,-9.34,-2.11,-2.34,-7.70],[-0.029,-0.110,1.127,-7.79,-10.01,-0.47,-2.36,-7.73],[-0.034,-0.108,1.098,-7.97,-11.23,-0.53,-2.39,-7.77],[-0.020,-0.103,1.095,-1.93,-7.87,-3.39,-2.39,-7.74]]}
57.952	{"type":"ecg","dev":"node-01","seq":2019,"t0":203413,"fs":250,"leads_off":false,"bpm":100.0,"samples":[1374,1363,1532,1604,1485,1293,1303,1522,1654,1509,1258,1264,1574,1751,1621,1298,1237,1506,1669,1488,1234,1264,1584,1789,1680]}
57.987	{"type":"imu","dev":"node-01","seq":1691,"t0":203450,"fs":100,"samples":[[-0.035,-0.118,1.103,2.94,-8.36,-5.34,-2.39,-7.68],[-0.052,-0.116,1.089,-2.97,-7.02,-5.10,-2.36,-7.67],[-0.045,-0.115,1.070,-6.20,-8.06,-4.06,-2.34,-7.70],[-0.042,-0.115,1.098,-8.09,-5.25,-3.21,-2.30,-7.75],[-0.044,-0.128,1.065,-2.48,-8.60,-0.40,-2.30,-7.76],[-0.053,-0.131,1.043,-5.65,-9.58,-0.22,-2.29,-7.80],[-0.058,-0.165,1.040,-18.70,-11.16,1.00,-2.29,-8.01],[-0.058,-0.190,1.072,-19.19,-9.76,1.00,-2.28,-8.24],[-0.074,-0.193,1.076,-12.24,-10.19,1.30,-2.25,-8.39],[-0.053,-0.154,1.067,0.63,-12.93,-2.36,-2.28,-8.39]]}
58.052	{"type":"ecg","dev":"node-01","seq":2020,"t0":203513,"fs":250,"leads_off":false,"bpm":100.0,"samples":[1384,1338,1637,1830,1655,1331,1355,1703,1895,1765,1477,1456,1804,1979,1828,1535,1535,1856,2035,1862,1479,1360,1591,1771,1600]}
58.087	{"type":"imu","dev":"node-01","seq":1692,"t0":203550,"fs":100,"samples":[[-0.043,-0.131,1.087,-0.23,-11.53,-3.82,-2.30,-8.36],[-0.056,-0.126,1.080,-3.58,-10.13,-5.28,-2.30,-8.36],[-0.051,-0.126,1.086,-4.31,-9.46,-5.89,-2.29,-8.37],[-0.061,-0.097,1.090,1.66,-7.69,-4.92,-2.26,-8.28],[-0.062,-0.108,1.064,1.60,-8.42,-3.33,-2.23,-8.22],[-0.049,-0.091,1.092,1.85,-10.68,-3.21,-2.24,-8.13],[-0.070,-0.115,1.098,-7.18,-11.47,-1.75,-2.24,-8.16],[-0.075,-0.107,1.093,-9.25,-12.38,-0.95,-2.23,-8.20],[-0.076,-0.114,1.094,-8.03,-11.47,-0.53,-2.22,-8.23],[-0.061,-0.121,1.065,-6.75,-11.77,1.30,-2.22,-8.26]]}
58.152	{"type":"ecg","dev":"node-01","seq":2021,"t0":203613,"fs":250,"leads_off":false,"bpm":105.2,"samples":[1301,1268,1609,1826,1653,1243,1167,1535,1829,1680,1319,1248,1566,1806,1615,1175,1139,1724,2353,2534,2434,2671,3401,3721,2912]}
58.187	{"type":"imu","dev":"node-01","seq":1693,"t0":203650,"fs":100,"samples":[[-0.062,-0.140,1.083,-8.28,-10.98,-0.22,-2.22,-8.33],[-0.060,-0.140,1.078,-7.54,-10.74,0.51,-2.22,-8.38],[-0.050,-0.146,1.075,-7.48,-8.18,1.06,-2.20,-8.44],[-0.052,-0.149,1.053,-11.69,-7.14,1.36,-2.17,-8.55],[-0.061,-0.157,1.039,-15.84,-7.51,0.27,-2.14,-8.70],[-0.077,-0.170,1.052,-20.78,-5.92,-1.14,-2.07,-8.92],[-0.071,-0.189,1.070,-15.90,-8.66,-1.08,-2.04,-9.10],[-0.067,-0.190,1.075,-11.57,-9.15,-1.20,-2.02,-9.23],[-0.049,-0.181,1.051,-2.79,-11.47,-1.93,-2.04,-9.27],[-0.058,-0.186,1.047,-9.50,-8.36,-4.06,-2.01,-9.38]]}
58.252	{"type":"ecg","dev":"node-01","seq":2022,"t0":203713,"fs":250,"leads_off":false,"bpm":105.2,"samples":[1808,1065,1092,1452,1427,1023,886,1271,1680,1707,1478,1516,1921,2235,2081,1659,1614,1985,2292,2112,1698,1648,2014,2347,2225]}
58.287	{"type":"imu","dev":"node-01","seq":1694,"t0":203750,"fs":100,"samples":[[-0.043,-0.171,1.127,-5.65,-6.16,-3.82,-1.99,-9.42],[-0.043,-0.134,1.051,9.96,-12.20,-4.80,-2.02,-9.28],[-0.057,-0.128,1.119,11.72,-9.76,-2.23,-2.02,-9.11],[-0.053,-0.119,1.067,9.53,-13.12,-0.47,-2.05,-8.96],[-0.076,-0.135,1.084,-7.79,-8.12,-0.40,-2.01,-9.00],[-0.073,-0.152,1.084,-7.30,-9.82,-0.34,-1.99,-9.05],[-0.073,-0.151,1.088,-3.28,-9.52,-0.16,-1.97,-9.06],[-0.050,-0.146,1.089,-5.11,-10.56,-0.71,-1.98,-9.08],[-0.056,-0.161,1.097,-7.12,-9.52,-0.47,-1.98,-9.14],[-0.065,-0.172,1.093,-6.81,-11.04,-0.22,-1.98,-9.20]]}
58.352	{"type":"ecg","dev":"node-01","seq":2023,"t0":203813,"fs":250,"leads_off":false,"bpm":105.2,"samples":[1827,1716,2032,2310,2164,1806,1787,2137,2413,2263,1892,1860,2225,2527,2381,1957,1888,2219,2527,2386,1978,1872,2201,2496,2326]}
58.388	{"type":"imu","dev":"node-01","seq":1695,"t0":203850,"fs":100,"samples":[[-0.054,-0.172,1.106,-5.23,-11.10,-0.95,-1.99,-9.24],[-0.047,-0.174,1.099,-5.29,-10.86,-1.56,-2.01,-9.29],[-0.048,-0.179,1.087,-6.51,-11.71,-0.59,-2.04,-9.35],[-0.055,-0.179,1.076,-7.30,-10.25,-1.01,-2.04,-9.43],[-0.054,-0.192,1.069,-10.04,-12.20,0.27,-2.06,-9.54],[-0.059,-0.205,1.085,-13.03,-11.35,-0.71,-2.07,-9.69],[-0.062,-0.209,1.079,-11.51,-12.02,-0.47,-2.09,-9.83],[-0.054,-0.219,1.085,-8.70,-12.20,-0.34,-2.10,-9.95],[-0.061,-0.204,1.050,-9.01,-12.32,-1.14,-2.12,-10.06],[-0.060,-0.195,1.032,-10.29,-13.42,-2.30,-2.14,-10.17]]}
58.452	{"type":"ecg","dev":"node-01","seq":2024,"t0":203913,"fs":250,"leads_off":false,"bpm":105.2,"samples":[1887,1759,2077,2349,2162,1743,1619,1894,2121,1931,1535,1463,1795,2083,1899,1502,1418,1799,2108,1945,1495,1375,1692,2011,1875]}
58.488	{"type":"imu","dev":"node-01","seq":1696,"t0":203950,"fs":100,"samples":[[-0.054,-0.169,1.017,-6.26,-12.63,-2.36,-2.16,-10.22],[-0.060,-0.158,1.040,1.24,-13.54,-3.03,-2.18,-10.17],[-0.068,-0.152,1.042,6.54,-14.15,-3.45,-2.21,-10.07],[-0.073,-0.138,1.103,14.29,-11.65,-3.15,-2.20,-9.87],[-0.059,-0.120,1.113,24.35,-15.49,-3.45,-2.25,-9.56],[-0.043,-0.107,1.090,18.86,-14.64,-2.17,-2.30,-9.30],[-0.057,-0.125,1.076,-2.61,-13.36,-0.65,-2.33,-9.27],[-0.047,-0.149,1.113,-11.51,-11.53,1.24,-2.35,-9.35],[-0.030,-0.146,1.092,-1.51,-13.60,2.77,-2.40,-9.33],[-0.041,-0.145,1.084,4.53,-13.73,2.83,-2.45,-9.25]]}
58.552	{"type":"ecg","dev":"node-01","seq":2025,"t0":204013,"fs":250,"leads_off":false,"bpm":105.2,"samples":[1488,1434,1803,2096,1924,1520,1458,1856,2181,1999,1568,1471,1824,2135,1964,1535,1472,1857,2182,2067,1695,1652,2026,2333,2198]}
58.587	{"type":"imu","dev":"node-01","seq":1697,"t0":204050,"fs":100,"samples":[[-0.061,-0.156,1.099,8.49,-13.48,2.77,-2.47,-9.14],[-0.055,-0.157,1.101,-2.30,-14.09,0.51,-2.50,-9.14],[-0.070,-0.164,1.057,-7.73,-13.66,-0.22,-2.51,-9.21],[-0.063,-0.182,1.062,-11.32,-14.46,-0.28,-2.53,-9.33],[-0.072,-0.193,1.066,-5.41,-14.40,-0.95,-2.55,-9.40],[-0.049,-0.189,1.070,-1.08,-15.37,-2.17,-2.59,-9.43],[-0.043,-0.183,1.069,4.47,-14.88,-0.53,-2.65,-9.39],[-0.044,-0.178,1.061,2.82,-13.30,-0.28,-2.67,-9.36],[-0.047,-0.179,1.065,0.69,-11.96,-1.08,-2.69,-9.36],[-0.042,-0.173,1.064,-1.26,-12.20,-0.71,-2.71,-9.37]]}
58.652	{"type":"ecg","dev":"node-01","seq":2026,"t0":204113,"fs":250,"leads_off":false,"bpm":105.2,"samples":[1776,1690,2063,2379,2229,1824,1712,2020,2254,2011,1574,1490,1885,2199,1978,1490,1365,1703,1995,1849,1456,1371,1732,2016,1835]}
58.687	{"type":"imu","dev":"node-01","seq":1698,"t0":204150,"fs":100,"samples":[[-0.039,-0.164,1.059,2.27,-12.93,-0.95,-2.74,-9.34],[-0.054,-0.165,1.060,3.74,-12.63,-1.01,-2.75,-9.29],[-0.043,-0.156,1.069,3.86,-11.96,-0.65,-2.77,-9.23],[-0.062,-0.155,1.052,1.11,-12.32,-2.42,-2.77,-9.20],[-0.059,-0.160,1.052,-2.00,-11.47,-1.99,-2.76,-9.21],[-0.064,-0.163,1.070,-1.32,-11.53,-2.36,-2.75,-9.21],[-0.053,-0.163,1.064,-0.29,-11.84,-1.81,-2.76,-9.21],[-0.051,-0.164,1.072,0.38,-13.12,-2.42,-2.77,-9.19],[-0.057,-0.174,1.071,-0.59,-13.42,-2.23,-2.79,-9.20],[-0.042,-0.166,1.065,-1.57,-12.02,-2.11,-2.81,-9.21]]}
58.752	{"type":"ecg","dev":"node-01","seq":2027,"t0":204213,"fs":250,"leads_off":false,"bpm":106.9,"samples":[1422,1282,1618,1875,1830,1750,1995,2630,3200,3437,3130,2756,2527,2123,1436,854,807,1182,1411,1254,941,1023,1591,2032,1938]}
58.787	{"type":"imu","dev":"node-01","seq":1699,"t0":204250,"fs":100,"samples":[[-0.048,-0.173,1.060,-4.68,-11.23,-0.77,-2.81,-9.26],[-0.051,-0.175,1.062,-6.51,-10.37,-1.81,-2.80,-9.32],[-0.049,-0.179,1.077,-2.79,-12.08,-2.84,-2.81,-9.35],[-0.042,-0.164,1.007,-2.12,-11.35,-2.05,-2.82,-9.37],[-0.042,-0.167,0.981,-7.79,-9.09,-2.90,-2.80,-9.45],[-0.037,-0.188,1.058,-4.92,-8.97,-4.31,-2.80,-9.51],[-0.038,-0.205,1.070,-2.12,-10.92,-3.39,-2.81,-9.56],[-0.054,-0.198,1.084,2.64,-12.81,-2.60,-2.82,-9.55],[-0.040,-0.163,1.057,6.48,-14.15,-2.11,-2.86,-9.47],[-0.054,-0.167,1.070,-1.45,-10.80,-4.55,-2.85,-9.47]]}
58.852	{"type":"ecg","dev":"node-01","seq":2028,"t0":204313,"fs":250,"leads_off":false,"bpm":106.9,"samples":[1553,1467,1814,2118,1957,1582,1501,1886,2189,2018,1630,1600,1991,2275,2096,1698,1665,2031,2288,2106,1735,1712,2063,2274,2093]}
58.887	{"type":"imu","dev":"node-01","seq":1700,"t0":204350,"fs":100,"samples":[[-0.062,-0.168,1.063,-0.59,-9.58,-4.49,-2.82,-9.47],[-0.059,-0.166,1.059,0.81,-10.25,-4.80,-2.80,-9.45],[-0.050,-0.161,1.060,0.99,-10.68,-4.92,-2.80,-9.42],[-0.061,-0.171,1.083,0.75,-9.70,-3.82,-2.77,-9.41],[-0.058,-0.168,1.094,-0.23,-11.10,-3.27,-2.77,-9.40],[-0.073,-0.163,1.074,0.63,-10.80,-3.82,-2.74,-9.38],[-0.075,-0.163,1.064,-3.82,-9.95,-2.90,-2.71,-9.40],[-0.075,-0.170,1.061,-7.54,-10.31,-3.94,-2.67,-9.47],[-0.080,-0.174,1.056,-7.06,-12.87,-4.37,-2.66,-9.53],[-0.068,-0.174,1.036,-3.03,-14.52,-5.16,-2.67,-9.56]]}
58.952	{"type":"ecg","dev":"node-01","seq":2029,"t0":204413,"fs":250,"leads_off":false,"bpm":106.9,"samples":[1758,1745,2074,2277,2091,1750,1744,2068,2219,2001,1668,1645,1933,2073,1839,1474,1437,1703,1806,1562,1229,1187,1435,1566,1365]}
58.987	{"type":"imu","dev":"node-01","seq":1701,"t0":204450,"fs":100,"samples":[[-0.059,-0.173,1.048,-1.02,-16.35,-4.73,-2.72,-9.57],[-0.042,-0.168,1.052,3.49,-18.06,-3.88,-2.79,-9.53],[-0.020,-0.145,1.078,10.50,-18.24,-2.97,-2.89,-9.38],[-0.016,-0.145,1.085,13.25,-17.69,-2.72,-2.99,-9.22],[-0.012,-0.130,1.092,13.13,-15.68,-2.48,-3.07,-9.04],[-0.006,-0.117,1.109,6.97,-12.14,-2.48,-3.13,-8.91],[-0.020,-0.114,1.094,2.21,-13.79,-1.69,-3.18,-8.83],[-0.021,-0.108,1.066,1.36,-12.87,-1.93,-3.22,-8.76],[-0.037,-0.120,1.119,2.76,-10.25,-2.42,-3.22,-8.68],[-0.036,-0.130,1.127,6.05,-11.41,-2.36,-3.23,-8.58]]}
59.052	{"type":"ecg","dev":"node-01","seq":2030,"t0":204513,"fs":250,"leads_off":false,"bpm":106.9,"samples":[1115,1118,1365,1433,1278,1107,1165,1406,1471,1283,1104,1201,1483,1526,1355,1162,1253,1519,1603,1412,1229,1266,1504,1582,1414]}
59.087	{"type":"imu","dev":"node-01","seq":1702,"t0":204550,"fs":100,"samples":[[-0.030,-0.134,1.073,-3.95,-12.20,-2.72,-3.25,-8.59],[-0.044,-0.182,1.064,-19.92,-9.82,-3.45,-3.24,-8.80],[-0.039,-0.215,1.076,-19.43,-8.18,-3.33,-3.21,-9.04],[-0.044,-0.219,1.060,-12.00,-10.07,-3.58,-3.20,-9.21],[-0.050,-0.215,1.045,-0.96,-11.90,-3.09,-3.20,-9.27],[-0.052,-0.212,1.042,-1.20,-13.36,-2.54,-3.21,-9.33],[-0.045,-0.210,1.051,-0.84,-13.60,-3.58,-3.23,-9.38],[-0.043,-0.212,1.051,-2.12,-13.54,-3.88,-3.25,-9.44],[-0.037,-0.203,1.051,1.79,-12.20,-2.72,-3.27,-9.45],[-0.029,-0.196,1.058,3.31,-13.97,-3.51,-3.30,-9.44]]}
59.152	{"type":"ecg","dev":"node-01","seq":2031,"t0":204613,"fs":250,"leads_off":false,"bpm":106.9,"samples":[1253,1333,1586,1645,1442,1249,1321,1592,1673,1523,1380,1503,1761,1791,1590,1408,1490,1744,1811,1666,1515,1554,1737,1733,1499]}
59.187	{"type":"imu","dev":"node-01","seq":1703,"t0":204650,"fs":100,"samples":[[-0.026,-0.185,1.070,3.43,-10.98,-2.78,-3.32,-9.41],[-0.027,-0.167,1.072,3.61,-11.16,-2.72,-3.33,-9.36],[-0.027,-0.152,1.061,2.88,-11.71,-2.97,-3.35,-9.31],[-0.039,-0.143,1.062,3.19,-10.43,-1.69,-3.35,-9.25],[-0.038,-0.135,1.078,4.41,-10.13,-0.40,-3.34,-9.16],[-0.037,-0.133,1.085,4.04,-10.01,-0.47,-3.33,-9.08],[-0.030,-0.134,1.083,4.65,-10.19,-1.38,-3.34,-8.99],[-0.034,-0.131,1.100,3.98,-9.70,-1.62,-3.33,-8.91],[-0.044,-0.135,1.086,-2.18,-9.76,-2.17,-3.31,-8.89],[-0.035,-0.143,1.083,-4.50,-9.15,-0.95,-3.30,-8.91]]}
59.252	{"type":"ecg","dev":"node-01","seq":2032,"t0":204713,"fs":250,"leads_off":false,"bpm":108.1,"samples":[1296,1350,1574,1616,1411,1225,1272,1489,1520,1354,1199,1265,1499,1561,1392,1226,1264,1395,1392,1343,1503,1918,2452,2790,3030]}
59.287	{"type":"imu","dev":"node-01","seq":1704,"t0":204750,"fs":100,"samples":[[-0.035,-0.154,1.075,-6.39,-8.60,-1.32,-3.28,-8.96],[-0.038,-0.168,1.062,-7.48,-9.70,-0.65,-3.27,-9.03],[-0.033,-0.177,1.058,-9.19,-12.20,-0.16,-3.29,-9.13],[-0.048,-0.189,1.073,-10.84,-8.48,0.14,-3.25,-9.25],[-0.043,-0.192,1.062,-3.89,-7.93,-0.10,-3.22,-9.31],[-0.056,-0.184,1.063,-0.96,-7.20,0.94,-3.16,-9.33],[-0.046,-0.188,1.061,-3.52,-6.47,-0.16,-3.12,-9.38],[-0.038,-0.192,1.069,-6.75,-7.45,-0.65,-3.09,-9.46],[-0.048,-0.192,1.082,-5.23,-8.12,-0.89,-3.05,-9.52],[-0.040,-0.186,1.036,-2.61,-9.15,-0.40,-3.04,-9.56]]}
59.352	{"type":"ecg","dev":"node-01","seq":2033,"t0":204813,"fs":250,"leads_off":false,"bpm":108.1,"samples":[3120,2975,2559,1786,890,496,652,961,990,832,779,1062,1488,1695,1584,1443,1535,1776,1827,1651,1489,1605,1854,1935,1731]}
59.387	{"type":"imu","dev":"node-01","seq":1705,"t0":204850,"fs":100,"samples":[[-0.054,-0.214,1.069,-9.92,-7.57,-2.05,-3.00,-9.70],[-0.056,-0.225,1.112,-5.53,-8.66,-3.03,-2.96,-9.78],[-0.050,-0.207,1.049,-4.13,-11.29,0.14,-2.96,-9.85],[-0.045,-0.186,1.091,-1.51,-16.90,-0.28,-3.02,-9.86],[-0.036,-0.176,1.033,-1.75,-20.56,-0.65,-3.12,-9.88],[-0.029,-0.161,1.077,-1.14,-19.52,-2.84,-3.22,-9.86],[-0.011,-0.144,1.065,9.22,-20.62,-2.42,-3.36,-9.72],[-0.011,-0.132,1.067,11.79,-18.18,-3.76,-3.45,-9.56],[-0.025,-0.129,1.049,8.80,-17.57,-4.25,-3.53,-9.42],[-0.020,-0.125,1.081,3.19,-15.07,-3.58,-3.58,-9.33]]}
59.452	{"type":"ecg","dev":"node-01","seq":2034,"t0":204913,"fs":250,"leads_off":false,"bpm":108.1,"samples":[1566,1647,1921,2014,1847,1642,1712,1989,2097,1925,1742,1810,2099,2202,2032,1826,1933,2290,2448,2226,1896,1918,2309,2539,2298]}
59.487	{"type":"imu","dev":"node-01","seq":1706,"t0":204950,"fs":100,"samples":[[-0.022,-0.109,1.074,2.15,-14.09,-3.09,-3.63,-9.24],[-0.021,-0.107,1.084,1.79,-12.20,-3.64,-3.65,-9.15],[-0.057,-0.075,1.062,5.57,-10.92,-5.10,-3.62,-9.00],[-0.065,-0.085,1.046,10.75,-8.06,-3.33,-3.56,-8.80],[-0.048,-0.097,1.128,1.72,-9.58,-10.28,-3.53,-8.71],[-0.054,-0.127,1.081,-16.02,-8.48,-7.84,-3.49,-8.83],[-0.106,-0.183,1.046,-25.84,-8.36,-2.05,-3.39,-9.11],[-0.061,-0.188,1.065,-8.64,-12.20,-4.61,-3.37,-9.21],[-0.057,-0.170,1.083,7.39,-7.99,-2.66,-3.32,-9.13],[-0.064,-0.161,1.070,0.63,-10.49,-5.10,-3.29,-9.11]]}
59.552	{"type":"ecg","dev":"node-01","seq":2035,"t0":205013,"fs":250,"leads_off":false,"bpm":108.1,"samples":[1922,1915,2278,2465,2188,1797,1781,2139,2351,2074,1635,1584,1927,2112,1853,1462,1435,1803,2031,1807,1444,1431,1813,2057,1857]}
59.587	{"type":"imu","dev":"node-01","seq":1707,"t0":205050,"fs":100,"samples":[[-0.062,-0.165,1.091,-8.21,-9.03,-5.28,-3.25,-9.19],[-0.055,-0.195,1.078,-18.09,-11.35,-5.71,-3.24,-9.38],[-0.024,-0.207,1.061,-10.65,-12.20,-5.89,-3.27,-9.52],[-0.072,-0.217,1.073,-11.20,-9.82,-5.22,-3.22,-9.67],[-0.039,-0.206,1.040,-3.95,-13.12,-5.04,-3.25,-9.74],[-0.042,-0.197,1.069,0.57,-12.45,-5.53,-3.26,-9.74],[-0.032,-0.180,1.041,-2.85,-13.42,-5.83,-3.30,-9.78],[-0.036,-0.174,1.023,-4.86,-13.06,-5.89,-3.31,-9.82],[-0.035,-0.193,1.045,-3.03,-12.63,-6.01,-3.33,-9.86],[-0.031,-0.199,1.079,6.36,-12.69,-4.37,-3.36,-9.81]]}
59.652	{"type":"ecg","dev":"node-01","seq":2036,"t0":205113,"fs":250,"leads_off":false,"bpm":108.1,"samples":[1490,1479,1836,2075,1905,1585,1595,1950,2137,1886,1511,1504,1840,1989,1767,1455,1487,1827,1961,1707,1393,1425,1773,1920,1695]}
59.687	{"type":"imu","dev":"node-01","seq":1708,"t0":205150,"fs":100,"samples":[[-0.050,-0.205,1.068,8.80,-12.81,-3.58,-3.36,-9.74],[-0.049,-0.195,1.048,2.52,-13.42,-3.21,-3.38,-9.74],[-0.028,-0.202,1.066,-5.96,-13.60,-2.97,-3.41,-9.82],[-0.032,-0.199,1.074,-5.84,-13.73,-2.90,-3.44,-9.89],[-0.016,-0.169,1.077,4.35,-15.07,-2.84,-3.51,-9.82],[-0.011,-0.141,1.070,9.53,-14.09,-2.17,-3.56,-9.68],[-0.016,-0.137,1.080,7.64,-13.42,-2.72,-3.61,-9.56],[-0.007,-0.128,1.083,3.86,-14.76,-2.17,-3.67,-9.47],[-0.018,-0.139,1.081,-0.17,-11.77,-2.84,-3.69,-9.42],[-0.027,-0.154,1.079,-0.53,-11.04,-2.30,-3.70,-9.40]]}
59.752	{"type":"ecg","dev":"node-01","seq":2037,"t0":205213,"fs":250,"leads_off":false,"bpm":108.1,"samples":[1385,1413,1731,1865,1639,1355,1393,1689,1791,1527,1319,1388,1680,1791,1567,1325,1391,1658,1729,1500,1303,1400,1703,1759,1511]}
59.787	{"type":"imu","dev":"node-01","seq":1709,"t0":205250,"fs":100,"samples":[[-0.013,-0.152,1.083,-4.37,-10.31,-2.66,-3.71,-9.42],[-0.022,-0.159,1.079,-5.90,-10.13,-1.62,-3.71,-9.46],[-0.024,-0.158,1.076,-4.98,-9.58,-2.23,-3.71,-9.48],[-0.019,-0.157,1.070,-4.19,-8.12,-2.48,-3.69,-9.50],[-0.011,-0.162,1.063,-0.71,-10.07,-4.00,-3.71,-9.49],[-0.008,-0.168,1.066,-1.51,-8.54,-4.25,-3.71,-9.50],[0.005,-0.168,1.057,-2.79,-7.87,-3.94,-3.72,-9.51],[-0.008,-0.196,1.066,-12.06,-7.93,-4.06,-3.71,-9.65],[-0.017,-0.210,1.075,-9.50,-8.91,-2.11,-3.71,-9.77],[-0.012,-0.211,1.065,-5.84,-10.01,-0.65,-3.72,-9.85]]}
59.852	{"type":"ecg","dev":"node-01","seq":2038,"t0":205313,"fs":250,"leads_off":false,"bpm":108.1,"samples":[1280,1385,1693,1766,1534,1318,1396,1695,1773,1569,1349,1445,1712,1776,1554,1349,1443,1734,1795,1584,1409,1511,1776,1797,1560]}
59.887	{"type":"imu","dev":"node-01","seq":1710,"t0":205350,"fs":100,"samples":[[-0.013,-0.192,1.071,3.00,-11.29,1.00,-3.74,-9.83],[-0.016,-0.178,1.066,6.05,-10.92,0.51,-3.76,-9.76],[-0.024,-0.174,1.064,6.54,-11.16,0.51,-3.76,-9.69],[-0.026,-0.167,1.066,2.09,-10.19,1.30,-3.76,-9.65],[-0.032,-0.175,1.059,-1.81,-10.56,-0.40,-3.76,-9.67],[-0.046,-0.180,1.077,-5.04,-8.97,0.69,-3.72,-9.71],[-0.056,-0.183,1.069,-3.58,-8.97,-0.83,-3.68,-9.75],[-0.063,-0.188,1.060,-4.25,-10.19,-0.59,-3.63,-9.79],[-0.043,-0.183,1.061,-3.82,-10.49,-1.20,-3.62,-9.83],[-0.053,-0.186,1.054,-3.21,-10.74,-1.93,-3.59,-9.87]]}
59.952	{"type":"ecg","dev":"node-01","seq":2039,"t0":205413,"fs":250,"leads_off":false,"bpm":108.1,"samples":[1360,1457,1754,1830,1619,1432,1530,1801,1854,1645,1461,1535,1795,1841,1655,1488,1590,1845,1885,1683,1525,1627,1858,1902,1733]}
59.987	{"type":"imu","dev":"node-01","seq":1711,"t0":205450,"fs":100,"samples":[[-0.059,-0.177,1.072,-1.14,-10.07,-2.30,-3.56,-9.87],[-0.060,-0.167,1.057,1.24,-11.10,-1.69,-3.53,-9.84],[-0.059,-0.167,1.078,4.04,-10.80,-2.97,-3.51,-9.78],[-0.058,-0.167,1.074,1.42,-8.97,-3.27,-3.46,-9.75],[-0.057,-0.168,1.077,-0.84,-9.03,-3.39,-3.42,-9.74],[-0.056,-0.167,1.083,-0.47,-8.36,-2.78,-3.38,-9.72],[-0.052,-0.160,1.078,1.54,-7.32,-2.23,-3.33,-9.68],[-0.050,-0.147,1.080,3.37,-8.36,-1.93,-3.29,-9.61],[-0.040,-0.145,1.075,3.80,-8.79,-1.93,-3.27,-9.53],[-0.030,-0.146,1.077,0.87,-9.58,-1.56,-3.26,-9.49]]}
60.052	{"type":"ecg","dev":"node-01","seq":2040,"t0":205513,"fs":250,"leads_off":false,"bpm":108.1,"samples":[1606,1726,1967,2031,1866,1721,1810,2014,2058,1872,1717,1757,1904,1883,1681,1553,1664,1882,1894,1675,1505,1605,1814,1819,1621]}
60.087	{"type":"imu","dev":"node-01","seq":1712,"t0":205550,"fs":100,"samples":[[-0.028,-0.153,1.078,-1.57,-9.15,-0.77,-3.26,-9.48],[-0.021,-0.160,1.073,-3.15,-9.88,-0.59,-3.27,-9.49],[-0.012,-0.176,1.066,-4.62,-11.53,0.75,-3.30,-9.53],[-0.008,-0.192,1.052,-4.56,-12.99,0.94,-3.36,-9.59],[-0.006,-0.196,1.049,-4.62,-14.76,1.67,-3.43,-9.66],[-0.011,-0.209,1.052,-1.81,-13.66,2.77,-3.48,-9.71],[-0.009,-0.218,1.053,-2.36,-13.66,3.31,-3.54,-9.77],[-0.011,-0.217,1.058,-1.69,-13.42,3.25,-3.58,-9.82],[-0.014,-0.203,1.064,-0.17,-12.69,1.85,-3.62,-9.84],[-0.019,-0.187,1.069,1.36,-10.62,1.85,-3.63,-9.83]]}
60.152	{"type":"ecg","dev":"node-01","seq":2041,"t0":205613,"fs":250,"leads_off":false,"bpm":100.9,"samples":[1490,1601,1840,1891,1712,1535,1510,1632,1689,1755,1936,2359,2958,3558,3690,3129,2448,1904,1281,851,784,992,1271,1359,1231]}
60.187	{"type":"imu","dev":"node-01","seq":1713,"t0":205650,"fs":100,"samples":[[-0.032,-0.180,1.077,2.27,-9.34,-0.71,-3.62,-9.80],[-0.035,-0.183,1.067,1.36,-9.70,-1.56,-3.60,-9.79],[-0.042,-0.165,1.084,0.02,-8.85,-3.03,-3.58,-9.77],[-0.050,-0.167,1.089,0.93,-9.82,-2.60,-3.55,-9.74],[-0.054,-0.165,1.087,1.48,-8.42,-2.30,-3.50,-9.70],[-0.054,-0.151,0.986,-4.43,-7.45,-3.45,-3.44,-9.72],[-0.052,-0.180,1.135,-1.32,-7.99,-3.94,-3.40,-9.72],[-0.031,-0.168,1.047,-0.29,-13.54,-2.60,-3.43,-9.71],[-0.074,-0.169,1.089,-8.21,-10.31,-1.14,-3.39,-9.78],[-0.044,-0.165,1.038,-2.18,-15.07,-0.28,-3.42,-9.78]]}
60.252	{"type":"ecg","dev":"node-01","seq":2042,"t0":205713,"fs":250,"leads_off":false,"bpm":100.9,"samples":[1217,1486,1895,2030,1842,1660,1758,2039,2113,1907,1739,1843,2135,2213,2000,1813,1910,2202,2270,2032,1828,1921,2235,2333,2114]}
60.287	{"type":"imu","dev":"node-01","seq":1714,"t0":205750,"fs":100,"samples":[[-0.043,-0.166,1.087,-2.97,-12.75,-1.75,-3.43,-9.79],[-0.046,-0.157,1.104,11.72,-14.46,-2.84,-3.45,-9.64],[-0.015,-0.134,1.085,3.92,-9.76,-2.36,-3.47,-9.55],[-0.045,-0.147,1.072,-3.95,-8.85,-2.78,-3.44,-9.56],[-0.043,-0.155,1.066,-6.08,-5.92,-5.16,-3.38,-9.59],[-0.029,-0.158,1.115,6.36,-8.54,-3.64,-3.37,-9.50],[-0.039,-0.160,1.101,0.08,-7.51,-2.97,-3.33,-9.47],[-0.035,-0.161,1.059,-5.11,-9.21,-2.54,-3.32,-9.50],[-0.039,-0.178,1.087,-11.57,-6.47,-2.66,-3.27,-9.61],[-0.036,-0.193,1.067,-9.31,-9.27,-3.03,-3.26,-9.72]]}
60.352	{"type":"ecg","dev":"node-01","seq":2043,"t0":205813,"fs":250,"leads_off":false,"bpm":100.9,"samples":[1897,1984,2288,2389,2178,1959,2047,2381,2489,2249,1987,2058,2368,2466,2217,1951,2014,2328,2416,2151,1841,1867,2157,2224,1947]}
60.387	{"type":"imu","dev":"node-01","seq":1715,"t0":205850,"fs":100,"samples":[[-0.032,-0.192,1.070,-5.41,-9.15,-2.05,-3.25,-9.78],[-0.030,-0.199,1.064,1.30,-11.77,-1.62,-3.27,-9.78],[-0.039,-0.185,1.073,1.85,-10.98,-1.08,-3.27,-9.77],[-0.038,-0.192,1.071,-0.78,-12.02,-2.23,-3.28,-9.78],[-0.027,-0.201,1.081,-3.64,-10.37,-0.77,-3.29,-9.83],[-0.032,-0.179,1.090,1.91,-11.16,-3.45,-3.30,-9.80],[-0.036,-0.179,1.059,0.08,-11.71,-3.03,-3.32,-9.80],[-0.056,-0.175,1.074,-0.84,-7.38,-2.17,-3.26,-9.80],[-0.018,-0.177,1.051,-3.82,-9.27,-2.30,-3.27,-9.83],[-0.034,-0.179,1.068,-3.95,-8.06,-1.75,-3.25,-9.86]]}
60.452	{"type":"ecg","dev":"node-01","seq":2044,"t0":205913,"fs":250,"leads_off":false,"bpm":100.9,"samples":[1641,1666,1953,2043,1772,1467,1523,1863,1984,1718,1424,1510,1887,2038,1778,1460,1509,1875,2058,1814,1518,1594,1964,2139,1872]}
60.487	{"type":"imu","dev":"node-01","seq":1716,"t0":205950,"fs":100,"samples":[[-0.035,-0.152,1.020,2.82,-8.36,-1.69,-3.22,-9.81],[-0.027,-0.190,1.079,-1.45,-10.37,-2.97,-3.23,-9.82],[-0.042,-0.158,1.064,0.87,-8.06,-1.01,-3.20,-9.79],[-0.041,-0.170,1.026,-1.32,-6.41,-1.99,-3.16,-9.79],[-0.033,-0.180,1.077,-4.31,-10.31,-2.60,-3.16,-9.83],[-0.026,-0.187,1.079,-2.36,-10.01,-2.48,-3.17,-9.85],[-0.048,-0.173,1.064,2.82,-10.74,-1.44,-3.16,-9.81],[-0.049,-0.171,1.079,3.25,-10.19,-2.17,-3.14,-9.77],[-0.042,-0.169,1.071,-1.08,-11.90,-2.72,-3.15,-9.76],[-0.046,-0.173,1.085,-0.71,-9.95,-3.64,-3.14,-9.75]]}
60.552	{"type":"ecg","dev":"node-01","seq":2045,"t0":206013,"fs":250,"leads_off":false,"bpm":100.9,"samples":[1567,1627,2002,2185,1930,1621,1667,2031,2187,1927,1632,1698,2096,2283,2021,1666,1685,2086,2287,2031,1680,1713,2111,2299,2015]}
60.587	{"type":"imu","dev":"node-01","seq":1717,"t0":206050,"fs":100,"samples":[[-0.027,-0.180,1.068,0.69,-11.23,-3.21,-3.16,-9.74],[-0.044,-0.163,1.085,4.35,-8.91,-0.83,-3.14,-9.68],[-0.041,-0.167,1.074,3.00,-12.57,-2.36,-3.15,-9.63],[-0.041,-0.173,1.085,-4.50,-10.25,-1.99,-3.15,-9.66],[-0.039,-0.170,1.074,-8.34,-10.68,-1.69,-3.15,-9.73],[-0.040,-0.177,1.074,-8.52,-11.23,-2.23,-3.15,-9.81],[-0.040,-0.180,1.069,-7.36,-10.31,-1.62,-3.15,-9.88],[-0.048,-0.181,1.070,-7.12,-10.80,-2.42,-3.14,-9.94],[-0.043,-0.184,1.064,-6.87,-10.13,-2.72,-3.13,-10.00],[-0.046,-0.181,1.064,-5.04,-10.56,-3.39,-3.12,-10.05]]}
60.652	{"type":"ecg","dev":"node-01","seq":2046,"t0":206113,"fs":250,"leads_off":false,"bpm":100.9,"samples":[1662,1694,2101,2299,2037,1715,1777,2160,2320,2013,1638,1658,2075,2304,2045,1691,1707,2128,2377,2122,1728,1712,2102,2320,2064]}
60.688	{"type":"imu","dev":"node-01","seq":1718,"t0":206150,"fs":100,"samples":[[-0.043,-0.180,1.062,-4.07,-10.37,-3.39,-3.12,-10.08],[-0.043,-0.187,1.070,-2.85,-9.76,-1.75,-3.11,-10.10],[-0.049,-0.186,1.067,-2.36,-9.76,-3.33,-3.09,-10.12],[-0.053,-0.183,1.067,-3.76,-10.13,-3.33,-3.07,-10.15],[-0.045,-0.189,1.078,-7.30,-10.37,-3.33,-3.06,-10.22],[-0.044,-0.178,1.072,-6.51,-9.88,-2.84,-3.05,-10.26],[-0.046,-0.185,1.067,-6.32,-11.59,-3.03,-3.06,-10.32],[-0.052,-0.192,1.076,-5.23,-8.97,-1.62,-3.03,-10.36],[-0.057,-0.182,1.064,-2.24,-11.59,-4.06,-3.02,-10.37],[-0.043,-0.192,1.085,-3.95,-11.16,-4.00,-3.03,-10.40]]}
60.752	{"type":"ecg","dev":"node-01","seq":2047,"t0":206213,"fs":250,"leads_off":false,"bpm":100.9,"samples":[1697,1714,2123,2334,2057,1689,1719,2123,2319,2063,1718,1741,2142,2346,2059,1662,1684,2081,2288,2011,1648,1670,2091,2323,2099]}
60.787	{"type":"imu","dev":"node-01","seq":1719,"t0":206250,"fs":100,"samples":[[-0.075,-0.183,1.104,-6.63,-7.57,-1.32,-2.96,-10.45],[-0.053,-0.189,1.069,-7.18,-13.66,-4.06,-2.98,-10.51],[-0.006,-0.172,1.062,-3.03,-9.15,-1.38,-3.00,-10.52],[-0.037,-0.168,1.038,2.09,-12.38,0.63,-3.02,-10.47],[-0.059,-0.216,1.100,1.54,-11.35,-2.30,-3.02,-10.47],[-0.065,-0.184,1.111,6.97,-7.99,-0.40,-2.97,-10.38],[-0.076,-0.180,1.095,3.55,-9.15,-1.50,-2.92,-10.32],[-0.024,-0.198,1.066,-1.45,-12.57,-2.78,-2.96,-10.34],[-0.060,-0.185,1.101,-2.18,-5.25,-0.47,-2.89,-10.34],[-0.038,-0.169,1.047,6.11,-10.49,-2.97,-2.89,-10.26]]}
60.852	{"type":"ecg","dev":"node-01","seq":2048,"t0":206313,"fs":250,"leads_off":false,"bpm":100.9,"samples":[1806,1872,2261,2443,2128,1758,1806,2235,2433,2096,1659,1634,2032,2263,1984,1621,1619,1990,2203,1923,1567,1581,1973,2187,1921]}
60.888	{"type":"imu","dev":"node-01","seq":1720,"t0":206350,"fs":100,"samples":[[-0.049,-0.172,1.103,4.47,-9.88,-3.03,-2.88,-10.19],[-0.056,-0.174,1.067,0.93,-9.88,-2.05,-2.86,-10.16],[-0.031,-0.185,1.052,-1.26,-10.49,-2.48,-2.87,-10.17],[-0.052,-0.182,1.058,-0.71,-11.84,-3.03,-2.88,-10.17],[-0.014,-0.194,1.061,1.42,-11.71,-3.09,-2.92,-10.16],[-0.051,-0.183,1.075,2.09,-10.86,-2.48,-2.91,-10.13],[-0.054,-0.192,1.083,-2.18,-11.47,-4.37,-2.92,-10.15],[-0.051,-0.191,1.073,-1.57,-11.16,-2.90,-2.91,-10.16],[-0.051,-0.186,1.059,-1.39,-12.63,-4.73,-2.92,-10.17],[-0.041,-0.176,1.053,2.15,-12.69,-3.33,-2.94,-10.14]]}
60.951	{"type":"status","dev":"node-01","fw":"0.1.0","uptime_ms":206509,"ecg":{"fs":250},"imu":{"ok":true,"fs":100,"errors":3283,"fields":["ax","ay","az","gx","gy","gz","pitch","roll"]}}
60.953	{"type":"ecg","dev":"node-01","seq":2049,"t0":206413,"fs":250,"leads_off":false,"bpm":94.5,"samples":[1569,1599,2003,2205,1832,1379,1443,2101,2647,2672,2559,2944,3889,4095,3091,1978,1274,1335,1593,1408,1042,1005,1420,1727,1631]}
60.987	{"type":"imu","dev":"node-01","seq":1721,"t0":206450,"fs":100,"samples":[[-0.060,-0.166,1.068,1.24,-12.26,-3.21,-2.94,-10.10],[-0.019,-0.186,1.046,3.61,-12.81,-2.84,-2.99,-10.06],[-0.060,-0.180,1.079,4.65,-11.23,-3.51,-2.97,-10.01],[-0.047,-0.181,1.072,5.20,-11.96,-3.15,-2.98,-9.95],[-0.029,-0.168,1.068,3.80,-11.53,-2.84,-3.01,-9.89],[-0.026,-0.191,1.014,-7.79,-6.65,-3.03,-2.98,-9.98],[-0.031,-0.212,1.101,-2.73,-7.32,-2.60,-2.96,-10.03],[-0.029,-0.212,1.068,16.11,-12.81,-0.53,-3.00,-9.90],[-0.033,-0.171,1.089,22.52,-14.58,-0.22,-3.05,-9.66],[-0.027,-0.149,1.066,19.59,-14.82,-0.59,-3.10,-9.43]]}
61.052	{"type":"ecg","dev":"node-01","seq":2050,"t0":206513,"fs":250,"leads_off":false,"bpm":94.5,"samples":[1456,1633,2115,2333,2055,1718,1778,2198,2404,2109,1749,1792,2235,2458,2176,1808,1840,2274,2487,2221,1872,1903,2335,2581,2309]}
61.087	{"type":"imu","dev":"node-01","seq":1722,"t0":206550,"fs":100,"samples":[[-0.038,-0.154,1.088,7.09,-12.20,-1.20,-3.12,-9.34],[-0.050,-0.155,1.062,6.42,-10.01,-3.64,-3.10,-9.25],[-0.040,-0.151,1.056,4.89,-9.95,-3.33,-3.10,-9.18],[-0.041,-0.145,1.053,3.43,-10.01,-2.42,-3.09,-9.12],[-0.040,-0.149,1.073,3.31,-10.01,-2.72,-3.08,-9.06],[-0.039,-0.141,1.087,3.86,-10.92,-2.90,-3.09,-8.99],[-0.037,-0.146,1.085,-0.11,-10.43,-2.54,-3.09,-8.97],[-0.032,-0.156,1.080,-7.12,-10.80,-1.99,-3.10,-9.02],[-0.039,-0.174,1.074,-11.32,-11.23,-2.11,-3.11,-9.13],[-0.040,-0.167,1.071,-12.73,-11.04,-2.36,-3.11,-9.25]]}
61.152	{"type":"ecg","dev":"node-01","seq":2051,"t0":206613,"fs":250,"leads_off":false,"bpm":94.5,"samples":[1936,1965,2417,2688,2419,2032,2055,2496,2767,2474,2078,2046,2440,2693,2378,1962,1934,2341,2559,2223,1766,1697,2087,2320,1973]}
61.187	{"type":"imu","dev":"node-01","seq":1723,"t0":206650,"fs":100,"samples":[[-0.043,-0.182,1.067,-10.65,-9.88,-1.26,-3.10,-9.37],[-0.034,-0.181,1.048,-5.84,-10.92,-2.60,-3.11,-9.43],[-0.060,-0.182,1.080,-4.98,-9.15,-2.78,-3.07,-9.48],[-0.042,-0.169,1.057,-1.87,-11.35,-2.11,-3.08,-9.49],[-0.041,-0.172,1.063,-5.78,-11.77,-4.37,-3.09,-9.54],[-0.047,-0.183,1.073,-8.76,-9.95,-3.64,-3.07,-9.63],[-0.029,-0.160,1.036,-4.62,-10.80,-2.30,-3.09,-9.66],[-0.040,-0.172,1.057,-1.45,-12.63,-3.58,-3.11,-9.67],[-0.039,-0.176,1.072,-4.13,-11.90,-3.09,-3.12,-9.70],[-0.046,-0.170,1.040,-3.46,-11.71,-2.48,-3.12,-9.73]]}
61.252	{"type":"ecg","dev":"node-01","seq":2052,"t0":206713,"fs":250,"leads_off":false,"bpm":94.5,"samples":[1535,1501,1947,2195,1877,1430,1413,1865,2136,1823,1429,1438,1898,2176,1882,1456,1439,1893,2176,1879,1475,1495,1953,2217,1904]}
61.287	{"type":"imu","dev":"node-01","seq":1724,"t0":206750,"fs":100,"samples":[[-0.045,-0.177,1.100,-1.20,-8.60,-1.99,-3.10,-9.73],[-0.029,-0.174,1.067,4.41,-12.02,-2.42,-3.12,-9.67],[-0.041,-0.163,1.056,3.00,-10.49,-1.62,-3.12,-9.63],[-0.043,-0.175,1.057,-6.69,-9.64,-2.36,-3.10,-9.69],[-0.043,-0.185,1.072,-7.30,-8.85,-2.90,-3.08,-9.76],[-0.037,-0.182,1.082,-3.52,-11.10,-1.62,-3.09,-9.79],[-0.046,-0.172,1.068,3.61,-10.80,-1.75,-3.09,-9.74],[-0.045,-0.155,1.070,-5.11,-11.41,-2.48,-3.09,-9.76],[-0.042,-0.170,1.065,-10.23,-11.10,-3.15,-3.09,-9.85],[-0.037,-0.177,1.061,-12.91,-12.32,-3.33,-3.11,-9.96]]}
61.352	{"type":"ecg","dev":"node-01","seq":2053,"t0":206813,"fs":250,"leads_off":false,"bpm":94.5,"samples":[1474,1456,1894,2161,1875,1475,1472,1920,2202,1922,1514,1480,1904,2130,1833,1442,1445,1895,2141,1829,1437,1454,1898,2144,1826]}
61.388	{"type":"imu","dev":"node-01","seq":1725,"t0":206850,"fs":100,"samples":[[-0.039,-0.181,1.062,-10.04,-11.65,-3.03,-3.12,-10.06],[-0.044,-0.181,1.066,-8.76,-11.29,-3.15,-3.12,-10.13],[-0.037,-0.181,1.073,-9.07,-12.20,-2.11,-3.14,-10.21],[-0.039,-0.190,1.063,-10.78,-12.51,-2.54,-3.16,-10.32],[-0.041,-0.185,1.066,-9.62,-10.92,-2.78,-3.16,-10.40],[-0.035,-0.193,1.072,-10.17,-11.23,-3.64,-3.17,-10.50],[-0.089,-0.189,1.099,-6.81,-8.97,-1.87,-3.11,-10.55],[-0.034,-0.182,1.028,-2.67,-12.93,-3.21,-3.13,-10.57],[-0.045,-0.175,1.076,-3.64,-10.62,-2.66,-3.12,-10.58],[-0.010,-0.187,1.040,-0.17,-10.43,-0.65,-3.15,-10.57]]}
61.452	{"type":"ecg","dev":"node-01","seq":2054,"t0":206913,"fs":250,"leads_off":false,"bpm":94.5,"samples":[1412,1419,1872,2125,1802,1409,1418,1872,2134,1842,1451,1433,1840,2068,1761,1377,1414,1868,2096,1806,1411,1429,1875,2094,1783]}
61.487	{"type":"imu","dev":"node-01","seq":1726,"t0":206950,"fs":100,"samples":[[-0.045,-0.193,1.056,3.37,-13.06,-2.84,-3.17,-10.53],[-0.043,-0.179,1.051,5.69,-13.36,-2.90,-3.19,-10.46],[-0.036,-0.190,1.071,0.63,-11.53,-1.99,-3.20,-10.44],[-0.040,-0.189,1.072,-3.03,-10.01,-2.48,-3.19,-10.46],[-0.038,-0.196,1.063,-2.12,-9.82,-2.17,-3.19,-10.48],[-0.039,-0.188,1.070,1.60,-10.43,-1.50,-3.18,-10.46],[-0.041,-0.179,1.067,2.27,-10.86,-1.87,-3.19,-10.42],[-0.043,-0.179,1.072,0.20,-10.74,-2.17,-3.18,-10.40],[-0.047,-0.187,1.063,-4.31,-11.59,-2.11,-3.18,-10.43],[-0.048,-0.182,1.073,-6.57,-9.88,-2.84,-3.16,-10.48]]}
61.552	{"type":"ecg","dev":"node-01","seq":2055,"t0":207013,"fs":250,"leads_off":false,"bpm":94.5,"samples":[1392,1406,1856,2070,1782,1402,1435,1887,2096,1765,1366,1378,1834,2061,1750,1360,1361,1841,2099,1837,1494,1535,1975,2187,1857]}
61.588	{"type":"imu","dev":"node-01","seq":1727,"t0":207050,"fs":100,"samples":[[-0.040,-0.189,1.068,-8.21,-10.98,-3.94,-3.17,-10.55],[-0.033,-0.191,1.072,-6.26,-10.13,-2.72,-3.17,-10.60],[-0.039,-0.191,1.058,-3.21,-11.77,-2.36,-3.18,-10.63],[-0.035,-0.196,1.068,-2.48,-10.86,-2.30,-3.18,-10.65],[-0.042,-0.195,1.068,-1.93,-12.57,-2.36,-3.20,-10.66],[-0.030,-0.194,1.062,-2.42,-11.96,-2.17,-3.22,-10.68],[-0.042,-0.195,1.074,-3.52,-11.59,-2.23,-3.23,-10.70],[-0.037,-0.197,1.065,-1.63,-11.90,-1.87,-3.24,-10.71],[-0.039,-0.188,1.063,-0.23,-12.45,-1.93,-3.25,-10.70],[-0.035,-0.194,1.074,-1.75,-12.26,-2.42,-3.27,-10.71]]}
61.652	{"type":"ecg","dev":"node-01","seq":2056,"t0":207113,"fs":250,"leads_off":false,"bpm":94.5,"samples":[1459,1501,1945,2158,1789,1338,1344,1785,1995,1667,1280,1296,1722,1921,1613,1248,1292,1730,1934,1600,1213,1247,1698,1893,1497]}
61.688	{"type":"imu","dev":"node-01","seq":1728,"t0":207150,"fs":100,"samples":[[-0.042,-0.187,1.065,-2.18,-13.24,-2.17,-3.29,-10.72],[-0.040,-0.194,1.062,-5.11,-12.26,-3.39,-3.30,-10.76],[-0.045,-0.196,1.052,-4.80,-11.90,-2.36,-3.31,-10.80],[-0.047,-0.202,1.064,-5.17,-11.47,-2.36,-3.30,-10.85],[-0.042,-0.199,1.064,-3.21,-11.84,-1.93,-3.31,-10.88],[-0.034,-0.194,1.074,-0.71,-12.02,-2.78,-3.33,-10.87],[-0.038,-0.192,1.064,-1.45,-10.92,-1.87,-3.33,-10.87],[-0.030,-0.190,1.062,-0.59,-10.86,-1.56,-3.33,-10.87],[-0.036,-0.195,1.061,-0.71,-11.71,-1.87,-3.34,-10.86],[-0.038,-0.188,1.064,-0.23,-10.92,-2.36,-3.34,-10.85]]}
61.752	{"type":"ecg","dev":"node-01","seq":2057,"t0":207213,"fs":250,"leads_off":false,"bpm":87.6,"samples":[1063,1136,1821,2340,2327,2314,2769,3714,3888,2775,1600,883,951,1158,942,605,656,1149,1445,1301,1128,1314,1790,1968,1648]}
61.787	{"type":"imu","dev":"node-01","seq":1729,"t0":207250,"fs":100,"samples":[[-0.036,-0.196,1.072,1.60,-10.98,-1.75,-3.35,-10.82],[-0.037,-0.194,1.083,3.25,-11.29,-1.99,-3.35,-10.78],[-0.033,-0.190,1.069,4.10,-11.04,-2.42,-3.36,-10.72],[-0.029,-0.186,1.031,-3.15,-7.87,-3.45,-3.34,-10.74],[-0.032,-0.213,1.084,3.07,-11.10,-3.03,-3.34,-10.72],[-0.035,-0.198,1.074,1.79,-12.14,-1.20,-3.36,-10.70],[-0.044,-0.186,1.065,0.44,-13.97,-1.56,-3.39,-10.68],[-0.036,-0.193,1.064,-4.80,-14.03,-2.23,-3.41,-10.72],[-0.042,-0.206,1.073,1.05,-12.99,-2.11,-3.43,-10.71],[-0.034,-0.190,1.074,5.02,-13.73,-1.56,-3.46,-10.65]]}
61.852	{"type":"ecg","dev":"node-01","seq":2058,"t0":207313,"fs":250,"leads_off":false,"bpm":87.6,"samples":[1310,1371,1767,1939,1654,1354,1435,1859,2033,1744,1438,1519,1910,2063,1755,1450,1561,1979,2145,1842,1535,1636,2071,2265,1984]}
61.887	{"type":"imu","dev":"node-01","seq":1730,"t0":207350,"fs":100,"samples":[[-0.031,-0.184,1.065,6.72,-12.26,-1.99,-3.48,-10.56],[-0.035,-0.176,1.056,3.92,-10.74,-1.87,-3.48,-10.50],[-0.034,-0.178,1.073,1.30,-10.01,-2.84,-3.47,-10.47],[-0.038,-0.181,1.075,0.87,-10.01,-1.81,-3.46,-10.44],[-0.033,-0.176,1.078,1.79,-10.19,-2.30,-3.45,-10.40],[-0.036,-0.181,1.079,0.20,-10.19,-2.78,-3.44,-10.38],[-0.032,-0.178,1.073,-3.52,-10.31,-2.42,-3.45,-10.40],[-0.042,-0.189,1.068,-7.42,-10.13,-2.90,-3.43,-10.46],[-0.038,-0.197,1.067,-7.30,-9.95,-2.60,-3.42,-10.53],[-0.036,-0.199,1.066,-5.17,-11.84,-2.23,-3.43,-10.58]]}
61.952	{"type":"ecg","dev":"node-01","seq":2059,"t0":207413,"fs":250,"leads_off":false,"bpm":87.6,"samples":[1683,1759,2157,2269,1946,1626,1696,2082,2218,1893,1555,1605,1990,2107,1715,1321,1341,1695,1804,1451,1106,1157,1533,1663,1334]}
61.987	{"type":"imu","dev":"node-01","seq":1731,"t0":207450,"fs":100,"samples":[[-0.039,-0.201,1.056,-4.01,-11.84,-2.30,-3.44,-10.63],[-0.043,-0.203,1.055,-3.95,-11.23,-1.69,-3.43,-10.67],[-0.034,-0.196,1.063,-2.06,-11.35,-1.50,-3.44,-10.69],[-0.036,-0.202,1.059,-0.23,-12.14,-1.81,-3.45,-10.69],[-0.042,-0.190,1.062,1.48,-12.63,-0.47,-3.46,-10.67],[-0.025,-0.197,1.065,1.66,-12.45,-1.87,-3.49,-10.65],[-0.038,-0.189,1.060,1.66,-11.16,-1.50,-3.49,-10.62],[-0.034,-0.193,1.065,2.64,-11.53,-2.23,-3.49,-10.59],[-0.029,-0.188,1.051,4.04,-10.98,-1.38,-3.50,-10.54],[-0.033,-0.192,1.079,11.36,-8.66,-1.14,-3.48,-10.42]]}
62.052	{"type":"ecg","dev":"node-01","seq":2060,"t0":207513,"fs":250,"leads_off":false,"bpm":87.6,"samples":[1014,1095,1489,1646,1326,1019,1121,1559,1712,1394,1074,1151,1577,1739,1424,1114,1209,1649,1808,1494,1190,1273,1695,1872,1558]}
62.087	{"type":"imu","dev":"node-01","seq":1732,"t0":207550,"fs":100,"samples":[[-0.034,-0.184,1.067,17.64,-11.90,-1.87,-3.49,-10.23],[-0.032,-0.164,1.061,15.38,-10.01,-1.38,-3.48,-10.05],[-0.038,-0.169,1.065,0.99,-8.91,-2.23,-3.46,-10.02],[-0.053,-0.190,1.082,-8.82,-11.04,-3.27,-3.44,-10.11],[-0.026,-0.199,1.071,-8.09,-13.48,-3.94,-3.48,-10.20],[-0.046,-0.183,1.087,-3.58,-10.07,-1.56,-3.46,-10.22],[-0.028,-0.165,1.057,5.20,-11.47,-1.93,-3.48,-10.14],[-0.079,-0.177,1.097,1.72,-10.01,-2.60,-3.42,-10.10],[-0.069,-0.184,1.085,0.32,-9.15,-1.01,-3.37,-10.09],[-0.051,-0.187,1.068,-0.59,-10.92,-2.36,-3.36,-10.09]]}
62.152	{"type":"ecg","dev":"node-01","seq":2061,"t0":207613,"fs":250,"leads_off":false,"bpm":87.6,"samples":[1229,1300,1733,1917,1572,1244,1331,1765,1939,1633,1291,1373,1801,1969,1643,1287,1345,1779,1942,1616,1287,1361,1782,1941,1629]}
62.188	{"type":"imu","dev":"node-01","seq":1733,"t0":207650,"fs":100,"samples":[[-0.036,-0.181,1.086,1.60,-11.65,-2.05,-3.37,-10.06],[-0.033,-0.183,1.070,2.46,-13.85,-2.36,-3.40,-10.03],[-0.037,-0.173,1.073,-2.54,-11.53,-2.60,-3.41,-10.04],[-0.031,-0.187,1.069,-6.14,-10.68,-3.64,-3.41,-10.10],[-0.032,-0.186,1.064,-4.98,-10.68,-2.48,-3.41,-10.14],[-0.036,-0.185,1.067,-1.87,-9.82,-2.48,-3.40,-10.15],[-0.038,-0.174,1.068,-2.36,-10.62,-2.48,-3.40,-10.16],[-0.033,-0.188,1.069,-3.95,-10.25,-2.60,-3.40,-10.19],[-0.037,-0.191,1.066,-2.79,-10.37,-4.00,-3.39,-10.22],[-0.039,-0.189,1.072,-0.11,-10.80,-1.62,-3.39,-10.22]]}
62.252	{"type":"ecg","dev":"node-01","seq":2062,"t0":207713,"fs":250,"leads_off":false,"bpm":87.6,"samples":[1310,1397,1825,1987,1663,1329,1408,1840,1987,1656,1333,1415,1840,1998,1680,1355,1430,1865,2018,1693,1377,1461,1883,2038,1710]}
62.287	{"type":"imu","dev":"node-01","seq":1734,"t0":207750,"fs":100,"samples":[[-0.038,-0.185,1.063,1.91,-9.40,-2.72,-3.37,-10.19],[-0.044,-0.180,1.068,-0.53,-11.04,-2.60,-3.37,-10.18],[-0.038,-0.183,1.070,-5.84,-11.16,-2.42,-3.37,-10.23],[-0.037,-0.189,1.069,-7.36,-11.04,-2.84,-3.37,-10.30],[-0.038,-0.195,1.065,-7.12,-10.86,-1.32,-3.37,-10.37],[-0.035,-0.191,1.063,-2.06,-11.04,-2.30,-3.37,-10.39],[-0.037,-0.189,1.068,3.19,-10.49,-2.36,-3.37,-10.35],[-0.038,-0.189,1.067,2.94,-12.26,-2.42,-3.38,-10.31],[-0.037,-0.176,1.064,4.10,-11.96,-1.20,-3.39,-10.25],[-0.034,-0.177,1.070,1.79,-11.35,-1.38,-3.40,-10.22]]}
62.352	{"type":"ecg","dev":"node-01","seq":2063,"t0":207813,"fs":250,"leads_off":false,"bpm":87.6,"samples":[1409,1490,1895,2033,1709,1392,1479,1878,2001,1680,1375,1467,1853,1968,1642,1347,1443,1818,1920,1607,1339,1445,1801,1874,1535]}
62.387	{"type":"imu","dev":"node-01","seq":1735,"t0":207850,"fs":100,"samples":[[-0.031,-0.177,1.064,0.87,-11.59,-2.48,-3.41,-10.20],[-0.030,-0.184,1.072,0.81,-10.86,-1.56,-3.42,-10.18],[-0.033,-0.182,1.064,3.31,-11.71,-2.23,-3.43,-10.14],[-0.030,-0.180,1.066,5.81,-11.16,-1.87,-3.44,-10.07],[-0.037,-0.176,1.073,3.07,-11.23,-1.99,-3.44,-10.02],[-0.030,-0.178,1.079,-2.42,-11.16,-1.87,-3.45,-10.03],[-0.035,-0.175,1.065,-2.85,-10.13,-0.65,-3.45,-10.05],[-0.040,-0.173,1.066,-0.41,-12.14,-3.88,-3.45,-10.04],[-0.016,-0.185,1.054,-0.53,-11.41,-3.33,-3.47,-10.04],[-0.041,-0.170,1.076,-0.41,-8.06,-1.50,-3.44,-10.02]]}
62.452	{"type":"ecg","dev":"node-01","seq":2064,"t0":207913,"fs":250,"leads_off":false,"bpm":87.6,"samples":[1294,1413,1770,1847,1535,1302,1428,1766,1819,1518,1286,1412,1762,1838,1531,1297,1425,1775,1840,1525,1297,1421,1788,1891,1635]}
62.487	{"type":"imu","dev":"node-01","seq":1736,"t0":207950,"fs":100,"samples":[[-0.032,-0.170,1.058,1.48,-10.80,-2.36,-3.44,-9.99],[-0.034,-0.171,1.068,-2.73,-10.25,-4.19,-3.44,-10.00],[-0.031,-0.171,1.063,-5.11,-10.80,-3.45,-3.44,-10.03],[-0.032,-0.182,1.062,-4.74,-10.80,-3.21,-3.45,-10.07],[-0.028,-0.184,1.075,-0.78,-10.19,-2.05,-3.45,-10.07],[-0.029,-0.182,1.067,1.42,-10.74,-1.69,-3.45,-10.05],[-0.031,-0.181,1.070,0.44,-11.16,-2.42,-3.46,-10.04],[-0.027,-0.182,1.066,-3.21,-10.43,-2.60,-3.46,-10.06],[-0.023,-0.189,1.065,-2.42,-9.15,-2.78,-3.46,-10.08],[-0.032,-0.190,1.074,-0.84,-10.68,-1.75,-3.46,-10.09]]}
62.552	{"type":"ecg","dev":"node-01","seq":2065,"t0":208013,"fs":250,"leads_off":false,"bpm":87.6,"samples":[1419,1578,1961,2038,1733,1493,1617,1954,2009,1703,1445,1535,1830,1851,1535,1341,1491,1773,1783,1505,1331,1472,1774,1801,1534]}
62.587	{"type":"imu","dev":"node-01","seq":1737,"t0":208050,"fs":100,"samples":[[-0.028,-0.185,1.074,2.39,-11.16,-1.56,-3.47,-10.06],[-0.032,-0.178,1.076,1.30,-12.45,-2.54,-3.49,-10.03],[-0.031,-0.175,1.070,-1.63,-11.23,-2.84,-3.50,-10.04],[-0.035,-0.177,1.068,-3.58,-11.29,-1.62,-3.50,-10.06],[-0.027,-0.189,1.067,-1.45,-11.23,-1.20,-3.52,-10.07],[-0.057,-0.175,1.072,0.14,-10.56,-1.56,-3.49,-10.05],[-0.032,-0.179,1.075,0.20,-12.02,-2.72,-3.51,-10.04],[-0.020,-0.176,1.065,-3.58,-11.96,-3.03,-3.53,-10.06],[-0.024,-0.176,1.064,-2.67,-10.86,-2.36,-3.54,-10.07],[-0.030,-0.185,1.059,-1.14,-12.51,-2.78,-3.56,-10.08]]}
62.652	{"type":"ecg","dev":"node-01","seq":2066,"t0":208113,"fs":250,"leads_off":false,"bpm":79.1,"samples":[1355,1490,1802,1831,1479,1209,1331,1840,2176,2219,2401,2957,3773,3612,2597,1666,1136,1088,1142,999,882,1037,1337,1472,1422]}
62.687	{"type":"imu","dev":"node-01","seq":1738,"t0":208150,"fs":100,"samples":[[-0.042,-0.173,1.059,-0.59,-10.68,-2.30,-3.55,-10.07],[-0.018,-0.169,1.066,-0.53,-8.66,-1.20,-3.54,-10.05],[-0.052,-0.189,1.089,-1.08,-9.70,-3.09,-3.51,-10.06],[-0.036,-0.184,1.091,0.99,-10.31,-1.75,-3.51,-10.04],[-0.045,-0.171,1.064,4.53,-9.03,-1.99,-3.48,-9.98],[-0.037,-0.183,1.049,-0.59,-7.69,-4.19,-3.44,-9.98],[-0.061,-0.183,1.093,4.53,-13.42,-4.86,-3.45,-9.93],[-0.031,-0.193,1.070,-5.90,-9.52,-1.87,-3.44,-9.99],[-0.074,-0.180,1.112,-5.71,-10.37,-1.26,-3.39,-10.03],[-0.033,-0.169,1.056,-0.90,-15.74,-2.42,-3.44,-10.02]]}
62.752	{"type":"ecg","dev":"node-01","seq":2067,"t0":208213,"fs":250,"leads_off":false,"bpm":79.1,"samples":[1465,1710,1973,1973,1739,1616,1765,2023,2064,1856,1741,1866,2110,2124,1886,1779,1936,2179,2179,1970,1856,2002,2250,2286,2102]}
62.787	{"type":"imu","dev":"node-01","seq":1739,"t0":208250,"fs":100,"samples":[[-0.037,-0.181,1.082,-1.20,-15.43,-1.81,-3.49,-10.02],[-0.015,-0.186,1.068,1.66,-14.82,-1.99,-3.55,-10.00],[-0.038,-0.169,1.078,1.85,-11.90,-2.84,-3.55,-9.96],[-0.023,-0.166,1.067,-4.19,-10.13,-3.15,-3.56,-9.98],[-0.025,-0.173,1.067,-6.39,-8.85,-1.87,-3.55,-10.03],[-0.031,-0.174,1.081,-1.87,-9.46,-3.15,-3.54,-10.03],[-0.030,-0.167,1.073,1.66,-9.64,-2.42,-3.53,-9.99],[-0.033,-0.167,1.074,0.50,-8.30,-1.93,-3.51,-9.96],[-0.035,-0.183,1.065,-5.90,-10.07,-3.03,-3.50,-10.01],[-0.048,-0.195,1.068,-6.87,-9.58,-4.61,-3.47,-10.09]]}
62.852	{"type":"ecg","dev":"node-01","seq":2068,"t0":208313,"fs":250,"leads_off":false,"bpm":79.1,"samples":[2006,2128,2333,2350,2164,2087,2227,2419,2429,2224,2142,2259,2431,2383,2142,2019,2115,2277,2218,1965,1855,1935,2079,1984,1723]}
62.887	{"type":"imu","dev":"node-01","seq":1740,"t0":208350,"fs":100,"samples":[[-0.018,-0.207,1.058,-2.00,-10.01,-3.15,-3.48,-10.13],[-0.051,-0.187,1.068,6.48,-11.41,-2.66,-3.47,-10.06],[-0.049,-0.175,1.075,5.75,-10.56,-3.58,-3.45,-9.99],[-0.034,-0.196,1.070,3.31,-11.23,-3.51,-3.46,-9.96],[-0.055,-0.179,1.093,-2.12,-9.03,-4.73,-3.42,-9.97],[-0.046,-0.175,1.086,0.63,-8.30,-3.76,-3.38,-9.95],[-0.047,-0.167,1.077,4.53,-9.34,-4.19,-3.36,-9.88],[-0.036,-0.174,1.087,2.46,-9.27,-4.86,-3.34,-9.84],[-0.052,-0.167,1.090,-0.78,-4.58,-3.88,-3.27,-9.82],[-0.043,-0.180,1.072,-4.37,-8.91,-4.55,-3.24,-9.86]]}
62.952	{"type":"ecg","dev":"node-01","seq":2069,"t0":208413,"fs":250,"leads_off":false,"bpm":79.1,"samples":[1622,1752,1919,1862,1611,1488,1616,1781,1750,1520,1457,1633,1853,1833,1573,1461,1648,1898,1873,1599,1485,1697,1959,1938,1681]}
62.987	{"type":"imu","dev":"node-01","seq":1741,"t0":208450,"fs":100,"samples":[[-0.039,-0.198,1.078,-8.34,-7.14,-5.40,-3.21,-9.95],[-0.057,-0.198,1.078,-8.34,-4.64,-3.39,-3.13,-10.04],[-0.044,-0.191,1.076,10.87,-8.85,-4.49,-3.11,-9.94],[-0.022,-0.179,1.078,13.68,-8.12,-3.76,-3.10,-9.79],[-0.050,-0.152,1.068,6.24,-8.18,-5.16,-3.07,-9.70],[-0.038,-0.172,1.088,-9.07,-9.15,-4.31,-3.06,-9.77],[-0.037,-0.165,1.091,-14.68,-10.19,-4.06,-3.06,-9.90],[-0.020,-0.178,1.057,-11.75,-10.19,-2.78,-3.08,-10.00],[-0.047,-0.194,1.067,-5.17,-10.25,-1.56,-3.06,-10.06],[-0.024,-0.194,1.057,0.44,-11.90,-2.72,-3.09,-10.06]]}
63.052	{"type":"ecg","dev":"node-01","seq":2070,"t0":208513,"fs":250,"leads_off":false,"bpm":79.1,"samples":[1578,1743,1962,1947,1701,1605,1769,1950,1897,1659,1567,1733,1951,1936,1703,1627,1794,2000,1968,1744,1647,1778,1970,1920,1691]}
63.087	{"type":"imu","dev":"node-01","seq":1742,"t0":208550,"fs":100,"samples":[[-0.032,-0.191,1.069,2.33,-10.56,-2.54,-3.10,-10.04],[-0.033,-0.201,1.062,-3.82,-11.71,-2.60,-3.12,-10.09],[0.001,-0.178,1.059,9.47,-7.45,0.08,-3.13,-9.99],[-0.053,-0.165,1.076,13.80,-10.49,-2.78,-3.12,-9.83],[-0.017,-0.162,1.040,13.74,-12.14,-3.88,-3.15,-9.67],[-0.051,-0.182,1.062,-6.39,-8.91,-3.21,-3.12,-9.74],[-0.036,-0.180,1.060,-11.75,-7.81,-2.84,-3.10,-9.85],[-0.039,-0.181,1.054,-2.42,-7.20,-2.23,-3.07,-9.88],[-0.054,-0.162,1.052,14.22,-7.14,-2.90,-3.02,-9.71],[-0.051,-0.152,1.076,16.91,-5.56,-4.80,-2.96,-9.51]]}
63.152	{"type":"ecg","dev":"node-01","seq":2071,"t0":208613,"fs":250,"leads_off":false,"bpm":79.1,"samples":[1609,1774,2007,1949,1683,1579,1783,2020,2013,1755,1602,1727,1969,1984,1776,1658,1798,1991,2011,1866,1817,1907,2069,1980,1757]}
63.187	{"type":"imu","dev":"node-01","seq":1743,"t0":208650,"fs":100,"samples":[[-0.066,-0.135,1.083,14.10,-5.13,-5.22,-2.88,-9.33],[-0.068,-0.141,1.075,4.89,-4.64,-5.77,-2.79,-9.24],[-0.063,-0.146,1.076,1.05,-4.95,-6.81,-2.72,-9.20],[-0.054,-0.157,1.093,-1.69,-4.64,-6.20,-2.66,-9.20],[-0.047,-0.157,1.089,-3.34,-5.13,-4.49,-2.60,-9.21],[-0.044,-0.166,1.078,-1.14,-6.47,-2.97,-2.57,-9.21],[-0.024,-0.159,1.077,1.60,-7.51,-2.54,-2.57,-9.18],[-0.020,-0.165,1.076,2.15,-7.93,-2.05,-2.57,-9.15],[-0.018,-0.155,1.072,2.39,-8.91,-2.66,-2.59,-9.11],[-0.011,-0.146,1.059,2.09,-8.12,-0.40,-2.60,-9.06]]}
63.252	{"type":"ecg","dev":"node-01","seq":2072,"t0":208713,"fs":250,"leads_off":false,"bpm":79.1,"samples":[1689,1867,2105,2046,1744,1573,1743,2163,2305,2001,1680,1648,1891,1963,1773,1653,1778,2017,2039,1775,1659,1838,2112,2087,1779]}
63.287	{"type":"imu","dev":"node-01","seq":1744,"t0":208750,"fs":100,"samples":[[-0.008,-0.147,1.049,-1.75,-7.26,0.14,-2.62,-9.06],[-0.017,-0.154,1.046,-10.59,-4.70,1.06,-2.59,-9.15],[0.038,-0.167,1.030,-9.50,-4.64,3.80,-2.63,-9.24],[-0.018,-0.192,1.050,-1.81,-3.36,4.78,-2.59,-9.28],[-0.009,-0.184,1.054,7.27,-3.18,5.08,-2.56,-9.22],[-0.057,-0.181,1.083,6.54,-3.36,3.92,-2.48,-9.16],[-0.059,-0.163,1.084,7.82,-5.86,1.61,-2.43,-9.07],[-0.074,-0.150,1.076,6.97,-6.04,0.20,-2.36,-8.98],[-0.070,-0.138,1.079,10.02,-6.96,0.27,-2.31,-8.85],[-0.064,-0.113,1.076,14.47,-8.48,-1.62,-2.28,-8.65]]}
63.352	{"type":"ecg","dev":"node-01","seq":2073,"t0":208813,"fs":250,"leads_off":false,"bpm":75.4,"samples":[1627,1954,2559,2666,2096,1479,1392,1789,2109,1984,1779,1787,1979,1995,1744,1600,1693,1920,2041,2150,2141,1962,1697,1408,1285]}
63.387	{"type":"imu","dev":"node-01","seq":1745,"t0":208850,"fs":100,"samples":[[-0.078,-0.120,1.059,12.39,-7.51,-3.64,-2.22,-8.49],[-0.094,-0.146,1.091,7.52,-9.82,-4.19,-2.17,-8.40],[-0.097,-0.172,1.060,-2.91,-11.47,-4.25,-2.14,-8.44],[-0.085,-0.193,1.078,-6.26,-9.21,-3.33,-2.10,-8.54],[-0.104,-0.171,1.105,-1.93,-8.30,-4.49,-2.03,-8.56],[-0.083,-0.127,1.091,17.76,-8.85,-3.82,-1.99,-8.35],[-0.094,-0.098,1.085,23.55,-7.51,-4.98,-1.93,-8.04],[-0.071,-0.088,1.068,18.00,-10.01,-6.69,-1.91,-7.81],[-0.072,-0.129,1.074,-0.78,-5.25,-6.87,-1.85,-7.80],[-0.069,-0.128,1.093,2.39,-4.52,-9.25,-1.78,-7.75]]}
63.452	{"type":"ecg","dev":"node-01","seq":2074,"t0":208913,"fs":250,"leads_off":false,"bpm":75.4,"samples":[1648,2110,2236,1856,1330,1198,1492,1811,1769,1458,1376,1747,2284,2614,2753,3381,4095,4095,3195,1954,1215,1341,1684,1492,865]}
63.487	{"type":"imu","dev":"node-01","seq":1746,"t0":208950,"fs":100,"samples":[[-0.023,-0.084,1.091,-5.65,-4.58,-11.26,-1.77,-7.74],[-0.204,-0.198,1.184,-23.03,-8.66,-19.37,-1.62,-8.00],[-0.097,-0.159,1.178,-22.97,1.64,-18.88,-1.48,-8.22],[-0.094,-0.168,1.042,-0.29,-13.73,-15.71,-1.48,-8.24],[-0.041,-0.152,1.093,7.52,-5.01,-12.48,-1.46,-8.16],[-0.083,-0.136,1.049,23.68,-13.85,-8.51,-1.48,-7.91],[-0.052,-0.109,1.042,12.33,-6.71,-10.28,-1.46,-7.75],[-0.082,-0.127,1.003,-4.86,-9.64,-10.95,-1.43,-7.78],[-0.047,-0.168,1.129,-17.97,-2.93,-14.43,-1.38,-7.97],[-0.090,-0.167,1.063,-3.21,-11.71,-14.06,-1.37,-8.03]]}
63.552	{"type":"ecg","dev":"node-01","seq":2075,"t0":209013,"fs":250,"leads_off":false,"bpm":75.4,"samples":[527,743,1210,1490,1562,1738,1942,2023,1903,1903,2085,2135,1919,1665,1706,2058,2320,2209,1783,1360,1359,1740,2113,2256,2096]}
63.587	{"type":"imu","dev":"node-01","seq":1747,"t0":209050,"fs":100,"samples":[[-0.052,-0.184,1.138,4.89,-10.13,-15.16,-1.39,-8.00],[0.001,-0.125,1.041,20.08,-14.21,-12.30,-1.50,-7.78],[-0.045,-0.130,1.073,7.64,-12.08,-14.61,-1.54,-7.69],[-0.049,-0.128,1.067,8.55,-11.90,-16.01,-1.58,-7.59],[-0.063,-0.120,1.071,6.30,-9.95,-14.37,-1.58,-7.50],[-0.060,-0.111,1.071,12.39,-8.91,-13.70,-1.57,-7.35],[-0.039,-0.108,1.067,9.22,-8.73,-13.09,-1.58,-7.22],[-0.036,-0.114,1.054,7.46,-9.27,-13.03,-1.60,-7.13],[-0.054,-0.126,1.058,4.29,-7.75,-13.58,-1.59,-7.08],[-0.027,-0.141,1.067,7.46,-9.58,-14.43,-1.62,-7.02]]}
63.652	{"type":"ecg","dev":"node-01","seq":2076,"t0":209113,"fs":250,"leads_off":false,"bpm":75.4,"samples":[1925,2095,2527,2624,2175,1771,1791,2218,2615,2529,2291,2091,2071,2032,1959,1996,2241,2413,2285,1965,1824,1911,2062,2270,2558]}
63.687	{"type":"imu","dev":"node-01","seq":1748,"t0":209150,"fs":100,"samples":[[-0.032,-0.146,1.076,11.79,-9.03,-15.47,-1.64,-6.92],[-0.031,-0.132,1.088,17.21,-7.69,-14.92,-1.65,-6.75],[-0.048,-0.120,1.113,19.59,-6.35,-15.22,-1.63,-6.55],[-0.061,-0.109,1.079,19.29,-8.42,-16.44,-1.62,-6.34],[-0.052,-0.111,1.088,5.63,-7.81,-16.14,-1.61,-6.27],[-0.057,-0.129,1.093,1.11,-7.08,-16.20,-1.59,-6.27],[-0.062,-0.124,1.078,4.04,-7.02,-16.20,-1.56,-6.24],[-0.056,-0.142,1.078,8.43,-8.60,-12.23,-1.55,-6.18],[-0.094,-0.145,1.062,9.96,-9.46,-13.76,-1.51,-6.12],[-0.090,-0.153,1.078,8.92,-7.57,-11.87,-1.46,-6.07]]}
63.752	{"type":"ecg","dev":"node-01","seq":2077,"t0":209213,"fs":250,"leads_off":false,"bpm":75.4,"samples":[2342,1654,1104,975,1059,1330,1579,1559,1399,1204,1215,1481,1621,1449,1218,1214,1413,1920,2256,1710,803,536,959,1361,1421]}
63.787	{"type":"imu","dev":"node-01","seq":1749,"t0":209250,"fs":100,"samples":[[-0.104,-0.138,1.063,9.53,-9.82,-10.77,-1.42,-6.00],[-0.066,-0.124,1.072,-1.75,-10.37,-10.89,-1.42,-6.03],[-0.082,-0.143,1.042,-1.39,-11.84,-12.36,-1.42,-6.08],[-0.061,-0.140,1.122,1.30,-7.69,-13.88,-1.41,-6.09],[-0.038,-0.146,1.074,12.33,-9.88,-11.14,-1.44,-6.00],[-0.058,-0.130,1.066,10.57,-8.42,-11.26,-1.43,-5.92],[-0.064,-0.142,1.076,8.43,-7.14,-11.01,-1.40,-5.86],[-0.062,-0.157,1.086,1.36,-6.10,-10.65,-1.37,-5.90],[-0.058,-0.149,1.062,0.38,-7.20,-10.22,-1.35,-5.93],[-0.056,-0.149,1.093,-3.70,-5.86,-10.89,-1.32,-6.01]]}
63.852	{"type":"ecg","dev":"node-01","seq":2078,"t0":209313,"fs":250,"leads_off":false,"bpm":75.4,"samples":[1379,1411,1433,1334,1181,1216,1619,1936,1712,1198,963,1265,1832,2078,1709,1137,1072,1378,1634,1459,1168,1104,1299,1388,1307]}
63.887	{"type":"imu","dev":"node-01","seq":1750,"t0":209350,"fs":100,"samples":[[-0.045,-0.152,1.067,-1.87,-3.42,-7.66,-1.28,-6.07],[-0.049,-0.147,1.084,0.32,-5.19,-8.51,-1.26,-6.10],[-0.018,-0.141,1.069,4.77,-4.76,-5.65,-1.26,-6.08],[-0.027,-0.119,1.089,8.86,-4.03,-3.94,-1.24,-5.99],[-0.051,-0.109,1.090,12.27,-4.27,-1.32,-1.21,-5.87],[-0.037,-0.102,1.098,8.98,-4.46,-1.32,-1.19,-5.77],[-0.062,-0.092,1.092,-0.96,-2.63,-1.62,-1.13,-5.76],[-0.079,-0.080,1.050,8.37,-1.47,-1.50,-1.03,-5.65],[-0.049,-0.068,1.114,2.33,3.96,-2.30,-0.92,-5.59],[-0.058,-0.058,1.054,8.19,3.65,-2.66,-0.81,-5.46]]}
63.952	{"type":"ecg","dev":"node-01","seq":2079,"t0":209413,"fs":250,"leads_off":false,"bpm":75.4,"samples":[1271,1423,1527,1436,1239,1185,1374,1501,1454,1297,1296,1451,1595,1586,1419,1441,1616,1694,1535,1313,1243,1469,1812,1907,1621]}
63.987	{"type":"imu","dev":"node-01","seq":1751,"t0":209450,"fs":100,"samples":[[-0.073,-0.078,1.074,1.66,-0.25,0.57,-0.72,-5.42],[-0.054,-0.066,1.052,5.08,0.05,0.81,-0.64,-5.33],[-0.073,-0.080,1.061,3.74,1.03,1.49,-0.54,-5.27],[-0.090,-0.070,1.087,7.46,1.46,1.55,-0.42,-5.17],[-0.069,-0.052,1.078,10.93,-0.80,2.46,-0.35,-5.01],[-0.086,-0.053,1.076,6.91,-0.98,3.13,-0.26,-4.90],[-0.097,-0.061,1.090,1.05,-1.29,2.83,-0.17,-4.86],[-0.088,-0.066,1.061,-1.20,1.46,2.52,-0.05,-4.84],[-0.083,-0.080,1.055,-3.28,0.42,1.30,0.04,-4.87],[-0.098,-0.096,1.076,-0.71,1.70,0.63,0.16,-4.88]]}
64.052	{"type":"ecg","dev":"node-01","seq":2080,"t0":209513,"fs":250,"leads_off":false,"bpm":75.4,"samples":[1243,1159,1302,1398,1296,1216,1297,1504,1520,1287,1142,1207,1381,1413,1328,1199,1261,1439,1473,1326,1199,1174,1396,1680,1820]}
64.087	{"type":"imu","dev":"node-01","seq":1752,"t0":209550,"fs":100,"samples":[[-0.084,-0.111,1.071,0.50,3.23,3.31,0.28,-4.89],[-0.073,-0.108,1.070,0.08,0.73,3.56,0.36,-4.91],[-0.096,-0.115,1.055,0.26,-0.07,3.25,0.45,-4.93],[-0.095,-0.138,1.104,4.89,0.54,1.61,0.55,-4.93],[-0.091,-0.148,1.082,8.49,-1.35,2.95,0.62,-4.90],[-0.136,-0.137,1.077,10.32,-1.77,1.49,0.73,-4.85],[-0.141,-0.120,1.052,4.53,-5.43,-0.28,0.81,-4.84],[-0.133,-0.121,1.063,4.41,-5.98,-0.34,0.88,-4.83],[-0.127,-0.109,1.062,8.07,-7.99,-0.83,0.92,-4.77],[-0.128,-0.099,1.076,7.70,-7.99,-3.94,0.96,-4.70]]}
64.152	{"type":"ecg","dev":"node-01","seq":2081,"t0":209613,"fs":250,"leads_off":false,"bpm":76.4,"samples":[2029,2491,3187,3600,3222,2515,1709,1040,695,527,524,650,882,925,841,913,1317,1747,1858,1641,1408,1407,1558,1671,1664]}
64.187	{"type":"imu","dev":"node-01","seq":1753,"t0":209650,"fs":100,"samples":[[-0.129,-0.087,1.084,9.65,-7.08,-2.72,1.01,-4.61],[-0.148,-0.051,1.024,8.43,-9.46,-2.05,1.06,-4.49],[-0.155,-0.024,1.105,10.20,-5.86,-6.08,1.14,-4.32],[-0.175,-0.011,1.093,14.83,-9.03,-4.86,1.21,-4.10],[-0.154,-0.036,1.088,4.89,-12.57,-3.76,1.22,-4.01],[-0.164,-0.058,1.102,-7.73,-11.47,-1.93,1.25,-4.07],[-0.143,-0.044,1.086,0.75,-11.84,-1.20,1.26,-4.02],[-0.145,-0.039,1.085,2.70,-12.26,-0.10,1.27,-3.96],[-0.144,-0.024,1.082,2.58,-13.12,0.51,1.27,-3.88],[-0.115,-0.014,1.079,4.22,-14.34,0.02,1.22,-3.78]]}
64.252	{"type":"ecg","dev":"node-01","seq":2082,"t0":209713,"fs":250,"leads_off":false,"bpm":76.4,"samples":[1631,1654,1767,1833,1710,1605,1614,1651,1675,1694,1755,1843,1888,1771,1705,1763,1917,2078,2043,1970,1963,2078,2190,2192,2058]}
64.287	{"type":"imu","dev":"node-01","seq":1754,"t0":209750,"fs":100,"samples":[[-0.118,-0.016,1.095,3.43,-13.66,0.94,1.19,-3.68],[-0.096,-0.019,1.083,4.71,-11.84,2.52,1.15,-3.58],[-0.091,-0.033,1.082,5.75,-10.98,4.84,1.11,-3.49],[-0.085,-0.044,1.091,6.36,-11.23,5.69,1.07,-3.41],[-0.093,-0.047,1.084,6.54,-11.47,6.73,1.04,-3.32],[-0.112,-0.052,1.084,2.09,-10.98,6.24,1.03,-3.29],[-0.118,-0.054,1.083,1.66,-9.95,7.10,1.03,-3.27],[-0.095,-0.057,1.088,1.97,-9.88,6.55,1.01,-3.24],[-0.117,-0.072,1.082,0.87,-7.20,5.75,1.05,-3.25],[-0.119,-0.080,1.065,-3.15,-7.38,4.23,1.08,-3.30]]}
64.352	{"type":"ecg","dev":"node-01","seq":2083,"t0":209813,"fs":250,"leads_off":false,"bpm":76.4,"samples":[1949,1989,2083,2110,2059,1997,1977,1911,1782,1665,1616,1631,1653,1583,1440,1363,1406,1487,1499,1427,1375,1357,1283,1218,1264]}
64.387	{"type":"imu","dev":"node-01","seq":1755,"t0":209850,"fs":100,"samples":[[-0.105,-0.086,1.043,-6.93,-6.77,2.95,1.11,-3.39],[-0.115,-0.075,1.032,3.92,-9.58,1.49,1.12,-3.37],[-0.094,-0.066,1.070,5.87,-6.71,1.49,1.13,-3.32],[-0.130,-0.057,1.030,9.47,-7.08,0.88,1.18,-3.22],[-0.135,-0.069,1.095,0.32,-6.65,1.30,1.23,-3.23],[-0.151,-0.098,1.075,-5.23,-10.01,1.36,1.27,-3.32],[-0.125,-0.104,1.072,-9.98,-10.07,1.49,1.27,-3.46],[-0.138,-0.082,1.069,-13.15,-14.03,-0.10,1.26,-3.61],[-0.114,-0.036,1.052,-5.65,-15.92,-0.22,1.21,-3.63],[-0.111,-0.028,1.058,-7.24,-19.34,-0.65,1.11,-3.66]]}
64.452	{"type":"ecg","dev":"node-01","seq":2084,"t0":209913,"fs":250,"leads_off":false,"bpm":76.4,"samples":[1371,1503,1511,1418,1292,1310,1441,1591,1591,1479,1478,1535,1588,1602,1595,1611,1638,1600,1534,1479,1589,1756,1839,1720,1535]}
64.487	{"type":"imu","dev":"node-01","seq":1756,"t0":209950,"fs":100,"samples":[[-0.100,-0.025,1.010,-12.36,-18.91,-0.40,1.02,-3.73],[-0.125,-0.089,1.058,-24.01,-19.34,-1.26,0.94,-3.99],[-0.141,-0.104,1.080,-19.92,-20.31,-0.89,0.87,-4.22],[-0.161,-0.122,1.031,-13.09,-25.68,-0.71,0.78,-4.39],[-0.177,-0.106,1.073,-10.23,-23.60,-3.76,0.72,-4.52],[-0.177,-0.099,1.093,-6.39,-24.40,-4.67,0.65,-4.59],[-0.161,-0.088,1.083,1.66,-22.45,-7.05,0.58,-4.58],[-0.145,-0.050,1.109,0.50,-20.25,-7.11,0.52,-4.53],[-0.126,-0.036,1.163,-3.21,-20.86,-8.21,0.43,-4.51],[-0.110,-0.021,1.146,0.32,-21.59,-8.76,0.32,-4.44]]}
64.552	{"type":"ecg","dev":"node-01","seq":2085,"t0":210013,"fs":250,"leads_off":false,"bpm":76.4,"samples":[1508,1583,1701,1755,1707,1661,1665,1747,1739,1690,1726,1906,2017,1817,1533,1429,1553,1741,1808,1755,1728,1728,1746,1745,1728]}
64.587	{"type":"imu","dev":"node-01","seq":1757,"t0":210050,"fs":100,"samples":[[-0.107,-0.013,1.128,4.53,-23.73,-8.03,0.19,-4.32],[-0.110,-0.034,1.142,0.81,-26.10,-9.92,0.04,-4.26],[-0.086,-0.037,1.118,-2.12,-29.82,-8.58,-0.16,-4.23],[-0.060,-0.049,1.092,-11.08,-33.54,-7.90,-0.42,-4.31],[-0.021,-0.075,1.113,-9.92,-33.24,-4.55,-0.72,-4.39],[0.005,-0.083,1.102,-8.03,-32.93,-3.03,-1.03,-4.47],[0.025,-0.075,1.117,-6.32,-30.74,2.10,-1.35,-4.52],[0.018,-0.051,1.102,3.31,-27.63,3.99,-1.60,-4.45],[0.033,-0.064,1.066,0.26,-25.01,5.27,-1.85,-4.43],[0.010,-0.086,1.081,-10.47,-20.92,4.05,-2.03,-4.54]]}
64.652	{"type":"ecg","dev":"node-01","seq":2086,"t0":210113,"fs":250,"leads_off":false,"bpm":76.4,"samples":[1770,1867,2003,1981,1739,1607,1733,1943,1933,1744,1655,1712,1795,1808,1774,1776,1842,1899,1872,1798,1762,1872,1984,1987,1873]}
64.687	{"type":"imu","dev":"node-01","seq":1758,"t0":210150,"fs":100,"samples":[[0.048,-0.100,1.066,-8.95,-20.43,-1.26,-2.24,-4.64],[0.038,-0.083,0.993,-0.59,-20.37,-2.36,-2.44,-4.65],[0.008,-0.066,1.078,-0.47,-13.54,-6.93,-2.53,-4.63],[-0.011,-0.039,1.098,10.08,-13.24,-12.36,-2.60,-4.48],[-0.011,-0.023,1.095,7.58,-14.46,-12.60,-2.68,-4.34],[-0.021,-0.025,1.112,2.33,-14.40,-14.67,-2.74,-4.26],[-0.024,-0.018,1.133,11.24,-8.42,-15.89,-2.75,-4.08],[-0.050,-0.031,1.152,13.07,-4.95,-16.38,-2.69,-3.90],[-0.068,-0.032,1.157,11.18,-3.66,-17.60,-2.61,-3.75],[-0.053,-0.053,1.087,1.97,-1.65,-18.51,-2.52,-3.71]]}
64.752	{"type":"ecg","dev":"node-01","seq":2087,"t0":210213,"fs":250,"leads_off":false,"bpm":80.0,"samples":[1794,1806,1933,1929,1920,1951,2022,2102,2064,1994,2029,2142,2246,2272,2083,1962,2061,2171,2066,1770,1639,1847,2117,2123,1759]}
64.787	{"type":"imu","dev":"node-01","seq":1759,"t0":210250,"fs":100,"samples":[[-0.116,-0.084,1.087,-14.62,1.70,-19.37,-2.33,-3.87],[-0.119,-0.087,1.077,-13.15,1.64,-19.92,-2.14,-4.01],[-0.104,-0.088,1.057,-13.76,7.92,-19.31,-1.91,-4.16],[-0.153,-0.110,1.135,-23.15,14.63,-21.69,-1.57,-4.41],[-0.174,-0.135,1.113,-19.07,14.81,-20.89,-1.22,-4.65],[-0.178,-0.162,1.107,-19.37,11.76,-24.86,-0.90,-4.91],[-0.239,-0.141,1.078,-15.53,11.82,-28.88,-0.51,-5.12],[-0.226,-0.123,1.048,-7.85,7.86,-30.10,-0.19,-5.23],[-0.239,-0.071,1.040,8.80,8.23,-33.03,0.16,-5.11],[-0.213,-0.104,1.104,11.42,2.13,-34.19,0.39,-5.01]]}
64.852	{"type":"ecg","dev":"node-01","seq":2088,"t0":210313,"fs":250,"leads_off":false,"bpm":80.0,"samples":[1591,1757,2128,2139,1838,1682,1822,2038,2098,1843,1681,1875,2267,2581,2871,3223,3790,4006,3323,2343,1454,1104,1197,1281,1183]}
64.887	{"type":"imu","dev":"node-01","seq":1760,"t0":210350,"fs":100,"samples":[[-0.181,-0.120,1.083,15.20,1.27,-35.04,0.58,-4.88],[-0.151,-0.200,1.021,7.88,-4.70,-37.42,0.69,-4.93],[-0.102,-0.270,0.974,15.26,-10.49,-39.86,0.69,-4.99],[-0.102,-0.275,1.032,23.31,-6.96,-38.76,0.72,-4.96],[-0.089,-0.184,1.043,56.30,-7.26,-32.54,0.73,-4.51],[-0.111,-0.066,1.061,70.75,-6.71,-26.01,0.77,-3.80],[-0.133,0.057,0.997,59.89,-17.38,-17.97,0.73,-3.05],[-0.098,0.094,1.031,48.37,-22.99,-14.98,0.60,-2.43],[-0.040,0.136,1.055,43.00,-35.68,-2.30,0.28,-1.81],[0.023,0.116,1.050,32.52,-39.21,14.05,-0.13,-1.33]]}
64.952	{"type":"ecg","dev":"node-01","seq":2089,"t0":210413,"fs":250,"leads_off":false,"bpm":80.0,"samples":[1148,1335,1535,1535,1398,1483,1733,1964,2000,1853,1793,1817,1875,1880,1820,1781,1817,1950,2043,2035,2069,2095,2097,2089,2018]}
64.987	{"type":"imu","dev":"node-01","seq":1761,"t0":210450,"fs":100,"samples":[[0.024,0.091,1.096,36.24,-37.38,21.06,-0.52,-0.85],[0.035,0.033,1.106,46.91,-36.90,34.29,-0.91,-0.34],[0.062,0.012,1.138,52.15,-27.63,33.80,-1.22,0.19],[0.094,0.020,1.157,50.50,-23.60,28.13,-1.52,0.70],[0.099,-0.019,1.109,37.58,-20.62,12.22,-1.80,1.03],[0.040,-0.069,1.116,30.50,-8.79,-4.67,-1.89,1.24],[0.009,-0.087,1.103,28.55,-4.27,-12.48,-1.90,1.42],[-0.081,-0.102,1.116,25.57,6.09,-19.73,-1.72,1.52],[-0.120,-0.092,1.118,18.68,5.97,-17.90,-1.51,1.58],[-0.129,-0.092,1.094,16.72,4.75,-14.19,-1.30,1.62]]}
65.052	{"type":"ecg","dev":"node-01","seq":2090,"t0":210513,"fs":250,"leads_off":false,"bpm":80.0,"samples":[2082,2183,2272,2319,2349,2350,2311,2277,2291,2343,2389,2449,2496,2483,2394,2354,2368,2469,2490,2368,2203,2151,2112,2043,1904]}
65.087	{"type":"imu","dev":"node-01","seq":1762,"t0":210550,"fs":100,"samples":[[-0.143,-0.037,1.095,13.61,3.04,-4.61,-1.09,1.68],[-0.130,0.037,1.097,20.08,-2.99,3.99,-0.96,1.88],[-0.142,0.106,1.131,18.80,-2.45,7.64,-0.83,2.14],[-0.137,0.123,1.137,19.16,-3.36,7.89,-0.71,2.40],[-0.093,0.136,1.093,15.57,-6.77,6.97,-0.66,2.65],[-0.042,0.102,1.062,7.94,-5.68,5.27,-0.66,2.78],[-0.059,0.110,1.024,6.54,-1.59,6.91,-0.60,2.92],[-0.051,0.064,1.089,-2.24,0.66,3.44,-0.53,2.91],[-0.033,0.035,1.088,3.37,5.18,0.45,-0.43,2.92],[-0.056,0.028,1.070,3.37,7.68,-0.34,-0.29,2.92]]}
65.152	{"type":"ecg","dev":"node-01","seq":2091,"t0":210613,"fs":250,"leads_off":false,"bpm":80.0,"samples":[1839,1889,1965,1938,1840,1679,1599,1616,1639,1617,1601,1665,1725,1683,1531,1421,1418,1475,1414,1232,1197,1410,1633,1804,2027]}
65.187	{"type":"imu","dev":"node-01","seq":1763,"t0":210650,"fs":100,"samples":[[-0.092,0.006,1.090,-6.63,11.82,-2.54,-0.07,2.81],[-0.114,-0.016,1.126,-7.18,11.64,-3.45,0.16,2.66],[-0.125,-0.009,1.109,-6.39,11.95,-4.00,0.41,2.54],[-0.150,0.006,1.093,-5.04,10.24,-5.71,0.65,2.45],[-0.178,0.007,1.172,-1.02,7.49,-7.60,0.89,2.39],[-0.174,-0.009,1.129,-2.85,6.03,-7.60,1.10,2.31],[-0.192,-0.058,1.167,-11.08,7.86,-11.14,1.35,2.09],[-0.188,-0.082,1.224,-6.75,7.07,-9.12,1.56,1.91],[-0.164,-0.024,1.198,2.39,2.49,-9.55,1.71,1.87],[-0.133,0.005,1.036,6.48,-3.42,-8.45,1.79,1.90]]}
65.252	{"type":"ecg","dev":"node-01","seq":2092,"t0":210713,"fs":250,"leads_off":false,"bpm":80.0,"samples":[2165,2173,2058,1890,1731,1586,1618,1728,1830,1891,1860,1901,2017,1861,1485,1330,1486,1622,1671,1575,1383,1230,1286,1605,1792]}
65.287	{"type":"imu","dev":"node-01","seq":1764,"t0":210750,"fs":100,"samples":[[-0.122,0.001,1.162,8.98,-0.80,-10.47,1.87,1.96],[-0.091,0.012,1.039,22.58,-7.32,-9.73,1.86,2.15],[-0.093,0.017,1.075,13.55,-7.20,-10.53,1.85,2.26],[-0.086,0.076,1.066,23.92,-9.03,-13.39,1.82,2.53],[-0.094,0.130,1.078,30.69,-8.79,-12.90,1.79,2.92],[-0.078,0.149,1.095,27.03,-11.77,-11.87,1.72,3.28],[-0.065,0.156,1.038,18.98,-12.08,-9.61,1.64,3.58],[-0.119,0.170,1.092,18.31,-8.66,-9.00,1.64,3.85],[-0.146,0.168,1.072,15.38,-10.31,-10.40,1.66,4.11],[-0.182,0.150,1.085,10.02,-7.51,-13.82,1.74,4.28]]}
65.352	{"type":"ecg","dev":"node-01","seq":2093,"t0":210813,"fs":250,"leads_off":false,"bpm":80.0,"samples":[1680,1573,1602,1713,1575,1430,1599,1873,2015,2025,1925,1706,1659,1713,1750,1712,1599,1395,1168,1155,1590,2039,2211,2032,1724]}
65.387	{"type":"imu","dev":"node-01","seq":1765,"t0":210850,"fs":100,"samples":[[-0.156,0.144,1.027,5.08,-10.07,-15.47,1.78,4.40],[-0.150,0.113,0.986,-1.87,-9.03,-16.44,1.83,4.43],[-0.150,0.067,1.004,-6.93,3.65,-18.70,2.00,4.35],[-0.135,0.101,1.036,4.16,17.74,-20.22,2.28,4.41],[-0.144,0.103,1.016,1.42,23.41,-21.99,2.62,4.45],[-0.150,0.099,1.140,-2.18,37.37,-25.22,3.09,4.44],[-0.213,0.064,1.084,-6.32,38.23,-24.86,3.64,4.36],[-0.244,0.041,1.089,-10.96,31.03,-26.14,4.11,4.21],[-0.283,0.061,1.050,-18.03,12.19,-20.65,4.45,4.01],[-0.330,0.066,0.937,-13.09,4.51,-17.54,4.79,3.89]]}
65.452	{"type":"ecg","dev":"node-01","seq":2094,"t0":210913,"fs":250,"leads_off":false,"bpm":80.0,"samples":[1661,1899,2149,2243,2044,1775,1792,1959,2070,1866,1466,1248,1473,1851,1884,1673,1471,1424,1435,1488,1510,1535,1578,1472,1265]}
65.507	{"type":"imu","dev":"node-01","seq":1766,"t0":210950,"fs":100,"samples":[[-0.333,0.116,1.002,-3.64,3.41,-16.69,5.09,3.91],[-0.334,0.132,1.032,3.61,5.12,-13.94,5.40,4.01],[-0.318,0.143,1.075,1.30,4.44,-10.04,5.66,4.09],[-0.311,0.122,1.131,-3.76,11.76,-11.81,5.97,4.10],[-0.308,0.114,1.129,3.25,16.76,-13.39,6.32,4.16],[-0.270,0.151,0.970,23.55,26.64,13.38,7.28,4.95],[-0.203,0.144,0.960,27.64,31.34,0.94,7.68,5.29],[-0.288,0.039,0.921,-35.84,38.29,-23.88,8.25,4.88],[-0.189,-0.020,1.011,-97.06,48.90,-8.15,8.77,3.81],[-0.180,-0.198,0.908,-14.07,30.36,-17.36,9.11,3.35]]}
65.552	{"type":"ecg","dev":"node-01","seq":2095,"t0":211013,"fs":250,"leads_off":false,"bpm":80.0,"samples":[1059,931,833,910,1168,1535,1811,1949,2129,2789,3856,4095,3394,2187,1106,702,816,970,897,720,658,881,1161,1331,1435]}
65.652	{"type":"ecg","dev":"node-01","seq":2096,"t0":211113,"fs":250,"leads_off":false,"bpm":80.0,"samples":[1456,1472,1520,1488,1431,1520,1629,1675,1634,1488,1503,1665,1830,1876,1936,1991,1990,1986,2001,2005,2066,2183,2245,2288,2271]}
65.752	{"type":"ecg","dev":"node-01","seq":2097,"t0":211213,"fs":250,"leads_off":false,"bpm":80.0,"samples":[2240,2182,2163,2195,2240,2265,2303,2306,2267,2241,2221,2247,2241,2192,2119,2047,2006,2025,1984,1850,1733,1723,1788,1760,1680]}
65.852	{"type":"ecg","dev":"node-01","seq":2098,"t0":211313,"fs":250,"leads_off":false,"bpm":80.0,"samples":[1610,1589,1595,1558,1591,1595,1583,1600,1599,1566,1586,1631,1643,1617,1670,1738,1763,1809,1840,1872,1922,1977,2003,2003,1951]}
65.950	{"type":"status","dev":"node-01","fw":"0.1.0","uptime_ms":211509,"ecg":{"fs":250},"imu":{"ok":true,"fs":100,"errors":3321,"fields":["ax","ay","az","gx","gy","gz","pitch","roll"]}}
65.953	{"type":"ecg","dev":"node-01","seq":2099,"t0":211413,"fs":250,"leads_off":false,"bpm":80.0,"samples":[1911,1987,2169,2219,1978,1774,1920,2182,2157,1809,1515,1552,1728,1829,1814,1840,1919,1920,1840,1803,1782,1820,1869,1862,1835]}
66.052	{"type":"ecg","dev":"node-01","seq":2100,"t0":211513,"fs":250,"leads_off":false,"bpm":80.0,"samples":[1826,1899,1953,1933,1878,1871,1872,1856,1865,1827,1731,1680,1767,1902,1923,1851,1763,1776,1907,1963,1969,1977,2018,2031,2002]}
66.152	{"type":"ecg","dev":"node-01","seq":2101,"t0":211613,"fs":250,"leads_off":false,"bpm":80.0,"samples":[2054,2150,2169,2096,2026,2069,2163,2235,2237,2081,1811,1702,1811,1872,1845,1791,1737,1682,1670,1690,1731,1774,1779,1756,1648]}
66.252	{"type":"ecg","dev":"node-01","seq":2102,"t0":211713,"fs":250,"leads_off":false,"bpm":83.9,"samples":[1634,1728,1794,1617,1363,1292,1614,2026,2305,2608,3215,3981,3714,2884,2089,1406,1036,982,1052,973,943,1037,1142,1309,1487]}
66.352	{"type":"ecg","dev":"node-01","seq":2103,"t0":211813,"fs":250,"leads_off":false,"bpm":83.9,"samples":[1651,1781,1859,1907,1880,1858,1849,1916,2000,2003,1991,2039,2115,2112,2032,2032,2127,2211,2186,2190,2194,2174,2222,2196,2175]}
66.452	{"type":"ecg","dev":"node-01","seq":2104,"t0":211913,"fs":250,"leads_off":false,"bpm":83.9,"samples":[2224,2336,2474,2455,2415,2591,2723,2559,2352,2291,2430,2685,2751,2523,2247,2223,2473,2672,2652,2294,1887,1719,1719,1775,2000]}
66.552	{"type":"ecg","dev":"node-01","seq":2105,"t0":212013,"fs":250,"leads_off":false,"bpm":83.9,"samples":[2255,2159,1744,1426,1456,1631,1744,1788,1748,1706,1734,1739,1722,1686,1627,1591,1600,1656,1712,1899,2015,1802,1499,1403,1488]}
66.652	{"type":"ecg","dev":"node-01","seq":2106,"t0":212113,"fs":250,"leads_off":false,"bpm":83.9,"samples":[1637,1728,1717,1715,1744,1779,1795,1813,1805,1811,1777,1764,1815,1839,1846,1857,1888,1927,1890,1804,1767,1811,1874,1849,1766]}
66.752	{"type":"ecg","dev":"node-01","seq":2107,"t0":212213,"fs":250,"leads_off":false,"bpm":83.9,"samples":[1775,1878,1933,1899,1833,1821,1868,1879,1839,1782,1771,1882,2001,2047,1911,1678,1555,1570,1618,1674,1790,1909,1955,1923,1914]}
66.852	{"type":"ecg","dev":"node-01","seq":2108,"t0":212313,"fs":250,"leads_off":false,"bpm":83.9,"samples":[1943,1997,2020,1991,1933,1914,1934,1975,1968,1905,1872,1874,1872,1822,1777,1807,1856,1840,1770,1741,1762,1759,1712,1638,1714]}
66.952	{"type":"ecg","dev":"node-01","seq":2109,"t0":212413,"fs":250,"leads_off":false,"bpm":83.2,"samples":[1872,1874,1817,1667,1519,1521,1696,2000,2272,2518,2877,3493,3997,3569,2699,1881,1303,1157,1207,1194,1122,1179,1303,1402,1505]}
67.052	{"type":"ecg","dev":"node-01","seq":2110,"t0":212513,"fs":250,"leads_off":false,"bpm":83.2,"samples":[1600,1697,1808,1862,1851,1876,1957,1971,1943,1885,1860,1903,1953,1982,1968,1965,2000,2032,2023,2006,2064,2146,2217,2215,2171]}
67.152	{"type":"ecg","dev":"node-01","seq":2111,"t0":212613,"fs":250,"leads_off":false,"bpm":83.2,"samples":[2182,2198,2240,2258,2244,2255,2319,2347,2317,2269,2265,2273,2256,2301,2327,2295,2233,2224,2183,2071,1943,1899,1883,1837,1708]}
67.252	{"type":"ecg","dev":"node-01","seq":2112,"t0":212713,"fs":250,"leads_off":false,"bpm":83.2,"samples":[1625,1611,1574,1533,1529,1563,1639,1712,1695,1631,1584,1616,1646,1661,1635,1601,1535,1535,1571,1585,1600,1648,1678,1667,1630]}
67.352	{"type":"ecg","dev":"node-01","seq":2113,"t0":212813,"fs":250,"leads_off":false,"bpm":83.2,"samples":[1646,1675,1664,1648,1663,1701,1783,1773,1661,1553,1507,1533,1639,1675,1648,1671,1709,1685,1615,1636,1744,1835,1825,1777,1712]}
67.452	{"type":"ecg","dev":"node-01","seq":2114,"t0":212913,"fs":250,"leads_off":false,"bpm":83.2,"samples":[1698,1720,1743,1762,1759,1729,1729,1795,1841,1795,1738,1745,1778,1762,1740,1750,1756,1764,1746,1763,1808,1853,1889,1869,1815]}
67.552	{"type":"ecg","dev":"node-01","seq":2115,"t0":213013,"fs":250,"leads_off":false,"bpm":83.2,"samples":[1785,1776,1795,1797,1763,1729,1776,1859,1894,1897,1895,1904,1936,1957,1950,1965,2005,2015,1962,1867,1780,1791,1847,1899,1907]}
67.652	{"type":"ecg","dev":"node-01","seq":2116,"t0":213113,"fs":250,"leads_off":false,"bpm":83.2,"samples":[1925,1995,2004,2009,1994,1991,2010,2019,1994,1946,1953,2037,2160,2197,2112,2128,2205,2226,2166,2087,2026,2013,2003,1968,1922]}
67.752	{"type":"ecg","dev":"node-01","seq":2117,"t0":213213,"fs":250,"leads_off":false,"bpm":82.4,"samples":[1938,2002,2019,1959,1887,1859,1872,1904,1924,1920,1898,1915,1920,1926,1926,1877,1756,1639,1712,1988,2320,2698,3155,3810,4095]}
67.852	{"type":"ecg","dev":"node-01","seq":2118,"t0":213313,"fs":250,"leads_off":false,"bpm":82.4,"samples":[3533,2711,1935,1360,1187,1275,1371,1354,1257,1221,1305,1520,1712,1791,1778,1807,1837,1863,1883,1851,1831,1834,1834,1813,1770]}
67.952	{"type":"ecg","dev":"node-01","seq":2119,"t0":213413,"fs":250,"leads_off":false,"bpm":82.4,"samples":[1744,1776,1774,1751,1762,1811,1831,1815,1816,1800,1808,1847,1890,1897,1870,1872,1936,2046,2096,2065,2054,2055,2055,2096,2143]}
68.052	{"type":"ecg","dev":"node-01","seq":2120,"t0":213513,"fs":250,"leads_off":false,"bpm":82.4,"samples":[2115,1987,1872,1821,1787,1793,1849,1856,1756,1634,1569,1559,1535,1503,1461,1450,1486,1512,1491,1456,1430,1422,1424,1411,1392]}
68.152	{"type":"ecg","dev":"node-01","seq":2121,"t0":213613,"fs":250,"leads_off":false,"bpm":82.4,"samples":[1405,1454,1505,1535,1517,1471,1465,1487,1504,1529,1535,1575,1575,1558,1525,1552,1605,1621,1600,1535,1526,1535,1600,1601,1568]}
68.252	{"type":"ecg","dev":"node-01","seq":2122,"t0":213713,"fs":250,"leads_off":false,"bpm":82.4,"samples":[1563,1602,1633,1601,1606,1638,1662,1669,1644,1578,1526,1575,1649,1686,1655,1654,1655,1670,1648,1607,1597,1626,1664,1703,1696]}
68.352	{"type":"ecg","dev":"node-01","seq":2123,"t0":213813,"fs":250,"leads_off":false,"bpm":82.4,"samples":[1706,1712,1705,1681,1664,1684,1726,1725,1687,1616,1631,1728,1829,1823,1727,1650,1665,1787,1862,1856,1840,1846,1857,1890,1876]}
68.452	{"type":"ecg","dev":"node-01","seq":2124,"t0":213913,"fs":250,"leads_off":false,"bpm":82.4,"samples":[1773,1648,1623,1646,1680,1743,1793,1808,1706,1584,1623,1778,1857,1819,1755,1789,1873,1971,2019,2029,1996,1961,1961,1915,1872]}
68.552	{"type":"ecg","dev":"node-01","seq":2125,"t0":214013,"fs":250,"leads_off":false,"bpm":82.4,"samples":[1843,1759,1670,1605,1664,1750,1783,1761,1731,1706,1743,1712,1664,1629,1631,1671,1765,1798,1744,1627,1561,1506,1403,1535,1872]}
68.652	{"type":"ecg","dev":"node-01","seq":2126,"t0":214113,"fs":250,"leads_off":false,"bpm":78.3,"samples":[2269,2705,3204,3903,3937,3199,2367,1621,1152,1071,1138,1169,1110,1087,1122,1328,1597,1776,1811,1779,1786,1847,1887,1886,1803]}
68.752	{"type":"ecg","dev":"node-01","seq":2127,"t0":214213,"fs":250,"leads_off":false,"bpm":78.3,"samples":[1776,1853,1929,1930,1861,1794,1744,1705,1733,1857,1940,1965,1933,1918,1895,1946,2018,2045,2000,1949,1935,1982,2077,2126,2093]}
68.852	{"type":"ecg","dev":"node-01","seq":2128,"t0":214313,"fs":250,"leads_off":false,"bpm":78.3,"samples":[2070,2062,2046,2034,2144,2223,2237,2181,2077,1904,1758,1690,1654,1629,1619,1589,1488,1354,1216,1161,1202,1251,1291,1263,1210]}
68.952	{"type":"ecg","dev":"node-01","seq":2129,"t0":214413,"fs":250,"leads_off":false,"bpm":78.3,"samples":[1218,1249,1249,1201,1151,1149,1197,1239,1246,1235,1234,1310,1333,1326,1281,1213,1171,1205,1249,1323,1345,1349,1346,1323,1271]}
69.052	{"type":"ecg","dev":"node-01","seq":2130,"t0":214513,"fs":250,"leads_off":false,"bpm":78.3,"samples":[1277,1357,1383,1321,1305,1354,1435,1414,1334,1282,1359,1429,1378,1302,1281,1343,1431,1477,1460,1410,1424,1605,1623,1393,1200]}
69.152	{"type":"ecg","dev":"node-01","seq":2131,"t0":214613,"fs":250,"leads_off":false,"bpm":78.3,"samples":[1239,1423,1577,1674,1711,1594,1408,1337,1363,1399,1463,1571,1593,1535,1520,1482,1407,1374,1426,1553,1680,1713,1610,1535,1584]}
69.252	{"type":"ecg","dev":"node-01","seq":2132,"t0":214713,"fs":250,"leads_off":false,"bpm":78.3,"samples":[1648,1703,1703,1638,1559,1535,1627,1712,1744,1666,1579,1611,1729,1886,1918,1750,1579,1564,1643,1727,1749,1699,1723,1817,1875]}
69.352	{"type":"ecg","dev":"node-01","seq":2133,"t0":214813,"fs":250,"leads_off":false,"bpm":79.4,"samples":[1909,1911,1852,1793,1904,2021,2001,1983,2077,2101,2032,1934,1888,1936,1883,1770,2015,2534,2685,2099,1465,1584,2163,2277,1840]}
69.452	{"type":"ecg","dev":"node-01","seq":2134,"t0":214913,"fs":250,"leads_off":false,"bpm":79.4,"samples":[1682,1936,2129,2145,2045,1813,1424,1355,1477,1654,1803,1610,2067,3022,2911,1381,445,547,1387,2228,2192,1682,1835,3095,4095]}
69.551	{"type":"ecg","dev":"node-01","seq":2135,"t0":215013,"fs":250,"leads_off":false,"bpm":79.4,"samples":[4095,4095,3910,1743,0,1139,3312,2103,247,303,464,561,2695,4095,2178,0,594,2089,1838,1023,701,2160,3983,2534,249]}
69.651	{"type":"ecg","dev":"node-01","seq":2136,"t0":215113,"fs":250,"leads_off":false,"bpm":79.4,"samples":[125,1650,3162,3605,1504,0,1461,2165,1104,1805,3321,3440,1941,983,1215,0,224,1117,1490,1535,867,859,2251,2386,1207]}
69.751	{"type":"ecg","dev":"node-01","seq":2137,"t0":215213,"fs":250,"leads_off":false,"bpm":79.4,"samples":[1181,2107,775,0,0,50,954,359,0,109,1567,3033,3583,1946,0,0,907,2635,836,0,0,907,1650,0,0]}
69.851	{"type":"ecg","dev":"node-01","seq":2138,"t0":215313,"fs":250,"leads_off":false,"bpm":79.4,"samples":[0,0,1207,1401,403,1256,2252,645,0,0,669,831,331,112,503,730,1152,2453,1825,375,47,435,890,1441,1675]}
69.951	{"type":"ecg","dev":"node-01","seq":2139,"t0":215413,"fs":250,"leads_off":false,"bpm":81.3,"samples":[1502,1324,1293,1224,1177,1315,1233,875,823,1096,1311,1597,1847,1410,859,892,1801,2725,2430,1111,547,895,1456,1776,1808]}
70.052	{"type":"ecg","dev":"node-01","seq":2140,"t0":215513,"fs":250,"leads_off":false,"bpm":81.3,"samples":[1743,1727,1745,1769,1753,1731,1726,1741,1733,1820,2102,2094,1720,1489,1639,2030,2227,2117,1799,1630,1601,1645,1674,1712,1709]}
70.152	{"type":"ecg","dev":"node-01","seq":2141,"t0":215613,"fs":250,"leads_off":false,"bpm":81.3,"samples":[1712,1729,1755,1782,1794,1739,1633,1616,1605,1621,1725,1849,2085,2260,1895,1473,1392,1535,1685,1776,1742,1699,1792,1955,2032]}
70.252	{"type":"ecg","dev":"node-01","seq":2142,"t0":215713,"fs":250,"leads_off":false,"bpm":81.3,"samples":[2004,2012,1955,1925,1952,1653,1424,1524,1728,1832,1920,1905,1776,1661,1616,1629,1709,1769,1797,1810,1801,1853,1802,1558,1376]}
70.352	{"type":"ecg","dev":"node-01","seq":2143,"t0":215813,"fs":250,"leads_off":false,"bpm":99.4,"samples":[1475,1773,2256,2906,3630,4095,4095,3392,2480,1650,1136,1057,1121,1104,1060,1139,1299,1491,1653,1777,1797,1812,1922,2000,2023]}
70.452	{"type":"ecg","dev":"node-01","seq":2144,"t0":215913,"fs":250,"leads_off":false,"bpm":99.4,"samples":[2039,1998,1891,1815,1775,1840,2012,2128,2162,2130,2084,2079,2096,2081,2097,2133,2139,2110,2111,2155,2231,2343,2371,2271,2236]}
70.552	{"type":"ecg","dev":"node-01","seq":2145,"t0":216013,"fs":250,"leads_off":false,"bpm":99.4,"samples":[2343,2453,2495,2463,2446,2461,2447,2446,2416,2336,2257,2177,2095,2067,2027,1991,1921,1760,1651,1712,1792,1747,1677,1693,1816]}
70.652	{"type":"ecg","dev":"node-01","seq":2146,"t0":216113,"fs":250,"leads_off":false,"bpm":99.4,"samples":[1904,1764,1595,1568,1591,1648,1731,1734,1641,1629,1776,1968,1859,1589,1554,1860,2139,1960,1621,1500,1757,1932,1833,1613,1554]}
70.752	{"type":"ecg","dev":"node-01","seq":2147,"t0":216213,"fs":250,"leads_off":false,"bpm":99.4,"samples":[1649,1728,1736,1740,1842,1927,1922,1776,1585,1535,1583,1579,1585,1610,1662,1783,1882,1814,1623,1521,1585,1721,1904,2026,1911]}
70.767	{"type":"imu","dev":"node-01","seq":1767,"t0":211070,"fs":100,"samples":[[-0.307,-0.162,1.003,48.74,14.26,-19.61,9.41,3.58],[-0.285,-0.089,0.958,59.47,10.66,-24.49,9.65,3.98],[-0.123,0.180,0.918,-11.51,26.52,-34.31,10.13,3.90],[-0.041,0.118,0.879,-28.15,39.14,-30.22,10.38,3.69],[0.082,0.075,0.922,-33.34,43.90,-14.92,10.48,3.39],[0.201,0.059,1.016,-27.54,31.76,-19.25,10.36,3.12],[0.005,0.119,0.959,-45.71,24.63,3.50,10.39,2.75],[-0.118,0.078,1.041,-67.97,4.44,17.10,10.35,2.11],[-0.562,0.142,0.921,0.87,-6.35,-2.78,31.09,8.74],[-0.551,0.062,0.902,27.82,37.37,2.28,31.33,3.95]]}
70.852	{"type":"ecg","dev":"node-01","seq":2148,"t0":216313,"fs":250,"leads_off":false,"bpm":99.4,"samples":[1645,1535,1602,1637,1571,1563,1680,1757,1706,1649,1782,1965,1954,1825,1697,1632,1651,1680,1727,1894,2105,2077,1922,1911,1723]}
70.867	{"type":"imu","dev":"node-01","seq":1768,"t0":216330,"fs":100,"samples":[[-0.841,0.235,0.646,7.33,13.29,0.27,31.85,4.34],[-0.852,0.233,0.632,4.53,12.37,-1.32,32.36,4.70],[-0.843,0.231,0.621,4.77,13.35,-1.62,32.88,5.06],[-0.843,0.238,0.621,6.30,14.38,-2.48,33.40,5.44],[-0.846,0.249,0.639,4.35,13.10,-2.78,33.88,5.80],[-0.853,0.234,0.617,3.31,12.01,-2.17,34.37,6.13],[-0.848,0.225,0.624,2.39,10.66,-1.20,34.82,6.43],[-0.833,0.225,0.616,2.27,10.18,-0.77,35.26,6.72],[-0.847,0.224,0.608,2.46,9.32,0.57,35.70,7.02],[-0.840,0.230,0.602,4.53,9.45,1.06,36.13,7.34]]}
70.950	{"type":"status","dev":"node-01","fw":"0.1.0","uptime_ms":216509,"ecg":{"fs":250},"imu":{"ok":true,"fs":100,"errors":3801,"fields":["ax","ay","az","gx","gy","gz","pitch","roll"]}}
70.953	{"type":"ecg","dev":"node-01","seq":2149,"t0":216413,"fs":250,"leads_off":false,"bpm":99.4,"samples":[1443,1409,1571,1830,2023,2086,2039,1955,1885,1794,1723,1727,1846,2033,2274,2350,2096,1695,1587,1789,2058,2200,2229,2240,2279]}
70.967	{"type":"imu","dev":"node-01","seq":1769,"t0":216430,"fs":100,"samples":[[-0.862,0.228,0.599,0.38,7.92,3.01,36.55,7.61],[-0.845,0.218,0.581,4.16,7.80,1.91,36.97,7.91],[-0.852,0.217,0.583,4.10,8.41,2.28,37.39,8.20],[-0.846,0.222,0.598,0.81,7.01,3.92,37.77,8.45],[-0.844,0.216,0.588,0.99,7.62,2.40,38.16,8.70],[-0.852,0.210,0.584,1.24,6.40,2.77,38.54,8.93],[-0.855,0.216,0.582,4.04,5.30,2.52,38.90,9.20],[-0.852,0.225,0.592,4.65,4.75,1.55,39.23,9.48],[-0.860,0.227,0.583,6.11,6.64,-0.40,39.60,9.78],[-0.861,0.229,0.590,5.14,4.99,0.20,39.93,10.05]]}
71.052	{"type":"ecg","dev":"node-01","seq":2150,"t0":216513,"fs":250,"leads_off":false,"bpm":99.4,"samples":[2294,2186,1955,1751,1717,1867,2021,2189,2215,2259,2189,1900,1702,1776,1936,2047,2077,2087,2039,1938,1872,1935,2077,2299,2517]}
71.067	{"type":"imu","dev":"node-01","seq":1770,"t0":216530,"fs":100,"samples":[[-0.846,0.234,0.591,3.86,4.69,1.24,40.24,10.32],[-0.845,0.238,0.574,4.22,3.90,0.81,40.54,10.61],[-0.853,0.229,0.576,2.33,4.20,2.71,40.85,10.85],[-0.846,0.246,0.575,2.03,3.77,3.13,41.14,11.12],[-0.863,0.243,0.583,4.29,4.26,3.68,41.44,11.39],[-0.867,0.249,0.582,1.66,5.36,2.64,41.74,11.64],[-0.880,0.241,0.572,0.08,3.53,5.14,42.04,11.87],[-0.874,0.233,0.572,0.08,2.19,4.23,42.31,12.07],[-0.871,0.234,0.559,-0.04,2.25,5.81,42.59,12.28],[-0.850,0.225,0.568,0.14,1.70,6.36,42.84,12.47]]}
71.151	{"type":"ecg","dev":"node-01","seq":2151,"t0":216613,"fs":250,"leads_off":false,"bpm":100.4,"samples":[2837,3169,3840,4095,4095,3623,2351,1348,992,1087,1197,1164,1103,1069,1190,1457,1730,1847,1848,1872,1915,1894,1826,1744,1705]}
71.252	{"type":"ecg","dev":"node-01","seq":2152,"t0":216713,"fs":250,"leads_off":false,"bpm":100.4,"samples":[1766,1904,2037,2098,2007,1830,1777,1776,1734,1770,1971,2217,2337,2141,1936,1890,1967,2093,2161,2188,2195,2258,2329,2352,2313]}
71.351	{"type":"ecg","dev":"node-01","seq":2153,"t0":216813,"fs":250,"leads_off":false,"bpm":100.4,"samples":[2271,2262,2279,2288,2320,2375,2389,2256,2083,1924,1839,1790,1795,1819,1815,1692,1594,1565,1560,1567,1573,1569,1635,1670,1670]}
71.452	{"type":"ecg","dev":"node-01","seq":2154,"t0":216913,"fs":250,"leads_off":false,"bpm":100.4,"samples":[1618,1535,1457,1410,1456,1600,1653,1631,1606,1593,1535,1535,1626,1686,1738,1712,1682,1675,1654,1647,1667,1712,1763,1751,1743]}
71.552	{"type":"ecg","dev":"node-01","seq":2155,"t0":217013,"fs":250,"leads_off":false,"bpm":100.4,"samples":[1745,1728,1733,1712,1693,1726,1749,1807,1808,1766,1731,1759,1801,1808,1754,1750,1779,1790,1808,1806,1773,1742,1729,1742,1757]}
71.652	{"type":"ecg","dev":"node-01","seq":2156,"t0":217113,"fs":250,"leads_off":false,"bpm":100.4,"samples":[1775,1802,1801,1782,1776,1785,1761,1744,1732,1745,1765,1783,1785,1778,1808,1851,1936,1983,1953,1892,1856,1879,1939,1973,1949]}
71.751	{"type":"ecg","dev":"node-01","seq":2157,"t0":217213,"fs":250,"leads_off":false,"bpm":100.4,"samples":[1915,1859,1775,1670,1616,1655,1739,1787,1746,1693,1682,1719,1703,1659,1679,1719,1739,1726,1689,1634,1584,1535,1597,1819,2119]}
71.852	{"type":"ecg","dev":"node-01","seq":2158,"t0":217313,"fs":250,"leads_off":false,"bpm":102.8,"samples":[2467,2871,3409,3978,3759,2991,2183,1466,1137,1090,1109,1104,1118,1148,1219,1424,1648,1826,1873,1867,1863,1878,1904,1918,1903]}
71.951	{"type":"ecg","dev":"node-01","seq":2159,"t0":217413,"fs":250,"leads_off":false,"bpm":102.8,"samples":[1915,1940,1962,1982,1997,2023,2056,2083,2093,2096,2071,2060,2089,2122,2146,2180,2213,2271,2262,2278,2291,2326,2387,2448,2473]}
72.052	{"type":"ecg","dev":"node-01","seq":2160,"t0":217513,"fs":250,"leads_off":false,"bpm":102.8,"samples":[2480,2480,2467,2463,2433,2419,2373,2302,2240,2164,2094,2039,1984,1923,1840,1783,1807,1821,1734,1659,1649,1683,1685,1681,1648]}
72.151	{"type":"ecg","dev":"node-01","seq":2161,"t0":217613,"fs":250,"leads_off":false,"bpm":102.8,"samples":[1648,1684,1706,1665,1613,1589,1626,1674,1677,1681,1698,1699,1749,1749,1693,1670,1707,1734,1737,1742,1734,1730,1718,1721,1724]}
72.251	{"type":"ecg","dev":"node-01","seq":2162,"t0":217713,"fs":250,"leads_off":false,"bpm":102.8,"samples":[1744,1762,1769,1744,1723,1712,1715,1718,1705,1698,1710,1753,1782,1791,1754,1718,1747,1782,1793,1777,1750,1744,1758,1743,1759]}
72.351	{"type":"ecg","dev":"node-01","seq":2163,"t0":217813,"fs":250,"leads_off":false,"bpm":102.8,"samples":[1811,1839,1872,1901,1909,1937,1957,1968,1938,1965,2014,2042,2001,1927,1870,1829,1821,1808,1791,1761,1767,1790,1744,1712,1706]}
72.451	{"type":"ecg","dev":"node-01","seq":2164,"t0":217913,"fs":250,"leads_off":false,"bpm":104.8,"samples":[1726,1754,1775,1755,1723,1729,1769,1760,1648,1509,1520,1803,2165,2485,2838,3290,3921,3931,3199,2343,1555,1215,1161,1150,1074]}
72.551	{"type":"ecg","dev":"node-01","seq":2165,"t0":218013,"fs":250,"leads_off":false,"bpm":104.8,"samples":[1011,1052,1169,1376,1599,1767,1849,1861,1847,1829,1829,1869,1876,1863,1872,1902,1943,1954,1950,1953,1975,1983,2002,1999,2005]}
72.651	{"type":"ecg","dev":"node-01","seq":2166,"t0":218113,"fs":250,"leads_off":false,"bpm":104.8,"samples":[2013,2047,2080,2086,2106,2141,2193,2226,2229,2229,2255,2318,2343,2331,2321,2306,2287,2278,2256,2213,2165,2128,2094,2044,1928]}
72.751	{"type":"ecg","dev":"node-01","seq":2167,"t0":218213,"fs":250,"leads_off":false,"bpm":104.8,"samples":[1859,1843,1825,1745,1670,1648,1664,1663,1635,1616,1602,1603,1626,1630,1610,1593,1616,1635,1614,1600,1631,1680,1693,1670,1633]}
72.851	{"type":"ecg","dev":"node-01","seq":2168,"t0":218313,"fs":250,"leads_off":false,"bpm":104.8,"samples":[1630,1637,1661,1683,1675,1689,1715,1715,1702,1682,1687,1727,1751,1747,1723,1708,1695,1699,1685,1673,1663,1705,1744,1746,1714]}
72.951	{"type":"ecg","dev":"node-01","seq":2169,"t0":218413,"fs":250,"leads_off":false,"bpm":104.8,"samples":[1696,1699,1687,1669,1663,1682,1707,1712,1718,1707,1703,1729,1776,1798,1831,1855,1889,1914,1890,1865,1882,1923,1930,1919,1862]}
73.051	{"type":"ecg","dev":"node-01","seq":2170,"t0":218513,"fs":250,"leads_off":false,"bpm":104.8,"samples":[1812,1797,1742,1695,1694,1697,1712,1690,1658,1607,1616,1616,1631,1628,1607,1616,1623,1631,1622,1579,1491,1434,1535,1802,2138]}
73.151	{"type":"ecg","dev":"node-01","seq":2171,"t0":218613,"fs":250,"leads_off":false,"bpm":104.5,"samples":[2534,2976,3575,3783,3167,2411,1680,1183,1015,1040,1031,1034,1077,1221,1408,1582,1691,1746,1741,1703,1686,1712,1723,1719,1728]}
73.251	{"type":"ecg","dev":"node-01","seq":2172,"t0":218713,"fs":250,"leads_off":false,"bpm":104.5,"samples":[1763,1806,1814,1808,1787,1785,1803,1837,1840,1840,1872,1909,1919,1921,1943,1971,2012,2054,2063,2071,2115,2147,2173,2153,2151]}
73.351	{"type":"ecg","dev":"node-01","seq":2173,"t0":218813,"fs":250,"leads_off":false,"bpm":104.5,"samples":[2178,2192,2191,2160,2118,2092,2063,2018,1968,1911,1883,1850,1797,1711,1658,1616,1627,1622,1609,1602,1573,1535,1526,1497,1491]}
73.451	{"type":"ecg","dev":"node-01","seq":2174,"t0":218913,"fs":250,"leads_off":false,"bpm":104.5,"samples":[1525,1555,1573,1563,1509,1534,1619,1632,1611,1627,1653,1609,1584,1584,1616,1650,1630,1631,1630,1610,1623,1673,1709,1626,1555]}
73.551	{"type":"ecg","dev":"node-01","seq":2175,"t0":219013,"fs":250,"leads_off":false,"bpm":104.5,"samples":[1535,1588,1637,1666,1647,1643,1631,1660,1683,1663,1670,1665,1651,1638,1674,1777,1859,1860,1830,1817,1845,1902,1934,1936,1916]}
73.651	{"type":"ecg","dev":"node-01","seq":2176,"t0":219113,"fs":250,"leads_off":false,"bpm":104.5,"samples":[1872,1821,1783,1749,1746,1794,1811,1789,1758,1712,1665,1654,1660,1664,1676,1693,1712,1719,1712,1680,1659,1595,1515,1634,1929]}
73.751	{"type":"ecg","dev":"node-01","seq":2177,"t0":219213,"fs":250,"leads_off":false,"bpm":89.1,"samples":[2215,2513,2901,3477,3875,3435,2701,1941,1368,1199,1216,1217,1161,1186,1296,1520,1737,1860,1903,1911,1889,1872,1901,1948,1948]}
73.851	{"type":"ecg","dev":"node-01","seq":2178,"t0":219313,"fs":250,"leads_off":false,"bpm":89.1,"samples":[1943,1960,1980,1978,1965,1984,2027,2063,2065,2062,2033,2079,2106,2114,2112,2148,2197,2229,2251,2242,2258,2277,2281,2308,2317]}
73.951	{"type":"ecg","dev":"node-01","seq":2179,"t0":219413,"fs":250,"leads_off":false,"bpm":89.1,"samples":[2320,2335,2320,2320,2335,2315,2287,2257,2207,2144,2114,2076,2021,1966,1897,1850,1840,1829,1830,1783,1756,1731,1735,1732,1708]}
74.051	{"type":"ecg","dev":"node-01","seq":2180,"t0":219513,"fs":250,"leads_off":false,"bpm":89.1,"samples":[1709,1738,1766,1751,1754,1799,1837,1808,1747,1695,1700,1766,1779,1721,1685,1722,1771,1774,1738,1712,1723,1769,1805,1777,1759]}
74.151	{"type":"ecg","dev":"node-01","seq":2181,"t0":219613,"fs":250,"leads_off":false,"bpm":89.1,"samples":[1749,1765,1776,1745,1740,1757,1763,1771,1776,1776,1830,1904,1936,1927,1909,1893,1913,1936,1951,1939,1899,1842,1779,1707,1680]}
74.251	{"type":"ecg","dev":"node-01","seq":2182,"t0":219713,"fs":250,"leads_off":false,"bpm":94.4,"samples":[1675,1695,1694,1675,1638,1604,1605,1600,1600,1631,1637,1607,1613,1643,1646,1619,1535,1425,1397,1618,1962,2315,2664,3059,3622]}
74.351	{"type":"ecg","dev":"node-01","seq":2183,"t0":219813,"fs":250,"leads_off":false,"bpm":94.4,"samples":[3603,2981,2247,1535,1167,1140,1165,1102,1022,1019,1157,1388,1590,1711,1746,1739,1741,1745,1747,1746,1786,1827,1841,1831,1787]}
74.451	{"type":"ecg","dev":"node-01","seq":2184,"t0":219913,"fs":250,"leads_off":false,"bpm":94.4,"samples":[1781,1849,1887,1877,1871,1909,1963,1968,1946,1927,1936,2007,2064,2103,2155,2221,2199,2147,2129,2175,2222,2249,2218,2192,2191]}
74.551	{"type":"ecg","dev":"node-01","seq":2185,"t0":220013,"fs":250,"leads_off":false,"bpm":94.4,"samples":[2211,2227,2203,2118,1985,1918,1904,1871,1808,1749,1742,1741,1713,1673,1629,1584,1587,1622,1600,1520,1519,1561,1620,1658,1669]}
74.651	{"type":"ecg","dev":"node-01","seq":2186,"t0":220113,"fs":250,"leads_off":false,"bpm":94.4,"samples":[1671,1649,1642,1662,1674,1697,1684,1645,1627,1664,1711,1726,1730,1718,1726,1734,1746,1745,1714,1711,1739,1767,1769,1776,1786]}
74.751	{"type":"ecg","dev":"node-01","seq":2187,"t0":220213,"fs":250,"leads_off":false,"bpm":94.4,"samples":[1839,1899,1921,1925,1922,1925,1978,2025,2010,1968,1906,1879,1844,1794,1759,1731,1737,1731,1696,1638,1626,1662,1696,1700,1679]}
74.851	{"type":"ecg","dev":"node-01","seq":2188,"t0":220313,"fs":250,"leads_off":false,"bpm":98.9,"samples":[1641,1632,1639,1655,1691,1699,1601,1437,1410,1649,1986,2339,2711,3171,3711,3578,2923,2173,1461,1119,1120,1174,1091,1011,1053]}
74.951	{"type":"ecg","dev":"node-01","seq":2189,"t0":220413,"fs":250,"leads_off":false,"bpm":98.9,"samples":[1226,1444,1610,1687,1699,1711,1745,1782,1791,1775,1776,1815,1839,1826,1840,1883,1925,1942,1942,1939,1931,1958,1998,2052,2053]}
75.051	{"type":"ecg","dev":"node-01","seq":2190,"t0":220513,"fs":250,"leads_off":false,"bpm":98.9,"samples":[2031,2034,2064,2115,2161,2199,2239,2269,2269,2263,2275,2298,2305,2295,2226,2197,2169,2106,2007,1951,1922,1936,1890,1802,1727]}
75.151	{"type":"ecg","dev":"node-01","seq":2191,"t0":220613,"fs":250,"leads_off":false,"bpm":98.9,"samples":[1689,1695,1677,1645,1600,1589,1610,1600,1574,1535,1574,1622,1662,1647,1615,1613,1627,1661,1682,1680,1689,1705,1690,1664,1660]}
75.251	{"type":"ecg","dev":"node-01","seq":2192,"t0":220713,"fs":250,"leads_off":false,"bpm":98.9,"samples":[1680,1719,1726,1715,1711,1724,1744,1735,1734,1739,1759,1814,1869,1895,1888,1893,1913,1920,1941,1970,2000,1983,1918,1852,1787]}
75.351	{"type":"ecg","dev":"node-01","seq":2193,"t0":220813,"fs":250,"leads_off":false,"bpm":102.4,"samples":[1747,1747,1750,1745,1707,1664,1648,1633,1600,1579,1621,1680,1680,1648,1643,1690,1706,1671,1566,1442,1451,1675,2000,2352,2681]}
75.451	{"type":"ecg","dev":"node-01","seq":2194,"t0":220913,"fs":250,"leads_off":false,"bpm":102.4,"samples":[3088,3723,3875,3215,2389,1601,1193,1118,1139,1071,1043,1095,1211,1383,1555,1686,1765,1798,1798,1790,1782,1803,1821,1819,1814]}
75.551	{"type":"ecg","dev":"node-01","seq":2195,"t0":221013,"fs":250,"leads_off":false,"bpm":102.4,"samples":[1835,1881,1920,1935,1914,1918,1947,1963,1961,1953,1984,2029,2063,2064,2045,2070,2141,2192,2215,2215,2230,2256,2266,2251,2224]}
75.651	{"type":"ecg","dev":"node-01","seq":2196,"t0":221113,"fs":250,"leads_off":false,"bpm":102.4,"samples":[2224,2247,2251,2212,2166,2123,2090,2032,1967,1891,1833,1799,1763,1710,1680,1654,1649,1655,1648,1661,1634,1648,1648,1632,1629]}
75.751	{"type":"ecg","dev":"node-01","seq":2197,"t0":221213,"fs":250,"leads_off":false,"bpm":102.4,"samples":[1627,1663,1680,1679,1639,1643,1664,1682,1671,1642,1650,1669,1708,1697,1699,1667,1654,1671,1680,1651,1675,1697,1708,1681,1662]}
75.851	{"type":"ecg","dev":"node-01","seq":2198,"t0":221313,"fs":250,"leads_off":false,"bpm":102.4,"samples":[1661,1678,1665,1676,1689,1717,1739,1767,1783,1808,1831,1837,1821,1835,1883,1931,1920,1856,1785,1728,1679,1648,1623,1615,1605]}
75.950	{"type":"status","dev":"node-01","fw":"0.1.0","uptime_ms":221509,"ecg":{"fs":250},"imu":{"ok":true,"fs":100,"errors":4282,"fields":["ax","ay","az","gx","gy","gz","pitch","roll"]}}
75.953	{"type":"ecg","dev":"node-01","seq":2199,"t0":221413,"fs":250,"leads_off":false,"bpm":104.4,"samples":[1580,1565,1552,1535,1527,1519,1523,1562,1568,1566,1581,1600,1602,1527,1392,1322,1462,1808,2141,2448,2769,3269,3711,3408,2653]}
76.051	{"type":"ecg","dev":"node-01","seq":2200,"t0":221513,"fs":250,"leads_off":false,"bpm":104.4,"samples":[1843,1226,1003,997,977,944,991,1085,1214,1390,1566,1684,1717,1699,1665,1680,1743,1777,1760,1733,1735,1762,1798,1792,1797]}
76.151	{"type":"ecg","dev":"node-01","seq":2201,"t0":221613,"fs":250,"leads_off":false,"bpm":104.4,"samples":[1817,1843,1860,1840,1821,1878,1919,1931,1923,1926,1965,2001,2032,2035,2042,2077,2110,2116,2110,2107,2120,2142,2133,2086,2019]}
76.251	{"type":"ecg","dev":"node-01","seq":2202,"t0":221713,"fs":250,"leads_off":false,"bpm":104.4,"samples":[1984,1959,1923,1882,1823,1777,1744,1686,1617,1582,1566,1574,1571,1535,1522,1535,1583,1559,1495,1480,1488,1535,1568,1562,1569]}
76.351	{"type":"ecg","dev":"node-01","seq":2203,"t0":221813,"fs":250,"leads_off":false,"bpm":104.4,"samples":[1594,1616,1600,1584,1565,1571,1594,1626,1629,1610,1603,1621,1637,1627,1612,1616,1632,1638,1627,1609,1591,1612,1625,1614,1616]}
76.452	{"type":"ecg","dev":"node-01","seq":2204,"t0":221913,"fs":250,"leads_off":false,"bpm":104.4,"samples":[1611,1647,1650,1642,1623,1615,1599,1623,1632,1631,1641,1664,1673,1666,1634,1646,1703,1767,1757,1731,1775,1851,1891,1858,1821]}
76.551	{"type":"ecg","dev":"node-01","seq":2205,"t0":222013,"fs":250,"leads_off":false,"bpm":104.4,"samples":[1834,1904,1952,1932,1865,1815,1791,1762,1726,1675,1657,1682,1700,1671,1616,1597,1612,1616,1603,1589,1601,1650,1669,1650,1641]}
76.651	{"type":"ecg","dev":"node-01","seq":2206,"t0":222113,"fs":250,"leads_off":false,"bpm":103.1,"samples":[1610,1491,1383,1454,1755,2103,2476,2861,3366,3725,3389,2678,1907,1280,1069,1103,1120,1046,1040,1090,1238,1445,1623,1722,1743]}
76.751	{"type":"ecg","dev":"node-01","seq":2207,"t0":222213,"fs":250,"leads_off":false,"bpm":103.1,"samples":[1770,1800,1840,1841,1825,1810,1827,1843,1835,1846,1872,1931,1970,1931,1919,1924,1958,1981,1994,1994,2000,2043,2054,2075,2087]}
76.851	{"type":"ecg","dev":"node-01","seq":2208,"t0":222313,"fs":250,"leads_off":false,"bpm":103.1,"samples":[2107,2143,2171,2171,2157,2146,2160,2171,2165,2128,2114,2104,2083,2019,1967,1920,1906,1856,1782,1696,1663,1658,1648,1616,1568]}
76.951	{"type":"ecg","dev":"node-01","seq":2209,"t0":222413,"fs":250,"leads_off":false,"bpm":103.1,"samples":[1535,1535,1535,1534,1530,1530,1535,1535,1520,1513,1527,1572,1599,1614,1593,1568,1587,1607,1613,1598,1601,1612,1603,1613,1627]}
77.051	{"type":"ecg","dev":"node-01","seq":2210,"t0":222513,"fs":250,"leads_off":false,"bpm":103.1,"samples":[1637,1649,1653,1625,1604,1618,1649,1670,1649,1645,1651,1658,1648,1643,1650,1680,1735,1719,1655,1629,1648,1679,1674,1648,1655]}
77.151	{"type":"ecg","dev":"node-01","seq":2211,"t0":222613,"fs":250,"leads_off":false,"bpm":103.1,"samples":[1673,1695,1698,1680,1667,1689,1724,1743,1731,1703,1671,1678,1680,1689,1719,1777,1833,1846,1851,1849,1875,1893,1904,1936,1943]}
77.251	{"type":"ecg","dev":"node-01","seq":2212,"t0":222713,"fs":250,"leads_off":false,"bpm":103.1,"samples":[1927,1904,1840,1776,1731,1722,1742,1739,1713,1703,1703,1701,1663,1625,1618,1635,1662,1679,1677,1668,1669,1678,1626,1490,1405]}
77.351	{"type":"ecg","dev":"node-01","seq":2213,"t0":222813,"fs":250,"leads_off":false,"bpm":100.1,"samples":[1520,1855,2217,2546,2875,3366,3711,3350,2623,1847,1271,1127,1181,1157,1057,1053,1137,1298,1498,1664,1759,1792,1778,1781,1782]}
77.452	{"type":"ecg","dev":"node-01","seq":2214,"t0":222913,"fs":250,"leads_off":false,"bpm":100.1,"samples":[1808,1868,1886,1863,1856,1871,1887,1920,1926,1936,1951,1979,1996,1994,1989,2010,2042,2077,2093,2113,2138,2171,2177,2191,2207]}
77.551	{"type":"ecg","dev":"node-01","seq":2215,"t0":223013,"fs":250,"leads_off":false,"bpm":100.1,"samples":[2239,2283,2287,2267,2224,2213,2237,2242,2221,2183,2160,2128,2071,2005,1939,1904,1888,1841,1790,1741,1726,1741,1728,1687,1648]}
77.651	{"type":"ecg","dev":"node-01","seq":2216,"t0":223113,"fs":250,"leads_off":false,"bpm":100.1,"samples":[1637,1663,1669,1654,1648,1654,1683,1693,1681,1666,1680,1687,1681,1670,1663,1686,1729,1730,1710,1690,1712,1751,1757,1739,1707]}
77.751	{"type":"ecg","dev":"node-01","seq":2217,"t0":223213,"fs":250,"leads_off":false,"bpm":100.1,"samples":[1700,1739,1731,1717,1697,1706,1706,1714,1730,1711,1714,1730,1728,1713,1703,1711,1746,1758,1739,1711,1709,1725,1747,1778,1809]}
77.851	{"type":"ecg","dev":"node-01","seq":2218,"t0":223313,"fs":250,"leads_off":false,"bpm":100.1,"samples":[1871,1915,1915,1889,1879,1878,1923,1961,1965,1925,1893,1859,1821,1775,1732,1728,1728,1726,1681,1628,1601,1600,1607,1614,1599]}
77.951	{"type":"ecg","dev":"node-01","seq":2219,"t0":223413,"fs":250,"leads_off":false,"bpm":97.3,"samples":[1617,1651,1647,1630,1616,1613,1583,1472,1380,1499,1783,2128,2498,2880,3421,3547,3024,2288,1527,1072,987,1060,1012,924,959]}
78.051	{"type":"ecg","dev":"node-01","seq":2220,"t0":223513,"fs":250,"leads_off":false,"bpm":97.3,"samples":[1074,1296,1488,1603,1637,1667,1712,1744,1717,1718,1729,1769,1792,1786,1776,1808,1840,1833,1835,1868,1891,1905,1891,1910,1929]}
78.151	{"type":"ecg","dev":"node-01","seq":2221,"t0":223613,"fs":250,"leads_off":false,"bpm":97.3,"samples":[1925,1961,2002,2014,2031,2055,2095,2137,2148,2151,2163,2192,2195,2178,2165,2151,2133,2113,2061,1993,1965,1935,1903,1843,1781]}
78.251	{"type":"ecg","dev":"node-01","seq":2222,"t0":223713,"fs":250,"leads_off":false,"bpm":97.3,"samples":[1730,1697,1648,1601,1584,1586,1594,1578,1561,1556,1561,1571,1571,1535,1525,1535,1599,1616,1603,1584,1600,1619,1637,1623,1601]}
78.351	{"type":"ecg","dev":"node-01","seq":2223,"t0":223813,"fs":250,"leads_off":false,"bpm":97.3,"samples":[1616,1648,1654,1629,1610,1616,1653,1680,1680,1667,1639,1626,1621,1625,1621,1627,1650,1680,1679,1649,1662,1693,1687,1657,1621]}
78.451	{"type":"ecg","dev":"node-01","seq":2224,"t0":223913,"fs":250,"leads_off":false,"bpm":97.3,"samples":[1639,1674,1712,1722,1734,1770,1833,1878,1840,1783,1802,1857,1888,1837,1762,1730,1721,1687,1643,1605,1601,1625,1624,1582,1522]}
78.551	{"type":"ecg","dev":"node-01","seq":2225,"t0":224013,"fs":250,"leads_off":false,"bpm":94.8,"samples":[1517,1535,1561,1553,1563,1586,1589,1580,1582,1584,1535,1456,1363,1455,1735,2058,2407,2779,3339,3570,3105,2377,1648,1147,1045]}
78.651	{"type":"ecg","dev":"node-01","seq":2226,"t0":224113,"fs":250,"leads_off":false,"bpm":94.8,"samples":[1122,1107,993,974,1071,1271,1470,1613,1675,1693,1713,1744,1761,1763,1770,1792,1826,1845,1871,1887,1887,1885,1873,1884,1905]}
78.751	{"type":"ecg","dev":"node-01","seq":2227,"t0":224213,"fs":250,"leads_off":false,"bpm":94.8,"samples":[1939,1971,1994,1991,1997,2000,2053,2078,2108,2139,2189,2230,2256,2251,2218,2220,2231,2235,2214,2191,2170,2174,2148,2106,2043]}
78.851	{"type":"ecg","dev":"node-01","seq":2228,"t0":224313,"fs":250,"leads_off":false,"bpm":94.8,"samples":[1994,1953,1904,1840,1777,1728,1700,1680,1637,1621,1622,1628,1627,1595,1559,1555,1594,1618,1626,1616,1603,1630,1664,1680,1653]}
78.951	{"type":"ecg","dev":"node-01","seq":2229,"t0":224413,"fs":250,"leads_off":false,"bpm":94.8,"samples":[1632,1648,1665,1657,1646,1649,1678,1701,1694,1674,1673,1694,1697,1681,1675,1691,1712,1703,1693,1680,1684,1703,1709,1707,1699]}
79.051	{"type":"ecg","dev":"node-01","seq":2230,"t0":224513,"fs":250,"leads_off":false,"bpm":94.8,"samples":[1708,1725,1725,1707,1687,1717,1746,1749,1731,1712,1711,1727,1725,1728,1745,1797,1856,1904,1920,1919,1923,1908,1914,1946,1967]}
79.151	{"type":"ecg","dev":"node-01","seq":2231,"t0":224613,"fs":250,"leads_off":false,"bpm":94.8,"samples":[1967,1963,1911,1809,1744,1738,1754,1761,1755,1744,1712,1677,1650,1647,1648,1671,1697,1712,1708,1698,1715,1741,1699,1584,1463]}
79.251	{"type":"ecg","dev":"node-01","seq":2232,"t0":224713,"fs":250,"leads_off":false,"bpm":92.8,"samples":[1495,1761,2099,2432,2778,3231,3744,3597,2884,2112,1453,1194,1194,1182,1091,1061,1127,1260,1438,1607,1735,1806,1809,1820,1835]}
79.351	{"type":"ecg","dev":"node-01","seq":2233,"t0":224813,"fs":250,"leads_off":false,"bpm":92.8,"samples":[1865,1891,1904,1904,1904,1920,1935,1936,1936,1947,1979,2003,1999,1995,1990,2015,2067,2087,2085,2090,2123,2178,2211,2222,2233]}
79.451	{"type":"ecg","dev":"node-01","seq":2234,"t0":224913,"fs":250,"leads_off":false,"bpm":92.8,"samples":[2255,2293,2297,2273,2256,2269,2271,2241,2208,2188,2179,2151,2096,2000,1936,1901,1883,1839,1783,1731,1713,1719,1718,1687,1648]}
79.551	{"type":"ecg","dev":"node-01","seq":2235,"t0":225013,"fs":250,"leads_off":false,"bpm":92.8,"samples":[1630,1648,1669,1661,1637,1662,1703,1711,1680,1661,1659,1676,1681,1693,1699,1722,1734,1733,1709,1713,1730,1739,1734,1707,1707]}
79.651	{"type":"ecg","dev":"node-01","seq":2236,"t0":225113,"fs":250,"leads_off":false,"bpm":92.8,"samples":[1719,1747,1743,1712,1697,1712,1735,1742,1722,1717,1726,1724,1715,1699,1703,1722,1745,1759,1742,1723,1733,1754,1767,1757,1743]}
79.751	{"type":"ecg","dev":"node-01","seq":2237,"t0":225213,"fs":250,"leads_off":false,"bpm":92.8,"samples":[1739,1733,1737,1718,1722,1738,1760,1767,1762,1735,1775,1770,1780,1761,1759,1762,1763,1755,1761,1782,1828,1872,1872,1847,1833]}
79.851	{"type":"ecg","dev":"node-01","seq":2238,"t0":225313,"fs":250,"leads_off":false,"bpm":92.8,"samples":[1869,1927,1906,1828,1739,1685,1663,1639,1616,1607,1626,1634,1597,1535,1505,1505,1505,1527,1531,1535,1573,1607,1600,1535,1481]}
79.951	{"type":"ecg","dev":"node-01","seq":2239,"t0":225413,"fs":250,"leads_off":false,"bpm":91.2,"samples":[1394,1332,1415,1657,1931,2307,2736,3312,3527,3054,2307,1570,1072,988,1078,1084,986,961,1038,1227,1427,1604,1680,1687,1667]}
80.051	{"type":"ecg","dev":"node-01","seq":2240,"t0":225513,"fs":250,"leads_off":false,"bpm":91.2,"samples":[1681,1713,1727,1718,1712,1729,1759,1782,1786,1785,1821,1853,1855,1835,1835,1856,1894,1923,1926,1933,1975,2032,2082,2081,2061]}
80.151	{"type":"ecg","dev":"node-01","seq":2241,"t0":225613,"fs":250,"leads_off":false,"bpm":91.2,"samples":[2067,2113,2135,2113,2133,2160,2189,2189,2171,2165,2170,2159,2107,2018,1947,1911,1898,1857,1816,1744,1726,1702,1661,1622,1593]}
80.251	{"type":"ecg","dev":"node-01","seq":2242,"t0":225713,"fs":250,"leads_off":false,"bpm":91.2,"samples":[1599,1617,1620,1599,1587,1590,1617,1626,1611,1597,1616,1616,1629,1621,1638,1648,1678,1685,1663,1648,1661,1682,1703,1699,1681]}
80.351	{"type":"ecg","dev":"node-01","seq":2243,"t0":225813,"fs":250,"leads_off":false,"bpm":91.2,"samples":[1680,1695,1698,1691,1680,1680,1701,1712,1707,1693,1680,1695,1699,1687,1683,1707,1725,1723,1709,1701,1712,1731,1727,1687,1684]}
80.451	{"type":"ecg","dev":"node-01","seq":2244,"t0":225913,"fs":250,"leads_off":false,"bpm":91.2,"samples":[1712,1735,1747,1730,1723,1735,1751,1779,1749,1734,1731,1763,1764,1751,1765,1781,1776,1754,1712,1699,1744,1785,1808,1791,1759]}
80.551	{"type":"ecg","dev":"node-01","seq":2245,"t0":226013,"fs":250,"leads_off":false,"bpm":91.2,"samples":[1781,1804,1795,1776,1763,1808,1829,1811,1776,1775,1808,1834,1826,1822,1837,1869,1922,1961,1963,1968,1975,1979,2000,2027,2045]}
80.651	{"type":"ecg","dev":"node-01","seq":2246,"t0":226113,"fs":250,"leads_off":false,"bpm":91.2,"samples":[2031,1982,1927,1875,1835,1826,1808,1805,1783,1765,1740,1728,1718,1713,1699,1715,1729,1731,1728,1716,1719,1665,1535,1471,1610]}
80.751	{"type":"ecg","dev":"node-01","seq":2247,"t0":226213,"fs":250,"leads_off":false,"bpm":89.0,"samples":[1898,2224,2587,2993,3616,3753,3167,2402,1669,1232,1197,1278,1232,1098,1073,1150,1341,1555,1696,1747,1777,1798,1813,1825,1831]}
80.851	{"type":"ecg","dev":"node-01","seq":2248,"t0":226313,"fs":250,"leads_off":false,"bpm":89.0,"samples":[1861,1889,1904,1913,1923,1935,1967,1983,1977,1973,1991,2027,2042,2058,2074,2085,2100,2115,2133,2163,2192,2230,2262,2260,2256]}
80.950	{"type":"status","dev":"node-01","fw":"0.1.0","uptime_ms":226509,"ecg":{"fs":250},"imu":{"ok":true,"fs":100,"errors":4782,"fields":["ax","ay","az","gx","gy","gz","pitch","roll"]}}
80.952	{"type":"ecg","dev":"node-01","seq":2249,"t0":226413,"fs":250,"leads_off":false,"bpm":89.0,"samples":[2285,2320,2322,2295,2270,2259,2275,2270,2224,2179,2147,2123,2069,1991,1943,1900,1870,1819,1770,1736,1727,1745,1729,1677,1638]}
81.051	{"type":"ecg","dev":"node-01","seq":2250,"t0":226513,"fs":250,"leads_off":false,"bpm":89.0,"samples":[1664,1708,1695,1659,1634,1665,1733,1744,1697,1659,1681,1739,1775,1753,1712,1699,1713,1738,1725,1697,1701,1699,1697,1717,1742]}
81.151	{"type":"ecg","dev":"node-01","seq":2251,"t0":226613,"fs":250,"leads_off":false,"bpm":89.0,"samples":[1761,1766,1751,1724,1699,1702,1705,1738,1728,1715,1731,1767,1755,1731,1717,1735,1747,1739,1712,1695,1719,1764,1731,1731,1713]}
81.251	{"type":"ecg","dev":"node-01","seq":2252,"t0":226713,"fs":250,"leads_off":false,"bpm":89.0,"samples":[1712,1729,1734,1744,1728,1717,1710,1721,1708,1707,1733,1773,1749,1721,1702,1702,1748,1745,1731,1733,1747,1776,1787,1789,1809]}
81.351	{"type":"ecg","dev":"node-01","seq":2253,"t0":226813,"fs":250,"leads_off":false,"bpm":89.0,"samples":[1881,1930,1934,1904,1867,1893,1970,2000,1965,1915,1876,1861,1830,1776,1755,1751,1772,1744,1713,1690,1680,1665,1648,1645,1652]}
81.451	{"type":"ecg","dev":"node-01","seq":2254,"t0":226913,"fs":250,"leads_off":false,"bpm":86.6,"samples":[1669,1681,1690,1685,1645,1535,1485,1552,1798,2109,2439,2811,3333,3735,3402,2721,1989,1399,1167,1122,1094,1036,994,1054,1174]}
81.551	{"type":"ecg","dev":"node-01","seq":2255,"t0":227013,"fs":250,"leads_off":false,"bpm":86.6,"samples":[1387,1621,1743,1771,1747,1754,1792,1817,1813,1823,1853,1881,1903,1904,1890,1902,1941,1965,1943,1927,1942,1991,2032,2031,2035]}
81.651	{"type":"ecg","dev":"node-01","seq":2256,"t0":227113,"fs":250,"leads_off":false,"bpm":86.6,"samples":[2058,2078,2095,2109,2141,2203,2245,2255,2227,2215,2237,2265,2274,2231,2176,2154,2159,2128,2064,1984,1941,1918,1849,1771,1711]}
81.751	{"type":"ecg","dev":"node-01","seq":2257,"t0":227213,"fs":250,"leads_off":false,"bpm":86.6,"samples":[1685,1698,1677,1617,1584,1584,1600,1598,1567,1535,1558,1584,1574,1535,1559,1585,1597,1597,1600,1616,1617,1648,1622,1634,1650]}
81.851	{"type":"ecg","dev":"node-01","seq":2258,"t0":227313,"fs":250,"leads_off":false,"bpm":86.6,"samples":[1666,1689,1711,1698,1664,1675,1706,1711,1679,1663,1668,1682,1691,1690,1680,1701,1715,1712,1685,1674,1699,1729,1722,1696,1680]}
81.951	{"type":"ecg","dev":"node-01","seq":2259,"t0":227413,"fs":250,"leads_off":false,"bpm":86.6,"samples":[1690,1722,1738,1718,1685,1689,1708,1731,1719,1712,1703,1719,1741,1738,1734,1759,1795,1814,1818,1856,1919,1974,1988,1935,1915]}
82.051	{"type":"ecg","dev":"node-01","seq":2260,"t0":227513,"fs":250,"leads_off":false,"bpm":86.6,"samples":[2003,2083,2023,1904,1808,1791,1792,1785,1795,1818,1840,1808,1735,1653,1626,1653,1693,1691,1680,1679,1699,1719,1719,1705,1670]}
82.151	{"type":"ecg","dev":"node-01","seq":2261,"t0":227613,"fs":250,"leads_off":false,"bpm":84.7,"samples":[1578,1506,1585,1831,2149,2517,2907,3422,3883,3575,2814,2009,1322,1072,1068,1095,1055,1072,1125,1274,1487,1685,1775,1769,1740]}
82.251	{"type":"ecg","dev":"node-01","seq":2262,"t0":227713,"fs":250,"leads_off":false,"bpm":84.7,"samples":[1761,1808,1840,1845,1842,1856,1873,1890,1893,1888,1878,1909,1934,1935,1936,1973,2027,2034,2023,2031,2067,2103,2129,2144,2155]}
82.351	{"type":"ecg","dev":"node-01","seq":2263,"t0":227813,"fs":250,"leads_off":false,"bpm":84.7,"samples":[2193,2245,2259,2246,2225,2240,2258,2252,2221,2176,2151,2145,2112,2036,2000,1962,1920,1861,1779,1722,1692,1669,1644,1616,1603]}
82.451	{"type":"ecg","dev":"node-01","seq":2264,"t0":227913,"fs":250,"leads_off":false,"bpm":84.7,"samples":[1611,1621,1601,1580,1578,1593,1618,1616,1593,1587,1589,1618,1633,1629,1635,1659,1694,1680,1653,1648,1694,1721,1722,1689,1690]}
82.551	{"type":"ecg","dev":"node-01","seq":2265,"t0":228013,"fs":250,"leads_off":false,"bpm":84.7,"samples":[1713,1738,1718,1686,1677,1696,1719,1718,1703,1680,1681,1718,1725,1691,1687,1693,1712,1719,1698,1679,1705,1729,1717,1703,1697]}
82.651	{"type":"ecg","dev":"node-01","seq":2266,"t0":228113,"fs":250,"leads_off":false,"bpm":84.7,"samples":[1704,1707,1706,1703,1717,1741,1743,1731,1717,1712,1744,1787,1762,1723,1708,1712,1728,1734,1703,1695,1709,1737,1772,1802,1793]}
82.751	{"type":"ecg","dev":"node-01","seq":2267,"t0":228213,"fs":250,"leads_off":false,"bpm":84.7,"samples":[1777,1786,1782,1785,1822,1873,1918,1927,1899,1872,1895,1943,1947,1904,1865,1826,1781,1749,1712,1731,1757,1773,1749,1700,1667]}
82.851	{"type":"ecg","dev":"node-01","seq":2268,"t0":228313,"fs":250,"leads_off":false,"bpm":82.5,"samples":[1676,1712,1722,1703,1699,1710,1726,1714,1696,1604,1526,1514,1675,1901,2182,2581,3129,3781,3622,2853,2075,1395,1076,1068,1141]}
82.951	{"type":"ecg","dev":"node-01","seq":2269,"t0":228413,"fs":250,"leads_off":false,"bpm":82.5,"samples":[1123,1098,1133,1214,1380,1570,1712,1764,1760,1738,1745,1793,1825,1811,1808,1840,1873,1887,1883,1862,1887,1931,1958,1966,1968]}
83.051	{"type":"ecg","dev":"node-01","seq":2270,"t0":228513,"fs":250,"leads_off":false,"bpm":82.5,"samples":[1981,2006,2020,2037,2093,2182,2231,2199,2129,2103,2123,2181,2255,2257,2275,2303,2258,2181,2177,2254,2335,2256,2059,1921,1909]}
83.151	{"type":"ecg","dev":"node-01","seq":2271,"t0":228613,"fs":250,"leads_off":false,"bpm":82.5,"samples":[1947,1942,1856,1771,1724,1706,1698,1651,1597,1583,1586,1589,1579,1533,1527,1531,1591,1595,1583,1584,1601,1613,1600,1585,1607]}
83.251	{"type":"ecg","dev":"node-01","seq":2272,"t0":228713,"fs":250,"leads_off":false,"bpm":82.5,"samples":[1647,1661,1617,1607,1617,1658,1689,1707,1699,1691,1712,1712,1691,1680,1680,1698,1727,1712,1686,1675,1689,1723,1734,1711,1715]}
83.351	{"type":"ecg","dev":"node-01","seq":2273,"t0":228813,"fs":250,"leads_off":false,"bpm":82.5,"samples":[1737,1771,1776,1758,1743,1739,1775,1785,1783,1776,1779,1776,1762,1749,1739,1744,1764,1753,1731,1728,1758,1808,1822,1805,1779]}
83.451	{"type":"ecg","dev":"node-01","seq":2274,"t0":228913,"fs":250,"leads_off":false,"bpm":82.5,"samples":[1765,1776,1776,1764,1765,1766,1779,1798,1786,1766,1766,1773,1767,1772,1781,1807,1843,1871,1886,1904,1931,1936,1922,1915,1949]}
83.551	{"type":"ecg","dev":"node-01","seq":2275,"t0":229013,"fs":250,"leads_off":false,"bpm":82.5,"samples":[2007,2043,1983,1859,1773,1775,1793,1807,1803,1791,1776,1744,1701,1691,1685,1691,1723,1724,1696,1701,1726,1747,1706,1535,1399]}
83.651	{"type":"ecg","dev":"node-01","seq":2276,"t0":229113,"fs":250,"leads_off":false,"bpm":81.4,"samples":[1388,1611,1936,2295,2713,3216,3815,3655,2951,2209,1555,1263,1202,1168,1053,960,1003,1108,1286,1477,1653,1744,1728,1680,1691]}
83.751	{"type":"ecg","dev":"node-01","seq":2277,"t0":229213,"fs":250,"leads_off":false,"bpm":81.4,"samples":[1763,1834,1827,1781,1781,1825,1885,1889,1870,1871,1893,1920,1910,1897,1895,1926,1955,1969,1968,1984,2029,2083,2109,2112,2115]}
83.851	{"type":"ecg","dev":"node-01","seq":2278,"t0":229313,"fs":250,"leads_off":false,"bpm":81.4,"samples":[2142,2176,2187,2165,2156,2170,2178,2163,2111,2063,2035,2032,1998,1932,1872,1837,1802,1745,1674,1635,1626,1604,1557,1525,1514]}
83.951	{"type":"ecg","dev":"node-01","seq":2279,"t0":229413,"fs":250,"leads_off":false,"bpm":81.4,"samples":[1523,1535,1535,1520,1500,1511,1535,1527,1504,1500,1505,1525,1569,1583,1579,1563,1570,1578,1563,1563,1621,1648,1630,1613,1598]}
84.051	{"type":"ecg","dev":"node-01","seq":2280,"t0":229513,"fs":250,"leads_off":false,"bpm":81.4,"samples":[1598,1601,1581,1584,1605,1621,1611,1590,1585,1570,1563,1590,1616,1627,1638,1638,1625,1622,1588,1581,1593,1617,1628,1627,1636]}
84.151	{"type":"ecg","dev":"node-01","seq":2281,"t0":229613,"fs":250,"leads_off":false,"bpm":81.4,"samples":[1639,1648,1639,1611,1603,1616,1631,1623,1589,1553,1552,1565,1563,1522,1503,1506,1552,1584,1596,1617,1655,1680,1655,1617,1645]}
84.251	{"type":"ecg","dev":"node-01","seq":2282,"t0":229713,"fs":250,"leads_off":false,"bpm":81.4,"samples":[1705,1745,1710,1638,1585,1562,1535,1552,1535,1535,1559,1535,1501,1466,1458,1480,1514,1531,1530,1535,1535,1601,1611,1519,1362]}
84.351	{"type":"ecg","dev":"node-01","seq":2283,"t0":229813,"fs":250,"leads_off":false,"bpm":83.2,"samples":[1289,1430,1768,2107,2439,2773,3263,3625,3353,2704,1946,1331,1079,1013,982,927,934,1007,1150,1338,1503,1633,1713,1729,1714]}
84.451	{"type":"ecg","dev":"node-01","seq":2284,"t0":229913,"fs":250,"leads_off":false,"bpm":83.2,"samples":[1738,1780,1793,1779,1782,1808,1839,1862,1861,1850,1887,1911,1915,1907,1918,1957,1986,2017,2021,2035,2095,2158,2164,2139,2157]}
84.551	{"type":"ecg","dev":"node-01","seq":2285,"t0":230013,"fs":250,"leads_off":false,"bpm":83.2,"samples":[2199,2224,2242,2238,2229,2229,2223,2213,2194,2144,2112,2112,2032,1959,1879,1805,1760,1708,1641,1586,1575,1554,1499,1446,1428]}
84.651	{"type":"ecg","dev":"node-01","seq":2286,"t0":230113,"fs":250,"leads_off":false,"bpm":83.2,"samples":[1449,1485,1481,1455,1456,1467,1488,1492,1478,1470,1482,1514,1563,1567,1575,1600,1643,1667,1671,1675,1691,1695,1680,1651,1642]}
84.751	{"type":"ecg","dev":"node-01","seq":2287,"t0":230213,"fs":250,"leads_off":false,"bpm":83.2,"samples":[1663,1689,1698,1664,1659,1669,1668,1661,1647,1649,1673,1709,1719,1712,1703,1710,1712,1711,1702,1701,1727,1770,1767,1750,1745]}
84.851	{"type":"ecg","dev":"node-01","seq":2288,"t0":230313,"fs":250,"leads_off":false,"bpm":83.2,"samples":[1744,1793,1798,1759,1744,1767,1777,1737,1680,1690,1691,1691,1690,1677,1645,1650,1680,1733,1747,1776,1776,1823,1799,1776,1806]}
84.951	{"type":"ecg","dev":"node-01","seq":2289,"t0":230413,"fs":250,"leads_off":false,"bpm":83.2,"samples":[1835,1857,1862,1795,1727,1684,1661,1677,1680,1677,1675,1670,1638,1563,1587,1663,1696,1641,1560,1533,1535,1552,1555,1535,1515]}
85.051	{"type":"ecg","dev":"node-01","seq":2290,"t0":230513,"fs":250,"leads_off":false,"bpm":84.0,"samples":[1598,1639,1678,1797,2336,3063,3470,3649,3362,2832,2163,1405,957,867,894,924,970,1051,1146,1318,1456,1585,1727,1896,2011]}
85.151	{"type":"ecg","dev":"node-01","seq":2291,"t0":230613,"fs":250,"leads_off":false,"bpm":84.0,"samples":[1919,1725,1535,1488,1535,1648,1742,1872,1965,2005,1995,1938,1904,1883,1906,1943,1939,1927,1904,1984,2092,2151,2143,2095,2176]}
85.251	{"type":"ecg","dev":"node-01","seq":2292,"t0":230713,"fs":250,"leads_off":false,"bpm":84.0,"samples":[2310,2244,2061,1968,1989,2031,2032,1975,1947,1942,1943,1905,1874,1840,1815,1767,1750,1725,1677,1627,1586,1462,1398,1389,1429]}
85.351	{"type":"ecg","dev":"node-01","seq":2293,"t0":230813,"fs":250,"leads_off":false,"bpm":84.0,"samples":[1443,1429,1459,1509,1582,1535,1535,1520,1493,1472,1488,1535,1565,1566,1535,1535,1487,1471,1517,1535,1565,1535,1515,1531,1597]}
85.451	{"type":"ecg","dev":"node-01","seq":2294,"t0":230913,"fs":250,"leads_off":false,"bpm":84.0,"samples":[1594,1572,1584,1605,1638,1668,1678,1665,1630,1612,1600,1617,1667,1687,1677,1663,1703,1760,1837,1824,1722,1652,1665,1696,1735]}
85.551	{"type":"ecg","dev":"node-01","seq":2295,"t0":231013,"fs":250,"leads_off":false,"bpm":84.0,"samples":[1781,1808,1773,1757,1779,1837,1811,1791,1799,1801,1793,1788,1797,1776,1765,1765,1840,1918,1872,1755,1699,1754,1901,1959,1871]}
85.651	{"type":"ecg","dev":"node-01","seq":2296,"t0":231113,"fs":250,"leads_off":false,"bpm":84.0,"samples":[1761,1724,1738,1795,1854,1872,1856,1834,1849,1899,1921,1878,1790,1738,1705,1695,1665,1643,1665,1707,1699,1637,1579,1534,1534]}
85.751	{"type":"ecg","dev":"node-01","seq":2297,"t0":231213,"fs":250,"leads_off":false,"bpm":82.7,"samples":[1582,1623,1638,1623,1613,1622,1648,1611,1435,1287,1386,1714,2081,2443,2785,3325,3367,2820,2061,1315,850,705,681,637,610]}
85.851	{"type":"ecg","dev":"node-01","seq":2298,"t0":231313,"fs":250,"leads_off":false,"bpm":82.7,"samples":[773,938,1022,1101,1183,1280,1367,1438,1470,1473,1509,1535,1581,1631,1727,1799,1759,1642,1558,1605,1723,1901,1999,1959,1867]}
85.950	{"type":"status","dev":"node-01","fw":"0.1.0","uptime_ms":231509,"ecg":{"fs":250},"imu":{"ok":true,"fs":100,"errors":5282,"fields":["ax","ay","az","gx","gy","gz","pitch","roll"]}}
85.952	{"type":"ecg","dev":"node-01","seq":2299,"t0":231413,"fs":250,"leads_off":false,"bpm":82.7,"samples":[1808,1865,1944,1974,2019,2127,2249,2285,2265,2283,2542,2754,2709,2461,2272,2242,2272,2319,2331,2255,2163,2146,2107,2018,1970]}
86.051	{"type":"ecg","dev":"node-01","seq":2300,"t0":231513,"fs":250,"leads_off":false,"bpm":82.7,"samples":[1983,1958,1922,1887,1855,1860,1825,1776,1734,1755,1813,1840,1795,1723,1706,1728,1789,1840,1839,1787,1759,1776,1773,1739,1774]}
86.151	{"type":"ecg","dev":"node-01","seq":2301,"t0":231613,"fs":250,"leads_off":false,"bpm":82.7,"samples":[1889,1953,1920,1856,1796,1734,1709,1743,1806,1859,1867,1839,1793,1773,1831,1856,1853,1822,1819,1915,2032,2091,1987,1840,1713]}
86.251	{"type":"ecg","dev":"node-01","seq":2302,"t0":231713,"fs":250,"leads_off":false,"bpm":90.2,"samples":[1710,1779,1799,1824,1851,1888,1920,1904,1902,1936,1973,2043,2128,2191,2258,2345,2429,2411,2268,2125,2095,2145,2222,2298,2365]}
86.351	{"type":"ecg","dev":"node-01","seq":2303,"t0":231813,"fs":250,"leads_off":false,"bpm":90.2,"samples":[2391,2405,2352,2214,2029,1886,1795,1791,1865,1986,2068,1943,1713,1595,1535,1429,1354,1367,1470,1584,1625,1606,1518,1395,1347]}
86.451	{"type":"ecg","dev":"node-01","seq":2304,"t0":231913,"fs":250,"leads_off":false,"bpm":90.2,"samples":[1487,1817,2176,2494,2816,3248,3654,3509,2845,1975,1119,699,686,826,880,879,919,1015,1219,1406,1586,1695,1769,1815,1807]}
86.551	{"type":"ecg","dev":"node-01","seq":2305,"t0":232013,"fs":250,"leads_off":false,"bpm":90.2,"samples":[1753,1714,1715,1731,1818,1942,1949,1830,1733,1712,1783,1840,1907,1941,1983,2043,2157,2259,2292,2263,2293,2373,2448,2461,2466]}
86.651	{"type":"ecg","dev":"node-01","seq":2306,"t0":232113,"fs":250,"leads_off":false,"bpm":90.2,"samples":[2503,2507,2439,2342,2320,2359,2407,2458,2496,2479,2311,2142,1984,1899,1883,1872,1840,1807,1779,1756,1705,1644,1586,1535,1591]}
86.751	{"type":"ecg","dev":"node-01","seq":2307,"t0":232213,"fs":250,"leads_off":false,"bpm":90.2,"samples":[1670,1728,1730,1650,1558,1497,1482,1492,1488,1497,1535,1606,1655,1654,1683,1763,1793,1754,1680,1660,1679,1699,1685,1681,1703]}
86.851	{"type":"ecg","dev":"node-01","seq":2308,"t0":232313,"fs":250,"leads_off":false,"bpm":90.2,"samples":[1699,1648,1616,1606,1644,1695,1727,1734,1718,1721,1761,1808,1812,1747,1740,1787,1790,1729,1661,1663,1765,1825,1779,1650,1570]}
86.951	{"type":"ecg","dev":"node-01","seq":2309,"t0":232413,"fs":250,"leads_off":false,"bpm":90.2,"samples":[1585,1652,1702,1730,1744,1788,1796,1786,1776,1808,1890,1920,1882,1827,1780,1776,1755,1713,1680,1648,1694,1744,1767,1773,1777]}
87.051	{"type":"ecg","dev":"node-01","seq":2310,"t0":232513,"fs":250,"leads_off":false,"bpm":90.2,"samples":[1794,1799,1795,1792,1822,1856,1872,1842,1799,1823,1969,2039,1887,1648,1530,1557,1649,1729,1770,1787,1793,1825,1858,1890,1881]}
87.151	{"type":"ecg","dev":"node-01","seq":2311,"t0":232613,"fs":250,"leads_off":false,"bpm":90.2,"samples":[1853,1853,1852,1797,1746,1726,1763,1802,1792,1742,1711,1703,1718,1783,1877,1902,1852,1746,1679,1699,1794,1872,1855,1773,1686]}
87.251	{"type":"ecg","dev":"node-01","seq":2312,"t0":232713,"fs":250,"leads_off":false,"bpm":90.2,"samples":[1678,1734,1777,1775,1790,1864,1963,2013,1986,1982,1936,1874,1872,1920,1950,1939,1911,1933,1900,1802,1713,1692,1707,1717,1731]}
87.351	{"type":"ecg","dev":"node-01","seq":2313,"t0":232813,"fs":250,"leads_off":false,"bpm":85.2,"samples":[1750,1774,1767,1763,1791,1845,1877,1885,1874,1856,1773,1626,1563,1755,2182,2670,3151,3632,4095,3948,3108,2275,1491,1077,1034]}
87.451	{"type":"ecg","dev":"node-01","seq":2314,"t0":232913,"fs":250,"leads_off":false,"bpm":85.2,"samples":[1167,1261,1303,1362,1476,1627,1773,1918,2063,2099,2033,1939,1890,1903,1951,2008,2062,2096,2109,2112,2146,2185,2210,2215,2256]}
87.551	{"type":"ecg","dev":"node-01","seq":2315,"t0":233013,"fs":250,"leads_off":false,"bpm":85.2,"samples":[2307,2307,2283,2237,2187,2153,2172,2238,2305,2367,2405,2429,2455,2458,2455,2486,2507,2513,2522,2511,2498,2437,2335,2256,2234]}
87.651	{"type":"ecg","dev":"node-01","seq":2316,"t0":233113,"fs":250,"leads_off":false,"bpm":85.2,"samples":[2250,2226,2160,2059,1994,1936,1897,1837,1782,1735,1754,1818,1843,1829,1781,1715,1659,1596,1561,1610,1698,1725,1711,1648,1612]}
87.716	{"type":"imu","dev":"node-01","seq":1771,"t0":216630,"fs":100,"samples":[[-0.881,0.229,0.576,0.08,2.43,7.16,43.11,12.66],[-0.851,0.243,0.593,0.38,-0.19,7.22,43.30,12.85],[-0.854,0.267,0.590,2.33,2.49,6.73,43.52,13.11],[-0.855,0.252,0.514,-1.02,3.41,5.51,43.81,13.36],[-0.847,0.250,0.538,2.21,3.04,6.79,44.06,13.61],[-0.870,0.273,0.565,5.02,1.34,6.49,44.27,13.90],[-0.872,0.260,0.549,-3.21,-8.85,-2.17,44.41,14.10],[-0.148,-0.009,1.082,-2.06,-14.21,-1.56,7.80,-0.47],[-0.297,-0.151,0.984,16.48,-16.23,-21.20,7.82,-0.47],[-0.268,-0.194,1.103,-28.89,-19.95,-23.09,7.73,-0.94]]}
87.751	{"type":"ecg","dev":"node-01","seq":2317,"t0":233213,"fs":250,"leads_off":false,"bpm":85.2,"samples":[1625,1654,1676,1685,1679,1680,1715,1734,1735,1733,1746,1712,1709,1744,1810,1835,1828,1778,1665,1563,1535,1573,1617,1642,1659]}
87.816	{"type":"imu","dev":"node-01","seq":1772,"t0":233280,"fs":100,"samples":[[-0.274,-0.247,1.084,-5.53,-27.02,-7.90,7.59,-1.24],[-0.211,-0.131,1.041,32.03,-25.49,5.08,7.42,-1.04],[-0.184,-0.150,1.061,10.02,-18.85,6.49,7.28,-1.08],[-0.202,-0.157,1.063,6.42,-18.54,4.66,7.16,-1.16],[-0.183,-0.142,1.060,11.24,-19.82,6.61,7.02,-1.19],[-0.135,-0.163,1.062,2.21,-16.96,8.44,6.86,-1.32],[-0.120,-0.181,1.066,4.10,-13.24,10.94,6.72,-1.44],[-0.128,-0.128,1.058,16.54,-10.86,12.46,6.61,-1.39],[-0.122,-0.121,1.046,15.44,-7.81,14.60,6.54,-1.34],[-0.127,-0.113,1.053,9.29,-2.32,13.25,6.52,-1.35]]}
87.851	{"type":"ecg","dev":"node-01","seq":2318,"t0":233313,"fs":250,"leads_off":false,"bpm":85.2,"samples":[1679,1707,1712,1691,1678,1685,1681,1674,1702,1730,1744,1740,1695,1619,1623,1664,1707,1651,1599,1604,1675,1773,1808,1839,1840]}
87.916	{"type":"imu","dev":"node-01","seq":1773,"t0":233380,"fs":100,"samples":[[-0.135,-0.116,1.062,6.48,0.12,4.84,6.53,-1.38],[-0.135,-0.108,1.064,5.44,1.64,1.79,6.56,-1.42],[-0.149,-0.115,1.085,-5.23,10.30,1.24,6.69,-1.56],[-0.155,-0.133,1.122,-7.12,12.92,-1.50,6.84,-1.74],[-0.168,-0.120,1.117,-5.29,8.53,-7.42,6.96,-1.87],[-0.175,-0.117,1.114,-3.52,4.87,-6.93,7.04,-1.99],[-0.183,-0.115,1.109,3.37,-3.54,-9.19,7.05,-2.04],[-0.177,-0.102,1.083,4.47,-3.54,-6.08,7.06,-2.06],[-0.210,-0.090,1.089,4.10,-1.23,-3.03,7.13,-2.07],[-0.198,-0.109,1.077,11.97,8.53,-1.87,7.28,-2.03]]}
87.951	{"type":"ecg","dev":"node-01","seq":2319,"t0":233413,"fs":250,"leads_off":false,"bpm":85.2,"samples":[1852,1888,1898,1938,1939,2098,2230,2270,2199,2122,2058,2035,2029,1995,1977,1977,2011,2004,1982,1956,1947,1935,1949,1967,2022]}
88.016	{"type":"imu","dev":"node-01","seq":1774,"t0":233480,"fs":100,"samples":[[-0.169,-0.208,1.154,18.07,7.55,11.85,7.37,-2.02],[-0.191,-0.194,1.055,35.32,19.26,16.36,7.61,-1.84],[-0.239,-0.117,1.004,33.55,21.46,15.08,7.93,-1.61],[-0.177,-0.059,1.061,21.85,9.20,12.46,8.06,-1.42],[-0.182,-0.109,1.023,18.43,7.19,3.92,8.17,-1.34],[-0.188,-0.101,1.045,17.21,-3.30,-2.36,8.17,-1.25],[-0.231,-0.091,1.035,14.41,-14.27,0.57,8.12,-1.19],[-0.228,-0.096,1.017,12.70,-19.95,3.25,8.01,-1.15],[-0.176,-0.043,1.075,13.13,-31.84,6.12,7.73,-1.04],[-0.176,-0.100,1.054,-6.87,-30.01,5.45,7.47,-1.20]]}
88.051	{"type":"ecg","dev":"node-01","seq":2320,"t0":233513,"fs":250,"leads_off":false,"bpm":85.2,"samples":[2067,2047,1979,1901,1872,1935,2122,2245,2103,1798,1606,1595,1714,1850,1881,1846,1792,1790,1798,1853,1893,1909,1903,1884,1897]}
88.117	{"type":"imu","dev":"node-01","seq":1775,"t0":233580,"fs":100,"samples":[[-0.186,-0.126,1.066,-2.54,-20.25,-2.30,7.32,-1.33],[-0.178,-0.112,1.098,5.02,-22.51,-5.28,7.13,-1.37],[-0.182,-0.112,1.095,12.15,-21.41,-9.06,6.97,-1.34],[-0.238,-0.135,1.093,26.42,-28.12,-4.73,6.79,-1.19],[-0.158,-0.059,1.050,33.31,-30.86,1.91,6.53,-0.91],[-0.143,-0.047,1.003,13.92,-27.08,0.14,6.30,-0.81],[-0.171,-0.110,1.099,-0.65,-27.87,-4.98,6.07,-0.92],[-0.180,-0.095,1.063,8.98,-28.18,-4.06,5.87,-0.91],[-0.141,-0.178,1.416,-22.42,-74.88,-2.48,5.13,-1.26],[-0.099,0.013,1.094,-99.56,-86.90,-5.53,4.28,-2.20]]}
88.200	{"type":"ecg","dev":"node-01","seq":2321,"t0":233613,"fs":250,"leads_off":false,"bpm":85.2,"samples":[1922,1942,1873,1754,1686,1697,1727,1731,1730,1730,1751,1759,1745,1712,1685,1680,1680,1691,1718,1754,1777,1791,1381,975,924]}
88.237	{"type":"imu","dev":"node-01","seq":1776,"t0":233680,"fs":100,"samples":[[-0.135,-0.080,1.071,-118.52,-67.75,-13.58,3.67,-3.40],[-0.128,-0.181,1.057,-24.98,-31.23,0.63,1.57,-5.26],[-0.128,-0.181,1.057,-24.98,-31.23,0.63,1.66,-5.36],[-0.128,-0.181,1.057,-24.98,-31.23,0.63,1.74,-5.46],[-0.118,-0.185,1.051,-21.26,-35.19,-0.22,1.82,-5.56],[-0.118,-0.185,1.051,-21.26,-35.19,-0.22,1.89,-5.66],[0.263,-0.223,0.988,-20.78,-27.57,-3.51,1.37,-5.95],[-0.066,-0.113,1.081,-0.11,-19.03,0.94,1.22,-5.95],[-0.409,-0.365,0.984,37.64,-0.13,-1.14,1.62,-5.87],[-0.153,-0.041,0.935,54.10,-15.07,11.36,1.63,-5.27]]}
88.300	{"type":"ecg","dev":"node-01","seq":2322,"t0":233762,"fs":250,"leads_off":false,"bpm":85.2,"samples":[1063,1150,1203,1251,1328,1518,1783,2000,1994,1888,1785,1765,1797,1840,1904,1919,1879,1872,1919,1981,2032,2087,2159,2177,2098]}
88.336	{"type":"imu","dev":"node-01","seq":1777,"t0":233800,"fs":100,"samples":[[-0.176,-0.067,1.073,-6.14,-9.82,6.00,1.69,-5.30],[-0.062,-0.059,0.838,-0.53,-15.19,5.94,1.59,-5.28],[-0.095,-0.084,0.996,-11.87,-30.07,0.39,1.37,-5.39],[-0.112,-0.146,1.064,-21.14,-23.73,-6.14,1.23,-5.64],[-0.112,-0.152,1.078,-20.65,-17.26,-5.95,1.15,-5.89],[-0.111,-0.134,1.021,-13.95,-7.51,-6.75,1.18,-6.06],[-0.139,-0.124,1.048,-21.32,2.01,-7.17,1.33,-6.28],[-0.108,-0.138,1.043,-29.07,4.81,-8.33,1.46,-6.59],[-0.083,-0.140,1.019,-32.00,10.24,-5.65,1.63,-6.93],[-0.126,-0.190,1.089,-37.24,11.34,-4.00,1.84,-7.35]]}
88.400	{"type":"ecg","dev":"node-01","seq":2323,"t0":233862,"fs":250,"leads_off":false,"bpm":79.8,"samples":[1938,1794,1807,1936,2064,2112,2096,2097,2160,2246,2313,2321,2326,2352,2390,2393,2381,2383,2393,2386,2338,2259,2155,2059,1953]}
88.436	{"type":"imu","dev":"node-01","seq":1778,"t0":233900,"fs":100,"samples":[[-0.114,-0.171,1.114,-37.36,13.90,-4.19,2.05,-7.75],[-0.135,-0.175,1.089,-24.56,18.41,-2.66,2.33,-8.02],[-0.137,-0.193,1.097,-24.86,19.26,-6.93,2.61,-8.30],[-0.149,-0.209,1.085,-25.47,17.25,-7.66,2.88,-8.60],[-0.154,-0.205,1.069,-14.80,9.51,-4.31,3.08,-8.79],[-0.165,-0.200,1.069,-9.31,3.71,-4.12,3.23,-8.92],[-0.171,-0.194,1.061,-7.12,4.87,-3.76,3.39,-9.02],[-0.169,-0.192,1.061,-4.92,6.34,-2.97,3.56,-9.09],[-0.157,-0.206,1.069,-0.90,5.24,-2.90,3.71,-9.14],[-0.155,-0.205,1.054,4.47,0.66,1.67,3.80,-9.13]]}
88.500	{"type":"ecg","dev":"node-01","seq":2324,"t0":233962,"fs":250,"leads_off":false,"bpm":79.8,"samples":[1858,1829,1840,1867,1840,1761,1701,1672,1671,1680,1661,1589,1493,1486,1502,1515,1581,1636,1588,1525,1503,1510,1568,1637,1694]}
88.536	{"type":"imu","dev":"node-01","seq":1779,"t0":234000,"fs":100,"samples":[[-0.152,-0.203,1.051,5.44,-1.90,1.79,3.87,-9.11],[-0.144,-0.197,1.049,6.18,-6.23,0.20,3.88,-9.08],[-0.141,-0.198,1.040,1.60,-11.29,-1.20,3.85,-9.10],[-0.134,-0.195,1.048,-2.36,-12.14,-2.30,3.79,-9.15],[-0.126,-0.191,1.051,-8.89,-14.88,-6.56,3.71,-9.26],[-0.129,-0.189,1.071,-7.54,-20.13,-6.87,3.57,-9.35],[-0.227,-0.283,1.170,-8.58,-20.74,-5.53,3.51,-9.52],[-0.149,-0.189,1.045,-12.97,-20.68,-4.06,3.40,-9.66],[-0.145,-0.198,1.036,-17.67,-21.77,-1.14,3.27,-9.86],[-0.146,-0.209,1.029,-19.56,-20.92,-0.10,3.16,-10.08]]}
88.600	{"type":"ecg","dev":"node-01","seq":2325,"t0":234062,"fs":250,"leads_off":false,"bpm":79.8,"samples":[1751,1754,1701,1686,1654,1531,1452,1535,1602,1676,1733,1762,1791,1769,1711,1630,1613,1619,1680,1679,1668,1683,1696,1686,1629]}
88.637	{"type":"imu","dev":"node-01","seq":1780,"t0":234100,"fs":100,"samples":[[-0.154,-0.227,1.045,-18.34,-16.71,-1.32,3.10,-10.31],[-0.139,-0.198,1.055,-6.75,-10.80,-1.56,3.08,-10.38],[-0.146,-0.221,1.076,-4.37,-6.96,-5.10,3.10,-10.45],[-0.168,-0.206,1.077,2.94,-7.08,-6.38,3.14,-10.43],[-0.150,-0.183,1.012,9.65,-6.16,-5.83,3.18,-10.33],[-0.182,-0.203,1.063,10.63,-8.18,-6.32,3.23,-10.23],[-0.170,-0.198,1.062,10.08,-11.77,-4.80,3.23,-10.14],[-0.164,-0.208,1.068,9.77,-13.60,-3.09,3.20,-10.06],[-0.160,-0.219,1.047,14.59,-13.73,-0.71,3.17,-9.95],[-0.162,-0.216,1.061,14.59,-14.88,1.12,3.14,-9.84]]}
88.700	{"type":"ecg","dev":"node-01","seq":2326,"t0":234162,"fs":250,"leads_off":false,"bpm":79.8,"samples":[1555,1529,1594,1637,1655,1641,1638,1680,1699,1734,1744,1680,1600,1535,1535,1600,1667,1734,1794,1774,1680,1578,1573,1595,1617]}
88.736	{"type":"imu","dev":"node-01","seq":1781,"t0":234200,"fs":100,"samples":[[-0.145,-0.194,1.062,13.98,-10.98,2.10,3.12,-9.71],[-0.132,-0.201,1.049,13.19,-13.54,-1.26,3.06,-9.61],[-0.130,-0.203,1.046,10.69,-12.51,-2.84,3.02,-9.53],[-0.156,-0.212,1.042,7.15,-15.86,-4.43,2.97,-9.50],[-0.153,-0.203,1.047,9.77,-12.32,0.57,2.95,-9.43],[-0.147,-0.188,1.047,11.05,-8.54,2.16,2.97,-9.34],[-0.134,-0.174,1.066,8.07,-7.02,0.81,2.98,-9.26],[-0.124,-0.188,1.066,4.77,-5.49,-1.87,3.00,-9.23],[-0.125,-0.192,1.069,3.61,-4.82,-3.76,3.02,-9.21],[-0.134,-0.200,1.060,2.70,-2.63,-9.55,3.08,-9.22]]}
88.800	{"type":"ecg","dev":"node-01","seq":2327,"t0":234262,"fs":250,"leads_off":false,"bpm":79.8,"samples":[1644,1665,1683,1680,1664,1622,1594,1675,1741,1796,1811,1781,1745,1723,1719,1718,1712,1750,1834,1871,1819,1711,1648,1705,1737]}
88.836	{"type":"imu","dev":"node-01","seq":1782,"t0":234300,"fs":100,"samples":[[-0.161,-0.218,1.062,0.75,-5.25,-12.78,3.13,-9.26],[-0.153,-0.216,1.069,5.14,-3.06,-3.58,3.20,-9.25],[-0.146,-0.200,1.072,8.86,-3.85,-1.50,3.25,-9.19],[-0.159,-0.179,1.066,7.94,-5.19,-4.61,3.30,-9.12],[-0.167,-0.184,1.064,5.38,-7.14,-4.61,3.34,-9.08],[-0.171,-0.173,1.058,6.72,-7.08,-2.23,3.39,-9.02],[-0.166,-0.169,1.057,5.99,-7.69,-0.95,3.42,-8.96],[-0.151,-0.171,1.063,3.07,-7.32,-0.59,3.44,-8.93],[-0.149,-0.173,1.060,2.76,-8.36,-1.62,3.45,-8.91],[-0.146,-0.174,1.068,2.33,-7.20,-2.97,3.46,-8.90]]}
88.900	{"type":"ecg","dev":"node-01","seq":2328,"t0":234362,"fs":250,"leads_off":false,"bpm":79.8,"samples":[1714,1693,1737,1760,1775,1751,1731,1744,1799,1791,1794,1795,1841,1911,1921,1855,1765,1729,1744,1762,1774,1778,1832,1920,2011]}
88.936	{"type":"imu","dev":"node-01","seq":1783,"t0":234400,"fs":100,"samples":[[-0.157,-0.186,1.069,4.77,-8.12,-1.99,3.48,-8.87],[-0.159,-0.180,1.064,4.41,-7.69,-0.22,3.50,-8.84],[-0.159,-0.172,1.058,1.11,-7.51,-1.50,3.53,-8.84],[-0.168,-0.170,1.056,-1.02,-10.49,-2.36,3.53,-8.85],[-0.163,-0.167,1.055,-2.91,-11.35,-3.09,3.52,-8.89],[-0.161,-0.162,1.061,-4.92,-12.63,-6.81,3.50,-8.93],[-0.175,-0.190,1.060,-6.87,-11.47,-4.86,3.50,-9.02],[-0.170,-0.193,1.058,-3.40,-10.43,-2.90,3.51,-9.08],[-0.163,-0.188,1.062,-1.14,-9.76,-1.44,3.52,-9.11],[-0.167,-0.176,1.072,-1.87,-9.76,-1.62,3.52,-9.13]]}
89.000	{"type":"ecg","dev":"node-01","seq":2329,"t0":234462,"fs":250,"leads_off":false,"bpm":84.1,"samples":[2030,1971,1936,1915,1915,1956,2028,2102,2079,1974,1781,1673,1641,1710,1764,1792,1806,1785,1770,1710,1642,1618,1651,1716,1731]}
89.036	{"type":"imu","dev":"node-01","seq":1784,"t0":234500,"fs":100,"samples":[[-0.171,-0.193,1.064,-2.18,-12.69,-1.50,3.51,-9.18],[-0.170,-0.186,1.050,-1.45,-12.38,1.12,3.50,-9.21],[-0.167,-0.185,1.060,-0.90,-11.41,-0.04,3.49,-9.23],[-0.161,-0.177,1.067,1.18,-10.31,-0.59,3.49,-9.23],[-0.162,-0.175,1.053,1.05,-9.27,-1.62,3.50,-9.22],[-0.154,-0.180,1.048,0.08,-10.68,-3.51,3.49,-9.23],[-0.156,-0.188,1.061,-2.54,-11.96,-3.70,3.47,-9.27],[-0.167,-0.181,1.066,-1.02,-12.81,-3.51,3.45,-9.29],[-0.160,-0.188,1.070,-2.18,-12.26,-2.54,3.43,-9.32],[-0.150,-0.197,1.057,0.14,-12.63,-2.05,3.40,-9.35]]}
89.100	{"type":"ecg","dev":"node-01","seq":2330,"t0":234562,"fs":250,"leads_off":false,"bpm":84.1,"samples":[1689,1681,1713,1733,1642,1558,1600,1961,2185,2603,3214,4052,4095,3713,2704,1739,961,662,727,853,1008,1150,1330,1535,1712]}
89.136	{"type":"imu","dev":"node-01","seq":1785,"t0":234600,"fs":100,"samples":[[-0.156,-0.201,1.053,3.25,-11.59,-1.32,3.38,-9.34],[-0.158,-0.180,1.061,5.38,-10.37,-0.53,3.38,-9.30],[-0.161,-0.177,1.067,5.63,-10.86,-0.34,3.37,-9.24],[-0.163,-0.171,1.059,4.65,-11.47,-1.08,3.37,-9.20],[-0.166,-0.183,1.032,3.61,-12.08,-0.83,3.36,-9.18],[-0.146,-0.181,1.091,5.99,-15.13,-0.71,3.30,-9.12],[-0.138,-0.181,1.084,2.46,-13.06,-0.77,3.25,-9.11],[-0.150,-0.182,1.056,1.72,-12.45,-2.11,3.22,-9.10],[-0.154,-0.179,1.054,1.05,-13.73,-4.06,3.18,-9.10],[-0.154,-0.175,1.054,-0.84,-16.71,-7.23,3.12,-9.12]]}
89.200	{"type":"ecg","dev":"node-01","seq":2331,"t0":234662,"fs":250,"leads_off":false,"bpm":84.1,"samples":[1799,1802,1834,1885,1918,1912,1854,1818,1840,1872,1883,1894,1931,1972,1974,1963,1968,1994,2055,2096,2107,2128,2163,2202,2188]}
89.237	{"type":"imu","dev":"node-01","seq":1786,"t0":234700,"fs":100,"samples":[[-0.157,-0.174,1.057,-2.00,-16.10,-8.33,3.07,-9.14],[-0.157,-0.171,1.064,-5.59,-17.51,-9.92,3.00,-9.20],[-0.149,-0.180,1.063,-6.20,-18.06,-10.40,2.92,-9.27],[-0.139,-0.191,1.068,-3.64,-17.45,-8.45,2.84,-9.32],[-0.152,-0.200,1.059,1.66,-16.10,-10.34,2.78,-9.33],[-0.169,-0.199,1.066,5.20,-12.14,-9.25,2.78,-9.31],[-0.165,-0.198,1.070,7.21,-11.59,-8.94,2.79,-9.26],[-0.181,-0.173,1.070,11.72,-14.27,-5.22,2.78,-9.14],[-0.189,-0.159,1.071,13.61,-17.81,-1.20,2.75,-9.00],[-0.189,-0.157,1.072,14.96,-18.18,-1.20,2.72,-8.84]]}
89.300	{"type":"ecg","dev":"node-01","seq":2332,"t0":234762,"fs":250,"leads_off":false,"bpm":84.1,"samples":[2155,2137,2179,2271,2329,2354,2359,2395,2387,2327,2245,2211,2205,2230,2234,2223,2197,2171,2160,2129,2059,1978,1935,1901,1857]}
89.336	{"type":"imu","dev":"node-01","seq":1787,"t0":234800,"fs":100,"samples":[[-0.171,-0.141,1.069,18.13,-24.88,2.03,2.60,-8.63],[-0.157,-0.137,1.057,18.61,-29.88,3.31,2.42,-8.42],[-0.153,-0.140,1.061,18.31,-32.75,3.31,2.21,-8.23],[-0.132,-0.151,1.061,18.80,-34.15,4.72,1.97,-8.04],[-0.127,-0.164,1.059,25.38,-32.57,7.34,1.75,-7.81],[-0.117,-0.153,1.065,26.54,-27.75,8.44,1.57,-7.55],[-0.103,-0.143,1.043,27.03,-22.81,8.01,1.43,-7.29],[-0.107,-0.095,0.976,7.88,-13.42,9.60,1.39,-7.18],[-0.127,-0.141,1.081,15.99,-15.49,5.20,1.34,-7.03],[-0.128,-0.145,1.048,10.75,-21.23,4.60,1.25,-6.94]]}
89.400	{"type":"ecg","dev":"node-01","seq":2333,"t0":234862,"fs":250,"leads_off":false,"bpm":84.1,"samples":[1826,1780,1737,1710,1661,1593,1535,1527,1558,1584,1594,1589,1566,1534,1535,1564,1584,1612,1645,1678,1670,1650,1661,1681,1717]}
89.436	{"type":"imu","dev":"node-01","seq":1788,"t0":234900,"fs":100,"samples":[[-0.112,-0.139,1.076,17.15,-26.35,6.61,1.08,-6.78],[-0.110,-0.142,1.065,4.77,-34.09,5.69,0.84,-6.75],[-0.120,-0.142,1.086,-1.81,-37.02,3.86,0.59,-6.78],[-0.103,-0.207,0.965,3.31,-31.59,4.23,0.39,-6.86],[-0.118,-0.155,1.087,28.31,-23.36,5.45,0.27,-6.60],[-0.081,-0.127,1.028,31.66,-8.79,7.16,0.27,-6.30],[-0.152,-0.104,1.076,17.03,6.88,0.69,0.49,-6.12],[-0.059,-0.136,1.125,-23.82,2.92,8.07,0.57,-6.37],[-0.162,-0.126,1.131,-35.29,1.15,6.12,0.73,-6.71],[-0.085,-0.196,1.140,-20.41,2.37,4.47,0.83,-6.97]]}
89.500	{"type":"ecg","dev":"node-01","seq":2334,"t0":234962,"fs":250,"leads_off":false,"bpm":84.1,"samples":[1744,1747,1712,1665,1631,1625,1634,1667,1686,1677,1656,1648,1671,1695,1701,1701,1701,1714,1732,1722,1681,1635,1616,1649,1679]}
89.536	{"type":"imu","dev":"node-01","seq":1789,"t0":235000,"fs":100,"samples":[[-0.073,-0.122,1.116,27.21,-5.80,3.13,0.83,-6.69],[-0.079,-0.105,1.084,32.15,-14.03,4.78,0.76,-6.35],[-0.102,-0.114,1.086,29.29,-17.45,2.89,0.68,-6.06],[-0.163,-0.096,1.115,31.72,-6.35,-2.05,0.77,-5.73],[-0.075,-0.064,1.022,22.03,-15.49,0.75,0.68,-5.47],[-0.156,-0.070,1.127,9.16,-11.96,1.97,0.71,-5.34],[-0.115,-0.113,1.114,-0.29,-18.06,2.77,0.63,-5.35],[0.036,-0.068,1.098,6.48,-14.46,3.80,0.44,-5.25],[-0.218,-0.097,1.080,4.53,-10.86,1.06,0.55,-5.21],[-0.207,-0.100,1.077,10.32,-12.69,-2.17,0.63,-5.11]]}
89.600	{"type":"ecg","dev":"node-01","seq":2335,"t0":235062,"fs":250,"leads_off":false,"bpm":84.1,"samples":[1670,1648,1643,1662,1699,1711,1681,1659,1653,1655,1666,1696,1712,1699,1626,1584,1600,1658,1675,1680,1665,1616,1587,1600,1603]}
89.636	{"type":"imu","dev":"node-01","seq":1790,"t0":235100,"fs":100,"samples":[[-0.125,-0.097,1.069,20.38,-15.13,-2.36,0.61,-4.91],[-0.173,-0.097,1.094,21.18,-15.98,-0.77,0.62,-4.71],[-0.034,-0.111,1.057,2.15,-12.57,3.25,0.52,-4.71],[-0.153,-0.091,1.035,-22.36,-11.65,0.81,0.56,-4.94],[-0.086,-0.147,1.102,-25.29,-13.06,2.52,0.51,-5.24],[-0.112,-0.150,1.031,-13.52,-10.62,3.13,0.52,-5.43],[-0.070,-0.157,1.050,-26.14,-16.96,4.23,0.42,-5.75],[-0.120,-0.188,1.050,-29.86,-14.40,-0.04,0.40,-6.13],[-0.144,-0.163,1.031,-22.42,-15.56,1.24,0.40,-6.40],[-0.153,-0.159,1.046,-21.20,-12.63,-0.04,0.43,-6.66]]}
89.700	{"type":"ecg","dev":"node-01","seq":2336,"t0":235162,"fs":250,"leads_off":false,"bpm":84.1,"samples":[1600,1589,1615,1658,1687,1690,1665,1647,1634,1643,1680,1689,1685,1659,1605,1558,1535,1575,1612,1627,1618,1611,1622,1648,1674]}
89.736	{"type":"imu","dev":"node-01","seq":1791,"t0":235200,"fs":100,"samples":[[-0.151,-0.175,1.044,-21.69,-7.57,-1.81,0.51,-6.93],[-0.116,-0.199,1.071,-14.86,-9.15,-0.28,0.53,-7.15],[-0.118,-0.161,1.064,-4.62,-10.25,-1.56,0.55,-7.22],[-0.169,-0.086,1.044,-6.32,-7.08,-3.45,0.65,-7.23],[-0.155,-0.134,1.084,-12.36,-7.69,-5.16,0.72,-7.35],[-0.141,-0.103,1.075,-7.36,-8.97,-2.97,0.77,-7.38],[-0.140,-0.099,1.094,-4.68,-7.99,-3.51,0.82,-7.39],[-0.144,-0.099,1.095,-6.81,-8.73,-4.43,0.87,-7.41],[-0.140,-0.115,1.111,-5.29,-10.19,-5.95,0.89,-7.43],[-0.140,-0.099,1.093,1.91,-14.46,-2.54,0.88,-7.36]]}
89.800	{"type":"ecg","dev":"node-01","seq":2337,"t0":235262,"fs":250,"leads_off":false,"bpm":84.1,"samples":[1696,1727,1744,1770,1761,1735,1734,1800,1818,1821,1824,1786,1739,1681,1658,1645,1625,1634,1670,1691,1681,1650,1628,1609,1570]}
89.836	{"type":"imu","dev":"node-01","seq":1792,"t0":235300,"fs":100,"samples":[[-0.121,-0.091,1.070,5.08,-17.87,-1.26,0.81,-7.26],[-0.137,-0.087,1.064,13.07,-13.66,-3.94,0.81,-7.09],[-0.113,-0.103,1.065,14.89,-19.09,0.81,0.73,-6.91],[-0.100,-0.094,1.040,15.57,-15.86,-0.47,0.67,-6.72],[-0.085,-0.091,1.070,14.10,-13.79,1.36,0.61,-6.55],[-0.122,-0.099,1.065,9.22,-11.90,-1.14,0.61,-6.43],[-0.140,-0.108,1.061,8.00,-9.76,-2.36,0.65,-6.34],[-0.114,-0.098,1.032,8.19,-10.49,-2.17,0.66,-6.24],[-0.125,-0.110,1.051,6.48,-12.57,-3.33,0.66,-6.17],[-0.044,-0.106,1.095,8.68,-18.06,-2.60,0.51,-6.08]]}
89.900	{"type":"ecg","dev":"node-01","seq":2338,"t0":235362,"fs":250,"leads_off":false,"bpm":80.4,"samples":[1521,1526,1566,1609,1663,1690,1668,1535,1460,1392,1490,1790,2140,2507,2887,3392,3695,3327,2640,1867,1167,880,938,1051,1055]}
89.936	{"type":"imu","dev":"node-01","seq":1793,"t0":235400,"fs":100,"samples":[[-0.090,-0.110,1.108,6.79,-15.13,-2.36,0.45,-6.00],[-0.075,-0.094,1.079,8.25,-14.46,-4.37,0.38,-5.90],[-0.100,-0.109,1.077,11.79,-16.41,-3.94,0.31,-5.78],[-0.104,-0.104,1.082,15.44,-11.04,-7.48,0.31,-5.62],[-0.132,-0.103,1.082,10.02,-14.95,-4.80,0.29,-5.52],[-0.103,-0.090,1.072,11.36,-11.41,-5.71,0.29,-5.40],[-0.097,-0.085,1.031,10.08,-12.14,-4.37,0.27,-5.28],[-0.109,-0.110,1.077,9.04,-14.21,-6.50,0.24,-5.21],[-0.109,-0.101,1.071,4.65,-11.59,-3.82,0.24,-5.16],[-0.118,-0.097,1.085,-1.51,-15.07,-3.58,0.21,-5.18]]}
90.000	{"type":"ecg","dev":"node-01","seq":2339,"t0":235462,"fs":250,"leads_off":false,"bpm":80.4,"samples":[1065,1129,1264,1474,1653,1733,1728,1706,1727,1765,1789,1817,1872,1919,1943,1917,1911,1939,1957,1902,1859,1832,1840,1871,1936]}
