# rakshak-hub recording v1
# SIMULATED data (fake_esp32.py, scenario 'demo') - not a real sensor
# format: <seconds since start><TAB><raw line from the ESP32>
0.000	ets Jul 29 2019 12:21:46
0.000	rst:0x1 (POWERON_RESET),boot:0x13 (SPI_FAST_FLASH_BOOT)
0.000	{"type":"ecg","dev":"node-01","seq":
0.000	{"type":"status","dev":"node-01","fw":"0.1.0","uptime_ms":1234,"ecg":{"fs":250},"imu":{"ok":true,"fs":100,"errors":0,"fields":["ax","ay","az","gx","gy","gz","pitch","roll"]}}
0.012	{"type":"ecg","dev":"node-01","seq":0,"t0":1234,"fs":250,"leads_off":false,"bpm":null,"samples":[2007,2008,2000,1996,1994,2001,1995,1993,2003,2003,2005,1997,2003,2002,1994,2007,2005,2018,2005,2004,2013,2007,2013,2007,2013]}
0.014	{"type":"imu","dev":"node-01","seq":0,"t0":1234,"fs":100,"samples":[[0.0041,1.0028,0.0005,0.66,-0.58,0.54,-0.23,89.97],[0.0074,1.0471,0.0044,3.43,0.99,25.79,-0.41,89.76],[0.0047,1.0896,-0.002,6.7,2.52,25.67,-0.25,90.11],[0.016,1.1325,-0.0062,8.44,3.99,25.5,-0.81,90.31],[0.0127,1.1707,0.005,10.89,5.11,24.2,-0.62,89.75],[0.0221,1.2096,0.0006,12.51,6.74,24.8,-1.05,89.97],[0.0311,1.2337,-0.0057,14.13,9.0,23.21,-1.44,90.27],[0.0305,1.2544,-0.0005,16.5,9.88,24.32,-1.39,90.02],[0.0367,1.2801,-0.0006,18.44,11.18,21.57,-1.64,90.03],[0.0388,1.2855,-0.0049,20.92,11.69,21.1,-1.73,90.22]]}
0.114	{"type":"ecg","dev":"node-01","seq":1,"t0":1334,"fs":250,"leads_off":false,"bpm":null,"samples":[2015,2016,2029,2022,2041,2067,2068,2084,2076,2093,2087,2090,2094,2087,2081,2075,2053,2051,2046,2026,2026,2017,2024,2009,2008]}
0.116	{"type":"imu","dev":"node-01","seq":1,"t0":1334,"fs":100,"samples":[[0.0419,1.2887,0.0003,22.94,11.92,21.11,-1.86,89.99],[0.0488,1.2793,0.0012,24.16,13.81,20.19,-2.18,89.94],[0.0509,1.2786,0.0067,26.38,13.86,20.2,-2.28,89.7],[0.0511,1.2629,0.0021,28.15,13.83,18.99,-2.31,89.9],[0.056,1.2551,-0.0034,29.79,14.09,18.08,-2.56,90.15],[0.0568,1.2318,0.0007,31.43,14.56,16.68,-2.64,89.97],[0.0643,1.2124,0.0003,32.56,14.05,15.98,-3.04,89.98],[0.0651,1.1817,-0.0017,33.28,12.94,14.71,-3.16,90.08],[0.0751,1.1594,-0.0028,35.2,12.31,13.23,-3.71,90.14],[0.0672,1.1357,-0.0009,36.25,11.37,13.66,-3.39,90.05]]}
0.213	{"type":"ecg","dev":"node-01","seq":2,"t0":1434,"fs":250,"leads_off":false,"bpm":null,"samples":[2009,2024,2007,2023,2001,1980,2000,2122,2380,2642,2712,2485,2179,1961,1915,1925,1980,1999,2010,2020,2019,2025,2013,2019,2025]}
0.215	{"type":"imu","dev":"node-01","seq":2,"t0":1434,"fs":100,"samples":[[0.076,1.1139,0.0045,36.93,11.66,11.22,-3.9,89.77],[0.0737,1.0958,0.0034,39.17,9.53,9.67,-3.85,89.82],[0.0781,1.0726,-0.0068,39.5,8.13,9.09,-4.17,90.36],[0.073,1.0479,0.0011,39.83,7.72,7.44,-3.98,89.94],[0.0794,1.0471,-0.0015,40.33,4.74,6.06,-4.34,90.08],[0.0758,1.03,0.0028,41.17,3.33,5.41,-4.21,89.84],[0.0772,1.0235,0.0038,41.11,2.28,3.91,-4.31,89.79],[0.0835,1.0114,-0.0073,40.79,1.1,1.7,-4.72,90.41],[0.0762,0.9969,-0.0012,41.54,-0.98,0.68,-4.37,90.07],[0.0765,0.9931,-0.002,40.96,-2.0,-1.19,-4.41,90.12]]}
0.312	{"type":"ecg","dev":"node-01","seq":3,"t0":1534,"fs":250,"leads_off":false,"bpm":null,"samples":[2017,2020,2020,2020,2018,2020,2037,2017,2022,2024,2026,2024,2023,2032,2027,2046,2035,2041,2053,2052,2064,2072,2082,2113,2110]}
0.314	{"type":"imu","dev":"node-01","seq":3,"t0":1534,"fs":100,"samples":[[0.0778,0.9834,-0.0033,41.02,-3.51,-2.21,-4.53,90.19],[0.0891,0.9641,0.0021,40.76,-7.18,-4.97,-5.28,89.87],[0.0718,0.9507,-0.0016,39.74,-8.11,-5.52,-4.32,90.1],[0.0766,0.9384,-0.0022,40.87,-9.84,-6.54,-4.66,90.13],[0.0692,0.9117,-0.0026,39.02,-10.71,-7.73,-4.34,90.17],[0.0783,0.8928,-0.0012,38.34,-12.37,-9.61,-5.01,90.08],[0.069,0.8767,0.003,37.0,-12.25,-10.43,-4.5,89.81],[0.0708,0.8565,-0.0022,35.57,-13.61,-12.52,-4.72,90.15],[0.0685,0.8307,-0.0071,34.69,-13.45,-12.59,-4.71,90.49],[0.0676,0.8151,0.0074,33.32,-15.22,-14.11,-4.74,89.48]]}
0.411	{"type":"ecg","dev":"node-01","seq":4,"t0":1634,"fs":250,"leads_off":false,"bpm":null,"samples":[2127,2135,2155,2165,2183,2195,2202,2230,2230,2219,2240,2226,2231,2223,2216,2210,2195,2175,2170,2158,2151,2124,2106,2098,2093]}
0.413	{"type":"imu","dev":"node-01","seq":4,"t0":1634,"fs":100,"samples":[[0.0581,0.7833,0.0022,32.01,-15.42,-15.75,-4.24,89.84],[0.0554,0.7638,-0.0006,30.36,-15.54,-16.23,-4.15,90.05],[0.0577,0.7485,-0.0035,28.39,-15.39,-17.5,-4.41,90.27],[0.0526,0.7269,-0.0008,26.95,-16.06,-18.77,-4.14,90.07],[0.0427,0.7213,0.0047,25.16,-15.23,-19.9,-3.38,89.63],[0.0477,0.7228,-0.0049,23.57,-14.03,-19.99,-3.77,90.39],[0.0416,0.7075,-0.0006,22.24,-13.32,-20.62,-3.37,90.05],[0.0349,0.7193,-0.0073,19.27,-12.59,-21.69,-2.78,90.58],[0.0278,0.7402,-0.0067,18.41,-12.28,-22.08,-2.15,90.52],[0.0317,0.7553,0.0051,15.7,-11.09,-23.13,-2.4,89.61]]}
0.511	{"type":"ecg","dev":"node-01","seq":5,"t0":1734,"fs":250,"leads_off":false,"bpm":null,"samples":[2070,2066,2061,2054,2047,2055,2040,2035,2033,2047,2025,2039,2040,2036,2024,2029,2025,2045,2024,2023,2038,2028,2033,2030,2034]}
0.513	{"type":"imu","dev":"node-01","seq":5,"t0":1734,"fs":100,"samples":[[0.0332,0.7743,0.004,14.02,-9.83,-23.14,-2.46,89.71],[0.0195,0.814,-0.0,11.35,-7.99,-23.18,-1.37,90.0],[0.0215,0.8482,-0.006,8.6,-6.56,-23.6,-1.46,90.4],[0.0084,0.8872,-0.0026,6.77,-5.43,-25.05,-0.54,90.17],[0.0109,0.9216,-0.0045,4.55,-2.9,-25.08,-0.68,90.28],[-0.001,0.9756,-0.0004,2.69,-1.65,-24.72,0.06,90.02],[-0.0021,1.0187,0.0066,0.01,0.22,-24.54,0.12,89.63],[-0.0117,1.0694,-0.0018,-1.52,1.26,-23.94,0.63,90.1],[-0.0067,1.1134,-0.0032,-4.18,2.59,-23.75,0.34,90.17],[-0.0174,1.1501,-0.0023,-6.93,4.91,-23.99,0.87,90.12]]}
0.610	{"type":"ecg","dev":"node-01","seq":6,"t0":1834,"fs":250,"leads_off":false,"bpm":null,"samples":[2022,2025,2036,2026,2039,2032,2036,2028,2032,2015,2032,2037,2028,2029,2033,2034,2029,2038,2024,2041,2026,2030,2043,2029,2025]}
0.612	{"type":"imu","dev":"node-01","seq":6,"t0":1834,"fs":100,"samples":[[-0.0196,1.1875,-0.0045,-9.1,6.05,-24.2,0.95,90.22],[-0.0284,1.2296,-0.0027,-10.44,7.16,-23.05,1.32,90.13],[-0.0335,1.2475,0.0025,-13.32,8.21,-23.13,1.54,89.88],[-0.0333,1.2716,-0.004,-15.3,10.42,-23.14,1.5,90.18],[-0.0372,1.2796,0.0018,-17.24,11.36,-22.91,1.66,89.92],[-0.0412,1.2886,-0.0038,-19.42,11.71,-20.93,1.83,90.17],[-0.0419,1.2933,-0.0021,-20.24,13.5,-20.74,1.86,90.09],[-0.0488,1.2795,-0.0005,-22.56,14.26,-19.65,2.18,90.02],[-0.0589,1.2752,0.0054,-24.61,14.64,-18.15,2.65,89.76],[-0.0489,1.2636,-0.0027,-26.14,15.45,-17.88,2.22,90.12]]}
0.710	{"type":"ecg","dev":"node-01","seq":7,"t0":1934,"fs":250,"leads_off":false,"bpm":null,"samples":[2024,2042,2030,2033,2041,2036,2025,2039,2044,2044,2050,2024,2041,2035,2028,2036,2044,2039,2039,2036,2032,2037,2033,2035,2028]}
0.712	{"type":"imu","dev":"node-01","seq":7,"t0":1934,"fs":100,"samples":[[-0.059,1.2448,-0.0037,-27.61,14.43,-16.42,2.71,90.17],[-0.0562,1.224,0.0021,-29.68,14.73,-15.39,2.63,89.9],[-0.06,1.1901,-0.0028,-31.16,13.71,-14.66,2.89,90.13],[-0.0674,1.1744,-0.0038,-31.82,12.78,-13.08,3.28,90.18],[-0.0683,1.16,-0.0051,-33.2,12.44,-11.32,3.37,90.25],[-0.0739,1.1346,0.0109,-35.31,12.19,-10.59,3.73,89.45],[-0.071,1.1057,-0.0039,-34.97,10.7,-9.82,3.68,90.2],[-0.07,1.084,0.0051,-35.36,9.33,-8.24,3.69,89.73],[-0.0771,1.0697,-0.0015,-36.81,6.78,-6.7,4.12,90.08],[-0.0767,1.0544,0.0071,-37.25,6.65,-5.46,4.16,89.61]]}
0.811	{"type":"ecg","dev":"node-01","seq":8,"t0":2034,"fs":250,"leads_off":false,"bpm":null,"samples":[2039,2038,2031,2030,2033,2027,2035,2033,2027,2027,2035,2035,2051,2044,2034,2036,2033,2034,2037,2039,2035,2044,2043,2052,2033]}
0.813	{"type":"imu","dev":"node-01","seq":8,"t0":2034,"fs":100,"samples":[[-0.0759,1.0396,-0.0064,-38.24,3.9,-4.2,4.17,90.35],[-0.0684,1.034,0.0073,-37.86,2.34,-2.58,3.78,89.6],[-0.0792,1.0194,-0.0042,-39.68,2.51,-0.79,4.44,90.23],[-0.0788,1.0053,0.0007,-39.41,0.25,0.11,4.48,89.96],[-0.0805,0.9953,-0.0003,-38.71,-2.13,1.92,4.63,90.02],[-0.0788,0.9861,-0.0034,-38.01,-2.96,3.2,4.57,90.2],[-0.0865,0.9736,0.004,-38.33,-4.62,4.04,5.08,89.77],[-0.0751,0.9643,-0.0098,-38.15,-6.96,5.33,4.45,90.58],[-0.0808,0.954,-0.0005,-37.02,-9.02,5.98,4.84,90.03],[-0.0778,0.9328,-0.0029,-36.5,-9.37,8.15,4.77,90.18]]}
0.912	{"type":"ecg","dev":"node-01","seq":9,"t0":2134,"fs":250,"leads_off":false,"bpm":null,"samples":[2041,2042,2046,2054,2048,2061,2076,2078,2096,2103,2106,2118,2126,2134,2126,2123,2118,2114,2095,2097,2068,2077,2057,2065,2042]}
0.914	{"type":"imu","dev":"node-01","seq":9,"t0":2134,"fs":100,"samples":[[-0.0737,0.9106,-0.0052,-36.09,-10.19,9.66,4.63,90.33],[-0.0745,0.8859,-0.0062,-34.19,-12.55,10.6,4.81,90.4],[-0.0815,0.8728,-0.0024,-34.15,-12.8,12.88,5.33,90.16],[-0.0764,0.8439,0.0016,-32.5,-14.14,13.34,5.17,89.89],[-0.0618,0.8266,-0.0002,-31.5,-14.87,15.39,4.28,90.01],[-0.0648,0.8001,0.007,-29.98,-15.52,15.58,4.63,89.5],[-0.0598,0.7776,-0.0052,-28.26,-15.76,16.52,4.4,90.39],[-0.0531,0.7547,0.0056,-28.23,-16.46,18.29,4.02,89.57],[-0.0633,0.7383,0.0019,-26.58,-15.05,17.3,4.9,89.85],[-0.0507,0.7304,-0.0001,-24.96,-16.07,19.81,3.97,90.01]]}
1.012	{"type":"ecg","dev":"node-01","seq":10,"t0":2234,"fs":250,"leads_off":false,"bpm":null,"samples":[2053,2036,2040,2040,2044,2034,2037,2028,2010,2047,2216,2495,2723,2687,2438,2124,1947,1929,1968,2013,2039,2024,2032,2044,2037]}
1.014	{"type":"imu","dev":"node-01","seq":10,"t0":2234,"fs":100,"samples":[[-0.0439,0.7139,-0.0002,-23.61,-15.49,21.1,3.52,90.02],[-0.0384,0.7227,-0.0002,-20.88,-14.64,20.56,3.04,90.02],[-0.034,0.7237,-0.0036,-17.59,-14.34,22.53,2.69,90.29],[-0.0387,0.7213,0.0016,-17.09,-12.11,22.47,3.07,89.87],[-0.0309,0.7421,0.0005,-14.77,-11.19,23.81,2.38,89.96],[-0.0268,0.7655,0.0079,-12.7,-10.58,24.41,2.01,89.41],[-0.0228,0.7876,-0.0006,-10.39,-9.49,24.56,1.66,90.04],[-0.023,0.8268,-0.0045,-7.23,-7.67,25.05,1.59,90.31],[-0.0129,0.8689,-0.0006,-5.42,-5.91,23.89,0.85,90.04],[-0.0083,0.9029,0.0038,-3.45,-4.53,24.06,0.53,89.76]]}
1.111	{"type":"ecg","dev":"node-01","seq":11,"t0":2334,"fs":250,"leads_off":false,"bpm":null,"samples":[2026,2034,2038,2054,2034,2045,2044,2031,2043,2043,2043,2039,2047,2044,2031,2046,2037,2053,2055,2053,2056,2053,2073,2091,2099]}
1.113	{"type":"imu","dev":"node-01","seq":11,"t0":2334,"fs":100,"samples":[[-0.0019,0.9552,0.0022,-1.5,-3.19,25.38,0.11,89.87],[0.009,0.9907,-0.0011,1.51,-0.49,25.12,-0.52,90.06],[0.0055,1.0516,-0.0024,3.7,2.2,25.55,-0.3,90.13],[0.0035,1.0825,0.0031,5.39,1.86,25.22,-0.19,89.84],[0.0135,1.1251,0.0004,8.1,3.87,24.67,-0.69,89.98],[0.0193,1.1739,-0.005,9.67,6.18,24.74,-0.94,90.24],[0.0201,1.2052,-0.0028,12.33,6.95,24.18,-0.95,90.13],[0.027,1.2398,-0.0036,14.36,8.22,23.93,-1.25,90.17],[0.0349,1.2553,-0.0014,16.35,9.39,24.31,-1.59,90.06],[0.03,1.2708,0.0027,18.18,10.43,23.07,-1.35,89.88]]}
1.214	{"type":"ecg","dev":"node-01","seq":12,"t0":2434,"fs":250,"leads_off":false,"bpm":null,"samples":[2105,2118,2134,2145,2154,2163,2183,2195,2214,2231,2237,2236,2246,2246,2243,2249,2239,2229,2208,2187,2185,2181,2158,2145,2129]}
1.216	{"type":"imu","dev":"node-01","seq":12,"t0":2434,"fs":100,"samples":[[0.0405,1.2872,0.0069,20.41,11.73,23.12,-1.8,89.69],[0.0454,1.2943,0.0021,22.4,12.85,21.96,-2.01,89.91],[0.0466,1.2822,0.0055,24.06,13.06,20.74,-2.08,89.75],[0.0469,1.2788,-0.0003,26.55,13.67,20.3,-2.1,90.02],[0.0479,1.2731,-0.0045,28.19,13.73,18.85,-2.15,90.2],[0.0515,1.2486,-0.0009,29.0,14.09,18.75,-2.36,90.04],[0.0563,1.2329,-0.0004,30.73,14.09,17.27,-2.61,90.02],[0.0668,1.2094,-0.0009,32.42,14.43,15.57,-3.16,90.04],[0.066,1.1922,0.0023,33.5,12.83,14.01,-3.17,89.89],[0.0657,1.1645,-0.006,35.53,12.77,13.64,-3.23,90.29]]}
1.313	{"type":"ecg","dev":"node-01","seq":13,"t0":2534,"fs":250,"leads_off":false,"bpm":null,"samples":[2114,2112,2102,2085,2085,2069,2055,2056,2047,2049,2038,2037,2039,2033,2033,2030,2025,2033,2033,2046,2029,2029,2028,2021,2027]}
1.315	{"type":"imu","dev":"node-01","seq":13,"t0":2534,"fs":100,"samples":[[0.0634,1.144,-0.0034,35.95,12.33,12.34,-3.17,90.17],[0.0711,1.1192,-0.0011,37.31,10.87,11.27,-3.64,90.06],[0.0759,1.0997,0.003,38.66,9.49,10.31,-3.95,89.84],[0.0843,1.0793,-0.0041,38.26,8.63,8.33,-4.47,90.22],[0.078,1.0605,-0.0035,39.5,7.55,8.05,-4.21,90.19],[0.0811,1.0465,0.0027,39.92,4.68,4.57,-4.43,89.85],[0.0791,1.0336,-0.0036,40.86,3.76,5.45,-4.38,90.2],[0.0738,1.0254,-0.0032,40.52,3.08,3.42,-4.11,90.18],[0.0818,1.0109,-0.0029,40.7,0.28,2.42,-4.63,90.16],[0.0808,1.002,0.0031,40.9,-0.83,0.08,-4.61,89.82]]}
1.411	{"type":"ecg","dev":"node-01","seq":14,"t0":2634,"fs":250,"leads_off":false,"bpm":null,"samples":[2036,2035,2040,2030,2033,2025,2024,2032,2032,2021,2033,2036,2022,2028,2040,2024,2033,2034,2030,2030,2032,2030,2029,2019,2029]}
1.413	{"type":"imu","dev":"node-01","seq":14,"t0":2634,"fs":100,"samples":[[0.0767,0.9978,0.0089,41.68,-3.76,-0.57,-4.39,89.49],[0.0799,0.9765,-0.0049,41.45,-4.67,-2.52,-4.68,90.29],[0.079,0.9725,-0.0107,41.2,-6.38,-4.08,-4.65,90.63],[0.0803,0.9566,-0.0092,40.43,-7.6,-5.78,-4.8,90.55],[0.0742,0.9333,0.0031,40.28,-9.31,-6.86,-4.55,89.81],[0.0694,0.9194,-0.0041,38.85,-9.49,-7.44,-4.32,90.25],[0.0775,0.899,0.0033,37.65,-12.05,-8.92,-4.93,89.79],[0.0713,0.8916,0.0008,36.91,-12.34,-11.15,-4.57,89.95],[0.0723,0.8654,-0.0005,35.75,-13.1,-12.38,-4.78,90.04],[0.0688,0.8336,0.0012,34.44,-14.15,-12.75,-4.72,89.92]]}
1.512	{"type":"ecg","dev":"node-01","seq":15,"t0":2734,"fs":250,"leads_off":false,"bpm":null,"samples":[2038,2032,2034,2033,2018,2020,2020,2025,2029,2026,2032,2025,2032,2027,2028,2025,2029,2027,2017,2026,2030,2029,2018,2018,2021]}
1.514	{"type":"imu","dev":"node-01","seq":15,"t0":2734,"fs":100,"samples":[[0.0019,1.0081,0.0062,1.61,-0.03,0.79,-0.11,89.65],[-0.0045,1.0069,-0.0018,1.06,-0.99,0.45,0.26,90.1],[0.0002,1.0067,-0.0013,1.92,-0.33,0.46,-0.01,90.07],[0.0015,1.0003,-0.0009,0.75,-1.01,0.45,-0.09,90.05],[0.0013,1.0002,-0.0032,1.29,-0.55,-0.12,-0.07,90.18],[-0.005,0.9982,-0.0,1.37,-0.59,0.12,0.29,90.0],[0.0038,0.9933,-0.0013,1.03,-0.37,-0.06,-0.22,90.07],[0.0001,1.0052,-0.002,1.19,-0.15,0.06,-0.0,90.12],[0.0017,0.9989,0.0019,1.08,-0.88,0.13,-0.1,89.89],[0.002,1.0024,0.002,2.01,-1.21,0.9,-0.12,89.88]]}
1.612	{"type":"ecg","dev":"node-01","seq":16,"t0":2834,"fs":250,"leads_off":false,"bpm":null,"samples":[2022,2031,2016,2010,2010,2022,2032,2019,2017,2023,2030,2027,2026,2026,2018,2020,2022,2030,2006,2016,2021,2017,2018,2017,2012]}
1.614	{"type":"imu","dev":"node-01","seq":16,"t0":2834,"fs":100,"samples":[[0.002,1.0075,-0.0014,1.42,-0.24,0.17,-0.11,90.08],[-0.0004,0.9971,0.0063,2.06,-0.9,1.5,0.02,89.64],[0.0034,0.9949,0.002,1.33,-0.55,0.84,-0.2,89.89],[-0.0018,1.0067,0.0013,2.15,-0.86,-0.75,0.1,89.93],[0.0076,1.0044,-0.0074,0.9,-1.2,0.97,-0.44,90.42],[-0.0025,1.0067,-0.002,1.68,-1.11,-0.1,0.14,90.12],[0.0024,1.0011,0.0021,0.37,-1.32,0.33,-0.14,89.88],[0.0079,1.0036,-0.0067,-0.37,0.13,0.67,-0.45,90.38],[-0.0051,1.0059,0.0034,2.27,-0.7,0.25,0.29,89.81],[0.0033,0.9965,-0.0018,0.7,-1.09,-0.14,-0.19,90.1]]}
1.711	{"type":"ecg","dev":"node-01","seq":17,"t0":2934,"fs":250,"leads_off":false,"bpm":null,"samples":[2010,2008,2019,2024,2022,2023,2033,2037,2040,2055,2064,2060,2081,2103,2098,2102,2103,2109,2099,2090,2073,2074,2054,2038,2033]}
1.713	{"type":"imu","dev":"node-01","seq":17,"t0":2934,"fs":100,"samples":[[0.0022,1.0029,0.0029,1.05,-0.45,0.7,-0.12,89.83],[-0.0005,0.9987,0.0008,1.59,-1.61,0.6,0.03,89.95],[-0.0026,1.0094,0.0073,1.06,-0.41,0.7,0.15,89.58],[0.0071,0.9981,0.0029,1.6,-1.34,1.13,-0.41,89.83],[0.0034,1.0022,-0.0,0.16,-0.16,0.67,-0.2,90.0],[-0.0042,0.9946,-0.0096,1.81,-0.72,0.73,0.24,90.55],[0.0036,1.0053,0.0023,1.47,-0.74,0.66,-0.21,89.87],[0.0035,1.0006,0.0062,1.02,-0.58,1.64,-0.2,89.64],[0.0113,1.002,0.003,1.28,-0.86,0.48,-0.65,89.83],[0.0002,0.9996,0.0004,1.08,-1.14,0.44,-0.01,89.97]]}
1.812	{"type":"ecg","dev":"node-01","seq":18,"t0":3034,"fs":250,"leads_off":false,"bpm":null,"samples":[2023,2024,2012,2022,2015,2016,2009,2006,2015,2001,1987,1982,2053,2258,2538,2702,2608,2300,2023,1898,1916,1960,1986,1992,2016]}
1.814	{"type":"imu","dev":"node-01","seq":18,"t0":3034,"fs":100,"samples":[[-0.0022,0.9966,-0.002,0.63,-0.8,0.22,0.13,90.11],[-0.0047,1.0039,-0.0034,0.27,-0.63,0.23,0.27,90.2],[-0.0044,0.9944,-0.0028,0.9,-1.04,0.25,0.25,90.16],[0.0051,1.0053,0.0013,1.48,-1.03,-0.23,-0.29,89.93],[0.0021,1.0065,-0.0028,0.85,-1.15,-0.16,-0.12,90.16],[0.0022,0.9966,0.0055,2.03,-0.76,0.48,-0.13,89.68],[-0.0034,1.0045,0.0003,0.46,-1.27,0.73,0.19,89.98],[-0.002,1.0026,0.001,1.92,-0.85,1.03,0.11,89.94],[0.0044,1.006,-0.0014,1.34,0.47,0.4,-0.25,90.08],[-0.0024,1.0012,-0.0047,0.77,-1.01,0.36,0.14,90.27]]}
1.913	{"type":"ecg","dev":"node-01","seq":19,"t0":3134,"fs":250,"leads_off":false,"bpm":null,"samples":[2012,1994,2008,2009,2007,2012,2001,1998,1998,2004,2010,2004,2007,2013,2003,2005,2005,2004,2002,2000,2012,2021,2020,2013,2026]}
1.915	{"type":"imu","dev":"node-01","seq":19,"t0":3134,"fs":100,"samples":[[-0.0035,1.0003,-0.0042,0.8,-0.97,1.11,0.2,90.24],[-0.0001,1.0012,-0.0006,1.4,-1.39,0.53,0.01,90.04],[0.0046,0.9957,-0.0,-0.31,-0.84,0.98,-0.26,90.0],[0.0002,1.0023,-0.0048,1.14,-0.02,1.32,-0.01,90.27],[0.0015,1.0002,0.0014,1.2,-0.91,-0.47,-0.09,89.92],[0.0005,1.0005,-0.0035,1.09,-0.73,0.51,-0.03,90.2],[0.0006,1.0028,-0.0014,1.81,-0.8,0.86,-0.04,90.08],[0.002,1.0083,0.0004,1.83,-1.23,0.63,-0.12,89.98],[-0.0006,1.0005,0.0023,1.86,-0.77,0.15,0.03,89.87],[0.0039,1.0078,0.0058,1.71,-0.6,0.3,-0.22,89.67]]}
2.010	{"type":"ecg","dev":"node-01","seq":20,"t0":3234,"fs":250,"leads_off":false,"bpm":null,"samples":[2039,2048,2055,2072,2074,2089,2109,2112,2138,2152,2163,2172,2197,2191,2202,2209,2205,2210,2199,2193,2182,2174,2153,2148,2134]}
2.012	{"type":"imu","dev":"node-01","seq":20,"t0":3234,"fs":100,"samples":[[-0.0042,0.994,-0.0053,0.8,-0.46,0.53,0.24,90.31],[0.0075,1.0062,-0.0061,1.01,-0.95,1.3,-0.43,90.35],[0.0031,1.0036,-0.0033,2.22,-1.35,0.51,-0.18,90.19],[-0.0038,0.9962,0.001,0.75,-0.46,0.76,0.22,89.94],[0.0002,1.0023,0.0045,1.75,-1.37,0.83,-0.01,89.74],[0.0036,0.9982,-0.0015,1.8,-0.47,0.57,-0.21,90.09],[0.0057,1.0033,0.0069,1.01,-0.31,-0.49,-0.33,89.6],[-0.0026,1.0062,-0.0039,1.12,-0.97,0.74,0.15,90.22],[0.0046,1.0059,-0.0006,1.37,-0.36,1.08,-0.26,90.03],[-0.0011,1.0049,-0.0058,1.34,-1.49,0.27,0.06,90.33]]}
2.114	{"type":"ecg","dev":"node-01","seq":21,"t0":3334,"fs":250,"leads_off":false,"bpm":null,"samples":[2108,2100,2083,2069,2066,2051,2036,2028,2032,2011,2014,2003,2002,2006,1992,1996,1992,1995,1995,1992,1987,1989,1993,1975,1987]}
2.116	{"type":"imu","dev":"node-01","seq":21,"t0":3334,"fs":100,"samples":[[-0.0084,0.9973,-0.0041,1.06,-0.34,0.02,0.48,90.24],[-0.0047,1.0001,-0.0026,1.62,-0.5,0.65,0.27,90.15],[0.0002,0.9971,0.0006,1.49,-0.9,0.62,-0.01,89.96],[-0.0035,1.0034,-0.0035,0.3,-0.19,0.87,0.2,90.2],[0.0012,1.0026,-0.0068,0.77,-1.49,-0.78,-0.07,90.39],[0.0035,0.9995,-0.0011,1.22,-0.35,0.65,-0.2,90.06],[-0.002,0.9982,0.0032,1.38,-0.83,-0.15,0.12,89.82],[0.0055,0.9988,0.004,0.79,-1.31,0.56,-0.31,89.77],[0.0013,0.9995,-0.0043,0.37,-0.49,0.54,-0.07,90.25],[-0.0016,1.0019,0.0015,0.87,-1.0,1.04,0.09,89.91]]}
2.214	{"type":"ecg","dev":"node-01","seq":22,"t0":3434,"fs":250,"leads_off":false,"bpm":null,"samples":[1985,1995,1993,1988,1990,1984,1980,1992,1978,1982,1978,1979,1982,1989,1978,1988,1972,1978,1978,1987,1990,1968,1982,1991,1982]}
2.216	{"type":"imu","dev":"node-01","seq":22,"t0":3434,"fs":100,"samples":[[0.0066,1.0034,0.0011,0.5,-1.13,1.27,-0.38,89.93],[-0.0035,0.9944,-0.0018,1.83,-0.75,-0.26,0.2,90.1],[-0.0025,1.0013,0.0046,1.96,-0.54,0.73,0.14,89.74],[-0.0039,0.9963,-0.0054,1.13,-0.6,0.52,0.22,90.31],[-0.0038,1.0008,0.0037,1.82,-1.88,-0.71,0.21,89.79],[-0.0043,1.0006,0.0041,1.56,-0.78,0.62,0.25,89.76],[-0.001,0.9957,-0.0039,2.78,-0.92,0.78,0.06,90.23],[0.0022,1.0019,-0.0002,1.67,0.2,0.18,-0.12,90.01],[-0.0023,0.9943,-0.0014,0.59,-0.63,0.83,0.13,90.08],[0.0048,1.0034,-0.0015,1.3,-1.2,0.53,-0.28,90.09]]}
2.311	{"type":"ecg","dev":"node-01","seq":23,"t0":3534,"fs":250,"leads_off":false,"bpm":null,"samples":[1982,1985,1985,1975,1972,1975,1976,1982,1974,1980,1977,1978,1976,1974,1982,1981,1984,1979,1976,1983,1992,1971,1978,1985,1971]}
2.313	{"type":"imu","dev":"node-01","seq":23,"t0":3534,"fs":100,"samples":[[0.0025,1.003,0.0029,1.98,-1.64,0.19,-0.14,89.83],[0.0084,1.0018,0.001,2.17,-1.78,0.88,-0.48,89.94],[0.0011,0.9989,-0.0091,1.43,-1.38,0.63,-0.06,90.52],[0.0026,1.0023,-0.0075,1.66,-0.83,-0.07,-0.15,90.43],[0.0013,0.9998,0.0054,1.08,-0.66,1.4,-0.08,89.69],[0.0009,1.0022,0.0013,1.04,-0.67,0.6,-0.05,89.92],[0.0022,1.001,-0.0014,1.56,-0.22,0.55,-0.13,90.08],[-0.0062,1.0,-0.0017,1.82,-1.12,1.27,0.35,90.1],[0.0021,1.0019,-0.0042,1.39,-1.4,0.35,-0.12,90.24],[-0.003,1.0045,0.0049,1.01,-1.33,-0.1,0.17,89.72]]}
2.412	{"type":"ecg","dev":"node-01","seq":24,"t0":3634,"fs":250,"leads_off":false,"bpm":null,"samples":[1970,1972,1970,1976,1971,1974,1975,1979,1971,1972,1976,1961,1974,1968,1978,1971,1968,1979,1969,1967,1975,1960,1971,1976,1964]}
2.414	{"type":"imu","dev":"node-01","seq":24,"t0":3634,"fs":100,"samples":[[0.0037,0.9964,-0.0022,0.38,-0.11,1.16,-0.21,90.13],[-0.0014,0.999,-0.0075,1.23,-0.62,0.12,0.08,90.43],[-0.0025,0.9967,-0.0032,0.37,-0.43,0.93,0.15,90.19],[0.0023,1.0003,0.0041,1.04,-2.27,0.51,-0.13,89.77],[-0.0022,0.9928,0.0019,0.7,-1.39,1.68,0.13,89.89],[-0.0016,0.998,0.0023,1.49,-0.86,0.75,0.09,89.87],[-0.0004,0.9955,-0.0011,1.5,-0.46,0.71,0.02,90.06],[-0.006,0.9964,0.002,1.0,-0.56,0.56,0.34,89.89],[0.0047,0.9882,0.0006,1.72,-0.47,0.25,-0.27,89.96],[-0.0009,0.9958,0.0017,1.56,-1.09,1.02,0.05,89.9]]}
2.513	{"type":"ecg","dev":"node-01","seq":25,"t0":3734,"fs":250,"leads_off":false,"bpm":null,"samples":[1974,1978,1965,1975,1984,1982,1974,1987,1982,1988,2000,2002,1998,2022,2032,2046,2053,2061,2057,2053,2047,2052,2044,2023,2026]}
2.515	{"type":"imu","dev":"node-01","seq":25,"t0":3734,"fs":100,"samples":[[-0.0033,0.9992,-0.0026,1.1,-0.46,0.65,0.19,90.15],[0.0059,0.9979,-0.0053,1.39,-0.95,0.43,-0.34,90.31],[0.0029,0.9903,0.0042,1.23,-0.68,-0.01,-0.17,89.75],[0.0039,0.9923,-0.0046,0.28,-0.68,-0.15,-0.23,90.27],[0.0042,0.9983,-0.0018,0.64,-1.2,0.26,-0.24,90.1],[0.0016,0.9944,-0.0027,0.79,-0.74,0.58,-0.09,90.16],[0.0023,0.9993,-0.0009,1.22,0.01,0.87,-0.13,90.05],[0.0042,0.9964,-0.0053,1.33,-0.29,0.86,-0.24,90.31],[-0.0044,0.9883,-0.0031,0.71,-1.73,1.09,0.26,90.18],[-0.0045,0.9961,-0.0004,0.67,-0.19,0.77,0.26,90.03]]}
2.610	{"type":"ecg","dev":"node-01","seq":26,"t0":3834,"fs":250,"leads_off":false,"bpm":null,"samples":[2005,1999,1999,1990,1984,1979,1977,1972,1971,1964,1963,1971,1949,1936,1945,2054,2294,2569,2658,2476,2162,1947,1846,1895,1919]}
2.612	{"type":"imu","dev":"node-01","seq":26,"t0":3834,"fs":100,"samples":[[0.0007,0.9965,0.0025,1.05,-1.33,0.23,-0.04,89.86],[-0.0013,0.9909,-0.0004,1.25,-1.54,-0.15,0.07,90.02],[0.0031,0.993,-0.0026,0.91,-1.11,0.76,-0.18,90.15],[0.0009,1.005,-0.0014,1.38,-1.14,0.97,-0.05,90.08],[-0.006,0.9933,-0.0009,2.57,0.29,1.48,0.35,90.05],[-0.0001,0.9905,0.0022,1.73,-1.13,1.47,0.0,89.87],[0.0077,0.9899,-0.0016,1.07,-0.93,0.42,-0.45,90.09],[0.0001,0.9955,0.0102,0.97,-1.4,1.08,-0.01,89.42],[0.0039,0.992,-0.0035,0.77,-1.86,-0.15,-0.23,90.2],[0.0018,0.9912,-0.001,1.06,-1.09,0.73,-0.1,90.06]]}
2.711	{"type":"ecg","dev":"node-01","seq":27,"t0":3934,"fs":250,"leads_off":false,"bpm":null,"samples":[1953,1956,1962,1964,1960,1970,1973,1968,1966,1960,1956,1963,1966,1959,1961,1966,1960,1965,1964,1962,1964,1962,1972,1975,1974]}
2.713	{"type":"imu","dev":"node-01","seq":27,"t0":3934,"fs":100,"samples":[[0.0001,0.9954,-0.0049,0.49,-1.68,0.92,-0.01,90.28],[-0.0023,0.9994,0.0103,0.39,-0.71,0.15,0.13,89.41],[0.0036,0.995,0.0024,0.87,-0.72,0.88,-0.21,89.86],[-0.004,0.986,-0.0019,1.17,-1.23,-0.48,0.24,90.11],[0.0,0.9961,-0.0026,2.0,-1.3,-1.09,-0.0,90.15],[0.0057,0.992,-0.0015,0.75,0.03,0.69,-0.33,90.08],[-0.0077,0.9984,0.0053,1.93,-1.44,-0.33,0.44,89.69],[-0.0013,0.9922,-0.0018,1.18,-0.77,1.15,0.07,90.1],[0.0017,0.9996,-0.0033,0.67,-0.38,0.17,-0.09,90.19],[-0.004,0.9948,0.0002,0.5,-0.54,0.41,0.23,89.99]]}
2.811	{"type":"ecg","dev":"node-01","seq":28,"t0":4034,"fs":250,"leads_off":false,"bpm":null,"samples":[1980,1995,1991,1999,2010,2029,2032,2057,2067,2080,2094,2111,2120,2116,2144,2152,2154,2156,2171,2163,2167,2157,2156,2138,2134]}
2.813	{"type":"imu","dev":"node-01","seq":28,"t0":4034,"fs":100,"samples":[[-0.0002,0.9944,-0.001,1.33,-2.12,-0.46,0.01,90.06],[0.0004,0.9963,0.001,1.37,-1.29,1.15,-0.02,89.95],[0.003,0.9975,-0.001,0.85,-1.1,0.69,-0.17,90.06],[0.0004,0.9994,0.001,0.98,-0.22,-0.21,-0.02,89.94],[-0.0054,0.9976,-0.0019,0.49,-1.54,0.5,0.31,90.11],[0.0054,1.0018,-0.0004,1.07,-1.21,1.44,-0.31,90.02],[-0.0004,0.9946,0.003,1.77,-0.78,1.11,0.02,89.82],[-0.005,0.9979,0.0024,1.41,-0.47,0.59,0.29,89.86],[0.0023,0.9877,-0.0029,1.63,-1.35,0.06,-0.13,90.17],[0.008,0.9963,0.0011,1.39,0.06,0.37,-0.46,89.94]]}
2.913	{"type":"ecg","dev":"node-01","seq":29,"t0":4134,"fs":250,"leads_off":false,"bpm":null,"samples":[2114,2100,2085,2077,2055,2049,2035,2023,2019,2000,1986,2002,1982,1969,1974,1971,1971,1967,1971,1966,1959,1958,1964,1961,1960]}
2.915	{"type":"imu","dev":"node-01","seq":29,"t0":4134,"fs":100,"samples":[[0.0021,0.9852,0.0015,1.25,-1.21,0.63,-0.12,89.91],[0.0002,1.0041,0.0009,1.51,-0.22,0.11,-0.01,89.95],[-0.0023,0.9906,0.0109,1.42,-0.45,0.56,0.13,89.37],[-0.0075,0.9972,0.0005,1.18,-0.74,0.57,0.43,89.97],[0.0058,1.0027,0.0043,1.52,-0.78,0.56,-0.33,89.75],[-0.0006,0.9991,-0.0078,0.93,-1.41,0.38,0.03,90.45],[-0.0005,0.9985,-0.004,1.26,-0.52,0.3,0.03,90.23],[0.0013,0.9962,-0.0012,1.52,-1.62,1.12,-0.07,90.07],[-0.0007,0.9907,0.004,0.31,-0.1,0.8,0.04,89.77],[0.0028,0.999,-0.0024,1.45,-0.48,0.59,-0.16,90.14]]}
3.013	{"type":"ecg","dev":"node-01","seq":30,"t0":4234,"fs":250,"leads_off":false,"bpm":75.1,"samples":[1972,1956,1967,1961,1962,1966,1956,1959,1965,1963,1970,1963,1960,1959,1963,1949,1967,1962,1956,1960,1963,1953,1965,1947,1969]}
3.015	{"type":"imu","dev":"node-01","seq":30,"t0":4234,"fs":100,"samples":[[-0.0011,0.9993,0.0014,0.61,-0.71,-0.12,0.06,89.92],[0.0055,0.9893,-0.0038,0.08,-0.38,-0.47,-0.32,90.22],[0.0099,0.9924,-0.0016,1.03,-0.96,0.24,-0.57,90.09],[-0.005,0.9965,-0.0015,0.62,-0.48,1.29,0.29,90.09],[0.0025,1.0006,-0.0033,1.31,-2.0,-0.07,-0.14,90.19],[0.0013,1.0006,-0.0039,1.09,-0.14,0.61,-0.08,90.22],[-0.0077,0.9977,0.0018,0.9,-1.53,0.43,0.44,89.9],[-0.0046,0.9885,0.0068,1.19,-0.39,0.71,0.27,89.61],[0.0003,0.9919,-0.0042,1.36,0.01,0.73,-0.02,90.24],[0.0034,0.9915,-0.0053,0.33,-0.53,-0.23,-0.2,90.3]]}
3.030	{"type":"imu","dev":"node-01","seq":999999,"samples":"oops"}
3.030	{"type":"ecg","dev":"node-01","sam
3.112	{"type":"ecg","dev":"node-01","seq":31,"t0":4334,"fs":250,"leads_off":false,"bpm":72.5,"samples":[1962,1953,1957,1962,1960,1962,1960,1958,1967,1954,1954,1973,1962,1962,1976,1954,1970,1961,1960,1955,1961,1966,1961,1958,1964]}
3.114	{"type":"imu","dev":"node-01","seq":31,"t0":4334,"fs":100,"samples":[[-0.0054,0.9947,0.004,2.01,-0.59,1.66,0.31,89.77],[-0.0049,0.9866,-0.0071,1.56,-1.43,0.01,0.29,90.41],[-0.0041,0.9986,-0.0005,1.65,-0.62,0.41,0.23,90.03],[0.0033,0.9903,0.0022,1.65,-0.5,-0.01,-0.19,89.87],[-0.0047,0.9959,0.0058,2.55,-0.8,0.09,0.27,89.67],[-0.0036,1.0012,0.0035,0.74,-0.91,0.96,0.21,89.8],[-0.008,0.9938,-0.0008,0.86,-0.07,0.59,0.46,90.05],[-0.0007,1.0043,0.0071,2.62,-0.68,0.14,0.04,89.59],[0.0074,0.9969,0.0018,1.38,-1.03,0.7,-0.42,89.9],[0.0042,0.999,-0.004,0.48,-0.65,0.56,-0.24,90.23]]}
3.212	{"type":"ecg","dev":"node-01","seq":32,"t0":4434,"fs":250,"leads_off":false,"bpm":72.9,"samples":[1961,1957,1959,1960,1972,1955,1967,1960,1972,1968,1957,1964,1954,1967,1962,1956,1963,1966,1978,1968,1965,1963,1950,1955,1950]}
3.214	{"type":"imu","dev":"node-01","seq":32,"t0":4434,"fs":100,"samples":[[-0.0049,0.9947,-0.0075,1.45,-0.58,0.84,0.28,90.43],[-0.001,0.9897,-0.0059,0.99,-1.64,0.2,0.06,90.34],[0.0074,0.9988,0.0031,0.42,-0.75,0.69,-0.43,89.82],[0.0003,0.9947,0.0017,1.66,-1.09,0.05,-0.02,89.9],[-0.0022,1.0021,-0.0071,1.37,-0.92,-0.16,0.13,90.4],[-0.0044,1.0007,-0.0025,0.89,-0.74,0.61,0.25,90.14],[0.0,0.9952,0.0063,0.69,-0.44,0.32,-0.0,89.64],[0.0107,0.9991,-0.0015,1.02,-0.64,0.21,-0.61,90.09],[0.0018,0.9959,-0.0034,1.15,-0.91,0.31,-0.1,90.2],[-0.0055,0.9947,0.0066,1.91,-1.62,0.32,0.32,89.62]]}
3.314	{"type":"ecg","dev":"node-01","seq":33,"t0":4534,"fs":250,"leads_off":false,"bpm":74.9,"samples":[1958,1964,1959,1972,1958,1961,1956,1977,1971,1961,1975,1972,1976,1987,1985,2008,2017,2037,2033,2039,2048,2053,2061,2065,2048]}
3.316	{"type":"imu","dev":"node-01","seq":33,"t0":4534,"fs":100,"samples":[[-0.0055,0.9959,0.0011,0.93,-1.52,0.16,0.32,89.94],[-0.0095,0.991,-0.0002,1.95,-0.71,0.01,0.55,90.01],[0.0038,0.995,0.0015,1.44,-1.95,1.42,-0.22,89.91],[0.0074,0.9922,-0.0025,0.69,-1.23,-0.03,-0.43,90.14],[0.0038,0.9954,-0.005,1.71,-0.53,-0.27,-0.22,90.29],[0.003,1.0014,-0.0004,1.6,-0.8,0.57,-0.17,90.02],[0.0044,1.0007,0.0005,0.97,-0.27,0.32,-0.25,89.97],[0.0002,0.9955,0.0064,1.64,-0.69,0.58,-0.01,89.63],[-0.0007,0.9957,-0.0063,1.67,-0.07,1.13,0.04,90.36],[0.0092,0.9909,-0.0056,0.59,-0.45,1.05,-0.53,90.32]]}
3.410	{"type":"ecg","dev":"node-01","seq":34,"t0":4634,"fs":250,"leads_off":false,"bpm":73.2,"samples":[2038,2023,2017,1999,1985,1987,1979,1973,1983,1961,1972,1968,1977,1970,1968,1957,1942,1967,2117,2396,2645,2635,2398,2078,1908]}
3.412	{"type":"imu","dev":"node-01","seq":34,"t0":4634,"fs":100,"samples":[[0.0069,0.9924,-0.0054,0.16,-0.86,0.94,-0.4,90.31],[-0.0014,0.9964,-0.0017,0.52,-0.49,0.43,0.08,90.1],[0.0038,0.997,-0.0027,1.44,-0.93,0.62,-0.22,90.16],[0.0054,0.9978,0.0076,1.04,-0.6,0.24,-0.31,89.56],[-0.0037,0.9955,-0.0014,1.6,-0.66,0.17,0.21,90.08],[-0.0003,0.9989,0.0073,1.22,-0.34,1.71,0.01,89.58],[-0.0102,0.9973,-0.0022,1.22,-1.02,0.62,0.58,90.13],[-0.0031,0.9979,0.0041,1.66,-0.22,0.83,0.18,89.76],[-0.0053,0.9978,-0.0023,1.07,0.14,0.12,0.31,90.13],[0.0059,0.9951,-0.0009,1.4,0.31,1.05,-0.34,90.05]]}
3.511	{"type":"ecg","dev":"node-01","seq":35,"t0":4734,"fs":250,"leads_off":false,"bpm":72.7,"samples":[1857,1917,1945,1967,1962,1971,1985,1981,1977,1971,1968,1975,1970,1987,1971,1971,1979,1977,1970,1968,1972,1987,1976,1980,1989]}
3.513	{"type":"imu","dev":"node-01","seq":35,"t0":4734,"fs":100,"samples":[[0.0026,0.9899,0.0008,1.76,-1.03,0.84,-0.15,89.96],[0.0053,0.9982,0.0023,1.11,-0.78,-0.36,-0.3,89.87],[-0.0076,0.9955,-0.0049,1.52,-0.54,0.62,0.44,90.28],[-0.0066,0.9933,-0.0092,1.39,-1.31,0.52,0.38,90.53],[0.0019,0.9886,0.0048,0.77,-0.71,0.92,-0.11,89.72],[-0.001,0.997,-0.0021,2.04,-0.8,1.22,0.06,90.12],[-0.0007,0.9995,-0.0018,1.58,-0.88,0.92,0.04,90.1],[0.0046,0.9949,-0.0031,1.21,-1.02,1.37,-0.26,90.18],[-0.0011,0.9995,-0.0045,1.69,0.08,0.16,0.07,90.26],[-0.0024,0.9977,0.0009,1.11,-1.96,-0.16,0.14,89.95]]}
3.613	{"type":"ecg","dev":"node-01","seq":36,"t0":4834,"fs":250,"leads_off":false,"bpm":73.7,"samples":[1981,1988,1991,2000,1998,2006,2021,2031,2041,2059,2058,2085,2094,2110,2132,2141,2158,2174,2175,2172,2185,2188,2191,2182,2182]}
3.615	{"type":"imu","dev":"node-01","seq":36,"t0":4834,"fs":100,"samples":[[0.001,1.0035,-0.0017,0.94,-1.21,-0.51,-0.06,90.1],[0.0034,1.0013,-0.0,0.71,-1.1,0.67,-0.2,90.0],[0.0046,1.0038,0.0038,0.6,-0.39,0.57,-0.26,89.78],[-0.0029,1.009,-0.0038,1.01,-0.78,0.02,0.16,90.22],[-0.0046,0.9992,0.0068,1.12,-0.42,1.1,0.27,89.61],[0.0028,0.9981,-0.0062,1.06,-0.41,0.79,-0.16,90.35],[0.0008,0.9979,0.0027,1.69,-0.67,1.09,-0.05,89.84],[0.0003,1.0019,0.0001,1.44,-0.63,0.44,-0.02,90.0],[-0.0015,0.9992,-0.0059,0.81,-1.28,0.44,0.08,90.34],[-0.0028,0.9975,0.0004,1.72,-0.79,-0.46,0.16,89.98]]}
3.713	{"type":"ecg","dev":"node-01","seq":37,"t0":4934,"fs":250,"leads_off":false,"bpm":74.1,"samples":[2162,2175,2155,2132,2127,2110,2096,2073,2069,2059,2036,2035,2031,2018,2006,2003,2005,2000,1994,1988,1986,1988,1982,1991,2000]}
3.715	{"type":"imu","dev":"node-01","seq":37,"t0":4934,"fs":100,"samples":[[0.0028,0.9986,0.0017,1.58,-0.43,1.11,-0.16,89.9],[-0.0031,0.9957,-0.0003,1.91,-1.41,1.1,0.18,90.02],[0.0042,0.9935,0.0031,1.04,-0.5,0.09,-0.24,89.82],[0.0035,0.994,-0.0007,1.59,-0.44,0.05,-0.2,90.04],[0.003,1.0027,0.0009,1.34,-0.86,1.36,-0.17,89.95],[0.0021,1.0062,0.0035,1.31,-0.04,0.52,-0.12,89.8],[-0.0053,0.9939,0.0035,0.2,-1.22,0.72,0.3,89.8],[-0.0036,0.9957,0.0015,1.7,-1.61,1.16,0.21,89.91],[0.0056,1.0018,-0.0024,0.13,-1.51,0.17,-0.32,90.14],[0.0058,1.0044,0.0052,1.42,-0.53,0.73,-0.33,89.7]]}
3.811	{"type":"ecg","dev":"node-01","seq":38,"t0":5034,"fs":250,"leads_off":false,"bpm":74.3,"samples":[1981,1994,1988,1991,1984,1994,1993,1978,1979,1999,1986,1988,1981,1990,1991,1988,1999,1990,1996,1992,1993,1991,1989,2001,2000]}
3.813	{"type":"imu","dev":"node-01","seq":38,"t0":5034,"fs":100,"samples":[[0.0046,0.9979,0.0072,1.49,-0.65,0.56,-0.26,89.58],[-0.0054,0.9997,0.0039,1.38,-1.05,1.04,0.31,89.78],[0.0019,1.0006,0.0058,1.21,-0.48,-0.46,-0.11,89.67],[-0.0066,0.989,-0.0031,2.03,-0.84,0.07,0.38,90.18],[-0.0017,1.0033,0.0023,1.48,-0.22,-0.08,0.1,89.87],[0.0021,0.9945,-0.0023,1.77,-1.08,1.27,-0.12,90.14],[0.0056,0.9989,-0.0038,0.6,-0.58,-0.08,-0.32,90.22],[0.0037,1.0005,-0.0,2.52,-1.55,0.86,-0.21,90.0],[-0.0034,0.9969,-0.0038,1.0,-0.59,0.67,0.19,90.22],[0.0043,0.9988,0.0027,0.88,-1.06,0.61,-0.25,89.85]]}
3.911	{"type":"ecg","dev":"node-01","seq":39,"t0":5134,"fs":250,"leads_off":false,"bpm":75.3,"samples":[1991,1990,1996,1998,1988,1998,1996,1993,1990,1994,2000,2006,1997,1994,2001,2003,2002,1996,1983,1999,1998,1992,1999,1993,1997]}
3.913	{"type":"imu","dev":"node-01","seq":39,"t0":5134,"fs":100,"samples":[[-0.0036,0.997,0.0047,1.06,-0.1,0.54,0.2,89.73],[0.0057,0.9982,0.0024,2.11,0.14,0.72,-0.33,89.86],[0.0051,1.0053,0.001,1.45,-0.81,1.09,-0.29,89.94],[-0.0017,0.9951,0.0088,1.72,-0.55,0.09,0.1,89.5],[0.004,1.0006,0.0097,0.91,-0.64,0.79,-0.23,89.45],[0.0036,0.9992,-0.0031,0.12,-0.39,-0.3,-0.21,90.18],[-0.0055,0.995,0.0008,2.28,-0.74,0.75,0.32,89.95],[0.0015,0.9876,0.0003,0.5,-0.28,0.83,-0.09,89.98],[0.0022,1.0044,-0.0019,1.35,-1.65,0.26,-0.12,90.11],[-0.0005,0.9978,0.0085,0.75,-1.67,1.57,0.03,89.51]]}
4.014	{"type":"ecg","dev":"node-01","seq":40,"t0":5234,"fs":250,"leads_off":false,"bpm":74.9,"samples":[1990,2006,2005,2003,2005,2001,1994,2010,2000,2000,2005,1993,2001,2006,2002,1989,2005,2009,1996,2018,2006,2005,2008,2011,2007]}
4.016	{"type":"imu","dev":"node-01","seq":40,"t0":5234,"fs":100,"samples":[[-0.0002,0.9917,-0.0013,1.98,-0.98,0.5,0.01,90.08],[0.0088,1.0119,0.0009,0.86,-0.59,0.94,-0.5,89.95],[-0.0032,0.9976,0.0022,0.87,-0.62,-0.03,0.18,89.87],[-0.0005,1.0002,0.0004,1.71,-0.09,0.21,0.03,89.98],[-0.0088,1.0057,0.0074,1.55,-1.1,1.88,0.5,89.58],[-0.0032,1.0032,-0.0042,1.4,-1.01,0.68,0.19,90.24],[0.0016,0.9969,-0.0095,1.29,-0.55,1.27,-0.09,90.55],[-0.0054,1.0012,0.0007,1.13,-0.41,0.78,0.31,89.96],[0.0001,1.0012,-0.0012,0.44,-0.58,0.4,-0.01,90.07],[-0.0034,1.0034,0.0031,0.85,-0.38,0.35,0.19,89.82]]}
4.112	{"type":"ecg","dev":"node-01","seq":41,"t0":5334,"fs":250,"leads_off":false,"bpm":74.9,"samples":[2012,2010,2006,2011,2001,2008,2005,2008,2008,2010,2006,2009,2003,2016,2007,2029,2046,2041,2052,2066,2079,2091,2091,2098,2104]}
4.114	{"type":"imu","dev":"node-01","seq":41,"t0":5334,"fs":100,"samples":[[-0.0025,0.9997,0.0014,0.6,-0.59,-0.25,0.15,89.92],[-0.0034,1.0023,0.002,1.0,-0.01,1.09,0.2,89.89],[-0.0035,0.9923,-0.0117,-0.02,-0.96,0.58,0.2,90.67],[-0.0015,0.9982,-0.003,1.5,-1.08,1.03,0.09,90.17],[-0.0012,1.0,0.0029,0.91,-0.84,0.04,0.07,89.83],[0.0026,1.0034,0.0005,1.62,-1.17,-0.16,-0.15,89.97],[0.0022,1.0068,-0.0018,1.0,-0.95,0.42,-0.13,90.1],[-0.0017,0.9984,-0.008,0.57,-0.97,-0.12,0.1,90.46],[-0.0027,0.9998,-0.0013,1.23,-2.11,0.56,0.16,90.08],[-0.0066,1.001,0.0042,0.83,0.24,1.61,0.38,89.76]]}
4.212	{"type":"ecg","dev":"node-01","seq":42,"t0":5434,"fs":250,"leads_off":false,"bpm":72.8,"samples":[2098,2096,2086,2067,2064,2056,2046,2035,2029,2030,2014,2018,2014,2015,2017,2020,2000,2009,1990,1978,2045,2238,2519,2710,2631]}
4.214	{"type":"imu","dev":"node-01","seq":42,"t0":5434,"fs":100,"samples":[[0.0056,1.0042,-0.0029,1.08,-0.88,1.19,-0.32,90.16],[0.0023,1.0068,0.0013,1.04,-0.41,1.46,-0.13,89.92],[-0.0022,1.0,0.0037,1.13,-0.56,1.19,0.13,89.79],[-0.0017,1.0005,-0.0041,1.38,-0.12,0.53,0.1,90.23],[0.0088,1.0113,-0.0036,1.29,-0.39,0.86,-0.5,90.2],[-0.0034,0.9956,-0.0023,1.34,-0.26,0.61,0.2,90.13],[0.0005,1.0079,-0.0013,0.96,-1.03,0.18,-0.03,90.07],[0.0086,1.0074,-0.0002,1.64,-1.03,0.95,-0.49,90.01],[-0.0054,1.0033,0.0089,1.59,-0.77,-0.68,0.31,89.49],[0.0004,1.0006,0.0015,1.07,-1.53,1.06,-0.02,89.91]]}
4.311	{"type":"ecg","dev":"node-01","seq":43,"t0":5534,"fs":250,"leads_off":false,"bpm":73.6,"samples":[2353,2046,1926,1926,1949,1997,2008,2016,2022,2026,2023,2024,2027,2022,2028,2026,2017,2026,2020,2028,2030,2015,2028,2019,2023]}
4.313	{"type":"imu","dev":"node-01","seq":43,"t0":5534,"fs":100,"samples":[[0.0025,1.0139,0.0013,1.73,-0.08,-0.08,-0.14,89.93],[0.0056,1.0013,-0.0017,2.18,0.29,0.98,-0.32,90.1],[-0.0057,1.0039,0.0038,0.83,-0.39,-0.36,0.33,89.78],[-0.0088,1.0015,0.0,1.49,-1.04,-0.4,0.5,90.0],[-0.0008,1.0026,-0.0026,1.35,-0.53,0.63,0.05,90.15],[-0.0031,0.9997,0.0008,0.86,-1.11,0.26,0.18,89.95],[-0.0005,1.0044,-0.0002,0.79,-1.17,-0.17,0.03,90.01],[-0.0056,1.0002,-0.0008,0.99,-0.71,-0.1,0.32,90.04],[0.0008,1.0005,0.0054,1.45,-1.31,1.86,-0.04,89.69],[-0.0015,1.0064,-0.0029,1.73,-0.5,1.74,0.09,90.16]]}
4.413	{"type":"ecg","dev":"node-01","seq":44,"t0":5634,"fs":250,"leads_off":false,"bpm":73.7,"samples":[2042,2021,2026,2044,2039,2041,2054,2053,2056,2080,2082,2093,2106,2118,2128,2141,2153,2182,2192,2203,2207,2217,2229,2238,2237]}
4.415	{"type":"imu","dev":"node-01","seq":44,"t0":5634,"fs":100,"samples":[[-0.0003,0.9996,0.0,0.39,-1.28,-0.12,0.02,90.0],[0.0009,1.0026,0.0005,0.83,-0.73,0.34,-0.05,89.97],[-0.0014,0.9978,0.0014,1.23,-0.96,0.72,0.08,89.92],[-0.0015,1.0089,-0.0036,2.08,-1.52,0.91,0.08,90.2],[0.0019,0.9996,-0.002,0.66,-1.65,0.63,-0.11,90.11],[0.0033,1.0051,-0.0026,1.92,-0.39,0.32,-0.19,90.15],[0.0051,1.0074,0.0021,1.41,-1.3,-0.06,-0.29,89.88],[0.0052,0.9982,-0.0007,1.54,-0.13,0.51,-0.3,90.04],[-0.0001,1.0007,0.0054,1.78,-0.0,0.75,0.01,89.69],[0.0022,1.0007,0.0006,1.69,-1.13,-0.03,-0.13,89.97]]}
4.511	{"type":"ecg","dev":"node-01","seq":45,"t0":5734,"fs":250,"leads_off":false,"bpm":74.9,"samples":[2242,2224,2223,2214,2200,2193,2183,2162,2146,2141,2121,2110,2090,2089,2081,2061,2054,2052,2053,2049,2048,2034,2026,2030,2035]}
4.513	{"type":"imu","dev":"node-01","seq":45,"t0":5734,"fs":100,"samples":[[-0.0042,0.998,0.0068,1.57,-1.38,0.96,0.24,89.61],[0.0001,1.0029,0.0016,1.24,0.05,1.02,-0.0,89.91],[-0.0014,1.0025,0.0042,1.2,-1.11,-0.17,0.08,89.76],[-0.0046,1.0089,0.004,1.09,-1.12,0.92,0.26,89.77],[0.0023,0.9989,0.0005,1.24,-0.95,0.26,-0.13,89.97],[0.0006,0.9977,0.0004,1.38,-0.94,0.24,-0.03,89.98],[0.0048,1.0025,-0.0034,2.0,-1.34,0.01,-0.27,90.19],[0.0011,0.9989,0.0023,1.28,-0.1,0.46,-0.06,89.87],[0.0022,1.0035,0.0024,1.44,-1.45,-0.44,-0.13,89.86],[-0.0042,1.0011,0.0019,1.08,-0.22,0.07,0.24,89.89]]}
4.613	{"type":"ecg","dev":"node-01","seq":46,"t0":5834,"fs":250,"leads_off":false,"bpm":75.4,"samples":[2034,2030,2028,2029,2044,2042,2035,2038,2030,2030,2038,2036,2026,2041,2021,2030,2041,2043,2051,2033,2034,2037,2035,2028,2033]}
4.615	{"type":"imu","dev":"node-01","seq":46,"t0":5834,"fs":100,"samples":[[-0.0014,0.995,0.0063,1.62,-0.78,0.03,0.08,89.63],[0.0007,1.0061,0.0108,0.08,-1.15,-0.37,-0.04,89.38],[-0.0008,1.0019,-0.0017,0.94,-1.59,0.38,0.05,90.1],[-0.0046,1.0105,0.0023,1.38,-0.84,1.01,0.26,89.87],[0.0011,1.003,-0.0044,1.63,-1.74,-0.07,-0.06,90.25],[-0.0031,1.001,-0.003,1.52,0.25,0.44,0.18,90.17],[0.0075,0.9969,-0.0007,1.44,-1.81,0.73,-0.43,90.04],[-0.003,1.0076,-0.007,0.99,-1.06,1.39,0.17,90.4],[-0.0007,1.001,0.0023,1.49,-1.47,-0.27,0.04,89.87],[0.0062,1.0095,-0.0004,1.53,-1.39,0.2,-0.35,90.02]]}
4.711	{"type":"ecg","dev":"node-01","seq":47,"t0":5934,"fs":250,"leads_off":false,"bpm":74.6,"samples":[2045,2039,2032,2044,2032,2036,2024,2025,2039,2048,2026,2035,2035,2037,2041,2040,2041,2021,2027,2050,2045,2027,2034,2040,2033]}
4.713	{"type":"imu","dev":"node-01","seq":47,"t0":5934,"fs":100,"samples":[[-0.0001,1.0,0.0074,0.73,0.18,0.57,0.01,89.58],[-0.0076,1.0102,0.0072,1.55,-1.2,0.47,0.43,89.59],[-0.0076,1.004,-0.004,1.44,-0.09,-0.14,0.43,90.23],[0.0009,1.0083,-0.0021,1.39,-0.73,0.73,-0.05,90.12],[0.0021,1.0073,-0.0001,2.0,-0.49,0.7,-0.12,90.01],[0.0051,1.0025,0.003,2.05,-0.38,0.55,-0.29,89.83],[0.0027,1.0069,-0.0087,1.43,-1.87,0.53,-0.15,90.5],[0.0012,1.0034,0.0057,1.76,-0.95,1.04,-0.07,89.67],[-0.0024,1.0003,0.0006,1.11,-0.81,0.68,0.14,89.96],[-0.0007,1.0155,0.0049,1.31,-0.64,1.31,0.04,89.72]]}
4.811	{"type":"ecg","dev":"node-01","seq":48,"t0":6034,"fs":250,"leads_off":false,"bpm":74.6,"samples":[2037,2030,2040,2037,2025,2036,2032,2037,2048,2033,2039,2032,2036,2043,2041,2038,2044,2045,2051,2028,2030,2031,2034,2044,2039]}
4.813	{"type":"imu","dev":"node-01","seq":48,"t0":6034,"fs":100,"samples":[[-0.0025,1.0027,0.0006,0.69,-0.15,0.73,0.14,89.97],[-0.0058,1.0032,-0.0038,1.01,-0.33,0.09,0.33,90.22],[0.0013,1.0085,-0.0041,1.35,-0.58,-0.2,-0.08,90.23],[0.0008,1.0024,-0.004,0.6,-1.12,0.25,-0.05,90.23],[0.007,1.0027,0.0018,1.64,-0.23,-0.45,-0.4,89.9],[0.0012,1.006,-0.002,1.34,-1.54,-1.02,-0.07,90.12],[-0.0051,1.0059,0.0037,0.87,-0.59,-0.23,0.29,89.79],[-0.0053,1.0023,0.0002,1.14,-0.01,0.35,0.3,89.99],[0.0003,1.0038,0.0049,1.05,-0.49,0.32,-0.02,89.72],[0.0013,1.0066,-0.0023,0.6,-0.68,-0.57,-0.07,90.13]]}
4.912	{"type":"ecg","dev":"node-01","seq":49,"t0":6134,"fs":250,"leads_off":false,"bpm":72.8,"samples":[2043,2036,2039,2048,2043,2034,2048,2038,2039,2041,2040,2035,2038,2040,2048,2034,2054,2062,2052,2067,2073,2079,2106,2111,2127]}
4.914	{"type":"imu","dev":"node-01","seq":49,"t0":6134,"fs":100,"samples":[[0.0012,1.0011,-0.0005,2.49,0.02,1.19,-0.07,90.03],[-0.0009,1.0071,0.0008,1.34,-1.19,0.87,0.05,89.95],[-0.0002,1.0044,0.006,0.59,-0.99,0.3,0.01,89.66],[0.0027,1.0077,0.0015,1.56,-0.64,1.34,-0.15,89.91],[-0.0013,1.0016,0.0052,0.98,-0.6,-0.22,0.08,89.71],[-0.0044,1.005,-0.0013,1.28,-0.37,0.34,0.25,90.08],[0.0018,1.0046,-0.0047,1.73,-1.25,0.5,-0.1,90.27],[0.0013,1.0032,-0.001,2.23,-1.35,0.61,-0.07,90.05],[0.0047,1.0066,-0.001,0.25,-0.31,0.93,-0.27,90.06],[0.0034,0.9963,0.0019,1.35,-0.39,0.23,-0.2,89.89]]}
5.000	{"type":"status","dev":"node-01","fw":"0.1.0","uptime_ms":6234,"ecg":{"fs":250},"imu":{"ok":true,"fs":100,"errors":0,"fields":["ax","ay","az","gx","gy","gz","pitch","roll"]}}
5.013	{"type":"ecg","dev":"node-01","seq":50,"t0":6234,"fs":250,"leads_off":false,"bpm":74.4,"samples":[2124,2124,2134,2133,2110,2103,2109,2096,2086,2076,2058,2051,2045,2050,2049,2032,2031,2043,2034,2040,2025,2010,2010,2110,2345]}
5.015	{"type":"imu","dev":"node-01","seq":50,"t0":6234,"fs":100,"samples":[[-0.0027,1.011,0.0085,2.04,-0.56,0.87,0.16,89.52],[0.0051,1.0076,0.0001,1.71,-0.67,0.43,-0.29,89.99],[-0.0005,1.0001,-0.0012,1.55,-1.16,0.87,0.03,90.07],[0.0005,1.0073,-0.0033,0.86,-0.52,0.43,-0.03,90.19],[0.0021,1.002,-0.0009,1.38,-0.58,0.59,-0.12,90.05],[0.0084,1.0043,0.0009,1.75,-0.98,1.36,-0.48,89.95],[-0.0013,0.9998,0.0008,1.72,-0.8,0.54,0.08,89.95],[0.0039,1.0075,-0.0043,2.0,-1.1,0.64,-0.22,90.25],[-0.0015,0.9966,-0.0006,1.36,-1.71,0.26,0.09,90.04],[0.0009,0.9988,-0.0007,1.24,-1.28,1.32,-0.05,90.04]]}
5.112	{"type":"ecg","dev":"node-01","seq":51,"t0":6334,"fs":250,"leads_off":false,"bpm":75.2,"samples":[2614,2740,2567,2277,2023,1923,1953,1994,2019,2035,2039,2045,2040,2036,2042,2041,2039,2041,2044,2039,2045,2038,2036,2032,2032]}
5.114	{"type":"imu","dev":"node-01","seq":51,"t0":6334,"fs":100,"samples":[[0.0026,1.0039,0.0056,1.4,-1.85,0.2,-0.15,89.68],[-0.0061,0.9997,0.0045,1.24,-0.7,0.8,0.35,89.74],[0.0087,1.0082,-0.0055,1.76,-0.66,-0.4,-0.49,90.32],[-0.0022,1.0104,-0.009,1.53,-1.25,-0.47,0.13,90.51],[0.0036,1.0028,-0.0002,1.23,-0.46,-0.1,-0.21,90.01],[0.0029,1.0087,0.0085,0.8,-0.35,0.47,-0.16,89.51],[-0.0,1.0042,0.0019,1.5,-0.84,0.46,0.0,89.89],[0.0052,1.0014,0.002,0.88,-1.9,0.34,-0.3,89.88],[0.0012,1.0049,0.0016,1.47,-0.75,0.61,-0.07,89.91],[0.0024,1.0074,-0.0019,1.69,-1.58,0.49,-0.14,90.11]]}
5.210	{"type":"ecg","dev":"node-01","seq":52,"t0":6434,"fs":250,"leads_off":false,"bpm":74.0,"samples":[2053,2037,2047,2038,2044,2052,2041,2053,2065,2059,2072,2075,2082,2092,2107,2119,2130,2150,2161,2178,2195,2205,2215,2220,2233]}
5.212	{"type":"imu","dev":"node-01","seq":52,"t0":6434,"fs":100,"samples":[[-0.0088,1.0015,-0.0014,0.71,-0.13,0.56,0.5,90.08],[-0.0022,1.0053,0.0042,0.55,-0.58,0.75,0.12,89.76],[-0.0022,1.0052,0.001,1.02,-0.36,1.18,0.13,89.94],[0.0052,1.0018,0.0023,0.98,0.21,-0.13,-0.3,89.87],[-0.0053,1.0054,0.0017,0.74,-0.49,0.72,0.3,89.9],[0.002,1.0051,0.0007,1.41,-0.49,0.28,-0.11,89.96],[0.0051,1.0089,-0.0,0.71,-0.73,1.07,-0.29,90.0],[0.0037,0.998,0.0017,0.93,-0.59,0.36,-0.21,89.9],[0.002,1.0025,0.0098,1.43,-0.16,0.95,-0.11,89.44],[-0.0018,1.0028,0.0017,1.97,0.05,0.06,0.1,89.9]]}
5.314	{"type":"ecg","dev":"node-01","seq":53,"t0":6534,"fs":250,"leads_off":false,"bpm":74.7,"samples":[2242,2244,2242,2232,2237,2234,2209,2208,2198,2184,2169,2149,2140,2127,2113,2094,2087,2077,2065,2056,2058,2043,2050,2034,2038]}
5.316	{"type":"imu","dev":"node-01","seq":53,"t0":6534,"fs":100,"samples":[[0.0086,1.0093,-0.0066,1.08,-0.62,1.04,-0.49,90.38],[0.0005,1.0001,-0.0076,0.84,-1.4,0.39,-0.03,90.44],[-0.0028,0.9949,-0.0007,2.55,-0.83,0.0,0.16,90.04],[0.0015,1.0062,-0.0052,1.63,-0.94,0.59,-0.08,90.3],[0.0083,1.0081,0.0076,1.72,-0.21,0.15,-0.47,89.57],[-0.0042,0.9968,0.0032,0.52,-0.77,-0.63,0.24,89.81],[0.0002,1.0075,0.0001,0.44,-2.2,1.5,-0.01,89.99],[0.0025,1.0041,0.0022,1.56,0.63,-0.08,-0.14,89.88],[0.0005,0.9992,0.0032,1.01,-1.57,0.32,-0.03,89.81],[-0.0037,1.0084,0.0032,0.97,-0.77,0.31,0.21,89.82]]}
5.414	{"type":"ecg","dev":"node-01","seq":54,"t0":6634,"fs":250,"leads_off":false,"bpm":73.3,"samples":[2032,2037,2037,2033,2018,2031,2028,2034,2022,2033,2029,2045,2039,2025,2023,2028,2030,2035,2024,2030,2028,2028,2032,2019,2029]}
5.416	{"type":"imu","dev":"node-01","seq":54,"t0":6634,"fs":100,"samples":[[-0.0018,1.0041,0.0051,1.66,-0.91,0.57,0.1,89.71],[-0.001,1.0013,-0.0035,0.75,-0.21,1.15,0.06,90.2],[-0.0077,0.9992,0.0026,1.04,-0.76,-0.27,0.44,89.85],[-0.0023,1.0055,-0.0013,0.37,-1.11,0.62,0.13,90.08],[0.0031,0.9978,0.003,1.44,-1.14,-0.51,-0.18,89.83],[-0.0063,1.0102,-0.0022,0.54,-0.4,-0.1,0.35,90.13],[0.0006,0.9951,0.0097,1.2,-1.43,0.93,-0.03,89.44],[0.0007,1.0041,-0.0013,1.6,-1.16,0.98,-0.04,90.08],[0.0023,1.0033,-0.0012,0.44,-0.77,0.12,-0.13,90.07],[0.0013,0.999,-0.0031,1.97,-0.08,0.88,-0.07,90.18]]}
5.512	{"type":"ecg","dev":"node-01","seq":55,"t0":6734,"fs":250,"leads_off":false,"bpm":75.1,"samples":[2022,2026,2026,2036,2024,2028,2028,2027,2020,2032,2033,2015,2022,2020,2021,2016,2041,2027,2024,2034,2023,2024,2034,2018,2016]}
5.514	{"type":"imu","dev":"node-01","seq":55,"t0":6734,"fs":100,"samples":[[-0.0024,1.0098,-0.0036,1.0,-0.6,0.47,0.13,90.2],[-0.0066,0.9988,0.0073,1.58,-1.43,0.39,0.38,89.58],[-0.0026,1.0091,0.0029,1.65,-1.22,0.97,0.15,89.84],[0.0014,1.0075,0.0056,1.26,-1.04,0.35,-0.08,89.68],[-0.0017,1.0066,0.0063,-0.13,-1.53,0.02,0.1,89.64],[-0.0059,1.0089,0.0119,0.68,-0.95,0.36,0.34,89.32],[0.0006,1.0053,-0.0029,0.91,-1.58,0.85,-0.03,90.16],[0.0008,1.0031,0.0006,1.92,-0.73,1.64,-0.05,89.97],[-0.005,1.0015,-0.0014,1.19,-1.23,-0.0,0.28,90.08],[-0.0009,0.9989,0.0032,0.86,-0.8,0.47,0.05,89.82]]}
5.613	{"type":"ecg","dev":"node-01","seq":56,"t0":6834,"fs":250,"leads_off":false,"bpm":75.4,"samples":[2026,2021,2024,2022,2015,2030,2024,2030,2023,2017,2027,2016,2015,2023,2025,2030,2021,2016,2022,2020,2014,2022,2028,2014,2024]}
5.615	{"type":"imu","dev":"node-01","seq":56,"t0":6834,"fs":100,"samples":[[0.0074,1.0069,-0.0012,0.53,-1.66,1.21,-0.42,90.07],[0.0126,1.0014,0.0036,1.24,-0.02,0.46,-0.72,89.79],[-0.0029,1.0049,0.0127,1.34,-1.17,0.8,0.16,89.28],[-0.0058,0.9936,0.004,1.17,-1.2,0.9,0.33,89.77],[-0.002,1.0031,-0.0045,0.92,-0.62,-0.11,0.11,90.26],[-0.0004,1.0009,0.0027,0.69,-0.93,-0.31,0.02,89.85],[-0.0018,1.0064,-0.002,1.02,-0.93,0.65,0.11,90.12],[0.0038,0.9993,-0.0008,0.38,-0.93,0.29,-0.22,90.04],[-0.0077,0.9966,-0.004,1.05,-0.98,0.01,0.44,90.23],[-0.0045,0.9999,0.0069,0.54,-0.07,0.88,0.26,89.61]]}
5.713	{"type":"ecg","dev":"node-01","seq":57,"t0":6934,"fs":250,"leads_off":false,"bpm":74.5,"samples":[2013,2018,2021,2019,2015,2012,2007,2011,2016,2022,2017,2010,2019,2017,2020,2016,2020,2012,2031,2029,2023,2031,2035,2046,2059]}
5.715	{"type":"imu","dev":"node-01","seq":57,"t0":6934,"fs":100,"samples":[[-0.0024,1.0043,0.0006,1.7,-0.8,0.36,0.14,89.97],[0.0013,0.9947,-0.0025,0.53,-0.5,0.85,-0.07,90.14],[0.0029,1.0054,-0.0038,1.36,-0.28,0.45,-0.17,90.22],[0.0023,0.999,0.0011,1.68,-1.28,0.85,-0.13,89.94],[0.0048,1.0046,0.0019,1.15,-0.61,0.05,-0.27,89.89],[0.0052,1.006,0.0063,1.04,-0.5,-0.42,-0.3,89.64],[0.0019,0.9974,-0.0016,1.22,-0.77,-0.59,-0.11,90.09],[0.0093,0.9986,-0.0065,1.41,-1.52,1.15,-0.53,90.37],[0.0005,1.0027,0.0011,1.58,-0.55,1.03,-0.03,89.94],[-0.0002,0.9964,0.002,1.05,-0.37,0.53,0.01,89.88]]}
5.811	{"type":"ecg","dev":"node-01","seq":58,"t0":7034,"fs":250,"leads_off":false,"bpm":73.9,"samples":[2074,2084,2088,2110,2100,2104,2094,2096,2082,2060,2062,2042,2039,2033,2031,2021,2012,2017,2008,2010,2005,2009,2011,2004,1982]}
5.813	{"type":"imu","dev":"node-01","seq":58,"t0":7034,"fs":100,"samples":[[0.0056,0.9953,0.0088,0.08,-0.91,0.63,-0.32,89.49],[0.0049,1.0016,0.0072,1.54,-0.66,1.08,-0.28,89.59],[-0.0016,0.9976,0.0008,2.53,-0.99,-0.08,0.09,89.95],[0.0002,1.0039,0.0031,1.45,-0.21,-0.23,-0.01,89.82],[0.0057,0.9976,-0.0064,1.08,-1.15,0.05,-0.32,90.37],[0.0004,0.9994,0.0005,2.03,-1.8,0.77,-0.02,89.97],[-0.0008,1.0051,0.0015,1.62,-1.34,0.41,0.05,89.92],[-0.0009,1.0099,0.002,0.65,-0.72,-0.02,0.05,89.89],[0.0009,0.9992,0.001,1.12,-0.45,0.92,-0.05,89.94],[0.0026,0.9962,-0.0075,1.22,-1.69,0.25,-0.15,90.43]]}
5.914	{"type":"ecg","dev":"node-01","seq":59,"t0":7134,"fs":250,"leads_off":false,"bpm":73.0,"samples":[2005,2128,2399,2634,2679,2468,2149,1932,1895,1932,1968,2008,2001,2007,2006,2002,2005,1999,1995,1997,2005,2011,1994,2011,2004]}
5.916	{"type":"imu","dev":"node-01","seq":59,"t0":7134,"fs":100,"samples":[[0.0006,1.0052,-0.0036,0.76,0.28,1.39,-0.03,90.21],[0.0004,0.9951,0.0138,0.91,-1.25,0.22,-0.02,89.21],[-0.0042,0.9954,0.0061,1.35,-1.47,0.59,0.24,89.65],[0.0008,1.0013,-0.0033,1.1,-0.34,-0.74,-0.05,90.19],[-0.0081,0.9964,-0.0002,1.66,-1.04,0.91,0.47,90.01],[0.0041,1.0012,-0.0108,1.23,-1.06,0.78,-0.24,90.62],[0.0065,0.9987,0.0028,1.36,-1.03,1.33,-0.37,89.84],[-0.0025,1.0089,-0.0022,0.23,-0.37,-0.11,0.14,90.12],[-0.0086,0.9985,0.0016,1.82,-1.21,0.44,0.49,89.91],[-0.0027,0.9991,-0.0012,0.97,-0.94,-0.19,0.15,90.07]]}
6.012	{"type":"ecg","dev":"node-01","seq":60,"t0":7234,"fs":250,"leads_off":false,"bpm":74.4,"samples":[1994,1993,1992,1994,1993,1989,2011,1998,2009,2011,2016,2005,2028,2041,2045,2048,2058,2082,2087,2100,2114,2118,2143,2147,2170]}
6.014	{"type":"imu","dev":"node-01","seq":60,"t0":7234,"fs":100,"samples":[[0.0019,0.9871,0.0027,0.71,-1.0,0.11,-0.11,89.85],[-0.0023,0.9981,0.0028,0.18,-0.04,-0.15,0.13,89.84],[0.0056,0.9963,0.0023,1.88,-1.16,0.37,-0.32,89.87],[0.0019,1.0028,-0.0018,1.34,-1.83,0.17,-0.11,90.1],[0.0027,1.0056,0.0032,1.69,-0.27,0.77,-0.16,89.82],[0.0005,0.9993,-0.0031,1.45,-0.73,0.59,-0.03,90.18],[0.0114,1.0002,0.0023,1.35,-0.34,0.25,-0.66,89.87],[0.005,0.9945,0.0013,1.13,-1.5,0.77,-0.29,89.93],[0.0004,0.9969,-0.004,1.45,0.24,0.01,-0.03,90.23],[-0.0029,0.9906,-0.0008,1.0,-1.59,0.27,0.17,90.04]]}
6.112	{"type":"ecg","dev":"node-01","seq":61,"t0":7334,"fs":250,"leads_off":false,"bpm":74.5,"samples":[2170,2176,2188,2197,2201,2198,2208,2192,2188,2177,2170,2147,2120,2110,2094,2089,2082,2052,2050,2041,2027,2029,2012,2013,2007]}
6.114	{"type":"imu","dev":"node-01","seq":61,"t0":7334,"fs":100,"samples":[[0.007,0.9974,-0.0045,0.55,-0.79,1.57,-0.4,90.26],[0.0025,1.0042,0.0072,1.61,0.01,0.99,-0.14,89.59],[-0.0016,0.9947,-0.0019,1.91,-1.49,0.3,0.09,90.11],[-0.0009,1.0013,-0.0062,1.2,-0.4,1.26,0.05,90.36],[-0.0001,0.999,0.0045,1.46,-0.66,0.43,0.01,89.74],[0.0039,0.9948,-0.0043,1.08,-2.06,-0.06,-0.22,90.25],[0.0037,0.9994,0.0013,1.29,-0.51,1.09,-0.21,89.93],[-0.0023,0.9977,-0.0046,0.15,-1.26,0.54,0.13,90.27],[0.0055,0.992,-0.0019,1.21,-0.39,0.03,-0.32,90.11],[0.0039,1.0068,0.0028,1.44,-0.23,0.09,-0.22,89.84]]}
6.211	{"type":"ecg","dev":"node-01","seq":62,"t0":7434,"fs":250,"leads_off":false,"bpm":73.2,"samples":[1991,1994,1988,1988,1990,1982,1989,1979,1982,1983,1984,1996,1993,1968,1996,1986,1982,1976,1993,1979,1981,1973,1975,1969,1976]}
6.213	{"type":"imu","dev":"node-01","seq":62,"t0":7434,"fs":100,"samples":[[-0.002,0.9973,-0.0004,1.02,-1.14,0.15,0.12,90.02],[-0.0062,0.994,0.0076,1.0,-0.62,0.94,0.36,89.56],[-0.0006,0.9973,0.0009,0.02,-1.47,0.04,0.04,89.95],[0.0016,0.9924,-0.003,0.57,-1.36,1.15,-0.09,90.17],[0.0058,0.9993,-0.0,1.1,-0.93,0.07,-0.33,90.0],[0.0013,1.0,-0.0032,1.45,-1.53,1.28,-0.08,90.19],[-0.0016,0.9964,-0.0019,1.35,-0.33,0.62,0.09,90.11],[-0.0062,0.9979,0.0023,0.79,-1.55,0.35,0.36,89.87],[-0.001,0.9945,-0.0035,0.84,-0.9,-0.05,0.06,90.2],[0.0,0.9964,-0.0005,1.64,-0.88,0.39,-0.0,90.03]]}
6.311	{"type":"ecg","dev":"node-01","seq":63,"t0":7534,"fs":250,"leads_off":false,"bpm":73.3,"samples":[1976,1987,1985,1988,1987,1985,1980,1975,1979,1987,1980,1976,1973,1972,1981,1972,1980,1977,1987,1979,1969,1980,1978,1974,1978]}
6.313	{"type":"imu","dev":"node-01","seq":63,"t0":7534,"fs":100,"samples":[[0.0011,0.9968,-0.0022,1.61,-1.33,-0.55,-0.06,90.13],[-0.0001,0.9924,-0.0026,0.81,-0.85,1.25,0.01,90.15],[-0.0005,0.9985,-0.0022,0.64,-0.34,0.73,0.03,90.13],[0.0054,1.0023,0.0085,0.54,-1.29,0.62,-0.31,89.52],[-0.0008,0.9985,-0.0013,2.05,-1.32,0.54,0.04,90.08],[0.0004,0.9955,0.0015,1.65,-1.04,1.63,-0.02,89.92],[0.0048,0.9964,-0.0019,1.35,-0.38,0.46,-0.28,90.11],[-0.0031,0.9935,0.0048,1.32,-0.96,1.06,0.18,89.72],[0.0061,0.9952,0.0012,0.38,-1.38,1.02,-0.35,89.93],[-0.0073,0.998,0.0008,0.69,-1.09,1.49,0.42,89.95]]}
6.412	{"type":"ecg","dev":"node-01","seq":64,"t0":7634,"fs":250,"leads_off":false,"bpm":75.1,"samples":[1974,1980,1986,1971,1978,1977,1972,1982,1981,1974,1968,1979,1974,1981,1961,1969,1968,1976,1973,1972,1977,1966,1967,1970,1975]}
6.414	{"type":"imu","dev":"node-01","seq":64,"t0":7634,"fs":100,"samples":[[-0.008,0.9957,-0.002,0.91,-0.68,-0.23,0.46,90.12],[-0.0026,0.9951,0.0081,0.36,-0.65,-0.52,0.15,89.53],[-0.0014,1.0012,-0.0044,1.21,-0.61,0.78,0.08,90.25],[-0.0028,0.9944,-0.0045,1.36,0.05,0.99,0.16,90.26],[0.0063,1.001,0.0013,1.66,-1.32,0.45,-0.36,89.92],[0.0011,0.9866,0.0038,1.19,-1.11,-0.35,-0.06,89.78],[-0.0027,0.9954,-0.0043,1.13,-1.22,0.9,0.15,90.25],[0.005,0.991,-0.0012,1.56,-1.56,0.16,-0.29,90.07],[0.0013,1.001,-0.0005,1.63,-0.98,0.39,-0.07,90.03],[-0.0037,0.9946,-0.0053,1.14,-0.94,-0.52,0.21,90.3]]}
6.514	{"type":"ecg","dev":"node-01","seq":65,"t0":7734,"fs":250,"leads_off":false,"bpm":75.2,"samples":[1965,1969,1973,1971,1971,1972,1973,1965,1975,1964,1973,1964,1965,1968,1976,1973,1977,1978,1970,1983,1979,1978,1983,1982,2003]}
6.516	{"type":"imu","dev":"node-01","seq":65,"t0":7734,"fs":100,"samples":[[0.0052,0.9988,0.0062,1.23,0.3,0.59,-0.3,89.65],[-0.0024,0.9981,-0.0016,1.4,-1.17,1.09,0.14,90.09],[0.0057,1.0017,-0.0027,0.9,-1.51,0.87,-0.33,90.16],[0.0024,1.0011,-0.0081,1.4,-0.5,0.67,-0.14,90.46],[-0.0018,0.9957,0.0,1.57,-0.5,0.13,0.1,90.0],[-0.0052,0.9962,0.0003,1.32,-0.38,0.8,0.3,89.98],[0.0047,0.9913,-0.0029,1.19,-0.51,0.61,-0.27,90.17],[0.0016,0.9912,-0.0045,1.46,-0.9,1.33,-0.09,90.26],[0.0056,0.9926,-0.0033,1.1,-0.75,1.13,-0.33,90.19],[-0.0024,1.0013,-0.0003,0.68,-1.45,0.31,0.14,90.02]]}
6.611	{"type":"ecg","dev":"node-01","seq":66,"t0":7834,"fs":250,"leads_off":false,"bpm":73.3,"samples":[2001,2003,2027,2032,2042,2051,2046,2059,2061,2047,2032,2029,2013,2013,2004,2001,1979,1971,1964,1962,1979,1967,1962,1959,1966]}
6.613	{"type":"imu","dev":"node-01","seq":66,"t0":7834,"fs":100,"samples":[[-0.0045,0.9905,-0.0028,0.69,-1.0,0.13,0.26,90.16],[0.0027,0.9981,0.0005,0.71,-0.16,-0.05,-0.16,89.97],[0.0011,1.0072,0.0025,1.36,-0.39,0.86,-0.06,89.86],[-0.0018,1.0027,-0.0025,1.21,-0.02,1.08,0.1,90.14],[0.007,0.9915,-0.0032,1.54,-1.15,1.1,-0.4,90.19],[0.0038,0.9928,0.0019,1.34,-1.13,0.8,-0.22,89.89],[0.0048,0.9933,-0.0031,1.6,-0.5,1.06,-0.28,90.18],[-0.005,0.9987,0.0056,0.13,-1.33,0.08,0.29,89.68],[0.0042,0.9894,-0.0018,0.89,-1.0,-0.02,-0.24,90.1],[0.0036,0.9962,0.0024,2.05,-1.02,0.61,-0.21,89.86]]}
6.710	{"type":"ecg","dev":"node-01","seq":67,"t0":7934,"fs":250,"leads_off":false,"bpm":74.2,"samples":[1965,1952,1934,1988,2163,2439,2647,2602,2331,2021,1867,1855,1902,1938,1953,1954,1955,1960,1954,1966,1970,1967,1976,1964,1960]}
6.712	{"type":"imu","dev":"node-01","seq":67,"t0":7934,"fs":100,"samples":[[0.0027,0.9948,0.0057,1.21,-1.02,-0.5,-0.16,89.67],[-0.0016,1.0011,-0.0029,1.45,-0.12,1.27,0.09,90.16],[-0.0018,0.9949,-0.0038,1.32,-0.35,0.8,0.11,90.22],[0.0019,0.9981,0.0074,0.85,-0.48,-0.26,-0.11,89.57],[-0.0011,0.9999,-0.0018,0.49,-0.34,-0.2,0.06,90.11],[-0.0056,0.9949,0.0019,0.72,-0.85,1.12,0.32,89.89],[0.0047,0.9932,0.0005,1.94,-0.57,-0.2,-0.27,89.97],[0.0003,0.995,0.0005,0.0,-0.3,-0.1,-0.02,89.97],[0.0055,0.9984,0.0116,1.75,-0.34,0.61,-0.32,89.34],[0.0015,0.9943,0.0011,1.49,-0.53,-0.17,-0.08,89.94]]}
6.813	{"type":"ecg","dev":"node-01","seq":68,"t0":8034,"fs":250,"leads_off":false,"bpm":73.5,"samples":[1955,1956,1953,1953,1959,1956,1958,1959,1966,1982,1969,1974,1973,1982,1989,1985,1993,2009,2020,2023,2032,2054,2065,2076,2103]}
6.815	{"type":"imu","dev":"node-01","seq":68,"t0":8034,"fs":100,"samples":[[0.0023,0.9953,-0.0004,1.39,-0.53,0.82,-0.13,90.02],[-0.0049,0.9934,0.0006,1.84,-0.55,0.78,0.28,89.97],[0.0038,0.9888,-0.0042,1.35,-0.8,0.36,-0.22,90.24],[-0.0011,0.995,-0.0039,1.89,-1.36,0.15,0.06,90.22],[-0.0069,0.9951,0.0016,0.87,-0.52,0.23,0.4,89.91],[-0.0016,1.0086,-0.0018,0.97,-1.48,0.14,0.09,90.1],[-0.0019,0.9948,0.0046,1.36,-0.54,1.05,0.11,89.74],[-0.0027,0.9927,-0.0051,0.72,-1.03,0.84,0.16,90.3],[-0.0098,0.9996,0.0024,0.63,-0.98,-0.3,0.56,89.86],[0.0015,0.9924,-0.0063,0.91,-0.94,1.28,-0.09,90.36]]}
6.913	{"type":"ecg","dev":"node-01","seq":69,"t0":8134,"fs":250,"leads_off":false,"bpm":73.6,"samples":[2108,2117,2149,2149,2159,2171,2170,2162,2179,2175,2166,2154,2140,2115,2116,2094,2083,2065,2053,2029,2020,2022,2010,1995,1990]}
6.915	{"type":"imu","dev":"node-01","seq":69,"t0":8134,"fs":100,"samples":[[0.0023,0.9952,-0.0042,0.93,-1.36,-0.26,-0.13,90.24],[-0.0068,0.9957,0.006,0.83,-1.14,0.57,0.39,89.66],[0.0006,0.9935,0.003,1.35,-0.26,0.55,-0.03,89.83],[-0.0056,0.9979,0.0021,2.2,-0.87,0.7,0.32,89.88],[0.0022,0.9916,-0.0013,0.94,-0.63,0.8,-0.12,90.08],[-0.0027,0.9975,0.0003,0.91,-1.9,0.09,0.15,89.98],[-0.0032,1.002,0.0062,0.83,-0.8,0.14,0.18,89.64],[-0.0009,0.995,0.0009,1.94,-0.84,0.52,0.05,89.95],[0.0059,0.9973,-0.0058,0.66,-1.56,0.8,-0.34,90.33],[0.002,0.9951,-0.0052,1.94,-0.77,-0.14,-0.12,90.3]]}
7.010	{"type":"ecg","dev":"node-01","seq":70,"t0":8234,"fs":250,"leads_off":false,"bpm":73.7,"samples":[1991,1977,1973,1977,1967,1970,1962,1962,1967,1963,1966,1965,1959,1969,1976,1966,1957,1964,1962,1944,1950,1960,1965,1962,1949]}
7.012	{"type":"imu","dev":"node-01","seq":70,"t0":8234,"fs":100,"samples":[[0.0014,0.992,0.0018,0.99,-0.82,0.01,-0.08,89.9],[-0.0002,0.9977,0.0053,1.47,-0.74,0.96,0.01,89.7],[-0.0003,0.9993,-0.0101,1.75,-1.5,1.32,0.02,90.58],[0.0044,0.9967,0.0127,1.94,-0.72,0.14,-0.25,89.27],[0.0013,0.9926,0.0054,1.92,-0.39,0.44,-0.07,89.69],[0.0042,1.0096,-0.0045,1.64,-1.63,0.02,-0.24,90.25],[0.004,0.9963,-0.0029,1.12,-1.1,-0.12,-0.23,90.17],[-0.0088,1.0035,-0.0021,1.45,-0.14,0.56,0.5,90.12],[0.0041,0.9958,-0.0022,0.94,-1.3,0.83,-0.24,90.13],[-0.0047,1.002,-0.0076,1.45,-1.55,0.76,0.27,90.44]]}
7.110	{"type":"ecg","dev":"node-01","seq":71,"t0":8334,"fs":250,"leads_off":false,"bpm":74.1,"samples":[1962,1956,1958,1958,1966,1963,1965,1958,1973,1961,1963,1964,1960,1966,1958,1954,1956,1967,1957,1966,1965,1957,1967,1945,1957]}
7.112	{"type":"imu","dev":"node-01","seq":71,"t0":8334,"fs":100,"samples":[[-0.0011,1.0008,-0.001,1.45,-0.21,0.93,0.06,90.06],[0.0016,0.9984,-0.0014,1.7,-0.48,0.28,-0.09,90.08],[-0.0039,0.992,0.0039,0.67,-0.31,0.27,0.22,89.78],[0.0048,0.9979,0.0096,1.2,-0.97,1.06,-0.28,89.45],[-0.0012,0.9946,-0.0025,1.56,-0.53,0.42,0.07,90.14],[0.0024,0.9907,-0.001,0.3,-2.06,0.59,-0.14,90.06],[-0.0036,0.995,0.0019,1.29,-1.56,0.51,0.21,89.89],[0.0012,0.9969,-0.0002,1.01,-0.13,0.55,-0.07,90.01],[0.0055,0.9954,0.0028,1.11,-0.93,-0.12,-0.31,89.84],[-0.0044,0.9991,-0.0008,0.93,-1.25,-0.35,0.25,90.05]]}
7.212	{"type":"ecg","dev":"node-01","seq":72,"t0":8434,"fs":250,"leads_off":false,"bpm":72.9,"samples":[1975,1964,1958,1956,1971,1964,1964,1956,1956,1954,1969,1964,1966,1970,1962,1966,1959,1961,1957,1959,1964,1959,1969,1958,1967]}
7.214	{"type":"imu","dev":"node-01","seq":72,"t0":8434,"fs":100,"samples":[[-0.0055,0.9966,0.0036,0.77,-0.63,0.58,0.32,89.79],[-0.0063,1.0052,0.0006,1.13,-1.45,0.55,0.36,89.96],[-0.0006,0.9898,-0.0019,1.53,-1.06,1.17,0.03,90.11],[-0.0017,1.0013,-0.0004,1.74,-1.17,-0.49,0.1,90.02],[-0.0002,0.9944,-0.0047,0.63,-0.8,0.21,0.01,90.27],[0.0034,0.9955,-0.0016,1.6,-1.62,0.71,-0.2,90.09],[0.006,0.9921,-0.0032,2.68,-0.22,0.68,-0.35,90.19],[0.008,1.0034,-0.0005,1.08,-0.69,1.3,-0.46,90.03],[0.0021,1.0022,-0.0058,1.2,-1.2,0.97,-0.12,90.33],[-0.0037,0.9958,-0.0018,1.48,-1.17,-0.29,0.21,90.1]]}
7.311	{"type":"ecg","dev":"node-01","seq":73,"t0":8534,"fs":250,"leads_off":false,"bpm":73.1,"samples":[1966,1960,1952,1965,1964,1964,1948,1971,1958,1966,1967,1957,1960,1964,1965,1970,1977,1972,1969,1966,1974,1980,1964,1970,1976]}
7.313	{"type":"imu","dev":"node-01","seq":73,"t0":8534,"fs":100,"samples":[[0.004,0.9972,0.0023,0.74,-0.66,0.79,-0.23,89.87],[0.0051,0.9999,-0.0059,2.06,-1.06,-0.06,-0.29,90.34],[-0.0005,0.9963,-0.0007,1.66,0.71,0.77,0.03,90.04],[-0.0034,0.9983,-0.0035,0.38,-1.57,0.68,0.2,90.2],[-0.0001,0.9946,-0.0007,0.36,-0.55,0.26,0.0,90.04],[-0.0023,1.0001,-0.002,0.37,-0.59,0.58,0.13,90.11],[-0.0037,1.0057,0.0013,0.76,-0.43,0.71,0.21,89.92],[-0.0022,0.9975,-0.0044,0.93,-0.39,1.74,0.13,90.25],[-0.0025,1.0015,-0.0036,0.94,-0.07,0.48,0.15,90.2],[-0.0037,1.0003,-0.0024,1.48,-1.39,1.24,0.21,90.13]]}
7.413	{"type":"ecg","dev":"node-01","seq":74,"t0":8634,"fs":250,"leads_off":false,"bpm":73.2,"samples":[1976,1985,1996,2001,2008,2025,2027,2052,2051,2055,2072,2054,2054,2044,2019,2015,2013,2004,1991,1989,1977,1982,1972,1972,1961]}
7.415	{"type":"imu","dev":"node-01","seq":74,"t0":8634,"fs":100,"samples":[[0.0051,0.9965,-0.0039,1.15,-0.84,0.73,-0.3,90.22],[-0.0059,0.9952,0.0066,1.08,0.32,0.73,0.34,89.62],[0.0065,1.0035,0.0017,1.76,-0.31,1.19,-0.37,89.91],[0.0018,0.9923,0.0001,0.93,-1.04,0.28,-0.11,90.0],[-0.0038,1.0074,0.0036,1.34,-0.85,-0.23,0.21,89.79],[-0.0001,0.999,0.0052,1.38,-0.51,1.2,0.01,89.7],[0.0007,1.0011,-0.0004,0.9,-0.47,0.76,-0.04,90.02],[0.0029,0.9949,-0.0052,0.95,-0.31,0.7,-0.17,90.3],[-0.0018,1.0027,-0.0032,0.06,-0.71,0.7,0.1,90.18],[-0.002,0.9942,-0.0029,1.32,-1.01,0.35,0.12,90.16]]}
7.510	{"type":"ecg","dev":"node-01","seq":75,"t0":8734,"fs":250,"leads_off":false,"bpm":73.9,"samples":[1972,1973,1978,1961,1939,1942,2027,2255,2522,2665,2555,2245,1972,1867,1880,1926,1959,1961,1970,1972,1968,1979,1976,1984,1973]}
7.512	{"type":"imu","dev":"node-01","seq":75,"t0":8734,"fs":100,"samples":[[0.005,0.9975,0.0016,0.9,-1.39,0.38,-0.29,89.91],[-0.0033,0.993,0.005,0.04,-1.03,-0.25,0.19,89.71],[-0.0036,0.9976,-0.0005,0.86,-0.77,1.23,0.21,90.03],[0.0019,0.9958,-0.0005,1.39,-0.5,1.63,-0.11,90.03],[0.006,1.0004,0.0005,0.82,-0.98,0.71,-0.34,89.97],[-0.0025,0.9959,0.0044,1.48,-0.72,0.66,0.15,89.75],[-0.0012,0.9972,0.0051,1.19,-1.29,0.21,0.07,89.71],[-0.0046,1.0002,0.0048,1.71,-0.43,0.04,0.27,89.73],[-0.0002,0.9909,-0.0016,0.87,-0.82,0.09,0.01,90.09],[0.0011,0.9944,-0.0047,1.16,-0.98,0.34,-0.06,90.27]]}
7.611	{"type":"ecg","dev":"node-01","seq":76,"t0":8834,"fs":250,"leads_off":false,"bpm":72.9,"samples":[1980,1973,1985,1976,1972,1983,1972,1957,1988,1971,1991,1983,1980,1987,1993,1991,1991,2009,2012,2021,2027,2032,2048,2053,2082]}
7.613	{"type":"imu","dev":"node-01","seq":76,"t0":8834,"fs":100,"samples":[[-0.0004,0.9936,0.0096,1.62,-0.1,-0.35,0.02,89.45],[0.0023,1.0007,-0.0036,0.79,-0.97,0.69,-0.13,90.21],[0.0011,0.9979,0.003,1.34,-0.84,0.59,-0.06,89.83],[-0.0012,1.0039,-0.0005,0.96,-0.14,0.41,0.07,90.03],[-0.0075,1.0033,0.0072,1.2,-1.93,1.56,0.43,89.59],[0.004,0.9984,-0.0024,1.28,-1.58,-0.19,-0.23,90.14],[0.0024,0.9978,0.0024,0.39,-0.25,0.65,-0.14,89.86],[0.0027,0.9926,0.0012,1.81,-1.12,0.41,-0.16,89.93],[0.0035,0.994,-0.0082,1.8,-1.07,0.31,-0.2,90.47],[0.0076,1.001,0.008,1.14,-0.53,1.03,-0.43,89.54]]}
7.711	{"type":"ecg","dev":"node-01","seq":77,"t0":8934,"fs":250,"leads_off":false,"bpm":74.8,"samples":[2092,2103,2109,2123,2156,2168,2173,2183,2191,2192,2199,2197,2187,2189,2183,2153,2142,2136,2113,2106,2082,2077,2064,2052,2040]}
7.713	{"type":"imu","dev":"node-01","seq":77,"t0":8934,"fs":100,"samples":[[-0.006,1.0047,0.0012,1.24,-0.52,0.32,0.34,89.93],[0.0003,0.9956,-0.0024,1.05,-1.59,0.34,-0.02,90.14],[-0.0072,0.995,-0.002,1.78,-1.59,-0.31,0.42,90.11],[-0.0005,0.9976,-0.0006,1.21,-1.26,1.48,0.03,90.04],[-0.0026,1.0016,0.0055,0.84,0.34,1.43,0.15,89.68],[-0.0045,0.9916,0.0058,-0.21,-0.7,0.67,0.26,89.66],[0.0047,0.9991,0.0067,1.2,-0.21,1.16,-0.27,89.62],[-0.0015,1.0029,0.0021,1.31,-0.13,0.5,0.09,89.88],[0.0019,0.9991,-0.0079,2.04,-1.45,0.4,-0.11,90.46],[-0.0002,0.9991,0.0049,1.29,-0.09,0.42,0.01,89.72]]}
7.813	{"type":"ecg","dev":"node-01","seq":78,"t0":9034,"fs":250,"leads_off":false,"bpm":74.8,"samples":[2021,2035,2019,2023,1997,2006,1997,1996,2002,2001,1986,1986,2002,1987,1980,2000,1983,1992,1997,1999,1992,1994,1990,1992,2008]}
7.815	{"type":"imu","dev":"node-01","seq":78,"t0":9034,"fs":100,"samples":[[-0.0042,1.0013,0.0039,0.46,-0.06,0.54,0.24,89.78],[-0.0033,1.0004,-0.0019,1.16,-0.68,0.54,0.19,90.11],[0.0066,1.0018,0.0016,1.29,-1.01,0.83,-0.38,89.91],[-0.0011,0.9992,-0.0038,0.78,-0.66,-0.02,0.06,90.22],[-0.0012,0.9945,0.002,1.72,-0.36,0.48,0.07,89.89],[0.0045,0.9978,0.0012,0.85,-0.19,0.81,-0.26,89.93],[0.0002,1.0028,-0.0021,2.0,-0.65,0.23,-0.01,90.12],[-0.005,1.0138,0.0037,1.92,-0.68,-0.42,0.28,89.79],[0.0023,0.9949,-0.0008,1.15,-1.0,0.33,-0.13,90.05],[-0.0087,0.9951,0.0021,0.75,-0.59,0.05,0.5,89.88]]}
7.910	{"type":"ecg","dev":"node-01","seq":79,"t0":9134,"fs":250,"leads_off":false,"bpm":73.1,"samples":[1988,1992,1992,1995,1987,2002,2006,1997,2005,1990,2004,1994,1994,1989,1992,1983,1998,2006,2000,2004,2002,2005,2009,1996,2004]}
7.912	{"type":"imu","dev":"node-01","seq":79,"t0":9134,"fs":100,"samples":[[-0.0023,0.9979,-0.0036,0.76,-0.57,0.68,0.13,90.2],[0.0009,1.0003,-0.0019,0.64,-1.25,0.02,-0.05,90.11],[0.0028,0.9941,0.0056,0.93,-0.85,-0.14,-0.16,89.68],[0.0038,1.0029,0.0001,1.72,-1.04,0.32,-0.22,90.0],[-0.0034,1.0059,0.0043,0.56,-0.57,0.92,0.19,89.75],[0.0049,0.9935,-0.0046,0.29,-0.08,-0.02,-0.28,90.26],[0.0037,0.9979,0.0017,1.0,-1.4,0.14,-0.21,89.9],[-0.0031,1.0002,-0.003,0.74,-1.56,0.15,0.18,90.17],[-0.0046,0.9998,0.0002,0.19,-0.77,-0.46,0.26,89.99],[-0.0029,0.989,0.0,1.47,-0.42,1.17,0.17,90.0]]}
8.014	{"type":"ecg","dev":"node-01","seq":80,"t0":9234,"fs":250,"leads_off":false,"bpm":94.6,"samples":[2012,2004,1998,1999,1994,2001,2008,2002,1999,2011,1991,2004,1999,2011,2012,1992,2005,2023,2018,2011,2004,2000,2006,2003,2006]}
8.016	{"type":"imu","dev":"node-01","seq":80,"t0":9234,"fs":100,"samples":[[0.0739,1.0744,0.0055,39.47,7.98,8.56,-3.94,89.7],[0.0773,1.0552,0.0056,40.31,6.71,7.22,-4.19,89.69],[0.0757,1.0367,0.0041,40.17,4.26,4.75,-4.17,89.77],[0.0804,1.0243,0.006,41.38,3.55,4.17,-4.49,89.66],[0.0803,1.0179,-0.0026,41.06,0.4,2.37,-4.51,90.15],[0.0741,1.0117,-0.0001,41.66,0.04,1.77,-4.19,90.01],[0.0771,0.9985,-0.0002,41.27,-1.13,-0.0,-4.41,90.01],[0.0734,0.9865,-0.0029,40.73,-2.97,-1.38,-4.25,90.17],[0.0769,0.9724,-0.004,41.09,-4.49,-3.09,-4.52,90.24],[0.0812,0.9555,0.0013,41.7,-6.71,-4.9,-4.86,89.92]]}
8.111	{"type":"ecg","dev":"node-01","seq":81,"t0":9334,"fs":250,"leads_off":false,"bpm":95.2,"samples":[2015,2003,2012,2002,1998,2004,2001,2007,2006,2005,2009,2022,2003,2014,2017,2021,2028,2022,2053,2060,2079,2093,2096,2100,2096]}
8.113	{"type":"imu","dev":"node-01","seq":81,"t0":9334,"fs":100,"samples":[[0.0852,0.9518,-0.004,40.36,-7.89,-5.74,-5.11,90.24],[0.0777,0.936,0.0028,39.27,-9.72,-6.56,-4.75,89.83],[0.0685,0.9133,-0.0002,38.87,-11.62,-7.84,-4.29,90.01],[0.0779,0.8883,0.0006,38.21,-12.74,-9.46,-5.01,89.96],[0.0709,0.8724,0.0014,37.16,-12.94,-10.9,-4.65,89.91],[0.0663,0.8499,-0.0017,35.25,-14.23,-12.74,-4.46,90.11],[0.0684,0.8329,0.004,34.06,-15.02,-13.59,-4.7,89.73],[0.066,0.8019,0.0067,33.18,-15.06,-15.22,-4.7,89.52],[0.0615,0.7825,0.0016,31.93,-16.14,-15.3,-4.5,89.89],[0.0632,0.7596,0.0038,29.4,-15.02,-17.1,-4.76,89.71]]}
8.210	{"type":"ecg","dev":"node-01","seq":82,"t0":9434,"fs":250,"leads_off":false,"bpm":94.7,"samples":[2104,2090,2060,2061,2053,2048,2029,2022,2008,2022,2008,2011,2014,2004,1976,2067,2376,2685,2619,2233,1955,1900,1972,1999,2018]}
8.212	{"type":"imu","dev":"node-01","seq":82,"t0":9434,"fs":100,"samples":[[0.0592,0.7366,-0.0039,29.05,-15.88,-18.28,-4.6,90.3],[0.0524,0.7309,0.0013,26.76,-15.92,-18.31,-4.1,89.9],[0.0507,0.7184,0.0034,24.41,-14.42,-19.67,-4.03,89.73],[0.0504,0.7166,0.0041,22.82,-14.96,-21.03,-4.03,89.67],[0.0436,0.7209,0.0004,21.3,-13.7,-21.59,-3.46,89.97],[0.0378,0.7264,0.0005,19.38,-12.66,-21.94,-2.98,89.96],[0.0284,0.7315,-0.0016,17.35,-12.71,-22.77,-2.23,90.13],[0.0315,0.7552,-0.0028,15.38,-10.52,-22.87,-2.39,90.21],[0.0244,0.7867,-0.0005,12.44,-9.42,-23.13,-1.77,90.04],[0.0239,0.8095,-0.003,11.47,-6.59,-23.54,-1.69,90.21]]}
8.311	{"type":"ecg","dev":"node-01","seq":83,"t0":9534,"fs":250,"leads_off":false,"bpm":94.5,"samples":[2019,2019,2012,2017,2011,2022,2022,2012,2033,2026,2017,2017,2017,2030,2024,2018,2027,2040,2048,2058,2064,2064,2094,2112,2133]}
8.313	{"type":"imu","dev":"node-01","seq":83,"t0":9534,"fs":100,"samples":[[0.0068,0.8547,0.0017,8.41,-6.08,-23.4,-0.45,89.89],[0.0128,0.8966,-0.0064,6.49,-5.11,-24.27,-0.82,90.41],[0.0071,0.9417,-0.0015,4.49,-3.51,-24.2,-0.43,90.09],[0.0013,0.9914,0.0034,1.72,-0.55,-24.32,-0.07,89.8],[-0.0016,1.0367,0.0003,-0.71,0.25,-24.78,0.09,89.98],[-0.0088,1.0749,-0.005,-3.87,1.59,-24.62,0.47,90.27],[-0.0155,1.1233,0.0009,-4.69,3.82,-23.55,0.79,89.95],[-0.0197,1.1659,-0.0081,-7.62,5.1,-23.34,0.97,90.4],[-0.0281,1.2016,-0.0056,-8.49,6.91,-23.36,1.34,90.27],[-0.0291,1.2332,-0.0055,-11.27,8.04,-23.53,1.35,90.26]]}
8.411	{"type":"ecg","dev":"node-01","seq":84,"t0":9634,"fs":250,"leads_off":false,"bpm":94.5,"samples":[2152,2158,2173,2207,2209,2228,2236,2236,2233,2226,2214,2199,2185,2151,2146,2135,2108,2090,2080,2066,2059,2042,2043,2036,2020]}
8.413	{"type":"imu","dev":"node-01","seq":84,"t0":9634,"fs":100,"samples":[[-0.0261,1.2556,-0.0071,-13.13,9.63,-23.03,1.19,90.32],[-0.0331,1.2695,-0.0013,-15.78,11.28,-22.56,1.49,90.06],[-0.0391,1.2831,0.005,-16.62,11.34,-21.23,1.75,89.78],[-0.0374,1.2816,-0.0056,-19.17,12.5,-21.15,1.67,90.25],[-0.0436,1.2906,0.0021,-20.87,13.17,-20.08,1.94,89.91],[-0.0462,1.287,0.005,-22.49,14.15,-19.34,2.06,89.78],[-0.0544,1.2719,0.0006,-26.19,14.82,-18.25,2.45,89.98],[-0.0569,1.2549,-0.0013,-27.53,14.82,-17.36,2.6,90.06],[-0.0545,1.2359,-0.0022,-27.7,14.05,-16.87,2.52,90.1],[-0.0598,1.2134,-0.0013,-30.17,13.44,-14.93,2.82,90.06]]}
8.511	{"type":"ecg","dev":"node-01","seq":85,"t0":9734,"fs":250,"leads_off":false,"bpm":95.7,"samples":[2021,2024,2029,2022,2029,2030,2031,2034,2024,2014,2017,2024,2041,2024,2023,2034,2030,2033,2024,2035,2031,2033,2038,2034,2026]}
8.513	{"type":"imu","dev":"node-01","seq":85,"t0":9734,"fs":100,"samples":[[-0.0632,1.1916,0.001,-31.12,13.21,-14.19,3.03,89.95],[-0.0703,1.1774,-0.0057,-32.97,12.66,-12.74,3.42,90.28],[-0.0676,1.1454,-0.0014,-32.62,12.03,-12.29,3.38,90.07],[-0.069,1.1249,0.0027,-34.03,11.13,-10.49,3.51,89.86],[-0.0815,1.1092,-0.0032,-36.57,10.37,-9.86,4.2,90.17],[-0.0793,1.0785,0.0029,-37.34,9.24,-7.79,4.2,89.85],[-0.07,1.064,-0.0028,-36.89,7.63,-5.98,3.76,90.15],[-0.0773,1.0503,0.0043,-37.59,5.41,-4.9,4.21,89.77],[-0.0752,1.0315,0.0026,-38.78,4.34,-4.99,4.17,89.86],[-0.0803,1.0236,0.0005,-39.29,2.9,-3.17,4.49,89.97]]}
8.610	{"type":"ecg","dev":"node-01","seq":86,"t0":9834,"fs":250,"leads_off":false,"bpm":94.5,"samples":[2031,2033,2017,2035,2044,2034,2037,2031,2024,2040,2031,2031,2037,2035,2037,2027,2042,2030,2038,2030,2034,2031,2042,2039,2048]}
8.612	{"type":"imu","dev":"node-01","seq":86,"t0":9834,"fs":100,"samples":[[-0.0907,1.0276,-0.0066,-39.18,1.32,-1.18,5.04,90.37],[-0.0813,1.0065,-0.0053,-39.48,-1.36,-0.01,4.62,90.3],[-0.0819,0.998,0.0095,-39.23,-1.72,1.52,4.69,89.45],[-0.0777,0.987,-0.0005,-39.62,-4.34,3.37,4.5,90.03],[-0.0795,0.9734,0.0041,-38.56,-5.77,4.32,4.67,89.76],[-0.0742,0.9602,-0.003,-38.03,-7.2,5.71,4.42,90.18],[-0.0777,0.9419,0.0036,-36.66,-9.08,7.56,4.71,89.78],[-0.0732,0.9269,0.0063,-37.07,-9.56,8.67,4.51,89.61],[-0.0774,0.9001,-0.0003,-36.64,-10.1,10.34,4.91,90.02],[-0.0684,0.8875,-0.0009,-35.48,-11.99,10.33,4.41,90.06]]}
8.712	{"type":"ecg","dev":"node-01","seq":87,"t0":9934,"fs":250,"leads_off":false,"bpm":96.1,"samples":[2040,2039,2030,2039,2030,2034,2037,2040,2044,2037,2040,2035,2026,2038,2042,2035,2032,2034,2035,2030,2026,2041,2038,2047,2063]}
8.714	{"type":"imu","dev":"node-01","seq":87,"t0":9934,"fs":100,"samples":[[-0.0602,0.8696,0.0013,-33.34,-13.39,11.55,3.96,89.92],[-0.072,0.8503,-0.0015,-32.62,-13.77,14.92,4.84,90.1],[-0.065,0.8218,0.0023,-32.04,-14.06,14.72,4.52,89.84],[-0.0604,0.7988,0.001,-30.92,-15.3,16.05,4.32,89.93],[-0.0598,0.7766,0.0068,-27.99,-15.54,17.68,4.4,89.5],[-0.0564,0.7546,0.0014,-28.02,-16.34,18.3,4.28,89.9],[-0.056,0.7341,-0.0071,-24.6,-14.82,19.69,4.36,90.56],[-0.0519,0.7217,0.0061,-23.12,-15.37,19.6,4.12,89.51],[-0.0499,0.7206,0.0052,-22.2,-14.82,20.66,3.96,89.58],[-0.0407,0.7223,0.013,-19.88,-14.51,20.6,3.22,88.97]]}
8.810	{"type":"ecg","dev":"node-01","seq":88,"t0":10034,"fs":250,"leads_off":false,"bpm":96.0,"samples":[2055,2083,2089,2102,2110,2115,2117,2124,2120,2119,2105,2089,2076,2058,2056,2040,2047,2046,2040,2044,2027,2020,2016,2122,2432]}
8.812	{"type":"imu","dev":"node-01","seq":88,"t0":10034,"fs":100,"samples":[[-0.0346,0.7282,-0.0003,-17.3,-13.28,23.59,2.72,90.02],[-0.0324,0.7302,0.0009,-16.84,-12.28,22.48,2.54,89.93],[-0.0291,0.7443,-0.0011,-13.99,-11.72,24.67,2.24,90.09],[-0.0216,0.7724,-0.0034,-11.97,-10.21,23.84,1.6,90.25],[-0.0245,0.802,0.0041,-9.68,-8.27,24.9,1.75,89.7],[-0.0174,0.833,0.0019,-8.0,-6.86,24.18,1.19,89.87],[-0.0169,0.8794,0.0005,-4.83,-5.85,25.27,1.1,89.97],[-0.0112,0.9149,0.0032,-2.37,-4.21,25.59,0.7,89.8],[-0.0087,0.9622,-0.0006,-0.63,-1.5,25.37,0.52,90.04],[0.0013,1.0087,-0.0014,1.3,-0.77,25.82,-0.08,90.08]]}
8.911	{"type":"ecg","dev":"node-01","seq":89,"t0":10134,"fs":250,"leads_off":false,"bpm":94.3,"samples":[2725,2614,2219,1957,1948,1998,2030,2039,2034,2046,2045,2037,2051,2045,2036,2032,2038,2043,2050,2045,2049,2058,2045,2059,2057]}
8.913	{"type":"imu","dev":"node-01","seq":89,"t0":10134,"fs":100,"samples":[[0.0122,1.0494,0.0012,4.18,1.15,24.98,-0.67,89.94],[0.0124,1.0973,-0.002,5.89,2.74,25.03,-0.65,90.1],[0.0139,1.1417,0.0017,8.46,4.22,25.06,-0.7,89.91],[0.0185,1.1781,-0.0018,10.45,5.55,25.14,-0.9,90.09],[0.0227,1.2084,0.0032,13.04,7.21,25.09,-1.08,89.85],[0.0267,1.2383,0.0048,14.24,8.57,23.92,-1.23,89.78],[0.0319,1.2582,0.0022,16.68,10.16,22.34,-1.45,89.9],[0.0255,1.2837,0.0073,19.01,11.39,21.8,-1.14,89.68],[0.0403,1.2873,-0.0006,20.83,12.62,21.96,-1.79,90.03],[0.0455,1.2869,-0.0007,23.95,12.9,21.43,-2.02,90.03]]}
9.011	{"type":"ecg","dev":"node-01","seq":90,"t0":10234,"fs":250,"leads_off":false,"bpm":94.7,"samples":[2064,2077,2078,2088,2092,2104,2125,2154,2166,2186,2203,2225,2232,2245,2255,2249,2231,2239,2234,2222,2184,2178,2154,2131,2114]}
9.013	{"type":"imu","dev":"node-01","seq":90,"t0":10234,"fs":100,"samples":[[0.0433,1.293,-0.0076,24.7,12.98,20.67,-1.92,90.34],[0.0507,1.2794,0.0016,26.43,14.03,20.5,-2.27,89.93],[0.0472,1.2694,0.0056,28.25,14.94,20.12,-2.13,89.75],[0.0671,1.2489,-0.0006,29.45,14.01,17.21,-3.08,90.03],[0.061,1.2288,-0.0032,31.36,14.46,16.43,-2.84,90.15],[0.0632,1.2078,0.0077,32.57,14.09,15.23,-2.99,89.64],[0.0636,1.1839,0.0054,34.65,13.51,15.92,-3.08,89.74],[0.0648,1.1611,-0.0038,34.75,12.32,12.84,-3.19,90.19],[0.0692,1.1418,-0.0018,36.88,11.47,12.52,-3.47,90.09],[0.0682,1.1172,0.0087,37.9,10.4,10.42,-3.49,89.55]]}
9.111	{"type":"ecg","dev":"node-01","seq":91,"t0":10334,"fs":250,"leads_off":false,"bpm":93.5,"samples":[2103,2097,2074,2069,2053,2055,2051,2044,2041,2037,2042,2043,2035,2041,2043,2032,2042,2035,2038,2037,2037,2026,2040,2035,2037]}
9.113	{"type":"imu","dev":"node-01","seq":91,"t0":10334,"fs":100,"samples":[[0.0682,1.0992,-0.0006,38.84,9.9,9.38,-3.55,90.03],[0.0729,1.0732,-0.0045,39.3,7.73,7.89,-3.89,90.24],[0.0802,1.0624,-0.0058,40.02,6.37,7.35,-4.31,90.31],[0.0803,1.0465,-0.0005,40.26,5.54,6.28,-4.39,90.03],[0.0849,1.0258,-0.0052,41.2,3.31,4.76,-4.73,90.29],[0.0781,1.0225,-0.0028,40.71,2.36,2.88,-4.37,90.16],[0.08,1.0091,-0.0034,40.97,0.84,1.9,-4.53,90.19],[0.0814,1.0028,0.0046,40.98,-1.92,0.17,-4.64,89.74],[0.0792,0.9905,0.0018,41.3,-3.01,-0.95,-4.57,89.9],[0.0867,0.9764,-0.0019,40.99,-4.97,-3.09,-5.08,90.11]]}
9.213	{"type":"ecg","dev":"node-01","seq":92,"t0":10434,"fs":250,"leads_off":false,"bpm":96.0,"samples":[2039,2043,2042,2037,2037,2038,2032,2042,2037,2029,2039,2054,2029,2034,2039,2042,2032,2035,2039,2043,2033,2042,2035,2025,2039]}
9.215	{"type":"imu","dev":"node-01","seq":92,"t0":10434,"fs":100,"samples":[[0.0858,0.9685,-0.0021,40.27,-6.62,-4.31,-5.06,90.12],[0.0725,0.9572,-0.003,39.15,-7.42,-6.01,-4.33,90.18],[0.0748,0.9334,-0.0055,39.47,-10.44,-6.7,-4.58,90.34],[0.0784,0.9239,0.0075,39.12,-10.24,-8.98,-4.85,89.54],[0.0717,0.9005,0.0025,38.21,-11.68,-9.33,-4.55,89.84],[0.072,0.8824,0.0062,36.9,-13.43,-11.75,-4.67,89.6],[0.0749,0.863,-0.0004,35.93,-13.57,-12.45,-4.96,90.02],[0.0655,0.8303,0.0008,33.27,-14.45,-12.55,-4.51,89.94],[0.0674,0.8137,-0.0053,33.43,-14.5,-13.62,-4.73,90.37],[0.0614,0.7855,0.0063,32.02,-15.03,-15.59,-4.47,89.54]]}
9.313	{"type":"ecg","dev":"node-01","seq":93,"t0":10534,"fs":250,"leads_off":false,"bpm":94.9,"samples":[2039,2034,2041,2046,2034,2033,2036,2028,2032,2037,2034,2035,2037,2028,2026,2031,2031,2042,2033,2031,2034,2027,2027,2037,2039]}
9.315	{"type":"imu","dev":"node-01","seq":93,"t0":10534,"fs":100,"samples":[[0.0707,0.7604,-0.0014,30.5,-15.23,-16.66,-5.31,90.11],[0.0553,0.7513,0.0046,29.78,-17.05,-17.16,-4.21,89.65],[0.0501,0.7291,0.0031,26.73,-15.78,-18.49,-3.93,89.75],[0.047,0.719,0.0022,24.86,-15.05,-18.98,-3.74,89.82],[0.048,0.7185,0.0015,22.57,-13.85,-20.42,-3.82,89.88],[0.0378,0.7152,0.0004,21.7,-13.93,-21.4,-3.03,89.96],[0.0351,0.7239,0.0031,18.79,-12.91,-21.54,-2.77,89.76],[0.0346,0.7416,-0.001,17.61,-11.16,-23.0,-2.67,90.08],[0.0258,0.7575,0.0014,15.77,-10.48,-23.24,-1.95,89.89],[0.0223,0.7775,-0.0031,12.99,-9.26,-24.1,-1.64,90.23]]}
9.410	{"type":"ecg","dev":"node-01","seq":94,"t0":10634,"fs":250,"leads_off":false,"bpm":94.2,"samples":[2040,2027,2037,2034,2038,2038,2042,2055,2056,2068,2076,2103,2101,2110,2121,2118,2109,2097,2091,2079,2071,2052,2041,2039,2036]}
9.412	{"type":"imu","dev":"node-01","seq":94,"t0":10634,"fs":100,"samples":[[0.0205,0.8161,0.0011,10.64,-8.19,-22.64,-1.44,89.92],[0.0174,0.852,-0.0028,7.73,-7.08,-24.17,-1.17,90.19],[0.008,0.8964,-0.0017,6.65,-4.66,-24.11,-0.51,90.11],[0.0018,0.9326,0.003,3.64,-3.79,-24.59,-0.11,89.82],[0.0006,0.9819,-0.0032,2.35,-1.59,-24.38,-0.04,90.19],[-0.005,1.0251,-0.0043,0.54,-1.01,-24.39,0.28,90.24],[-0.008,1.07,-0.0097,-1.83,1.57,-23.93,0.43,90.52],[-0.0045,1.1203,-0.0007,-3.65,4.58,-24.22,0.23,90.04],[-0.0139,1.1581,0.0153,-6.71,5.22,-23.39,0.69,89.24],[-0.0243,1.1968,0.0006,-8.25,6.62,-23.56,1.16,89.97]]}
9.511	{"type":"ecg","dev":"node-01","seq":95,"t0":10734,"fs":250,"leads_off":false,"bpm":94.0,"samples":[2029,2029,2029,2031,2011,2008,2127,2466,2731,2569,2152,1935,1925,1987,2015,2025,2019,2035,2026,2023,2018,2023,2018,2026,2027]}
9.513	{"type":"imu","dev":"node-01","seq":95,"t0":10734,"fs":100,"samples":[[-0.0259,1.2284,-0.0006,-11.37,7.95,-24.38,1.21,90.03],[-0.0202,1.253,-0.0024,-12.61,9.4,-23.06,0.92,90.11],[-0.0359,1.2681,-0.001,-16.35,10.79,-21.82,1.62,90.04],[-0.0395,1.2842,-0.0044,-16.75,11.43,-20.33,1.76,90.2],[-0.0375,1.2888,-0.0036,-18.8,12.77,-20.37,1.67,90.16],[-0.0454,1.2923,-0.0031,-21.35,13.17,-19.47,2.01,90.14],[-0.047,1.29,-0.0025,-23.78,13.47,-19.73,2.09,90.11],[-0.0503,1.2768,0.0006,-24.87,13.35,-18.95,2.26,89.97],[-0.0493,1.2577,0.0114,-27.07,14.82,-17.93,2.25,89.48],[-0.057,1.2395,-0.0015,-28.23,14.41,-16.31,2.63,90.07]]}
9.610	{"type":"ecg","dev":"node-01","seq":96,"t0":10834,"fs":250,"leads_off":false,"bpm":96.0,"samples":[2027,2021,2020,2030,2020,2027,2037,2026,2047,2043,2064,2062,2080,2088,2105,2126,2139,2176,2189,2204,2220,2229,2229,2221,2220]}
9.612	{"type":"imu","dev":"node-01","seq":96,"t0":10834,"fs":100,"samples":[[-0.061,1.2138,0.0047,-30.11,14.29,-14.84,2.88,89.78],[-0.0635,1.2006,0.0026,-30.94,13.48,-14.75,3.03,89.88],[-0.0667,1.1757,-0.0071,-32.09,13.32,-13.15,3.25,90.34],[-0.0683,1.146,0.009,-31.99,12.39,-12.21,3.41,89.55],[-0.0754,1.1234,-0.0024,-34.67,11.46,-10.28,3.84,90.12],[-0.0827,1.1053,-0.0051,-36.27,9.48,-9.72,4.28,90.26],[-0.0699,1.0901,0.0103,-35.48,9.14,-7.48,3.67,89.46],[-0.076,1.0694,-0.0002,-37.88,6.21,-7.31,4.06,90.01],[-0.0787,1.0512,0.0036,-37.25,6.41,-5.76,4.28,89.8],[-0.0819,1.0431,0.0013,-37.13,4.38,-4.09,4.49,89.93]]}
9.713	{"type":"ecg","dev":"node-01","seq":97,"t0":10934,"fs":250,"leads_off":false,"bpm":95.1,"samples":[2215,2190,2199,2169,2147,2127,2116,2090,2082,2073,2058,2043,2041,2038,2029,2029,2024,2016,2008,2015,2004,2014,2009,2022,2001]}
9.715	{"type":"imu","dev":"node-01","seq":97,"t0":10934,"fs":100,"samples":[[-0.0723,1.0262,0.0051,-38.58,2.71,-2.66,4.03,89.71],[-0.0825,1.0151,-0.0013,-38.53,1.39,-0.07,4.65,90.07],[-0.0776,1.0037,0.0026,-38.86,-0.51,1.33,4.42,89.85],[-0.0823,0.9917,0.0034,-38.63,-2.66,1.66,4.74,89.8],[-0.0753,0.9843,-0.0024,-38.25,-3.49,3.87,4.38,90.14],[-0.074,0.9785,0.0053,-39.03,-5.77,4.62,4.32,89.69],[-0.0808,0.9529,0.002,-37.64,-7.06,5.24,4.84,89.88],[-0.0738,0.9473,-0.0037,-37.39,-8.69,7.99,4.45,90.22],[-0.0738,0.9299,0.0009,-37.01,-9.55,8.64,4.54,89.95],[-0.0755,0.91,-0.0012,-35.23,-11.45,10.08,4.74,90.07]]}
9.811	{"type":"ecg","dev":"node-01","seq":98,"t0":11034,"fs":250,"leads_off":false,"bpm":94.4,"samples":[2006,2019,2006,2011,2014,2008,2002,2013,2011,2006,2001,2016,2006,2008,2001,2015,2008,2010,2016,2009,2001,1999,2008,1997,2017]}
9.813	{"type":"imu","dev":"node-01","seq":98,"t0":11034,"fs":100,"samples":[[-0.0736,0.8873,-0.0031,-35.37,-12.91,11.04,4.74,90.2],[-0.0697,0.8721,-0.0081,-33.81,-13.73,13.25,4.57,90.53],[-0.0664,0.8425,0.0082,-32.94,-14.96,13.34,4.51,89.44],[-0.0619,0.8248,-0.0003,-31.76,-14.73,13.66,4.29,90.02],[-0.0655,0.7921,-0.0061,-29.96,-16.51,16.42,4.73,90.44],[-0.0621,0.777,0.0004,-27.53,-15.42,16.9,4.57,89.97],[-0.0546,0.7553,-0.0064,-27.82,-15.71,17.67,4.13,90.48],[-0.0585,0.7371,-0.0063,-25.3,-15.14,18.83,4.54,90.49],[-0.0535,0.7255,-0.0028,-23.85,-15.21,20.43,4.22,90.22],[-0.0432,0.7137,-0.0015,-22.81,-14.33,20.92,3.46,90.12]]}
9.911	{"type":"ecg","dev":"node-01","seq":99,"t0":11134,"fs":250,"leads_off":false,"bpm":93.6,"samples":[1999,1997,2003,2000,1996,2010,2003,2006,2003,1998,2001,2008,2008,1998,2005,2007,2004,2002,2003,1998,1997,1994,1999,2002,1999]}
9.913	{"type":"imu","dev":"node-01","seq":99,"t0":11134,"fs":100,"samples":[[-0.0382,0.7078,0.0039,-20.86,-14.78,21.33,3.09,89.69],[-0.0417,0.7138,-0.0036,-18.14,-13.47,22.09,3.34,90.29],[-0.03,0.7208,0.0012,-16.21,-12.37,23.02,2.38,89.9],[-0.0269,0.7416,0.0042,-14.64,-11.45,24.18,2.08,89.68],[-0.0254,0.7778,-0.0041,-11.95,-9.36,24.15,1.87,90.3],[-0.0217,0.7913,-0.0029,-10.89,-9.0,24.85,1.57,90.21],[-0.0145,0.8233,0.0062,-7.85,-6.8,25.14,1.01,89.57],[-0.0126,0.8646,-0.0107,-4.93,-5.78,25.21,0.83,90.71],[-0.0101,0.9101,-0.0053,-3.03,-3.73,25.74,0.64,90.33],[-0.0131,0.955,0.0024,-0.49,-2.24,25.17,0.78,89.86]]}
10.000	{"type":"status","dev":"node-01","fw":"0.1.0","uptime_ms":11234,"ecg":{"fs":250},"imu":{"ok":true,"fs":100,"errors":0,"fields":["ax","ay","az","gx","gy","gz","pitch","roll"]}}
10.212	{"type":"ecg","dev":"node-01","seq":102,"t0":11434,"fs":250,"leads_off":false,"bpm":95.4,"samples":[1995,1990,1973,1987,1978,1990,1985,1982,1984,1985,1999,1981,1994,1994,1997,1995,1997,2004,2024,2025,2041,2054,2075,2095,2101]}
10.214	{"type":"imu","dev":"node-01","seq":102,"t0":11434,"fs":100,"samples":[[0.0761,1.1093,0.0099,37.68,11.05,11.99,-3.92,89.49],[0.0685,1.0982,0.0006,39.35,9.92,9.55,-3.57,89.97],[0.0716,1.0804,0.0048,38.99,7.78,8.35,-3.79,89.75],[0.0799,1.0543,-0.0016,40.42,6.63,7.36,-4.33,90.09],[0.0763,1.045,-0.0071,40.21,5.71,6.34,-4.18,90.39],[0.0778,1.0244,-0.0077,40.67,3.77,4.33,-4.34,90.43],[0.0806,1.0169,-0.0035,40.42,2.28,2.83,-4.53,90.2],[0.0797,1.0155,-0.0038,41.26,0.65,2.03,-4.49,90.22],[0.0783,0.9967,-0.0029,41.18,-0.37,-0.19,-4.49,90.17],[0.0833,0.9887,-0.0035,40.66,-2.07,-1.57,-4.82,90.2]]}
10.312	{"type":"ecg","dev":"node-01","seq":103,"t0":11534,"fs":250,"leads_off":false,"bpm":95.2,"samples":[2132,2145,2162,2177,2190,2193,2192,2178,2177,2160,2143,2124,2119,2093,2081,2061,2051,2019,2017,2007,1997,1991,1986,1984,1984]}
10.314	{"type":"imu","dev":"node-01","seq":103,"t0":11534,"fs":100,"samples":[[0.0812,0.9803,0.0025,41.27,-4.52,-3.17,-4.74,89.85],[0.0866,0.9599,-0.005,40.6,-6.89,-4.31,-5.16,90.3],[0.0848,0.9484,-0.0006,40.98,-8.59,-5.47,-5.11,90.04],[0.0856,0.9277,-0.0022,39.43,-9.14,-6.43,-5.27,90.14],[0.0718,0.9195,-0.0026,38.44,-10.72,-8.89,-4.47,90.16],[0.0781,0.8943,0.0023,38.27,-11.8,-8.93,-4.99,89.85],[0.0758,0.8731,-0.0043,36.92,-13.15,-10.04,-4.96,90.28],[0.0746,0.8466,-0.0059,36.77,-13.74,-11.8,-5.04,90.4],[0.067,0.8267,-0.0028,34.07,-14.63,-12.08,-4.63,90.2],[0.061,0.8084,0.0042,33.78,-14.85,-13.45,-4.32,89.7]]}
10.413	{"type":"ecg","dev":"node-01","seq":104,"t0":11634,"fs":250,"leads_off":false,"bpm":95.8,"samples":[1982,1989,1978,1979,1976,1987,1980,1972,1972,1977,1970,1974,1972,1978,1965,1975,1974,1983,1975,1971,1979,1968,1973,1963,1963]}
10.415	{"type":"imu","dev":"node-01","seq":104,"t0":11634,"fs":100,"samples":[[0.0634,0.7869,0.0043,31.9,-15.64,-15.15,-4.61,89.69],[0.0602,0.7543,0.0019,30.23,-15.62,-15.88,-4.56,89.85],[0.0574,0.744,0.003,28.48,-16.47,-18.19,-4.42,89.77],[0.0621,0.7234,0.0086,27.1,-15.35,-18.42,-4.91,89.32],[0.0483,0.72,-0.0001,26.44,-14.94,-19.11,-3.83,90.01],[0.0424,0.7085,0.0082,23.29,-14.81,-20.44,-3.42,89.34],[0.0429,0.7167,-0.0009,21.9,-14.23,-20.52,-3.43,90.07],[0.038,0.718,0.0063,19.64,-13.22,-22.24,-3.03,89.49],[0.0246,0.7284,0.0017,17.96,-12.75,-22.17,-1.93,89.87],[0.0219,0.7514,-0.0027,15.19,-10.25,-22.29,-1.67,90.2]]}
10.511	{"type":"ecg","dev":"node-01","seq":105,"t0":11734,"fs":250,"leads_off":false,"bpm":93.5,"samples":[1973,1969,1986,1970,1971,1965,1968,1966,1981,1960,1974,1966,1960,1982,1982,1971,1969,1957,1967,1971,1964,1962,1962,1954,1969]}
10.513	{"type":"imu","dev":"node-01","seq":105,"t0":11734,"fs":100,"samples":[[0.0236,0.777,0.006,13.86,-10.08,-23.36,-1.74,89.56],[0.0196,0.8041,-0.0038,10.92,-7.72,-23.66,-1.39,90.27],[0.0165,0.8424,0.0028,8.8,-6.66,-24.06,-1.12,89.81],[0.0101,0.8829,0.0074,7.03,-4.83,-24.79,-0.66,89.52],[0.0064,0.928,0.0001,5.26,-4.04,-25.09,-0.39,90.0],[0.0031,0.9665,0.0047,3.29,-1.39,-24.28,-0.18,89.72],[-0.0003,1.0182,-0.0045,1.44,0.63,-24.59,0.02,90.25],[0.0005,1.0639,0.0014,-2.32,2.0,-23.9,-0.03,89.92],[-0.0041,1.1019,-0.0018,-4.1,3.25,-24.55,0.21,90.09],[-0.0166,1.1527,0.001,-7.36,4.61,-24.31,0.82,89.95]]}
10.611	{"type":"ecg","dev":"node-01","seq":106,"t0":11834,"fs":250,"leads_off":false,"bpm":94.7,"samples":[1974,1960,1967,1967,1968,1962,1968,1960,1960,1970,1976,1969,1972,1965,1968,1966,1954,1967,1958,1970,1962,1977,1981,1978,1987]}
10.613	{"type":"imu","dev":"node-01","seq":106,"t0":11834,"fs":100,"samples":[[-0.0149,1.1836,-0.0006,-8.32,6.93,-23.66,0.72,90.03],[-0.0251,1.2233,-0.0023,-10.28,8.21,-23.81,1.17,90.11],[-0.0291,1.2425,-0.0065,-12.86,9.18,-22.28,1.34,90.3],[-0.0312,1.2658,0.0009,-14.23,10.78,-22.5,1.41,89.96],[-0.0438,1.2812,0.0027,-16.79,11.47,-22.41,1.96,89.88],[-0.0453,1.288,-0.0007,-18.8,12.08,-21.12,2.01,90.03],[-0.0449,1.2806,-0.0023,-21.26,12.12,-20.19,2.01,90.1],[-0.0459,1.2773,0.0,-22.69,13.35,-18.81,2.06,90.0],[-0.0512,1.2709,0.0082,-25.37,14.27,-18.85,2.31,89.63],[-0.0553,1.2491,0.0008,-27.16,14.39,-17.9,2.54,89.97]]}
10.710	{"type":"ecg","dev":"node-01","seq":107,"t0":11934,"fs":250,"leads_off":false,"bpm":93.8,"samples":[2007,2014,2029,2038,2043,2054,2045,2041,2036,2017,2014,1994,1983,1971,1964,1970,1956,1966,1965,1951,1941,1950,2116,2477,2661]}
10.712	{"type":"imu","dev":"node-01","seq":107,"t0":11934,"fs":100,"samples":[[-0.0615,1.2309,-0.0064,-27.48,14.75,-16.49,2.86,90.3],[-0.0707,1.2182,0.001,-29.26,13.72,-14.84,3.32,89.95],[-0.0586,1.1903,0.0075,-31.77,13.21,-13.9,2.82,89.64],[-0.0596,1.1659,0.0012,-32.41,13.43,-13.08,2.93,89.94],[-0.0722,1.1415,0.0042,-33.57,12.47,-12.93,3.62,89.79],[-0.0675,1.1248,-0.0001,-35.61,10.72,-10.3,3.44,90.0],[-0.0742,1.1044,-0.0035,-36.09,10.76,-9.52,3.84,90.18],[-0.0789,1.0829,0.0033,-36.53,8.85,-8.36,4.17,89.82],[-0.0753,1.0606,0.0034,-37.09,8.83,-6.28,4.06,89.82],[-0.0755,1.0468,0.0002,-37.62,6.5,-4.79,4.12,89.99]]}
10.810	{"type":"ecg","dev":"node-01","seq":108,"t0":12034,"fs":250,"leads_off":false,"bpm":94.2,"samples":[2418,2024,1852,1885,1928,1949,1967,1958,1963,1967,1951,1958,1958,1956,1958,1960,1959,1959,1975,1962,1973,1979,1962,1971,1973]}
10.812	{"type":"imu","dev":"node-01","seq":108,"t0":12034,"fs":100,"samples":[[-0.0752,1.0348,0.0042,-37.72,3.86,-4.56,4.16,89.77],[-0.0778,1.0228,0.0002,-38.24,2.5,-2.1,4.35,89.99],[-0.0852,1.0081,0.0056,-38.51,1.01,-1.17,4.83,89.68],[-0.0773,1.0037,0.0043,-38.57,-0.65,-0.7,4.4,89.76],[-0.0804,0.9901,-0.0018,-38.7,-3.25,1.32,4.64,90.1],[-0.0741,0.9812,-0.0011,-38.39,-4.17,3.28,4.32,90.07],[-0.0769,0.9633,-0.0033,-38.5,-5.52,4.72,4.56,90.2],[-0.082,0.9538,0.0096,-38.17,-6.18,5.32,4.91,89.43],[-0.0746,0.9433,0.0001,-37.83,-8.71,6.33,4.52,89.99],[-0.0719,0.9246,0.0041,-36.59,-10.2,8.2,4.44,89.75]]}
10.910	{"type":"ecg","dev":"node-01","seq":109,"t0":12134,"fs":250,"leads_off":false,"bpm":96.1,"samples":[1986,1993,1997,2017,2041,2051,2071,2097,2113,2124,2152,2162,2163,2161,2165,2172,2153,2136,2125,2112,2093,2075,2053,2041,2019]}
10.912	{"type":"imu","dev":"node-01","seq":109,"t0":12134,"fs":100,"samples":[[-0.075,0.9037,-0.0014,-36.56,-10.54,10.99,4.75,90.09],[-0.0717,0.8937,0.0003,-35.58,-12.12,10.61,4.59,89.98],[-0.0683,0.8729,0.0061,-34.33,-13.12,11.64,4.48,89.6],[-0.0793,0.8363,-0.0003,-32.64,-14.06,12.41,5.42,90.02],[-0.0658,0.815,-0.0014,-31.62,-14.36,13.77,4.62,90.1],[-0.0639,0.792,0.0068,-30.47,-15.01,15.65,4.61,89.51],[-0.0611,0.7702,-0.0126,-28.52,-16.41,17.21,4.54,90.94],[-0.0563,0.7499,0.0031,-27.02,-16.5,18.02,4.29,89.76],[-0.0571,0.729,0.0043,-25.69,-15.22,20.43,4.48,89.66],[-0.0574,0.7229,0.0014,-24.1,-15.52,20.05,4.54,89.89]]}
11.010	{"type":"ecg","dev":"node-01","seq":110,"t0":12234,"fs":250,"leads_off":false,"bpm":94.3,"samples":[2015,2004,2001,1979,1976,1976,1970,1956,1951,1950,1957,1960,1954,1965,1957,1967,1953,1948,1960,1966,1961,1963,1950,1960,1965]}
11.012	{"type":"imu","dev":"node-01","seq":110,"t0":12234,"fs":100,"samples":[[-0.041,0.7227,-0.0004,-22.75,-15.66,21.23,3.25,90.03],[-0.0427,0.7025,-0.0013,-20.22,-14.04,21.52,3.48,90.1],[-0.0444,0.7187,0.0022,-18.55,-13.77,22.92,3.53,89.82],[-0.0331,0.7198,-0.0002,-17.03,-12.84,22.69,2.64,90.02],[-0.0327,0.7362,0.0005,-14.56,-12.26,23.58,2.54,89.96],[-0.0286,0.7602,0.0008,-11.78,-11.39,24.0,2.16,89.94],[-0.0176,0.7838,-0.0011,-9.83,-9.26,23.64,1.29,90.08],[-0.0087,0.815,0.0002,-8.09,-6.9,24.68,0.61,89.99],[-0.021,0.8568,0.0013,-5.43,-5.31,24.64,1.4,89.92],[-0.0012,0.9029,-0.0076,-3.27,-4.29,25.14,0.07,90.48]]}
11.030	{"type":"imu","dev":"node-01","seq":999999,"samples":"oops"}
11.030	{"type":"ecg","dev":"node-01","sam
11.113	{"type":"ecg","dev":"node-01","seq":111,"t0":12334,"fs":250,"leads_off":false,"bpm":93.8,"samples":[1966,1965,1952,1956,1959,1960,1964,1963,1968,1960,1963,1965,1955,1963,1978,1959,1949,1957,1968,1969,1950,1953,1974,1960,1965]}
11.115	{"type":"imu","dev":"node-01","seq":111,"t0":12334,"fs":100,"samples":[[-0.0072,0.9455,0.0085,-1.31,-2.25,25.92,0.44,89.49],[0.0016,0.9986,0.0057,0.46,-0.97,25.14,-0.09,89.67],[0.0011,1.0394,0.0024,3.4,0.7,25.24,-0.06,89.87],[0.0076,1.0872,0.0025,6.16,2.17,25.79,-0.4,89.87],[0.0091,1.1238,0.0034,7.41,4.57,25.43,-0.47,89.82],[0.0142,1.1653,-0.0054,10.84,5.85,24.95,-0.7,90.27],[0.0245,1.2012,-0.0014,11.79,6.26,24.02,-1.17,90.07],[0.0296,1.2325,0.0067,13.41,8.66,24.46,-1.38,89.69],[0.0388,1.2481,0.0058,15.5,9.7,23.46,-1.78,89.73],[0.0321,1.2667,-0.004,19.28,10.42,23.74,-1.45,90.18]]}
11.211	{"type":"ecg","dev":"node-01","seq":112,"t0":12434,"fs":250,"leads_off":false,"bpm":95.5,"samples":[1972,1965,1972,1957,1968,1967,1963,1963,1982,1969,1957,1958,1972,1956,1963,1961,1954,1975,1960,1966,1957,1976,1972,1966,1969]}
11.213	{"type":"imu","dev":"node-01","seq":112,"t0":12434,"fs":100,"samples":[[0.0424,1.2776,-0.0088,20.79,11.94,21.86,-1.9,90.4],[0.0479,1.2845,-0.0023,22.73,13.55,21.88,-2.13,90.1],[0.0519,1.2827,0.0041,24.72,12.87,20.56,-2.32,89.81],[0.0522,1.2736,-0.0017,26.64,13.67,19.94,-2.35,90.08],[0.0572,1.254,0.0061,28.58,14.64,18.27,-2.61,89.72],[0.0485,1.2411,-0.0033,29.05,14.56,17.98,-2.24,90.15],[0.064,1.2162,0.0009,31.88,14.85,17.25,-3.01,89.96],[0.0592,1.2065,-0.0017,33.17,13.46,15.92,-2.81,90.08],[0.0573,1.1788,-0.0026,32.82,12.42,15.45,-2.78,90.12],[0.0643,1.1531,-0.004,34.5,12.13,13.74,-3.19,90.2]]}
11.311	{"type":"ecg","dev":"node-01","seq":113,"t0":12534,"fs":250,"leads_off":false,"bpm":95.4,"samples":[1957,1964,1961,1974,1972,1971,1979,1988,2012,2026,2040,2042,2054,2050,2054,2051,2028,2021,2004,2014,1982,1977,1965,1966,1971]}
11.313	{"type":"imu","dev":"node-01","seq":113,"t0":12534,"fs":100,"samples":[[0.0724,1.1413,0.0003,36.1,11.58,12.67,-3.63,89.98],[0.0715,1.1119,-0.0041,37.43,11.23,12.16,-3.68,90.21],[0.0847,1.096,0.0033,37.18,9.16,10.64,-4.42,89.83],[0.0734,1.0753,0.0027,39.19,7.93,8.32,-3.91,89.86],[0.0799,1.0601,-0.0033,39.86,7.12,7.55,-4.31,90.18],[0.0751,1.045,0.004,41.03,5.41,6.12,-4.11,89.78],[0.0786,1.0199,-0.0076,41.13,4.51,4.52,-4.41,90.43],[0.0791,1.0185,0.0009,41.4,1.12,2.82,-4.44,89.95],[0.0775,1.0032,-0.0107,41.85,-0.07,1.83,-4.42,90.61],[0.0843,0.9994,-0.0029,41.29,-1.51,-0.62,-4.82,90.17]]}
11.412	{"type":"ecg","dev":"node-01","seq":114,"t0":12634,"fs":250,"leads_off":false,"bpm":96.5,"samples":[1965,1970,1952,1940,1965,2152,2520,2661,2394,2000,1853,1888,1939,1963,1970,1971,1978,1975,1961,1976,1973,1972,1972,1974,1968]}
11.414	{"type":"imu","dev":"node-01","seq":114,"t0":12634,"fs":100,"samples":[[0.0806,0.9859,0.0023,41.06,-3.15,-1.06,-4.67,89.86],[0.0786,0.985,0.0031,41.48,-3.66,-2.31,-4.56,89.82],[0.0761,0.9639,-0.0017,40.49,-6.1,-3.39,-4.52,90.1],[0.0777,0.948,0.0026,39.92,-7.49,-5.05,-4.69,89.84],[0.0772,0.9348,0.0055,40.59,-8.87,-7.17,-4.72,89.66],[0.07,0.9164,-0.002,38.86,-10.36,-7.98,-4.37,90.12],[0.0755,0.8968,0.0024,37.85,-11.44,-9.44,-4.81,89.85],[0.0737,0.8741,-0.0006,36.94,-12.04,-10.46,-4.82,90.04],[0.068,0.8545,0.0004,36.13,-13.6,-11.6,-4.55,89.97],[0.0635,0.8283,0.0046,34.9,-14.8,-13.4,-4.39,89.68]]}
11.510	{"type":"ecg","dev":"node-01","seq":115,"t0":12734,"fs":250,"leads_off":false,"bpm":95.7,"samples":[1967,1963,1974,1978,1971,1977,1990,1997,1997,2011,2014,2030,2046,2066,2088,2108,2127,2150,2160,2165,2180,2181,2181,2179,2170]}
11.512	{"type":"imu","dev":"node-01","seq":115,"t0":12734,"fs":100,"samples":[[0.0677,0.8062,-0.0027,33.59,-14.72,-13.99,-4.8,90.19],[0.0643,0.7897,0.0016,32.0,-15.34,-15.11,-4.66,89.89],[0.0607,0.7615,-0.001,30.15,-15.6,-15.5,-4.56,90.08],[0.051,0.7448,0.0039,28.53,-16.44,-17.29,-3.92,89.7],[0.0521,0.7252,-0.0022,27.77,-14.97,-18.23,-4.11,90.18],[0.0584,0.7146,-0.0001,25.41,-15.27,-19.9,-4.67,90.01],[0.0423,0.7052,0.0057,23.66,-15.96,-19.65,-3.43,89.53],[0.0408,0.7096,-0.0012,22.48,-14.58,-20.6,-3.29,90.1],[0.04,0.7203,0.0016,19.77,-12.76,-21.3,-3.18,89.87],[0.0314,0.7233,0.0006,18.79,-12.39,-22.06,-2.48,89.95]]}
11.614	{"type":"ecg","dev":"node-01","seq":116,"t0":12834,"fs":250,"leads_off":false,"bpm":94.4,"samples":[2147,2150,2118,2100,2076,2077,2056,2035,2028,2016,1998,1988,1997,1983,1986,1989,1983,1992,1979,1977,1968,1980,1986,1986,1979]}
11.616	{"type":"imu","dev":"node-01","seq":116,"t0":12834,"fs":100,"samples":[[0.0264,0.7515,0.0012,15.38,-10.7,-21.89,-2.01,89.91],[0.0289,0.7793,0.0001,13.81,-10.13,-22.85,-2.13,89.99],[0.0234,0.8004,-0.0034,11.59,-8.01,-24.3,-1.67,90.24],[0.0099,0.8422,-0.0082,8.36,-6.15,-24.01,-0.67,90.56],[0.0129,0.8761,0.0038,7.02,-5.93,-24.1,-0.84,89.75],[0.0059,0.9217,0.0001,4.41,-4.61,-24.43,-0.36,89.99],[0.0031,0.9679,-0.0005,2.56,-1.99,-25.02,-0.19,90.03],[-0.0052,1.007,0.0005,0.39,-0.16,-24.38,0.3,89.97],[-0.0063,1.0599,-0.0053,-1.72,1.77,-23.99,0.34,90.29],[-0.0103,1.1102,-0.0044,-3.72,3.47,-25.0,0.53,90.23]]}
11.713	{"type":"ecg","dev":"node-01","seq":117,"t0":12934,"fs":250,"leads_off":false,"bpm":96.1,"samples":[1966,1981,1993,1979,1978,1983,1986,1979,1988,1985,1982,1977,1994,1989,1981,1994,1980,1988,2001,1989,1975,1986,1982,1995,1997]}
11.715	{"type":"imu","dev":"node-01","seq":117,"t0":12934,"fs":100,"samples":[[-0.0101,1.1418,0.0026,-6.22,4.64,-24.42,0.5,89.87],[-0.0146,1.1819,-0.0002,-8.58,6.36,-23.85,0.71,90.01],[-0.0134,1.2135,0.0038,-11.21,7.16,-23.0,0.63,89.82],[-0.0259,1.2385,-0.0028,-12.05,9.41,-23.05,1.2,90.13],[-0.0264,1.2703,0.0067,-14.92,11.26,-23.27,1.19,89.7],[-0.0347,1.2783,-0.0009,-17.27,12.61,-21.93,1.56,90.04],[-0.0448,1.2873,-0.0043,-18.96,11.97,-20.51,1.99,90.19],[-0.0474,1.2842,-0.0052,-20.7,13.3,-19.94,2.12,90.23],[-0.0442,1.2871,0.003,-23.26,13.87,-18.58,1.97,89.87],[-0.0516,1.2726,0.0071,-24.84,13.77,-17.87,2.32,89.68]]}
11.814	{"type":"ecg","dev":"node-01","seq":118,"t0":13034,"fs":250,"leads_off":false,"bpm":95.0,"samples":[1988,1993,1987,1998,1995,1990,1989,1997,1988,1982,1979,1986,1981,1989,1991,1998,1986,1993,1991,1991,1984,1989,1987,2001,1995]}
11.816	{"type":"imu","dev":"node-01","seq":118,"t0":13034,"fs":100,"samples":[[-0.0523,1.2574,0.0008,-26.26,14.14,-17.24,2.38,89.97],[-0.0529,1.2403,-0.0002,-29.12,14.31,-16.22,2.44,90.01],[-0.0561,1.218,0.0043,-29.11,13.97,-16.25,2.64,89.8],[-0.0578,1.2024,0.0026,-30.52,13.47,-13.85,2.75,89.87],[-0.0717,1.1762,-0.0002,-32.42,13.43,-14.12,3.49,90.01],[-0.0681,1.1474,-0.0028,-32.3,12.33,-12.28,3.4,90.14],[-0.0719,1.1259,0.0026,-34.7,11.66,-10.81,3.65,89.87],[-0.0705,1.1045,-0.0012,-35.15,10.62,-9.55,3.65,90.06],[-0.0669,1.0928,-0.0015,-35.72,9.16,-8.29,3.5,90.08],[-0.08,1.0669,-0.0097,-36.85,8.37,-7.43,4.29,90.52]]}
11.912	{"type":"ecg","dev":"node-01","seq":119,"t0":13134,"fs":250,"leads_off":false,"bpm":94.4,"samples":[1994,1996,1992,1999,2001,1999,1999,1990,1991,1996,1997,2001,1996,1998,2012,2021,2033,2051,2067,2079,2077,2092,2083,2072,2066]}
11.914	{"type":"imu","dev":"node-01","seq":119,"t0":13134,"fs":100,"samples":[[-0.073,1.0528,-0.0029,-37.1,6.9,-5.4,3.97,90.16],[-0.0826,1.0365,-0.0057,-37.68,4.9,-4.79,4.56,90.32],[-0.0796,1.0236,-0.0003,-37.97,3.44,-3.1,4.45,90.02],[-0.0859,1.013,-0.0035,-38.51,2.1,-1.89,4.85,90.2],[-0.0761,1.0033,0.0047,-38.28,0.9,0.01,4.34,89.73],[-0.08,0.9952,0.0002,-39.55,-2.22,1.48,4.6,89.99],[-0.0816,0.9879,0.0011,-37.98,-4.47,2.12,4.72,89.93],[-0.0736,0.9731,-0.006,-38.41,-5.03,4.44,4.32,90.35],[-0.0766,0.9616,-0.001,-38.05,-5.58,6.1,4.56,90.06],[-0.0739,0.9455,0.0041,-37.34,-7.53,6.03,4.47,89.75]]}
12.014	{"type":"ecg","dev":"node-01","seq":120,"t0":13234,"fs":250,"leads_off":false,"bpm":96.5,"samples":[2048,2031,2020,2013,2021,2000,2007,1998,2003,1993,2004,1968,2009,2233,2592,2681,2373,2013,1894,1925,1979,2000,2007,2001,2011]}
12.016	{"type":"imu","dev":"node-01","seq":120,"t0":13234,"fs":100,"samples":[[-0.0801,0.9238,0.0025,-35.91,-10.37,7.88,4.96,89.84],[-0.0734,0.9084,-0.0022,-35.29,-11.35,9.43,4.62,90.14],[-0.078,0.8983,0.006,-34.97,-11.94,11.15,4.96,89.62],[-0.0762,0.8628,-0.0009,-33.69,-12.06,11.64,5.05,90.06],[-0.0673,0.8479,-0.0006,-33.79,-14.21,13.44,4.54,90.04],[-0.0712,0.8204,0.0026,-32.69,-14.61,14.17,4.96,89.82],[-0.0628,0.7995,-0.0036,-30.06,-15.62,15.3,4.49,90.26],[-0.0619,0.778,0.0008,-29.89,-14.97,15.9,4.55,89.94],[-0.0563,0.7643,0.0074,-27.86,-15.36,17.45,4.22,89.44],[-0.051,0.7433,0.0018,-25.15,-15.85,18.34,3.92,89.86]]}
12.113	{"type":"ecg","dev":"node-01","seq":121,"t0":13334,"fs":250,"leads_off":false,"bpm":96.2,"samples":[1996,2006,1996,2013,1999,1992,2011,2013,2007,2012,2009,2015,2018,2023,2025,2030,2037,2057,2054,2075,2092,2101,2120,2142,2166]}
12.115	{"type":"imu","dev":"node-01","seq":121,"t0":13334,"fs":100,"samples":[[-0.0514,0.7212,0.0026,-23.55,-15.77,19.52,4.08,89.8],[-0.0434,0.7162,-0.0123,-22.07,-15.21,20.46,3.47,90.98],[-0.0376,0.7194,0.001,-20.68,-14.27,22.08,2.99,89.92],[-0.0376,0.7198,0.0012,-18.48,-13.32,21.55,2.99,89.9],[-0.0303,0.7313,0.0003,-16.32,-13.13,22.24,2.38,89.97],[-0.0297,0.7427,-0.0025,-15.2,-11.61,24.07,2.29,90.19],[-0.0294,0.7607,-0.0018,-12.66,-10.56,25.18,2.21,90.14],[-0.0183,0.7886,-0.0062,-10.87,-9.34,24.06,1.33,90.45],[-0.0148,0.8184,0.0035,-8.17,-7.14,24.81,1.03,89.76],[-0.0169,0.8539,0.0001,-5.99,-5.82,25.04,1.13,89.99]]}
12.213	{"type":"ecg","dev":"node-01","seq":122,"t0":13434,"fs":250,"leads_off":false,"bpm":95.4,"samples":[2175,2199,2207,2223,2232,2219,2220,2213,2204,2173,2151,2143,2128,2110,2087,2073,2061,2056,2040,2033,2025,2029,2011,2023,2020]}
12.215	{"type":"imu","dev":"node-01","seq":122,"t0":13434,"fs":100,"samples":[[-0.0027,0.896,0.0008,-2.86,-5.18,24.77,0.17,89.95],[-0.0087,0.9487,-0.0087,-0.26,-3.78,25.24,0.53,90.53],[0.0044,0.9823,0.0077,1.18,-0.85,25.55,-0.26,89.55],[0.0026,1.0355,0.0056,3.76,0.51,25.24,-0.14,89.69],[0.0058,1.0764,0.0076,4.52,1.88,25.1,-0.31,89.6],[0.0161,1.1312,0.002,7.12,3.7,24.76,-0.81,89.9],[0.0149,1.1735,0.0007,9.7,6.02,24.02,-0.73,89.97],[0.0189,1.1951,-0.0004,12.32,7.38,23.74,-0.9,90.02],[0.0328,1.2338,0.0031,14.46,8.67,24.14,-1.52,89.85],[0.0301,1.2529,0.0024,16.04,9.87,23.21,-1.37,89.89]]}
12.312	{"type":"ecg","dev":"node-01","seq":123,"t0":13534,"fs":250,"leads_off":false,"bpm":94.8,"samples":[2029,2026,2018,2033,2007,2023,2008,2009,2022,2022,2024,2022,2011,2025,2024,2022,2024,2030,2018,2020,2030,2028,2025,2027,2020]}
12.314	{"type":"imu","dev":"node-01","seq":123,"t0":13534,"fs":100,"samples":[[0.0333,1.2729,-0.0015,19.4,11.53,23.42,-1.5,90.07],[0.0396,1.29,0.0043,20.4,12.94,22.6,-1.76,89.81],[0.0527,1.2902,-0.0105,22.56,11.76,21.88,-2.34,90.47],[0.0455,1.2862,-0.0007,24.22,12.7,21.85,-2.02,90.03],[0.0493,1.2797,-0.0018,27.2,12.94,19.6,-2.2,90.08],[0.0529,1.2687,-0.0091,27.99,14.32,19.11,-2.39,90.41],[0.0586,1.2543,-0.0058,29.57,14.84,19.03,-2.67,90.26],[0.0537,1.239,0.0065,30.53,14.33,16.9,-2.48,89.7],[0.0611,1.2171,0.0026,32.51,13.91,16.19,-2.88,89.88],[0.0679,1.1919,-0.0037,34.23,13.4,15.4,-3.26,90.18]]}
12.410	{"type":"ecg","dev":"node-01","seq":124,"t0":13634,"fs":250,"leads_off":false,"bpm":94.6,"samples":[2027,2024,2018,2019,2014,2029,2020,2023,2024,2022,2025,2028,2018,2030,2018,2024,2026,2022,2027,2032,2018,2019,2028,2024,2029]}
12.412	{"type":"imu","dev":"node-01","seq":124,"t0":13634,"fs":100,"samples":[[0.0695,1.1693,0.0084,35.6,12.28,14.06,-3.4,89.59],[0.0685,1.1461,-0.001,37.22,11.81,12.45,-3.42,90.05],[0.0736,1.1195,-0.0025,36.18,10.4,11.51,-3.76,90.13],[0.078,1.1013,-0.0041,37.62,10.3,10.74,-4.05,90.21],[0.0743,1.0873,0.0026,40.23,9.17,9.02,-3.91,89.86],[0.0796,1.062,-0.0006,39.19,7.07,7.5,-4.29,90.03],[0.0748,1.0482,-0.0021,40.57,5.51,6.14,-4.08,90.12],[0.0803,1.0356,0.0022,40.66,4.26,4.18,-4.43,89.88],[0.0788,1.025,-0.0003,40.51,2.44,3.62,-4.39,90.02],[0.0878,1.0154,-0.0028,40.62,0.92,2.08,-4.94,90.16]]}
12.513	{"type":"ecg","dev":"node-01","seq":125,"t0":13734,"fs":250,"leads_off":false,"bpm":93.5,"samples":[2035,2029,2034,2027,2024,2034,2028,2031,2030,2036,2023,2027,2042,2021,2031,2028,2020,2022,2020,2026,2036,2049,2053,2056,2073]}
12.515	{"type":"imu","dev":"node-01","seq":125,"t0":13734,"fs":100,"samples":[[0.0817,0.9979,0.0076,40.93,-1.17,0.3,-4.68,89.57],[0.0806,0.9889,0.0036,40.54,-3.16,-1.63,-4.66,89.79],[0.0826,0.9809,-0.0015,40.92,-3.63,-2.99,-4.81,90.09],[0.079,0.9679,0.0073,40.68,-6.21,-3.77,-4.66,89.57],[0.0685,0.9535,0.0012,40.02,-8.18,-5.28,-4.11,89.93],[0.0719,0.9398,-0.0023,39.7,-8.64,-6.09,-4.37,90.14],[0.0766,0.9296,-0.0021,38.12,-9.85,-7.66,-4.71,90.13],[0.0732,0.9036,-0.0032,38.86,-11.51,-8.69,-4.63,90.21],[0.0733,0.889,0.002,38.09,-13.54,-10.0,-4.71,89.87],[0.0629,0.8587,0.0018,35.58,-14.18,-10.66,-4.19,89.88]]}
12.613	{"type":"ecg","dev":"node-01","seq":126,"t0":13834,"fs":250,"leads_off":false,"bpm":94.0,"samples":[2089,2094,2132,2110,2126,2107,2108,2100,2100,2068,2068,2044,2045,2039,2037,2031,2046,2030,2032,2005,2048,2295,2643,2693,2358]}
12.615	{"type":"imu","dev":"node-01","seq":126,"t0":13834,"fs":100,"samples":[[0.0665,0.8434,-0.0035,35.03,-14.46,-12.6,-4.51,90.23],[0.0615,0.815,-0.0043,34.16,-15.34,-14.07,-4.31,90.3],[0.0598,0.7883,0.0034,33.1,-15.41,-14.45,-4.34,89.75],[0.0515,0.7755,0.0028,31.0,-16.53,-16.04,-3.8,89.79],[0.055,0.746,-0.0021,29.47,-15.53,-17.74,-4.21,90.16],[0.0594,0.7449,0.0019,27.8,-15.83,-18.34,-4.56,89.86],[0.0515,0.722,0.0035,25.82,-15.68,-19.44,-4.08,89.73],[0.054,0.7164,0.0017,24.29,-15.84,-21.78,-4.31,89.87],[0.0431,0.7093,0.001,22.24,-13.45,-20.87,-3.48,89.92],[0.047,0.7187,0.0041,19.96,-13.89,-21.22,-3.74,89.68]]}
12.712	{"type":"ecg","dev":"node-01","seq":127,"t0":13934,"fs":250,"leads_off":false,"bpm":96.2,"samples":[2012,1925,1965,2020,2040,2040,2043,2026,2036,2036,2048,2034,2037,2027,2027,2030,2048,2043,2033,2044,2041,2047,2060,2057,2074]}
12.714	{"type":"imu","dev":"node-01","seq":127,"t0":13934,"fs":100,"samples":[[0.0353,0.7401,-0.0033,18.03,-12.12,-21.81,-2.73,90.26],[0.0253,0.75,0.0083,16.15,-11.56,-22.89,-1.93,89.36],[0.0299,0.7686,0.0056,13.87,-9.45,-23.4,-2.23,89.59],[0.0169,0.801,0.0028,12.37,-8.15,-24.13,-1.21,89.8],[0.0162,0.8375,-0.004,9.8,-8.56,-23.34,-1.1,90.28],[0.0112,0.8896,-0.0011,7.45,-5.57,-24.01,-0.72,90.07],[0.0073,0.9234,-0.0052,4.91,-3.78,-25.22,-0.46,90.32],[0.0053,0.9621,0.0073,3.07,-2.65,-24.62,-0.32,89.57],[-0.0029,1.0115,0.0084,1.43,-0.96,-24.85,0.16,89.52],[-0.0054,1.0629,-0.0044,-1.42,1.18,-24.3,0.29,90.23]]}
12.810	{"type":"ecg","dev":"node-01","seq":128,"t0":14034,"fs":250,"leads_off":false,"bpm":95.9,"samples":[2081,2090,2099,2132,2131,2163,2177,2194,2221,2222,2241,2247,2253,2240,2237,2230,2223,2203,2177,2150,2147,2120,2119,2095,2094]}
12.812	{"type":"imu","dev":"node-01","seq":128,"t0":14034,"fs":100,"samples":[[-0.0086,1.1043,-0.0016,-3.69,2.4,-24.45,0.45,90.08],[-0.0094,1.1452,0.003,-6.65,4.61,-24.2,0.47,89.85],[-0.0142,1.1822,-0.003,-8.3,5.39,-23.72,0.69,90.15],[-0.023,1.2192,0.0005,-11.29,7.84,-23.26,1.08,89.98],[-0.0289,1.2463,-0.0013,-12.87,8.56,-22.86,1.33,90.06],[-0.0257,1.2626,0.0026,-13.55,10.56,-22.23,1.16,89.88],[-0.0343,1.284,-0.0004,-17.54,11.66,-22.69,1.53,90.02],[-0.0426,1.2851,-0.0021,-19.09,12.58,-20.97,1.9,90.09],[-0.0401,1.2945,-0.0017,-20.24,12.33,-21.2,1.77,90.07],[-0.0462,1.2843,0.0049,-23.36,14.4,-19.12,2.06,89.78]]}
12.910	{"type":"ecg","dev":"node-01","seq":129,"t0":14134,"fs":250,"leads_off":false,"bpm":95.0,"samples":[2079,2073,2053,2061,2045,2049,2035,2055,2040,2034,2037,2052,2033,2039,2044,2039,2033,2039,2046,2043,2042,2040,2048,2041,2041]}
12.912	{"type":"imu","dev":"node-01","seq":129,"t0":14134,"fs":100,"samples":[[-0.0458,1.2849,0.0046,-23.46,14.04,-19.01,2.04,89.79],[-0.0578,1.2585,0.0009,-26.33,13.51,-17.67,2.63,89.96],[-0.0629,1.2485,0.0004,-28.61,14.2,-16.28,2.88,89.98],[-0.0576,1.2222,0.0054,-29.57,14.39,-16.85,2.7,89.74],[-0.0624,1.2042,-0.0038,-30.71,12.9,-14.21,2.96,90.18],[-0.0608,1.1817,-0.0041,-32.24,12.96,-13.91,2.95,90.2],[-0.0661,1.1591,0.0034,-33.36,12.45,-12.0,3.26,89.83],[-0.0674,1.1357,0.0007,-33.93,11.15,-11.0,3.4,89.97],[-0.0703,1.1098,-0.0049,-34.89,9.86,-10.05,3.62,90.25],[-0.0704,1.0966,-0.0032,-35.69,10.25,-8.76,3.68,90.17]]}
13.113	{"type":"ecg","dev":"node-01","seq":131,"t0":14334,"fs":250,"leads_off":false,"bpm":93.6,"samples":[2043,2040,2037,2040,2044,2041,2043,2031,2030,2047,2050,2036,2034,2036,2038,2027,2029,2037,2034,2044,2045,2038,2035,2039,2040]}
13.115	{"type":"imu","dev":"node-01","seq":131,"t0":14334,"fs":100,"samples":[[-0.0791,0.9508,-0.0033,-37.92,-8.62,6.33,4.75,90.2],[-0.0723,0.9384,-0.0006,-36.32,-9.72,8.65,4.4,90.03],[-0.0645,0.9197,-0.0027,-36.12,-11.22,9.2,4.01,90.17],[-0.072,0.8932,-0.0092,-35.55,-11.74,10.09,4.61,90.59],[-0.069,0.8798,-0.0033,-34.33,-12.64,12.01,4.48,90.22],[-0.0709,0.8521,-0.0027,-33.08,-13.82,13.63,4.75,90.18],[-0.0634,0.8329,-0.0049,-32.89,-15.2,14.62,4.35,90.33],[-0.0663,0.802,-0.009,-30.76,-15.73,16.29,4.73,90.65],[-0.0626,0.7792,-0.0042,-29.61,-15.52,17.3,4.59,90.31],[-0.0534,0.7605,0.0083,-27.14,-15.13,17.82,4.01,89.37]]}
13.211	{"type":"ecg","dev":"node-01","seq":132,"t0":14434,"fs":250,"leads_off":false,"bpm":95.8,"samples":[2032,2034,2036,2044,2060,2054,2069,2074,2095,2106,2125,2132,2122,2129,2106,2098,2093,2065,2068,2047,2060,2039,2033,2027,2036]}
13.213	{"type":"imu","dev":"node-01","seq":132,"t0":14434,"fs":100,"samples":[[-0.0545,0.7396,-0.0043,-26.82,-15.47,18.05,4.21,90.34],[-0.0434,0.7278,0.0027,-24.23,-15.41,18.94,3.41,89.79],[-0.0422,0.7175,0.0015,-22.46,-16.76,20.29,3.36,89.88],[-0.0419,0.7171,0.001,-20.56,-14.86,21.59,3.34,89.92],[-0.0556,0.7252,-0.0102,-18.83,-13.57,21.71,4.38,90.81],[-0.0396,0.7263,-0.0047,-17.11,-13.07,22.02,3.12,90.37],[-0.0275,0.7442,0.0039,-13.66,-11.67,23.03,2.12,89.7],[-0.0306,0.7585,0.0012,-13.48,-10.86,24.7,2.31,89.91],[-0.0212,0.7902,-0.0077,-11.27,-8.46,24.45,1.53,90.56],[-0.0179,0.8195,-0.0014,-8.01,-7.35,24.93,1.25,90.1]]}
13.310	{"type":"ecg","dev":"node-01","seq":133,"t0":14534,"fs":250,"leads_off":false,"bpm":94.9,"samples":[2038,2025,1998,2059,2341,2673,2673,2301,1985,1916,1965,2026,2039,2043,2043,2023,2021,2025,2040,2032,2026,2035,2037,2034,2043]}
13.312	{"type":"imu","dev":"node-01","seq":133,"t0":14534,"fs":100,"samples":[[-0.0131,0.8553,0.0033,-5.76,-6.39,25.61,0.88,89.78],[-0.0033,0.9085,-0.002,-3.18,-4.18,25.65,0.21,90.12],[-0.0071,0.9402,-0.0054,-2.56,-2.72,25.2,0.44,90.33],[-0.0006,0.9849,-0.0003,-0.14,-1.64,25.96,0.03,90.01],[0.0094,1.0358,0.0055,2.9,0.6,25.8,-0.52,89.69],[0.0106,1.0825,-0.0048,3.78,1.18,25.44,-0.56,90.25],[0.0178,1.1213,-0.0039,6.97,4.4,24.96,-0.91,90.2],[0.0169,1.1686,0.0029,8.69,5.2,25.23,-0.83,89.86],[0.0241,1.1927,-0.0055,11.81,6.55,24.13,-1.16,90.27],[0.0195,1.2322,0.0027,13.59,8.74,23.73,-0.91,89.88]]}
13.412	{"type":"ecg","dev":"node-01","seq":134,"t0":14634,"fs":250,"leads_off":false,"bpm":93.5,"samples":[2041,2034,2041,2044,2042,2052,2056,2065,2067,2087,2081,2110,2136,2146,2175,2174,2217,2215,2233,2241,2247,2238,2233,2222,2198]}
13.414	{"type":"imu","dev":"node-01","seq":134,"t0":14634,"fs":100,"samples":[[0.0339,1.257,-0.0018,15.83,8.8,23.97,-1.55,90.08],[0.0354,1.2737,-0.0045,18.4,11.01,23.87,-1.59,90.2],[0.031,1.2808,-0.0051,19.84,11.69,21.92,-1.39,90.23],[0.0376,1.2966,-0.0018,21.07,12.23,21.61,-1.66,90.08],[0.0474,1.2826,0.0002,23.44,13.22,21.14,-2.12,89.99],[0.0486,1.2787,-0.0121,25.53,13.04,19.86,-2.18,90.54],[0.044,1.2712,0.0069,26.94,14.41,18.88,-1.98,89.69],[0.0668,1.2502,-0.0012,29.25,14.34,17.74,-3.06,90.05],[0.0647,1.2376,-0.0018,31.36,14.35,17.14,-2.99,90.08],[0.0586,1.2165,0.0068,31.39,13.78,16.05,-2.76,89.68]]}
13.511	{"type":"ecg","dev":"node-01","seq":135,"t0":14734,"fs":250,"leads_off":false,"bpm":94.5,"samples":[2186,2173,2144,2138,2121,2099,2084,2071,2059,2050,2040,2036,2033,2027,2039,2027,2020,2020,2021,2031,2027,2020,2031,2023,2030]}
13.513	{"type":"imu","dev":"node-01","seq":135,"t0":14734,"fs":100,"samples":[[0.0627,1.1908,-0.0052,33.49,12.85,16.18,-3.02,90.25],[0.0643,1.171,-0.0039,35.5,13.3,14.67,-3.14,90.19],[0.0601,1.1415,-0.0021,36.03,12.35,12.07,-3.01,90.1],[0.0665,1.1225,-0.0024,37.03,10.94,12.14,-3.39,90.12],[0.0701,1.0961,-0.0037,38.26,9.56,10.99,-3.66,90.19],[0.0734,1.0917,0.003,38.66,8.01,8.9,-3.85,89.84],[0.084,1.0687,0.0022,39.02,6.94,7.67,-4.49,89.88],[0.0754,1.0506,0.0026,40.56,5.67,6.22,-4.11,89.86],[0.0776,1.0351,-0.0009,40.5,4.99,4.4,-4.28,90.05],[0.0796,1.0246,-0.0048,40.58,3.34,3.67,-4.44,90.27]]}
13.614	{"type":"ecg","dev":"node-01","seq":136,"t0":14834,"fs":250,"leads_off":false,"bpm":94.6,"samples":[2025,2032,2017,2016,2020,2024,2022,2028,2010,2024,2022,2019,2019,2024,2025,2028,2017,2018,2014,2016,2011,2028,2019,2015,2027]}
13.616	{"type":"imu","dev":"node-01","seq":136,"t0":14834,"fs":100,"samples":[[0.0752,1.0163,-0.0019,41.47,0.56,1.57,-4.23,90.11],[0.088,1.0074,0.0046,40.98,-1.13,0.92,-4.99,89.74],[0.082,0.991,0.0016,41.37,-2.45,-1.42,-4.73,89.91],[0.0727,0.9819,-0.0,41.04,-3.77,-2.37,-4.24,90.0],[0.084,0.9661,-0.0066,39.65,-5.89,-3.29,-4.97,90.39],[0.0743,0.9579,-0.0053,39.58,-7.31,-5.43,-4.44,90.32],[0.0798,0.9451,0.0042,40.0,-8.99,-6.78,-4.83,89.75],[0.07,0.9226,0.0061,39.88,-10.39,-8.54,-4.34,89.62],[0.0788,0.9098,-0.0032,37.38,-11.31,-8.8,-4.95,90.2],[0.0697,0.8857,0.0009,37.5,-11.99,-10.41,-4.5,89.94]]}
13.712	{"type":"ecg","dev":"node-01","seq":137,"t0":14934,"fs":250,"leads_off":false,"bpm":95.8,"samples":[2028,2016,2008,2011,2012,2018,2021,2023,2017,2014,2020,2011,2006,2012,2018,2013,2010,2018,2031,2015,2008,2014,2004,2016,2028]}
13.714	{"type":"imu","dev":"node-01","seq":137,"t0":14934,"fs":100,"samples":[[0.068,0.8672,0.0023,35.18,-12.98,-11.77,-4.49,89.84],[0.0675,0.8449,0.0023,35.69,-14.0,-12.11,-4.57,89.84],[0.0675,0.8147,0.0023,34.01,-13.73,-14.07,-4.73,89.84],[0.057,0.7997,0.001,33.25,-14.94,-15.07,-4.08,89.93],[0.0587,0.7706,-0.0049,31.02,-15.08,-16.85,-4.35,90.36],[0.0574,0.7572,0.002,29.64,-15.94,-17.68,-4.34,89.85],[0.0562,0.7372,0.0056,27.91,-15.3,-17.99,-4.36,89.56],[0.049,0.7177,-0.0001,27.0,-15.19,-19.24,-3.91,90.0],[0.0443,0.717,-0.0015,24.5,-15.5,-20.04,-3.53,90.12],[0.0384,0.7084,-0.0051,22.93,-14.2,-21.08,-3.1,90.41]]}
13.812	{"type":"ecg","dev":"node-01","seq":138,"t0":15034,"fs":250,"leads_off":false,"bpm":93.8,"samples":[2007,2019,2012,2005,2010,2010,2012,2007,2009,2008,2018,2009,2024,2031,2048,2056,2071,2082,2088,2096,2092,2082,2091,2057,2051]}
13.814	{"type":"imu","dev":"node-01","seq":138,"t0":15034,"fs":100,"samples":[[0.037,0.7206,0.004,20.52,-13.49,-22.57,-2.94,89.68],[0.0346,0.7267,-0.0082,18.3,-12.25,-21.93,-2.73,90.65],[0.0305,0.7402,0.0001,15.92,-11.69,-21.81,-2.36,89.99],[0.021,0.7694,-0.0036,14.0,-10.45,-23.14,-1.56,90.27],[0.0218,0.7907,0.001,12.95,-9.25,-23.44,-1.58,89.93],[0.0126,0.835,-0.0045,10.36,-7.22,-24.01,-0.86,90.31],[0.0167,0.8831,-0.0014,8.3,-4.65,-24.95,-1.08,90.09],[0.0041,0.9114,-0.0023,5.75,-3.16,-24.81,-0.26,90.15],[0.0093,0.9566,-0.003,3.55,-2.75,-24.7,-0.56,90.18],[0.0042,1.0051,0.0048,1.1,-0.09,-24.33,-0.24,89.72]]}
13.913	{"type":"ecg","dev":"node-01","seq":139,"t0":15134,"fs":250,"leads_off":false,"bpm":93.8,"samples":[2057,2024,2022,2018,2008,2011,2007,2003,2016,1998,1974,2047,2349,2666,2621,2240,1943,1904,1956,1989,1991,2004,2003,1996,1996]}
13.915	{"type":"imu","dev":"node-01","seq":139,"t0":15134,"fs":100,"samples":[[-0.0065,1.0501,-0.0012,-1.14,1.71,-24.71,0.36,90.07],[-0.0168,1.0897,-0.006,-4.51,1.98,-24.9,0.89,90.32],[-0.0113,1.1375,0.0059,-6.65,4.55,-23.94,0.57,89.7],[-0.0155,1.1802,-0.003,-7.73,6.03,-24.03,0.75,90.14],[-0.0228,1.21,-0.0014,-11.07,7.37,-23.15,1.08,90.07],[-0.0207,1.2349,-0.0009,-12.33,9.07,-22.62,0.96,90.04],[-0.0318,1.257,0.0054,-14.75,11.51,-21.92,1.45,89.75],[-0.0377,1.2837,0.0003,-17.33,10.63,-20.87,1.68,89.99],[-0.0362,1.2901,0.0084,-18.69,12.19,-21.01,1.61,89.63],[-0.0401,1.2812,-0.0043,-19.7,12.02,-21.48,1.79,90.19]]}
14.012	{"type":"ecg","dev":"node-01","seq":140,"t0":15234,"fs":250,"leads_off":false,"bpm":94.2,"samples":[2004,1993,2000,1993,2003,1996,2002,1994,2012,2005,1998,2004,2006,2013,2018,2032,2032,2043,2059,2076,2098,2124,2140,2150,2166]}
14.014	{"type":"imu","dev":"node-01","seq":140,"t0":15234,"fs":100,"samples":[[-0.0551,1.2812,-0.0021,-22.4,13.34,-19.35,2.46,90.09],[-0.0502,1.278,-0.0033,-24.96,14.44,-19.43,2.25,90.15],[-0.0541,1.2658,-0.0048,-25.97,13.39,-17.88,2.45,90.22],[-0.059,1.2419,-0.0039,-27.59,14.36,-17.07,2.72,90.18],[-0.0568,1.2253,-0.0007,-28.9,13.98,-15.27,2.65,90.03],[-0.0632,1.202,-0.0005,-31.13,13.52,-14.81,3.01,90.02],[-0.0594,1.1791,-0.001,-32.32,13.06,-13.83,2.88,90.05],[-0.0736,1.1624,-0.0019,-32.48,12.59,-13.08,3.62,90.09],[-0.0669,1.1335,-0.0012,-33.84,10.94,-10.78,3.38,90.06],[-0.0741,1.1089,-0.0014,-35.16,10.66,-9.49,3.82,90.07]]}
14.114	{"type":"ecg","dev":"node-01","seq":141,"t0":15334,"fs":250,"leads_off":false,"bpm":93.7,"samples":[2190,2192,2201,2215,2201,2194,2182,2171,2155,2120,2108,2094,2072,2052,2050,2022,2019,2011,2011,1993,2002,1984,1986,2002,1977]}
14.116	{"type":"imu","dev":"node-01","seq":141,"t0":15334,"fs":100,"samples":[[-0.0744,1.0873,-0.0021,-35.75,9.48,-7.63,3.91,90.11],[-0.0748,1.0785,-0.0031,-36.37,7.84,-7.35,3.97,90.17],[-0.0693,1.0599,0.0003,-38.03,7.09,-5.99,3.74,89.99],[-0.0656,1.0453,-0.0016,-38.24,5.67,-5.39,3.59,90.09],[-0.0806,1.018,-0.0007,-38.02,4.84,-3.04,4.53,90.04],[-0.0829,1.0148,-0.0063,-38.61,2.14,-1.75,4.67,90.35],[-0.0854,1.0094,0.0013,-38.31,-0.21,-0.59,4.83,89.93],[-0.078,0.9974,0.0016,-38.7,-2.2,0.51,4.47,89.91],[-0.0737,0.987,0.001,-38.89,-2.74,2.3,4.27,89.94],[-0.0807,0.98,0.0014,-37.83,-5.02,3.1,4.71,89.92]]}
14.210	{"type":"ecg","dev":"node-01","seq":142,"t0":15434,"fs":250,"leads_off":false,"bpm":95.3,"samples":[1988,1991,1985,1992,1994,1993,1985,1982,1987,1989,1976,1983,1983,1978,1975,1986,1994,1978,1992,1982,1976,1976,1990,1975,1981]}
14.212	{"type":"imu","dev":"node-01","seq":142,"t0":15434,"fs":100,"samples":[[-0.0778,0.9596,0.0013,-38.53,-6.45,5.19,4.64,89.92],[-0.0778,0.9502,-0.0046,-38.22,-7.48,6.57,4.68,90.28],[-0.0768,0.9333,-0.0006,-36.74,-9.11,6.72,4.7,90.04],[-0.0691,0.9135,0.006,-36.29,-10.33,9.66,4.33,89.62],[-0.0779,0.8957,-0.0044,-35.1,-11.38,10.2,4.97,90.28],[-0.0664,0.8738,0.0005,-34.69,-13.34,11.74,4.34,89.96],[-0.0659,0.8498,0.0014,-33.55,-14.04,12.69,4.43,89.9],[-0.0664,0.8243,0.0074,-32.77,-14.95,13.97,4.6,89.48],[-0.0644,0.8004,0.0061,-29.9,-15.09,15.08,4.6,89.57],[-0.0591,0.7781,0.0014,-29.88,-15.21,16.49,4.34,89.9]]}
14.312	{"type":"ecg","dev":"node-01","seq":143,"t0":15534,"fs":250,"leads_off":false,"bpm":96.1,"samples":[1977,1978,1979,1973,1982,1982,1991,1965,1974,1990,1972,1983,1967,1981,1981,1985,1979,1983,1968,1978,1970,1971,1971,1979,1987]}
14.314	{"type":"imu","dev":"node-01","seq":143,"t0":15534,"fs":100,"samples":[[-0.0554,0.7611,-0.0019,-27.84,-15.57,17.72,4.16,90.14],[-0.0622,0.7429,0.0007,-26.96,-16.82,18.54,4.79,89.95],[-0.0472,0.7294,0.0033,-23.88,-15.66,20.25,3.7,89.74],[-0.0517,0.713,-0.0011,-23.32,-14.17,19.82,4.14,90.09],[-0.0394,0.7102,-0.002,-20.79,-14.41,20.45,3.18,90.16],[-0.0444,0.7163,0.0093,-19.03,-14.31,22.44,3.54,89.26],[-0.0453,0.7254,0.0061,-17.48,-13.25,22.21,3.57,89.52],[-0.0284,0.7347,0.0038,-15.39,-11.48,23.85,2.21,89.7],[-0.0247,0.7621,0.0047,-12.81,-10.15,24.11,1.85,89.64],[-0.0243,0.7787,-0.0034,-10.15,-9.56,24.49,1.79,90.25]]}
14.413	{"type":"ecg","dev":"node-01","seq":144,"t0":15634,"fs":250,"leads_off":false,"bpm":95.2,"samples":[1977,1971,1971,1973,1977,1973,1963,1970,1978,1970,1970,1972,1968,1966,1977,1979,1977,1986,1974,1973,1991,1988,2007,2028,2033]}
14.415	{"type":"imu","dev":"node-01","seq":144,"t0":15634,"fs":100,"samples":[[-0.0221,0.8087,-0.008,-8.76,-7.94,24.08,1.56,90.57],[-0.0171,0.8419,0.006,-6.81,-7.71,25.22,1.16,89.59],[-0.0109,0.8881,0.0017,-4.16,-4.51,25.54,0.7,89.89],[-0.0092,0.9322,-0.0007,-1.6,-3.48,24.75,0.56,90.04],[-0.0008,0.9758,0.0061,0.28,-1.46,26.28,0.05,89.64],[-0.0,1.0189,0.0009,2.43,0.47,25.5,0.0,89.95],[0.0053,1.0693,0.0015,5.01,2.1,26.15,-0.29,89.92],[0.0167,1.1149,-0.0001,6.86,2.88,24.94,-0.86,90.01],[0.0182,1.1466,0.0012,8.74,4.73,24.38,-0.91,89.94],[0.0213,1.1935,0.004,11.09,6.68,24.77,-1.02,89.81]]}
14.511	{"type":"ecg","dev":"node-01","seq":145,"t0":15734,"fs":250,"leads_off":false,"bpm":95.9,"samples":[2053,2061,2060,2055,2064,2040,2031,2022,1994,1979,1987,1977,1975,1961,1979,1969,1963,1958,1945,2025,2343,2647,2545,2162,1899]}
14.513	{"type":"imu","dev":"node-01","seq":145,"t0":15734,"fs":100,"samples":[[0.0258,1.2227,0.0,12.41,8.07,23.68,-1.21,90.0],[0.0293,1.2441,0.0025,14.69,9.32,23.91,-1.35,89.89],[0.0312,1.2714,-0.0037,17.32,10.67,23.33,-1.4,90.16],[0.0397,1.2723,-0.0104,20.47,11.2,22.2,-1.79,90.47],[0.0388,1.2874,0.0052,22.08,12.02,22.71,-1.72,89.77],[0.0441,1.281,-0.0006,23.4,12.61,21.13,-1.97,90.02],[0.0437,1.2739,0.0029,24.87,13.76,20.63,-1.97,89.87],[0.0537,1.2688,-0.0002,28.19,14.16,19.99,-2.42,90.01],[0.0518,1.2547,-0.0019,29.97,13.71,18.62,-2.36,90.09],[0.0593,1.2291,-0.0019,30.42,14.97,16.94,-2.76,90.09]]}
14.612	{"type":"ecg","dev":"node-01","seq":146,"t0":15834,"fs":250,"leads_off":false,"bpm":94.7,"samples":[1867,1930,1960,1965,1968,1963,1967,1968,1967,1964,1955,1973,1956,1955,1951,1965,1971,1967,1976,1980,1975,1976,1979,1993,2014]}
14.614	{"type":"imu","dev":"node-01","seq":146,"t0":15834,"fs":100,"samples":[[0.0629,1.2088,0.004,32.19,13.84,16.4,-2.98,89.81],[0.0633,1.1895,-0.0018,33.27,14.3,16.28,-3.05,90.09],[0.0683,1.1557,0.0014,34.72,12.15,14.77,-3.38,89.93],[0.0703,1.1321,0.0005,35.33,12.2,12.28,-3.55,89.98],[0.0775,1.1264,-0.0054,36.2,11.76,11.32,-3.93,90.28],[0.0724,1.0864,0.001,37.95,10.29,10.9,-3.81,89.95],[0.0734,1.078,-0.0049,39.16,9.37,8.84,-3.9,90.26],[0.0762,1.0559,0.0067,40.11,7.55,6.63,-4.13,89.64],[0.0825,1.0413,0.0015,38.91,6.58,7.19,-4.53,89.92],[0.0823,1.0351,0.0002,40.95,4.37,4.16,-4.55,89.99]]}
14.710	{"type":"ecg","dev":"node-01","seq":147,"t0":15934,"fs":250,"leads_off":false,"bpm":93.6,"samples":[2017,2042,2039,2069,2078,2111,2131,2143,2156,2158,2169,2170,2173,2163,2147,2140,2114,2100,2080,2061,2038,2028,2012,1997,1995]}
14.712	{"type":"imu","dev":"node-01","seq":147,"t0":15934,"fs":100,"samples":[[0.0773,1.0185,-0.0018,40.22,2.82,3.71,-4.34,90.1],[0.0818,1.0098,-0.0009,40.6,1.77,2.07,-4.63,90.05],[0.0761,0.9998,-0.0045,40.9,-0.68,0.94,-4.35,90.26],[0.0792,0.9914,0.0019,41.07,-2.48,-0.4,-4.56,89.89],[0.0822,0.9751,0.0065,40.84,-3.26,-1.84,-4.82,89.62],[0.0738,0.9696,0.0029,40.27,-4.74,-4.12,-4.35,89.83],[0.0794,0.9496,-0.0017,39.9,-7.44,-4.27,-4.78,90.1],[0.0766,0.9459,-0.0038,39.86,-8.62,-5.82,-4.63,90.23],[0.0714,0.9182,0.0021,38.8,-9.4,-6.81,-4.45,89.87],[0.0743,0.9093,-0.0071,38.15,-11.69,-8.81,-4.67,90.45]]}
14.812	{"type":"ecg","dev":"node-01","seq":148,"t0":16034,"fs":250,"leads_off":false,"bpm":95.5,"samples":[1998,1981,1978,1969,1960,1971,1964,1961,1962,1956,1964,1960,1961,1955,1962,1956,1956,1967,1955,1959,1960,1968,1962,1968,1955]}
14.814	{"type":"imu","dev":"node-01","seq":148,"t0":16034,"fs":100,"samples":[[0.0658,0.8838,0.0002,37.41,-12.31,-10.15,-4.26,89.99],[0.0775,0.8571,0.0008,36.63,-13.24,-11.68,-5.17,89.95],[0.0671,0.8363,-0.0033,34.68,-13.89,-12.64,-4.58,90.23],[0.0685,0.8129,-0.0017,34.02,-14.72,-13.67,-4.82,90.12],[0.0689,0.7899,-0.003,32.43,-15.36,-15.53,-4.99,90.22],[0.0616,0.7623,0.0024,30.95,-15.59,-16.32,-4.62,89.82],[0.0513,0.7482,-0.0019,30.22,-15.23,-17.28,-3.92,90.14],[0.0477,0.7292,0.0078,27.59,-15.51,-18.8,-3.74,89.39],[0.0442,0.721,-0.0004,26.5,-15.39,-19.17,-3.51,90.03],[0.0473,0.7121,-0.0064,25.24,-14.84,-19.21,-3.8,90.51]]}
14.910	{"type":"ecg","dev":"node-01","seq":149,"t0":16134,"fs":250,"leads_off":false,"bpm":94.1,"samples":[1949,1954,1955,1957,1966,1954,1960,1968,1955,1951,1955,1961,1963,1971,1969,1962,1961,1965,1958,1959,1960,1949,1960,1956,1957]}
14.912	{"type":"imu","dev":"node-01","seq":149,"t0":16134,"fs":100,"samples":[[0.035,0.7072,0.0033,23.02,-14.17,-20.66,-2.83,89.73],[0.0364,0.7142,0.001,20.76,-12.95,-21.48,-2.92,89.92],[0.0334,0.7227,-0.0026,19.45,-12.16,-21.67,-2.65,90.2],[0.0256,0.7464,0.0036,16.02,-12.27,-22.94,-1.97,89.73],[0.0283,0.7643,0.0034,14.16,-10.05,-22.76,-2.12,89.74],[0.0224,0.7899,0.002,11.82,-10.36,-23.67,-1.62,89.85],[0.0157,0.827,0.0012,11.25,-7.51,-22.59,-1.09,89.92],[0.0189,0.8657,-0.0015,8.57,-5.68,-23.07,-1.25,90.1],[0.0073,0.903,-0.0017,5.58,-3.37,-24.23,-0.47,90.11],[-0.002,0.9472,0.005,3.68,-2.46,-24.66,0.12,89.7]]}
15.000	{"type":"status","dev":"node-01","fw":"0.1.0","uptime_ms":16234,"ecg":{"fs":250},"imu":{"ok":true,"fs":100,"errors":0,"fields":["ax","ay","az","gx","gy","gz","pitch","roll"]}}
15.011	{"type":"ecg","dev":"node-01","seq":150,"t0":16234,"fs":250,"leads_off":false,"bpm":93.6,"samples":[1955,1959,1960,1957,1965,1958,1958,1950,1963,1952,1961,1956,1971,1967,1958,1969,1971,1960,1958,1961,1953,1961,1973,1960,1964]}
15.013	{"type":"imu","dev":"node-01","seq":150,"t0":16234,"fs":100,"samples":[[-0.001,1.0013,0.0041,2.07,-1.41,-24.17,0.05,89.77],[-0.0075,1.0438,-0.0003,-1.13,1.38,-24.67,0.41,90.02],[-0.0144,1.0864,-0.0007,-3.57,2.3,-24.53,0.76,90.04],[-0.0067,1.136,0.0007,-6.57,4.24,-23.86,0.34,89.96],[-0.0189,1.1732,0.0011,-7.61,5.59,-24.8,0.92,89.94],[-0.021,1.1947,0.008,-10.07,7.39,-23.23,1.01,89.61],[-0.0295,1.2328,-0.0016,-11.54,8.12,-23.33,1.37,90.07],[-0.0307,1.2553,-0.0042,-13.86,10.82,-22.54,1.4,90.19],[-0.0351,1.264,-0.0031,-15.77,11.89,-21.78,1.59,90.14],[-0.0429,1.2842,-0.0026,-18.24,12.18,-21.35,1.91,90.12]]}
15.111	{"type":"ecg","dev":"node-01","seq":151,"t0":16334,"fs":250,"leads_off":false,"bpm":93.8,"samples":[1961,1971,1973,1975,1984,1998,2008,2023,2038,2044,2044,2049,2039,2027,2024,2004,1988,1981,1979,1963,1971,1961,1957,1968,1953]}
15.113	{"type":"imu","dev":"node-01","seq":151,"t0":16334,"fs":100,"samples":[[-0.0385,1.2739,-0.0106,-20.02,13.22,-20.55,1.73,90.48],[-0.0425,1.2845,0.001,-22.36,13.81,-19.66,1.89,89.96],[-0.0488,1.2717,-0.0055,-23.84,13.4,-18.28,2.2,90.25],[-0.0532,1.2598,0.0059,-25.08,13.36,-17.54,2.42,89.73],[-0.0588,1.2361,0.0007,-26.94,14.36,-17.02,2.72,89.97],[-0.055,1.2223,-0.0049,-28.91,13.63,-15.64,2.58,90.23],[-0.0628,1.2004,0.0004,-29.84,13.03,-15.58,2.99,89.98],[-0.0709,1.1819,0.0062,-31.37,13.65,-14.07,3.43,89.7],[-0.0671,1.1565,0.0029,-32.58,11.75,-12.49,3.32,89.86],[-0.0723,1.13,-0.0084,-33.83,11.9,-11.09,3.66,90.43]]}
15.213	{"type":"ecg","dev":"node-01","seq":152,"t0":16434,"fs":250,"leads_off":false,"bpm":95.9,"samples":[1950,1942,2039,2384,2658,2509,2119,1876,1881,1930,1949,1962,1961,1962,1956,1961,1959,1961,1962,1963,1968,1967,1958,1966,1967]}
15.215	{"type":"imu","dev":"node-01","seq":152,"t0":16434,"fs":100,"samples":[[-0.0703,1.1114,0.0029,-34.48,10.56,-9.45,3.62,89.85],[-0.0759,1.0864,0.0034,-36.28,10.35,-8.53,4.0,89.82],[-0.0758,1.0767,0.0015,-36.46,8.5,-7.71,4.03,89.92],[-0.0742,1.0521,-0.0009,-36.89,6.67,-5.78,4.03,90.05],[-0.0708,1.0459,-0.0015,-37.49,5.75,-4.42,3.87,90.08],[-0.0803,1.0252,0.0021,-38.36,4.34,-3.29,4.48,89.88],[-0.0744,1.016,0.0011,-39.19,3.01,-1.61,4.19,89.94],[-0.0833,1.0056,-0.007,-39.28,-0.32,-0.54,4.74,90.4],[-0.0752,0.9952,-0.0014,-38.28,-1.07,-0.11,4.32,90.08],[-0.0837,0.982,0.0005,-38.32,-2.09,1.57,4.87,89.97]]}
15.312	{"type":"ecg","dev":"node-01","seq":153,"t0":16534,"fs":250,"leads_off":false,"bpm":95.7,"samples":[1965,1966,1973,1975,1977,1993,1984,2012,2013,2035,2065,2069,2105,2116,2141,2147,2153,2159,2176,2167,2177,2169,2148,2128,2116]}
15.314	{"type":"imu","dev":"node-01","seq":153,"t0":16534,"fs":100,"samples":[[-0.076,0.9724,-0.0026,-38.08,-5.21,4.14,4.47,90.16],[-0.0833,0.9607,0.002,-38.44,-6.48,4.71,4.96,89.88],[-0.0756,0.9475,-0.0004,-37.54,-8.17,5.64,4.56,90.02],[-0.0721,0.9337,-0.0007,-35.95,-9.31,7.84,4.41,90.04],[-0.0774,0.9129,-0.0013,-36.37,-10.25,7.97,4.85,90.08],[-0.0782,0.891,-0.0011,-36.03,-11.49,9.97,5.01,90.07],[-0.0649,0.8768,-0.0044,-34.01,-12.11,12.11,4.23,90.29],[-0.0691,0.8518,-0.0024,-33.6,-12.92,12.2,4.64,90.16],[-0.0648,0.8286,0.0026,-32.82,-16.01,13.89,4.47,89.82],[-0.0685,0.8085,0.0004,-31.65,-14.27,15.5,4.84,89.97]]}
15.413	{"type":"ecg","dev":"node-01","seq":154,"t0":16634,"fs":250,"leads_off":false,"bpm":94.5,"samples":[2108,2074,2073,2042,2032,2020,2003,2004,1987,1972,1981,1982,1972,1980,1967,1971,1964,1967,1961,1971,1983,1976,1964,1975,1955]}
15.415	{"type":"imu","dev":"node-01","seq":154,"t0":16634,"fs":100,"samples":[[-0.0669,0.7786,-0.006,-29.29,-16.38,16.96,4.91,90.44],[-0.0579,0.7577,-0.0018,-28.48,-15.75,18.1,4.37,90.13],[-0.057,0.7406,-0.0024,-26.64,-15.79,18.01,4.4,90.19],[-0.0544,0.7286,0.0065,-26.04,-15.09,19.3,4.27,89.49],[-0.0505,0.7151,0.003,-23.1,-15.51,19.32,4.04,89.76],[-0.0445,0.7127,-0.0047,-22.18,-14.66,21.85,3.57,90.37],[-0.0335,0.7069,-0.0048,-18.87,-14.63,21.87,2.72,90.39],[-0.0363,0.7133,-0.0024,-16.92,-13.14,22.39,2.92,90.2],[-0.0281,0.7285,-0.0009,-15.25,-11.87,22.39,2.21,90.07],[-0.0268,0.7472,0.0005,-13.53,-10.66,23.3,2.06,89.96]]}
15.511	{"type":"ecg","dev":"node-01","seq":155,"t0":16734,"fs":250,"leads_off":false,"bpm":94.3,"samples":[1979,1975,1962,1967,1976,1978,1972,1975,1983,1977,1981,1978,1969,1978,1978,1974,1975,1971,1975,1985,1968,1978,1970,1974,1982]}
15.513	{"type":"imu","dev":"node-01","seq":155,"t0":16734,"fs":100,"samples":[[-0.0249,0.7767,0.001,-12.31,-9.63,24.17,1.84,89.93],[-0.0296,0.8102,0.0065,-8.98,-8.61,24.8,2.09,89.54],[-0.0201,0.8394,0.0031,-5.87,-6.91,24.64,1.37,89.79],[-0.0192,0.8806,-0.0005,-5.42,-5.57,24.85,1.25,90.03],[-0.0026,0.9192,0.0013,-1.87,-2.82,25.47,0.16,89.92],[0.0008,0.9692,0.0007,-0.44,-0.97,24.88,-0.05,89.96],[0.0001,1.0202,0.0044,2.45,-0.18,25.15,-0.0,89.75],[0.0068,1.0632,0.0072,4.58,2.16,25.64,-0.37,89.61],[0.0119,1.1123,0.0054,8.05,3.65,24.63,-0.62,89.72],[0.0086,1.1589,0.007,9.99,4.87,24.69,-0.43,89.65]]}
15.610	{"type":"ecg","dev":"node-01","seq":156,"t0":16834,"fs":250,"leads_off":false,"bpm":94.5,"samples":[1980,1975,1972,1988,1992,1978,1973,1977,1978,1972,1981,1983,1979,1971,1977,1976,1987,1983,1973,1980,1974,1975,1973,1987,1989]}
15.612	{"type":"imu","dev":"node-01","seq":156,"t0":16834,"fs":100,"samples":[[0.0231,1.1797,-0.0007,11.4,6.09,24.04,-1.12,90.04],[0.0228,1.2186,-0.0033,12.58,8.55,25.18,-1.07,90.16],[0.0269,1.2401,0.0004,15.49,9.52,24.06,-1.24,89.98],[0.0365,1.2671,0.0046,17.22,9.59,22.39,-1.65,89.79],[0.0307,1.2756,0.0046,19.12,11.63,22.23,-1.38,89.8],[0.0432,1.287,0.0013,21.08,12.26,21.48,-1.92,89.94],[0.0392,1.2891,-0.0025,24.22,12.5,20.88,-1.74,90.11],[0.0478,1.279,0.0025,25.53,13.63,20.0,-2.14,89.89],[0.05,1.2784,0.0021,27.1,14.34,19.58,-2.24,89.91],[0.0518,1.254,0.006,29.06,14.03,18.87,-2.37,89.73]]}
15.713	{"type":"ecg","dev":"node-01","seq":157,"t0":16934,"fs":250,"leads_off":false,"bpm":95.7,"samples":[1988,1977,1981,1971,1986,1990,1979,1983,1979,1986,1988,1995,2009,2032,2045,2051,2066,2080,2079,2068,2060,2061,2040,2023,2018]}
15.715	{"type":"imu","dev":"node-01","seq":157,"t0":16934,"fs":100,"samples":[[0.0579,1.2357,-0.0053,30.6,13.79,17.81,-2.68,90.25],[0.0585,1.2213,0.0081,31.65,13.56,16.22,-2.74,89.62],[0.0636,1.1985,0.0001,32.97,13.1,15.08,-3.04,89.99],[0.0675,1.1703,0.0063,34.56,12.51,14.3,-3.3,89.69],[0.0658,1.1473,0.0007,35.53,12.41,12.71,-3.28,89.96],[0.0757,1.1201,0.0054,36.74,10.94,11.75,-3.87,89.73],[0.0703,1.1014,-0.0016,38.25,10.71,10.55,-3.65,90.09],[0.0785,1.0838,-0.0092,38.64,8.9,9.61,-4.14,90.48],[0.0717,1.0751,0.0008,39.5,7.34,7.95,-3.81,89.96],[0.0784,1.0485,0.0034,40.57,6.03,6.44,-4.28,89.82]]}
15.812	{"type":"ecg","dev":"node-01","seq":158,"t0":17034,"fs":250,"leads_off":false,"bpm":96.2,"samples":[2005,1997,1994,1988,1993,1988,1998,1996,1973,1967,2104,2450,2693,2508,2105,1904,1911,1964,1988,1990,1986,1993,1999,2000,1998]}
15.814	{"type":"imu","dev":"node-01","seq":158,"t0":17034,"fs":100,"samples":[[0.0823,1.0317,0.0035,40.97,3.86,4.23,-4.56,89.8],[0.0842,1.0261,0.003,39.8,3.27,3.74,-4.69,89.83],[0.0837,1.0164,-0.0135,42.1,1.0,2.54,-4.71,90.76],[0.077,1.0014,-0.0077,41.28,-0.29,1.09,-4.4,90.44],[0.0777,0.99,-0.0013,40.73,-2.4,-0.79,-4.49,90.08],[0.0753,0.9831,-0.0043,41.61,-3.67,-1.81,-4.38,90.25],[0.0732,0.9703,0.0053,40.17,-4.61,-3.66,-4.31,89.69],[0.076,0.9549,0.0038,41.11,-5.96,-4.04,-4.55,89.77],[0.0794,0.9384,-0.001,39.15,-8.48,-5.88,-4.84,90.06],[0.0838,0.9255,-0.0083,38.6,-9.54,-6.8,-5.17,90.51]]}
15.912	{"type":"ecg","dev":"node-01","seq":159,"t0":17134,"fs":250,"leads_off":false,"bpm":94.6,"samples":[1982,1994,2001,1991,1998,2002,1993,1996,2000,2002,2018,2009,2029,2027,2026,2040,2059,2072,2089,2114,2131,2150,2168,2175,2182]}
15.914	{"type":"imu","dev":"node-01","seq":159,"t0":17134,"fs":100,"samples":[[0.0789,0.9071,-0.0022,38.3,-11.47,-9.07,-4.97,90.14],[0.0691,0.8854,0.0022,37.24,-11.89,-9.6,-4.46,89.86],[0.0713,0.8647,0.0011,36.26,-12.99,-10.72,-4.71,89.93],[0.0647,0.8379,0.0026,34.38,-14.51,-12.18,-4.42,89.82],[0.0614,0.8171,-0.0017,33.7,-14.91,-14.12,-4.3,90.12],[0.067,0.801,-0.0016,31.83,-15.74,-15.14,-4.78,90.11],[0.0578,0.7687,-0.0001,31.3,-15.27,-15.61,-4.3,90.01],[0.0627,0.7536,0.0004,30.01,-15.59,-16.4,-4.76,89.97],[0.0554,0.738,0.0011,28.63,-15.03,-18.11,-4.29,89.92],[0.0472,0.7235,-0.0069,26.59,-15.62,-19.12,-3.73,90.54]]}
16.012	{"type":"ecg","dev":"node-01","seq":160,"t0":17234,"fs":250,"leads_off":false,"bpm":109.4,"samples":[2209,2206,2216,2199,2188,2174,2157,2135,2116,2078,2062,2055,2036,2029,2012,2027,2014,2004,2012,2015,2014,2005,1999,2004,2011]}
16.014	{"type":"imu","dev":"node-01","seq":160,"t0":17234,"fs":100,"samples":[[0.0024,1.007,-0.0025,0.83,-0.82,0.86,-0.14,90.14],[0.0395,0.7107,0.0001,22.68,-12.97,-19.99,-3.18,89.99],[0.0395,0.7158,0.0005,20.87,-13.42,-21.29,-3.16,89.96],[0.0309,0.7249,-0.0016,18.56,-13.24,-21.57,-2.44,90.13],[0.0243,0.7367,0.0019,16.31,-11.58,-23.0,-1.89,89.85],[0.0259,0.7632,-0.003,15.87,-10.64,-23.16,-1.95,90.22],[0.0234,0.7899,0.0048,12.9,-8.94,-23.09,-1.7,89.65],[0.0132,0.8212,0.0011,10.11,-7.44,-24.24,-0.92,89.93],[0.0103,0.8495,0.0062,7.57,-5.89,-24.36,-0.69,89.58],[0.009,0.8939,0.0054,5.03,-4.82,-24.56,-0.58,89.65]]}
16.110	{"type":"ecg","dev":"node-01","seq":161,"t0":17334,"fs":250,"leads_off":false,"bpm":109.9,"samples":[2000,2001,2011,1997,1999,2001,2016,2010,2002,2021,2018,2000,2008,2014,2008,2004,2002,2008,2006,2002,2016,2022,2016,1999,2009]}
16.112	{"type":"imu","dev":"node-01","seq":161,"t0":17334,"fs":100,"samples":[[0.0006,0.934,0.0115,3.84,-3.39,-24.25,-0.04,89.29],[-0.0012,0.9764,0.0178,1.22,-0.88,-24.96,0.07,88.96],[-0.0048,1.0196,0.0237,-1.55,0.91,-24.1,0.27,88.67],[-0.011,1.066,0.0109,-2.44,2.32,-24.71,0.59,89.42],[-0.0112,1.1048,0.021,-4.82,3.59,-23.58,0.58,88.91],[-0.0207,1.135,0.0241,-7.4,5.13,-23.89,1.04,88.78],[-0.0223,1.1753,0.0271,-10.36,7.42,-23.73,1.08,88.68],[-0.0293,1.1948,0.0215,-11.54,8.61,-22.53,1.4,88.97],[-0.0365,1.2144,0.0386,-13.69,9.83,-21.91,1.72,88.18],[-0.0336,1.2288,0.044,-16.9,10.58,-21.97,1.56,87.95]]}
16.211	{"type":"ecg","dev":"node-01","seq":162,"t0":17434,"fs":250,"leads_off":false,"bpm":110.1,"samples":[2005,2003,2011,2023,2013,2003,2024,2011,2017,2014,2010,2015,2019,2017,2018,2010,2019,2012,2015,2023,2026,2021,2020,2010,2023]}
16.213	{"type":"imu","dev":"node-01","seq":162,"t0":17434,"fs":100,"samples":[[-0.0423,1.2364,0.0448,-18.58,11.82,-21.54,1.96,87.92],[-0.0082,0.1847,-0.0024,152.62,79.63,-59.96,2.53,90.73],[-0.0112,0.1897,0.0095,150.72,79.63,-60.07,3.37,87.12],[-0.0053,0.18,0.0079,150.88,78.37,-59.95,1.67,87.49],[-0.0038,0.1803,0.0107,151.74,81.13,-58.96,1.2,86.61],[-0.0133,0.18,0.0098,151.16,79.15,-60.09,4.21,86.89],[-0.0065,0.1726,0.0147,152.18,79.68,-59.27,2.14,85.13],[-0.0128,0.1736,0.0166,151.38,79.13,-60.39,4.19,84.55],[-0.003,0.1615,0.0101,151.22,79.27,-58.64,1.06,86.42],[-0.0101,0.1575,0.009,151.29,79.49,-59.58,3.67,86.74]]}
16.311	{"type":"ecg","dev":"node-01","seq":163,"t0":17534,"fs":250,"leads_off":false,"bpm":108.5,"samples":[2013,2018,2014,2019,2023,2037,2041,2035,2062,2082,2088,2103,2112,2098,2085,2085,2066,2050,2056,2026,2026,2024,2032,2018,2024]}
16.313	{"type":"imu","dev":"node-01","seq":163,"t0":17534,"fs":100,"samples":[[-0.014,0.1488,0.0122,151.26,79.02,-59.19,5.37,85.3],[-0.0065,0.1489,0.0081,150.42,78.85,-59.78,2.49,86.87],[-0.0096,0.1494,0.019,150.94,78.73,-59.73,3.64,82.76],[-0.0198,0.1419,0.0211,151.84,79.7,-59.12,7.85,81.54],[-0.0113,0.1429,0.0195,151.09,78.49,-59.52,4.48,82.24],[-0.0089,0.1402,0.0196,150.88,79.19,-59.51,3.61,82.05],[-0.0122,0.1453,0.0217,151.43,80.0,-59.24,4.73,81.51],[-0.0122,0.1325,0.0266,151.58,79.48,-59.81,5.16,78.66],[-0.0145,0.1297,0.0158,152.39,79.35,-59.1,6.34,83.05],[-0.0145,0.1281,0.0255,151.93,78.95,-59.35,6.31,78.74]]}
16.412	{"type":"ecg","dev":"node-01","seq":164,"t0":17634,"fs":250,"leads_off":false,"bpm":108.6,"samples":[2006,2007,2247,2658,2652,2197,1913,1936,1997,2017,2024,2029,2020,2035,2027,2028,2022,2025,2027,2035,2032,2028,2034,2026,2038]}
16.414	{"type":"imu","dev":"node-01","seq":164,"t0":17634,"fs":100,"samples":[[-0.0155,0.1245,0.0218,152.21,80.03,-58.36,7.0,80.05],[-0.0121,0.1215,0.03,151.44,79.56,-59.15,5.5,76.14],[-0.0173,0.1204,0.0304,150.69,79.3,-59.37,7.94,75.82],[-0.0158,0.1223,0.0326,151.18,79.64,-59.56,7.11,75.08],[-0.005,0.115,0.0332,151.48,79.75,-59.03,2.38,73.89],[-0.0108,0.1088,0.0332,150.83,79.11,-58.72,5.44,73.05],[-0.0082,0.101,0.0355,151.9,79.1,-60.24,4.39,70.61],[-0.0048,0.0968,0.0382,150.15,78.88,-60.02,2.63,68.46],[-0.0091,0.1005,0.0346,151.16,78.94,-59.69,4.89,71.01],[-0.012,0.0866,0.0381,151.16,79.12,-58.98,7.2,66.26]]}
16.511	{"type":"ecg","dev":"node-01","seq":165,"t0":17734,"fs":250,"leads_off":false,"bpm":109.8,"samples":[2040,2062,2055,2072,2090,2114,2130,2168,2187,2205,2228,2231,2251,2239,2236,2224,2208,2186,2159,2153,2123,2107,2077,2075,2065]}
16.513	{"type":"imu","dev":"node-01","seq":165,"t0":17734,"fs":100,"samples":[[-0.0096,0.0889,0.0395,151.8,79.35,-59.84,5.61,66.08],[-0.0133,0.0767,0.0393,150.89,79.55,-59.92,8.79,62.87],[-0.009,0.0771,0.0391,150.72,80.03,-59.4,5.92,63.12],[-0.0129,0.0781,0.0449,151.43,79.16,-58.99,8.13,60.1],[0.0008,0.0689,0.0461,151.23,79.79,-59.54,-0.56,56.23],[0.8016,1.2066,2.8989,300.87,-201.35,100.54,-14.32,22.6],[0.8097,1.2104,2.8936,299.92,-201.71,99.78,-14.48,22.7],[0.8012,1.2032,2.902,301.72,-199.33,100.38,-14.31,22.52],[0.7994,1.2012,2.8923,301.49,-199.9,100.97,-14.32,22.55],[0.8019,1.203,2.8994,300.83,-201.5,100.16,-14.33,22.53]]}
16.612	{"type":"ecg","dev":"node-01","seq":166,"t0":17834,"fs":250,"leads_off":false,"bpm":111.4,"samples":[2055,2043,2042,2039,2032,2041,2026,2028,2032,2029,2039,2026,2033,2041,2030,2040,2033,2032,2035,2034,2050,2037,2038,2027,2043]}
16.614	{"type":"imu","dev":"node-01","seq":166,"t0":17834,"fs":100,"samples":[[0.7972,1.2014,2.9003,301.53,-201.0,100.06,-14.25,22.5],[0.8007,1.1974,2.9053,301.0,-201.12,99.91,-14.29,22.4],[-0.0207,0.4396,0.3696,-9.1,-8.22,24.88,2.06,49.94],[-0.0207,0.4625,0.3927,-6.63,-6.87,24.99,1.96,49.66],[-0.0176,0.4988,0.3902,-4.7,-5.7,26.26,1.6,51.96],[-0.0145,0.5201,0.3974,-2.92,-3.87,24.61,1.27,52.61],[-0.0079,0.5574,0.4019,-0.47,-2.03,25.51,0.66,54.2],[0.0005,0.5975,0.4169,2.13,-0.24,25.64,-0.04,55.1],[0.0006,0.6328,0.434,4.24,1.92,25.47,-0.04,55.55],[0.0161,0.6781,0.435,5.59,1.94,26.45,-1.14,57.32]]}
16.711	{"type":"ecg","dev":"node-01","seq":167,"t0":17934,"fs":250,"leads_off":false,"bpm":110.9,"samples":[2032,2039,2026,2048,2036,2030,2038,2038,2046,2028,2036,2036,2049,2043,2045,2040,2041,2037,2041,2039,2033,2045,2044,2027,2027]}
16.713	{"type":"imu","dev":"node-01","seq":167,"t0":17934,"fs":100,"samples":[[0.0203,0.701,0.4527,9.13,5.13,25.04,-1.4,57.15],[0.0139,0.7256,0.4574,11.07,6.56,25.47,-0.93,57.77],[0.0248,0.7477,0.4757,13.13,7.08,23.98,-1.6,57.54],[0.034,0.7755,0.4828,14.72,9.69,23.5,-2.13,58.1],[0.0323,0.7759,0.4887,17.3,10.59,23.8,-2.02,57.79],[0.0394,0.7791,0.5019,19.32,11.16,22.91,-2.43,57.21],[0.0387,0.7824,0.5091,21.42,12.9,21.57,-2.37,56.95],[0.0459,0.772,0.5259,23.72,12.4,21.62,-2.81,55.74],[0.041,0.7605,0.5243,25.35,13.78,20.43,-2.54,55.42],[0.0578,0.744,0.5394,26.53,13.92,19.74,-3.6,54.06]]}
16.812	{"type":"ecg","dev":"node-01","seq":168,"t0":18034,"fs":250,"leads_off":false,"bpm":108.8,"samples":[2032,2039,2033,2029,2024,2035,2033,2038,2033,2034,2039,2031,2036,2037,2046,2029,2038,2061,2056,2079,2095,2104,2122,2134,2132]}
16.814	{"type":"imu","dev":"node-01","seq":168,"t0":18034,"fs":100,"samples":[[0.0573,0.7113,0.5557,28.18,15.23,18.97,-3.64,52.0],[0.062,0.6866,0.5681,30.19,14.07,17.62,-3.98,50.4],[0.0618,0.6626,0.5725,30.24,14.6,16.78,-4.04,49.17],[0.0575,0.6218,0.5763,33.11,13.84,15.66,-3.88,47.17],[0.0763,0.5919,0.588,34.45,13.1,14.71,-5.22,45.19],[0.0692,0.5643,0.599,35.44,12.2,12.75,-4.81,43.29],[0.0752,0.5282,0.6112,37.17,10.81,12.12,-5.32,40.83],[0.0655,0.492,0.6197,37.31,11.86,11.04,-4.73,38.44],[0.0778,0.4671,0.6325,37.8,9.29,9.76,-5.65,36.44],[0.0759,0.4365,0.6398,39.31,8.14,8.17,-5.6,34.3]]}
16.911	{"type":"ecg","dev":"node-01","seq":169,"t0":18134,"fs":250,"leads_off":false,"bpm":110.6,"samples":[2125,2120,2098,2080,2055,2046,2046,2042,2044,2047,2031,2021,2007,2131,2549,2731,2381,1994,1929,2003,2027,2053,2039,2043,2042]}
16.913	{"type":"imu","dev":"node-01","seq":169,"t0":18134,"fs":100,"samples":[[0.0755,0.4105,0.6477,39.49,6.77,6.54,-5.63,32.37],[0.0831,0.3882,0.6595,40.2,5.61,5.04,-6.2,30.48],[0.0731,0.3637,0.666,40.15,2.63,3.44,-5.5,28.64],[0.0811,0.3421,0.6782,40.36,1.03,3.03,-6.09,26.76],[0.0856,0.3254,0.6855,41.26,-0.5,0.47,-6.44,25.39],[0.0815,0.3101,0.6925,41.66,-2.06,0.8,-6.13,24.12],[0.0784,0.2783,0.7038,41.11,-4.09,-2.4,-5.91,21.58],[0.0912,0.2606,0.707,40.61,-5.66,-2.42,-6.9,20.23],[0.074,0.2446,0.7279,40.75,-7.03,-4.48,-5.51,18.58],[0.0772,0.2203,0.7353,39.56,-9.7,-5.67,-5.74,16.68]]}
17.012	{"type":"ecg","dev":"node-01","seq":170,"t0":18234,"fs":250,"leads_off":false,"bpm":110.6,"samples":[2039,2037,2046,2042,2046,2044,2037,2028,2039,2054,2053,2051,2057,2075,2090,2092,2115,2142,2168,2176,2207,2219,2238,2238,2260]}
17.014	{"type":"imu","dev":"node-01","seq":170,"t0":18234,"fs":100,"samples":[[0.0846,0.195,0.7475,39.42,-9.51,-7.22,-6.25,14.62],[0.0732,0.1675,0.7481,38.07,-10.77,-8.26,-5.46,12.62],[0.0715,0.1297,0.7607,37.79,-12.12,-9.85,-5.29,9.68],[0.0725,0.0984,0.765,36.8,-14.11,-11.47,-5.37,7.33],[0.0702,0.0747,0.7665,35.87,-13.7,-12.87,-5.21,5.57],[0.0625,0.0347,0.7863,34.22,-14.66,-14.04,-4.54,2.53],[0.0672,0.0098,0.796,33.01,-14.85,-14.45,-4.83,0.71],[0.0627,-0.0164,0.7962,31.97,-16.24,-16.71,-4.51,-1.18],[0.0593,-0.0543,0.8098,30.11,-15.03,-17.22,-4.18,-3.83],[0.0541,-0.0719,0.8129,27.67,-15.99,-17.1,-3.8,-5.06]]}
17.114	{"type":"ecg","dev":"node-01","seq":171,"t0":18334,"fs":250,"leads_off":false,"bpm":110.3,"samples":[2239,2236,2223,2198,2185,2169,2139,2117,2102,2081,2079,2060,2066,2041,2042,2042,2048,2036,2047,2033,2033,2041,2047,2034,2040]}
17.116	{"type":"imu","dev":"node-01","seq":171,"t0":18334,"fs":100,"samples":[[0.0521,-0.097,0.8209,26.6,-15.68,-18.23,-3.61,-6.74],[0.0466,-0.1129,0.8381,24.34,-15.11,-19.73,-3.16,-7.67],[0.0415,-0.1228,0.8382,22.8,-14.53,-20.75,-2.8,-8.33],[0.0421,-0.123,0.847,21.96,-13.77,-21.26,-2.82,-8.26],[0.0339,-0.1287,0.8575,18.54,-12.81,-21.71,-2.24,-8.54],[0.028,-0.1166,0.8604,17.63,-11.62,-23.04,-1.85,-7.72],[0.0311,-0.1081,0.8748,14.81,-10.02,-22.66,-2.02,-7.05],[0.023,-0.083,0.8803,13.33,-9.45,-23.78,-1.49,-5.38],[0.0111,-0.0546,0.8857,10.88,-7.41,-22.47,-0.72,-3.52],[0.0178,-0.0303,0.8895,8.75,-5.71,-24.43,-1.15,-1.95]]}
17.213	{"type":"ecg","dev":"node-01","seq":172,"t0":18434,"fs":250,"leads_off":false,"bpm":109.7,"samples":[2029,2043,2029,2034,2033,2033,2030,2031,2042,2036,2028,2031,2037,2044,2029,2038,2031,2029,2038,2035,2048,2037,2029,2028,2035]}
17.215	{"type":"imu","dev":"node-01","seq":172,"t0":18434,"fs":100,"samples":[[0.009,0.0027,0.9003,6.64,-3.78,-24.69,-0.57,0.17],[0.003,0.0468,0.9056,4.06,-2.58,-24.67,-0.19,2.96],[0.0028,0.0865,0.9126,1.57,-0.67,-24.49,-0.17,5.41],[0.0004,0.1211,0.9183,-0.42,-0.26,-23.6,-0.03,7.51],[-0.0182,0.1629,0.9245,-3.42,1.64,-24.36,1.11,10.0],[-0.0094,0.2048,0.9299,-5.39,4.08,-24.01,0.57,12.42],[-0.017,0.2337,0.9309,-7.36,4.6,-23.62,1.02,14.09],[-0.0204,0.2698,0.9387,-10.11,6.54,-23.42,1.19,16.04],[-0.0266,0.2916,0.9454,-11.86,7.9,-22.93,1.54,17.14],[-0.03,0.3139,0.9554,-14.15,9.72,-22.71,1.71,18.19]]}
17.313	{"type":"ecg","dev":"node-01","seq":173,"t0":18534,"fs":250,"leads_off":false,"bpm":110.9,"samples":[2040,2034,2037,2038,2035,2024,2042,2043,2028,2033,2037,2030,2019,2025,2043,2033,2036,2025,2031,2038,2038,2034,2037,2027,2025]}
17.315	{"type":"imu","dev":"node-01","seq":173,"t0":18534,"fs":100,"samples":[[-0.0339,0.3204,0.9542,-14.76,10.81,-22.82,1.93,18.56],[-0.0352,0.3278,0.9598,-17.56,11.24,-21.12,1.99,18.85],[-0.0394,0.33,0.9633,-20.29,11.9,-20.75,2.22,18.91],[-0.0472,0.3259,0.9596,-21.42,13.56,-20.34,2.67,18.76],[-0.0512,0.3163,0.9637,-23.39,14.45,-19.11,2.89,18.17],[-0.0574,0.3047,0.9711,-25.24,14.15,-18.05,3.23,17.42],[-0.0543,0.2821,0.9775,-27.46,14.04,-17.08,3.05,16.1],[-0.0565,0.2612,0.9763,-28.68,15.0,-16.61,3.2,14.98],[-0.0611,0.2344,0.9891,-30.55,13.85,-15.33,3.44,13.33],[-0.0636,0.2094,0.9874,-31.38,14.26,-14.32,3.61,11.97]]}
17.412	{"type":"ecg","dev":"node-01","seq":174,"t0":18634,"fs":250,"leads_off":false,"bpm":110.5,"samples":[2031,2033,2046,2035,2048,2063,2070,2084,2109,2119,2104,2115,2101,2092,2059,2055,2043,2034,2037,2020,2027,2028,2025,2013,2043]}
17.414	{"type":"imu","dev":"node-01","seq":174,"t0":18634,"fs":100,"samples":[[-0.0659,0.1824,0.989,-32.56,12.73,-13.37,3.75,10.45],[-0.0789,0.1537,0.9863,-34.03,12.64,-11.08,4.52,8.86],[-0.0809,0.1321,0.9892,-35.14,12.32,-11.39,4.63,7.6],[-0.0721,0.1088,0.9955,-35.61,10.16,-9.25,4.12,6.24],[-0.0701,0.0851,0.9903,-36.69,7.97,-8.02,4.03,4.91],[-0.0735,0.0701,0.9917,-37.55,6.96,-6.46,4.23,4.04],[-0.0842,0.0583,0.9989,-38.86,5.95,-5.21,4.81,3.34],[-0.085,0.0339,0.9964,-37.85,3.63,-3.48,4.87,1.95],[-0.0747,0.0268,0.9946,-38.81,1.96,-2.16,4.3,1.54],[-0.0744,0.0101,1.004,-38.85,1.03,-0.14,4.24,0.57]]}
17.512	{"type":"ecg","dev":"node-01","seq":175,"t0":18734,"fs":250,"leads_off":false,"bpm":109.5,"samples":[2365,2715,2533,2086,1903,1969,2016,2030,2024,2025,2027,2017,2020,2038,2017,2031,2023,2029,2024,2035,2025,2036,2042,2049,2057]}
17.514	{"type":"imu","dev":"node-01","seq":175,"t0":18734,"fs":100,"samples":[[0.0028,0.0075,0.9989,1.13,-0.9,0.04,-0.16,0.43],[-0.0018,-0.0037,0.9995,0.78,-0.89,1.06,0.1,-0.21],[0.0044,-0.0049,0.9937,0.84,-0.44,0.31,-0.26,-0.28],[0.0012,-0.0017,1.0004,1.24,-0.81,0.2,-0.07,-0.1],[0.0064,0.0033,1.0005,0.73,-0.46,0.35,-0.37,0.19],[-0.0031,-0.0023,1.0029,0.21,-0.29,0.01,0.18,-0.13],[-0.0052,-0.0007,1.0015,0.8,-1.19,-0.19,0.3,-0.04],[-0.0016,-0.0001,0.9985,1.15,-0.92,0.43,0.09,-0.01],[0.0052,0.0082,0.9983,1.18,-1.0,0.99,-0.3,0.47],[-0.0007,0.0043,1.0075,1.07,0.37,-0.12,0.04,0.25]]}
17.612	{"type":"ecg","dev":"node-01","seq":176,"t0":18834,"fs":250,"leads_off":false,"bpm":110.9,"samples":[2068,2086,2100,2108,2130,2159,2185,2203,2207,2227,2223,2224,2221,2212,2183,2174,2152,2127,2100,2088,2072,2063,2048,2046,2035]}
17.614	{"type":"imu","dev":"node-01","seq":176,"t0":18834,"fs":100,"samples":[[-0.004,0.0119,1.0027,1.77,-0.32,-0.04,0.23,0.68],[0.0008,0.0028,1.0039,0.74,-0.25,0.91,-0.05,0.16],[-0.0041,0.0093,1.0007,1.08,-0.89,0.02,0.23,0.54],[-0.0019,0.0017,1.0028,0.66,-0.24,1.11,0.11,0.1],[-0.007,0.0107,1.0064,1.22,-0.23,0.6,0.4,0.61],[0.0074,0.005,0.9956,1.17,-0.92,-0.26,-0.42,0.29],[0.0005,0.0037,0.9993,2.17,-0.34,0.14,-0.03,0.21],[0.0005,0.0038,0.9962,1.19,-0.92,1.02,-0.03,0.22],[0.0018,0.0062,1.0006,2.4,-1.52,-0.27,-0.1,0.36],[0.0001,0.0033,1.0017,1.45,-0.19,1.1,-0.01,0.19]]}
17.711	{"type":"ecg","dev":"node-01","seq":177,"t0":18934,"fs":250,"leads_off":false,"bpm":109.1,"samples":[2022,2017,2019,2015,2017,2019,2013,2014,2027,2022,2014,2019,2012,2029,2009,2024,2013,2009,2009,2005,2005,2007,2016,2014,2009]}
17.713	{"type":"imu","dev":"node-01","seq":177,"t0":18934,"fs":100,"samples":[[0.0009,0.0054,1.0011,1.7,-0.52,-0.27,-0.05,0.31],[0.0013,-0.0022,1.0006,0.85,-0.74,0.3,-0.08,-0.12],[-0.0057,0.0015,0.9995,1.51,-1.95,0.33,0.33,0.08],[-0.0105,0.0037,1.001,0.69,-0.84,0.1,0.6,0.21],[-0.0023,-0.0005,1.0011,1.1,-0.66,-0.42,0.13,-0.03],[-0.0025,-0.0015,0.9983,1.5,-0.89,0.99,0.14,-0.09],[0.0007,0.0015,1.0052,0.89,-1.36,0.53,-0.04,0.08],[-0.0033,0.004,1.0003,2.04,-0.78,0.33,0.19,0.23],[-0.0025,0.0014,0.9968,0.55,-0.52,0.16,0.14,0.08],[0.0002,-0.0031,1.0009,1.57,-0.79,0.2,-0.01,-0.18]]}
17.814	{"type":"ecg","dev":"node-01","seq":178,"t0":19034,"fs":250,"leads_off":false,"bpm":110.6,"samples":[2012,2012,2002,2002,2005,2014,2012,2009,2006,2012,2015,2009,2013,2009,2007,2001,2007,1999,2015,2004,2012,1995,2015,2017,2004]}
17.816	{"type":"imu","dev":"node-01","seq":178,"t0":19034,"fs":100,"samples":[[0.005,-0.0039,1.0006,1.51,-0.59,0.92,-0.29,-0.22],[0.0037,-0.0028,0.9981,1.3,-0.47,0.18,-0.21,-0.16],[-0.0005,-0.0012,1.0056,1.33,-0.71,0.19,0.03,-0.07],[-0.0032,-0.0099,1.0057,1.68,-0.68,0.71,0.18,-0.56],[-0.0002,0.0033,0.9978,1.25,-0.73,0.1,0.01,0.19],[0.0058,-0.0067,0.998,1.35,-1.09,1.21,-0.34,-0.39],[-0.0036,0.0028,0.9988,0.99,-0.54,0.41,0.21,0.16],[-0.0004,-0.0054,0.9962,1.92,-1.4,0.42,0.02,-0.31],[-0.0001,0.0004,1.0019,1.79,-0.92,1.06,0.01,0.02],[0.0032,-0.0047,0.9981,0.75,-0.37,1.61,-0.18,-0.27]]}
17.914	{"type":"ecg","dev":"node-01","seq":179,"t0":19134,"fs":250,"leads_off":false,"bpm":108.6,"samples":[2009,2003,2005,2004,2012,2000,2008,2009,1999,2004,2005,2008,2007,2007,2003,2014,2037,2050,2052,2079,2089,2093,2092,2079,2047]}
17.916	{"type":"imu","dev":"node-01","seq":179,"t0":19134,"fs":100,"samples":[[-0.0025,0.0016,0.9927,0.54,-0.3,0.59,0.14,0.09],[0.0044,-0.0036,1.0079,1.65,-1.11,-0.2,-0.25,-0.21],[-0.0047,0.0005,1.0023,1.41,-0.65,0.74,0.27,0.03],[-0.0047,0.0063,1.0073,0.06,-1.01,0.25,0.27,0.36],[0.0039,0.0032,1.0006,0.42,-1.3,0.12,-0.22,0.19],[0.0004,-0.0002,0.997,1.69,-0.48,1.2,-0.02,-0.01],[-0.0013,0.0023,1.0016,2.11,-0.31,0.73,0.07,0.13],[0.0009,0.0073,1.0054,1.57,-0.67,1.04,-0.05,0.42],[0.006,-0.0047,1.0005,0.18,-0.45,0.02,-0.34,-0.27],[-0.0005,-0.0011,1.0049,0.3,-1.22,0.52,0.03,-0.06]]}
18.012	{"type":"ecg","dev":"node-01","seq":180,"t0":19234,"fs":250,"leads_off":false,"bpm":111.5,"samples":[2057,2041,2028,2011,1994,2010,1999,2006,1998,1991,1975,2179,2594,2634,2211,1925,1914,1967,1992,1996,2008,1992,2000,1997,1992]}
18.014	{"type":"imu","dev":"node-01","seq":180,"t0":19234,"fs":100,"samples":[[0.0074,0.0026,0.9953,1.22,-0.16,0.65,-0.43,0.15],[0.0046,-0.0005,1.0009,1.09,-1.15,0.53,-0.26,-0.03],[0.005,-0.002,0.9962,1.03,-1.31,-0.41,-0.29,-0.12],[-0.0033,0.0106,1.0015,1.01,-0.05,0.48,0.19,0.6],[0.0029,-0.0051,0.993,1.8,-0.89,0.48,-0.17,-0.29],[0.0017,-0.0012,1.0079,0.73,-0.57,0.97,-0.1,-0.07],[-0.0026,0.0023,0.9949,1.54,-0.3,1.0,0.15,0.13],[-0.0052,-0.0022,1.0019,1.15,-1.04,0.17,0.3,-0.13],[0.0048,0.003,0.9983,1.96,-0.93,0.81,-0.27,0.17],[0.0086,-0.0044,0.9995,1.45,-1.0,0.33,-0.49,-0.25]]}
18.114	{"type":"ecg","dev":"node-01","seq":181,"t0":19334,"fs":250,"leads_off":false,"bpm":110.7,"samples":[1995,1975,1991,1995,1990,2004,1989,2003,2006,2015,2026,2027,2037,2056,2072,2092,2111,2133,2165,2180,2190,2185,2199,2185,2186]}
18.116	{"type":"imu","dev":"node-01","seq":181,"t0":19334,"fs":100,"samples":[[-0.0009,-0.0077,0.9993,1.17,-0.48,0.91,0.05,-0.44],[-0.0052,-0.0021,1.0024,1.29,-0.75,1.09,0.3,-0.12],[-0.0001,0.0034,1.0002,0.98,-1.29,1.25,0.0,0.2],[0.0028,0.0016,0.9902,2.36,-0.09,0.42,-0.16,0.1],[-0.0015,-0.0008,1.0004,1.08,-0.67,0.6,0.08,-0.04],[-0.0003,-0.0063,1.0017,0.98,-1.31,1.09,0.02,-0.36],[-0.0034,-0.0012,0.9955,0.87,-0.46,0.32,0.2,-0.07],[-0.0034,0.0028,0.997,1.46,-1.08,0.42,0.2,0.16],[-0.0013,-0.0048,1.0025,1.01,-0.2,0.31,0.08,-0.27],[-0.0017,-0.006,1.0003,1.52,-0.96,0.66,0.1,-0.34]]}
18.213	{"type":"ecg","dev":"node-01","seq":182,"t0":19434,"fs":250,"leads_off":false,"bpm":110.0,"samples":[2161,2142,2130,2095,2078,2063,2046,2041,2017,2003,1996,1999,1987,1984,1982,1983,1978,1987,1976,1980,1982,1986,1991,1982,1973]}
18.215	{"type":"imu","dev":"node-01","seq":182,"t0":19434,"fs":100,"samples":[[-0.0036,0.0009,0.9985,1.97,-0.15,0.86,0.2,0.05],[0.0007,-0.0005,0.9996,0.77,-1.19,-0.04,-0.04,-0.03],[0.0107,-0.0012,0.9974,1.04,-1.32,0.83,-0.61,-0.07],[0.0,-0.0095,0.9972,1.66,-1.28,0.99,-0.0,-0.54],[0.0024,-0.0033,0.9997,0.89,-1.19,0.46,-0.14,-0.19],[-0.0017,-0.0037,0.9988,1.09,-0.06,-0.39,0.1,-0.21],[0.0014,-0.0063,0.9936,1.63,-0.1,0.81,-0.08,-0.36],[-0.0063,0.0053,1.0,1.17,-0.86,0.42,0.36,0.3],[0.0002,-0.0077,0.9962,1.73,-0.7,0.84,-0.01,-0.44],[-0.0043,-0.0046,0.9958,0.82,-0.92,-0.34,0.25,-0.26]]}
18.314	{"type":"ecg","dev":"node-01","seq":183,"t0":19534,"fs":250,"leads_off":false,"bpm":108.6,"samples":[1976,1980,1972,1979,1985,1984,1974,1978,1972,1974,1987,1995,1980,1977,1974,1981,1979,1971,1980,1985,1978,1973,1966,1972,1980]}
18.316	{"type":"imu","dev":"node-01","seq":183,"t0":19534,"fs":100,"samples":[[-0.0058,-0.0053,0.9967,1.37,-0.19,1.53,0.33,-0.3],[0.0043,-0.0072,1.0032,1.04,-0.95,-0.39,-0.25,-0.41],[0.0074,0.0043,0.9975,1.44,-0.97,0.16,-0.43,0.25],[0.0024,-0.0004,1.0003,0.91,-0.75,0.37,-0.14,-0.02],[0.0008,0.0023,0.9885,1.13,-1.53,0.89,-0.05,0.14],[-0.0023,-0.0047,1.0073,1.12,-1.15,0.79,0.13,-0.27],[-0.0005,-0.0007,0.9966,1.5,-0.21,0.97,0.03,-0.04],[0.0012,-0.0016,1.0023,1.51,-0.73,0.61,-0.07,-0.09],[0.0017,-0.0051,0.9904,1.25,-0.72,1.11,-0.1,-0.29],[-0.0028,0.001,1.0016,0.92,-1.61,0.81,0.16,0.06]]}
18.414	{"type":"ecg","dev":"node-01","seq":184,"t0":19634,"fs":250,"leads_off":false,"bpm":110.9,"samples":[1976,1975,1971,1975,1980,1983,1980,1972,1981,1966,1981,1972,1964,1966,1971,1978,1971,1980,1979,1974,1981,1961,1978,1962,1974]}
18.416	{"type":"imu","dev":"node-01","seq":184,"t0":19634,"fs":100,"samples":[[-0.0005,-0.0106,1.003,0.7,0.28,0.69,0.03,-0.61],[0.0071,-0.0038,1.0007,1.11,-1.05,0.33,-0.41,-0.22],[0.0003,0.0026,0.9984,1.83,-0.55,0.48,-0.02,0.15],[-0.0014,-0.0005,1.0009,0.3,-1.25,0.16,0.08,-0.03],[-0.0052,0.0011,1.0028,0.96,-1.06,0.89,0.29,0.06],[0.0022,-0.0064,1.0031,0.87,-0.6,0.5,-0.12,-0.37],[-0.0015,-0.0041,1.0008,1.41,-0.71,0.86,0.09,-0.23],[0.0047,-0.0029,1.0111,1.78,-0.65,0.81,-0.27,-0.17],[0.0104,-0.0011,1.0044,0.94,-0.89,-0.04,-0.59,-0.06],[-0.0033,0.0011,1.0023,0.94,0.62,0.23,0.19,0.06]]}
18.514	{"type":"ecg","dev":"node-01","seq":185,"t0":19734,"fs":250,"leads_off":false,"bpm":111.1,"samples":[1972,1981,1985,2006,2019,2029,2057,2051,2064,2060,2050,2026,2007,2000,1981,1979,1969,1984,1966,1966,1972,1932,2043,2429,2664]}
18.516	{"type":"imu","dev":"node-01","seq":185,"t0":19734,"fs":100,"samples":[[-0.0035,-0.005,1.0019,0.49,-0.88,1.29,0.2,-0.28],[0.002,0.0008,1.0012,1.56,-0.94,-0.72,-0.12,0.04],[0.0017,-0.0007,0.9987,1.3,-0.73,0.94,-0.1,-0.04],[-0.0008,0.0007,1.0085,1.32,-1.35,0.28,0.05,0.04],[0.0048,-0.0062,0.998,0.89,-1.75,0.63,-0.28,-0.36],[-0.005,-0.0092,0.9886,1.23,-1.22,0.25,0.29,-0.53],[-0.0046,0.0031,1.0041,1.6,-0.45,0.58,0.26,0.18],[-0.0064,0.0008,0.9971,0.75,-0.71,0.11,0.37,0.04],[-0.0051,-0.007,1.0055,2.06,-0.8,0.14,0.29,-0.4],[0.0014,-0.0031,1.0069,1.46,-0.52,0.29,-0.08,-0.18]]}
18.613	{"type":"ecg","dev":"node-01","seq":186,"t0":19834,"fs":250,"leads_off":false,"bpm":108.7,"samples":[2364,1942,1854,1919,1952,1963,1974,1962,1965,1967,1960,1967,1962,1962,1973,1967,1973,1969,1961,1972,1985,1994,2015,2005,2023]}
18.615	{"type":"imu","dev":"node-01","seq":186,"t0":19834,"fs":100,"samples":[[0.0118,0.0015,1.003,0.58,-1.24,0.22,-0.67,0.09],[-0.0007,0.0039,0.9949,1.31,-0.32,1.03,0.04,0.22],[0.0034,-0.0099,0.9947,1.57,-1.13,-0.3,-0.2,-0.57],[-0.0025,-0.0039,0.9912,1.43,-0.99,0.28,0.15,-0.23],[-0.0019,-0.0007,1.0037,0.49,-1.09,1.05,0.11,-0.04],[-0.0004,-0.0018,0.9955,0.75,0.2,0.36,0.03,-0.1],[0.0039,-0.0107,1.0044,1.65,-0.38,1.24,-0.22,-0.61],[0.0042,-0.0012,0.9945,0.9,-1.04,-0.25,-0.24,-0.07],[0.002,-0.0042,1.0009,0.67,-0.66,0.44,-0.11,-0.24],[0.0041,-0.0065,1.0008,0.19,-0.54,0.5,-0.24,-0.37]]}
18.711	{"type":"ecg","dev":"node-01","seq":187,"t0":19934,"fs":250,"leads_off":false,"bpm":110.3,"samples":[2047,2059,2078,2113,2131,2151,2158,2156,2160,2171,2161,2149,2133,2104,2082,2067,2039,2021,2011,1996,2000,1975,1981,1971,1970]}
18.713	{"type":"imu","dev":"node-01","seq":187,"t0":19934,"fs":100,"samples":[[0.0043,0.0002,0.9909,0.28,-1.48,0.05,-0.25,0.01],[0.0014,-0.003,1.0107,0.94,-0.99,0.44,-0.08,-0.17],[-0.0112,-0.0027,1.0017,1.57,-0.51,0.31,0.64,-0.15],[0.0029,-0.0008,0.9966,0.78,-2.0,0.28,-0.17,-0.05],[-0.0015,0.0028,1.0,0.98,-1.07,0.46,0.09,0.16],[-0.0117,-0.0079,1.0006,1.69,-0.56,0.62,0.67,-0.45],[-0.003,-0.0084,0.9921,1.21,-0.76,0.51,0.17,-0.49],[-0.0023,-0.005,0.9988,1.08,-0.94,0.06,0.13,-0.29],[-0.0054,-0.0017,1.0016,1.74,-0.43,0.45,0.31,-0.1],[-0.0055,-0.0029,1.0038,1.2,-0.21,0.95,0.31,-0.17]]}
18.810	{"type":"ecg","dev":"node-01","seq":188,"t0":20034,"fs":250,"leads_off":false,"bpm":109.8,"samples":[1972,1964,1960,1970,1957,1961,1964,1958,1961,1949,1962,1962,1968,1953,1964,1963,1965,1960,1962,1958,1956,1966,1966,1965,1955]}
18.812	{"type":"imu","dev":"node-01","seq":188,"t0":20034,"fs":100,"samples":[[-0.0015,-0.009,0.9986,1.7,-1.19,0.97,0.09,-0.52],[-0.0079,-0.0077,0.9983,1.11,-0.97,0.97,0.45,-0.44],[0.0017,-0.0013,1.0061,0.76,-1.27,0.64,-0.1,-0.07],[-0.0017,0.0017,0.9962,1.1,-1.23,0.69,0.1,0.1],[0.0026,-0.0074,1.0062,1.3,-1.07,1.75,-0.15,-0.42],[-0.0033,-0.0042,0.9935,1.35,-1.03,-0.21,0.19,-0.25],[-0.0033,-0.013,1.0022,1.47,-1.02,0.33,0.19,-0.74],[-0.0004,-0.0029,1.0008,0.4,-0.97,-0.32,0.02,-0.16],[-0.0057,-0.008,0.9965,1.17,-1.4,-0.04,0.33,-0.46],[0.0039,0.0016,1.002,1.57,-1.49,1.23,-0.22,0.09]]}
18.910	{"type":"ecg","dev":"node-01","seq":189,"t0":20134,"fs":250,"leads_off":false,"bpm":110.7,"samples":[1962,1965,1960,1963,1961,1959,1951,1968,1964,1960,1976,1960,1960,1963,1961,1965,1955,1959,1961,1966,1961,1950,1964,1968,1966]}
18.912	{"type":"imu","dev":"node-01","seq":189,"t0":20134,"fs":100,"samples":[[-0.0028,0.0013,1.0007,1.48,-0.65,0.71,0.16,0.08],[0.0052,-0.0087,1.0014,0.41,0.32,-0.29,-0.3,-0.5],[0.0022,-0.0054,1.0027,0.21,-0.54,-0.13,-0.13,-0.31],[0.0004,-0.0115,1.0046,0.12,-0.99,0.91,-0.02,-0.65],[0.0057,-0.0032,0.9977,0.99,-1.32,0.65,-0.32,-0.18],[0.0015,-0.0064,1.0049,0.8,-0.82,0.34,-0.08,-0.36],[0.0058,-0.0061,1.0072,0.87,-1.0,0.62,-0.33,-0.35],[0.0057,-0.0027,1.003,1.41,0.09,0.49,-0.32,-0.16],[0.0002,-0.0052,0.9973,1.01,-1.16,0.64,-0.01,-0.3],[-0.0008,0.0034,0.9998,1.25,-0.74,1.08,0.04,0.19]]}
19.013	{"type":"ecg","dev":"node-01","seq":190,"t0":20234,"fs":250,"leads_off":false,"bpm":87.7,"samples":[1970,1958,1960,1962,1954,1963,1951,1970,1956,1964,1963,1966,1951,1963,1968,1959,1977,1978,1991,1999,2014,2027,2038,2050,2058]}
19.015	{"type":"imu","dev":"node-01","seq":190,"t0":20234,"fs":100,"samples":[[0.0029,-0.0085,1.0073,1.24,-0.69,0.77,-0.16,-0.49],[0.0531,0.2738,1.0026,26.61,12.26,19.43,-2.92,15.27],[0.0572,0.2604,1.0003,28.01,13.62,18.61,-3.17,14.59],[0.0564,0.2484,0.9998,30.46,13.93,17.92,-3.13,13.95],[0.0612,0.2196,1.0015,31.98,15.18,16.23,-3.41,12.37],[0.0637,0.1945,1.0021,32.61,13.95,15.75,-3.57,10.98],[0.0711,0.1778,0.9965,34.6,13.57,14.68,-4.02,10.11],[0.0632,0.1574,1.0061,34.4,12.59,13.74,-3.55,8.89],[0.0747,0.1324,1.0013,35.6,11.22,12.15,-4.23,7.53],[0.0718,0.1083,1.0014,37.56,11.27,10.17,-4.08,6.17]]}
19.111	{"type":"ecg","dev":"node-01","seq":191,"t0":20334,"fs":250,"leads_off":false,"bpm":89.2,"samples":[2048,2041,2032,2026,2014,1999,1965,1978,1969,1973,1968,1961,1972,1965,1962,1939,1931,2034,2347,2636,2577,2230,1932,1855,1889]}
19.113	{"type":"imu","dev":"node-01","seq":191,"t0":20334,"fs":100,"samples":[[0.0727,0.0872,0.9991,38.3,8.31,10.25,-4.15,4.99],[0.0701,0.0646,0.9999,39.2,8.29,8.47,-4.0,3.7],[0.0691,0.055,1.0055,39.53,7.33,6.86,-3.93,3.13],[0.08,0.0431,1.0038,40.04,6.43,5.52,-4.55,2.46],[0.0857,0.0205,1.0063,40.18,3.36,4.09,-4.87,1.16],[0.0858,0.0133,1.0013,41.18,1.98,3.15,-4.9,0.76],[0.088,0.0022,0.9986,41.0,1.19,1.93,-5.03,0.13],[0.0817,-0.0064,1.0013,41.18,-1.08,0.1,-4.66,-0.36],[0.0779,-0.0168,0.995,40.24,-2.36,-2.13,-4.48,-0.97],[0.0804,-0.0329,1.0,41.58,-4.43,-2.79,-4.6,-1.88]]}
19.211	{"type":"ecg","dev":"node-01","seq":192,"t0":20434,"fs":250,"leads_off":false,"bpm":86.6,"samples":[1932,1958,1943,1962,1950,1957,1967,1965,1968,1963,1965,1962,1966,1963,1974,1965,1963,1961,1969,1973,1984,1974,1986,2001,2004]}
19.213	{"type":"imu","dev":"node-01","seq":192,"t0":20434,"fs":100,"samples":[[0.0847,-0.0511,1.0031,41.34,-5.36,-4.7,-4.82,-2.91],[0.0763,-0.0531,0.9944,40.07,-8.44,-5.73,-4.38,-3.06],[0.0749,-0.075,1.0045,39.59,-8.96,-6.74,-4.25,-4.27],[0.0777,-0.0836,1.0024,38.5,-10.57,-8.37,-4.42,-4.76],[0.0729,-0.1077,1.0012,38.13,-11.71,-9.9,-4.14,-6.14],[0.0765,-0.1307,0.9992,36.04,-13.32,-10.75,-4.34,-7.45],[0.0729,-0.148,0.9972,36.07,-14.05,-12.95,-4.14,-8.44],[0.072,-0.1773,1.0004,34.03,-15.41,-12.67,-4.06,-10.05],[0.0601,-0.202,1.0002,33.6,-15.78,-15.33,-3.37,-11.42],[0.0631,-0.2269,1.0011,31.54,-15.43,-15.13,-3.52,-12.77]]}
19.313	{"type":"ecg","dev":"node-01","seq":193,"t0":20534,"fs":250,"leads_off":false,"bpm":89.0,"samples":[2013,2020,2042,2057,2084,2098,2109,2137,2141,2156,2164,2183,2173,2177,2156,2155,2143,2147,2119,2093,2071,2072,2044,2053,2018]}
19.315	{"type":"imu","dev":"node-01","seq":193,"t0":20534,"fs":100,"samples":[[0.0646,-0.2474,0.9961,30.2,-15.8,-16.24,-3.6,-13.95],[0.0604,-0.2641,1.0025,28.32,-15.39,-17.81,-3.33,-14.76],[0.0474,-0.2723,0.997,27.12,-15.3,-19.1,-2.63,-15.27],[0.0495,-0.2807,1.0071,25.12,-15.64,-19.31,-2.71,-15.58],[0.0409,-0.2827,0.9973,23.78,-14.68,-20.47,-2.26,-15.83],[0.0425,-0.2892,0.9942,22.15,-14.71,-21.61,-2.35,-16.22],[0.0385,-0.282,0.999,18.56,-12.88,-21.85,-2.12,-15.76],[0.0294,-0.2733,0.9923,17.08,-12.44,-21.96,-1.64,-15.4],[0.0269,-0.259,0.9973,14.62,-10.95,-23.36,-1.5,-14.56],[0.0273,-0.2222,0.9977,14.45,-9.88,-23.28,-1.53,-12.56]]}
19.414	{"type":"ecg","dev":"node-01","seq":194,"t0":20634,"fs":250,"leads_off":false,"bpm":86.5,"samples":[2018,2005,1998,1984,1983,1981,1976,1975,1971,1968,1975,1970,1963,1973,1974,1975,1977,1976,1966,1976,1963,1967,1969,1965,1975]}
19.416	{"type":"imu","dev":"node-01","seq":194,"t0":20634,"fs":100,"samples":[[0.0212,-0.1943,1.003,10.58,-8.54,-23.09,-1.19,-10.97],[0.0114,-0.1534,1.0054,8.42,-6.31,-24.88,-0.64,-8.68],[0.0098,-0.1138,1.0015,6.56,-5.35,-24.42,-0.56,-6.48],[0.0044,-0.0672,0.9945,3.65,-3.82,-23.84,-0.25,-3.86],[0.0142,-0.0244,1.0004,1.7,-1.59,-25.73,-0.81,-1.4],[0.0005,0.0175,0.9981,0.02,0.26,-23.83,-0.03,1.0],[-0.0067,0.0626,1.0074,-2.81,2.31,-24.78,0.38,3.55],[-0.0082,0.1134,1.0008,-3.72,3.41,-24.01,0.47,6.46],[-0.0122,0.1596,1.0013,-6.54,4.66,-24.62,0.69,9.06],[-0.0202,0.1914,1.0066,-8.85,7.37,-23.69,1.13,10.77]]}
19.514	{"type":"ecg","dev":"node-01","seq":195,"t0":20734,"fs":250,"leads_off":false,"bpm":89.5,"samples":[1974,1965,1969,1987,1976,1969,1967,1973,1967,1973,1970,1966,1970,1982,1966,1970,1984,1967,1985,1972,1967,1974,1982,1979,1973]}
19.516	{"type":"imu","dev":"node-01","seq":195,"t0":20734,"fs":100,"samples":[[-0.0203,0.2151,1.008,-11.41,7.78,-22.71,1.13,12.05],[-0.0277,0.2496,0.9997,-13.78,9.5,-23.13,1.54,14.02],[-0.0394,0.261,0.9999,-14.54,10.65,-22.28,2.19,14.63],[-0.0314,0.2743,1.002,-16.74,12.22,-21.67,1.73,15.31],[-0.0377,0.2795,0.9941,-18.59,11.88,-21.13,2.09,15.71],[-0.0406,0.28,1.0055,-21.6,12.84,-20.66,2.23,15.56],[-0.0458,0.2829,0.9989,-21.88,13.97,-18.8,2.52,15.81],[-0.0466,0.2697,1.0001,-25.38,13.96,-18.72,2.58,15.09],[-0.0579,0.2503,1.0056,-26.63,14.8,-17.81,3.2,13.98],[-0.0617,0.2424,0.9951,-27.79,13.9,-15.74,3.45,13.69]]}
19.520	{"type":"spo2","dev":"node-01","seq":0,"spo2":97}
19.611	{"type":"ecg","dev":"node-01","seq":196,"t0":20834,"fs":250,"leads_off":false,"bpm":89.0,"samples":[1974,1982,1990,1977,1983,1975,1971,1991,1978,1968,1972,1972,1984,1976,1985,1975,1977,1974,1984,1976,1990,1983,1972,1987,1984]}
19.613	{"type":"imu","dev":"node-01","seq":196,"t0":20834,"fs":100,"samples":[[-0.0611,0.2198,1.0009,-29.51,13.25,-15.33,3.41,12.39],[-0.0643,0.197,1.0053,-30.83,12.33,-14.61,3.59,11.08],[-0.0718,0.1702,0.9953,-32.88,12.49,-13.11,4.07,9.7],[-0.0675,0.1389,1.0027,-33.11,12.15,-12.01,3.82,7.89],[-0.0638,0.1187,0.9986,-35.65,10.83,-9.85,3.63,6.78],[-0.0723,0.0987,0.9951,-35.48,9.98,-9.11,4.14,5.66],[-0.0772,0.0834,0.9959,-35.92,9.45,-7.74,4.41,4.79],[-0.0797,0.0573,0.9983,-36.78,7.3,-6.41,4.56,3.29],[-0.0759,0.0503,1.0012,-38.11,6.17,-5.17,4.33,2.88],[-0.0716,0.0296,0.9951,-37.57,4.4,-3.83,4.12,1.7]]}
19.711	{"type":"ecg","dev":"node-01","seq":197,"t0":20934,"fs":250,"leads_off":false,"bpm":88.1,"samples":[1988,1981,1990,1985,1983,1977,1986,1986,1980,1996,2001,1983,2004,2011,2028,2036,2046,2067,2080,2071,2081,2083,2067,2061,2036]}
19.713	{"type":"imu","dev":"node-01","seq":197,"t0":20934,"fs":100,"samples":[[-0.08,0.023,1.0079,-38.94,3.29,-2.33,4.53,1.31],[-0.0787,0.0085,1.0021,-39.24,1.5,-1.55,4.49,0.48],[-0.0785,-0.0022,1.0041,-39.58,-0.37,-0.5,4.47,-0.13],[-0.0834,-0.0148,0.9961,-38.65,-2.41,1.52,4.78,-0.85],[-0.076,-0.0235,0.9959,-38.34,-3.3,2.55,4.36,-1.35],[-0.0728,-0.0273,1.0063,-37.22,-5.46,4.73,4.13,-1.55],[-0.0795,-0.041,1.0056,-38.7,-6.74,5.59,4.52,-2.34],[-0.0746,-0.0542,1.006,-36.88,-8.06,8.38,4.23,-3.08],[-0.0738,-0.0677,1.0056,-35.64,-9.72,8.06,4.19,-3.85],[-0.0691,-0.0943,0.9939,-36.56,-12.32,9.41,3.96,-5.42]]}
19.813	{"type":"ecg","dev":"node-01","seq":198,"t0":21034,"fs":250,"leads_off":false,"bpm":87.3,"samples":[2020,2018,2028,1997,1993,1985,1983,1992,1997,1994,1982,1964,2008,2223,2567,2691,2452,2094,1885,1907,1951,1972,1985,1992,1992]}
19.815	{"type":"imu","dev":"node-01","seq":198,"t0":21034,"fs":100,"samples":[[-0.0721,-0.1149,1.0021,-34.81,-12.45,11.42,4.09,-6.54],[-0.0668,-0.1384,0.9998,-34.22,-13.01,13.19,3.79,-7.88],[-0.0645,-0.1601,0.999,-32.37,-13.47,14.01,3.65,-9.1],[-0.0571,-0.1875,1.0035,-31.03,-14.51,14.44,3.2,-10.58],[-0.062,-0.208,1.0059,-30.06,-15.22,15.96,3.46,-11.68],[-0.0575,-0.2397,1.0001,-28.22,-15.44,16.5,3.2,-13.48],[-0.0622,-0.2435,0.9984,-27.69,-15.86,18.18,3.46,-13.7],[-0.0572,-0.2617,1.0025,-26.12,-15.44,18.57,3.16,-14.63],[-0.0426,-0.2807,0.9948,-23.99,-16.18,20.22,2.36,-15.75],[-0.0484,-0.2851,0.9931,-22.23,-14.87,21.28,2.68,-16.02]]}
19.911	{"type":"ecg","dev":"node-01","seq":199,"t0":21134,"fs":250,"leads_off":false,"bpm":88.1,"samples":[1995,1985,1989,1985,1994,1993,1999,1997,1993,2001,2004,2001,2001,1992,2008,2003,2010,2027,2020,2031,2050,2053,2081,2086,2104]}
19.913	{"type":"imu","dev":"node-01","seq":199,"t0":21134,"fs":100,"samples":[[-0.0401,-0.2968,1.0086,-21.88,-13.36,21.69,2.19,-16.4],[-0.0411,-0.287,0.9982,-18.78,-13.51,22.05,2.26,-16.04],[-0.0338,-0.2788,0.9973,-16.04,-12.31,23.19,1.87,-15.62],[-0.0326,-0.2606,0.9971,-14.33,-11.71,23.3,1.81,-14.65],[-0.0318,-0.2413,1.0035,-11.86,-9.83,24.39,1.76,-13.52],[-0.0182,-0.2101,1.0068,-10.04,-8.59,24.73,1.01,-11.78],[-0.0277,-0.1727,0.998,-8.15,-7.34,24.99,1.57,-9.82],[-0.0087,-0.1365,1.0004,-5.15,-5.84,25.06,0.49,-7.77],[-0.0125,-0.0961,0.9994,-3.03,-4.54,25.78,0.72,-5.49],[-0.0014,-0.0382,1.0042,-1.01,-2.32,25.25,0.08,-2.18]]}
20.000	{"type":"status","dev":"node-01","fw":"0.1.0","uptime_ms":21234,"ecg":{"fs":250},"imu":{"ok":true,"fs":100,"errors":0,"fields":["ax","ay","az","gx","gy","gz","pitch","roll"]}}
20.013	{"type":"ecg","dev":"node-01","seq":200,"t0":21234,"fs":250,"leads_off":false,"bpm":88.1,"samples":[2123,2132,2142,2171,2189,2209,2203,2216,2218,2207,2194,2185,2169,2163,2133,2121,2113,2100,2076,2068,2047,2028,2037,2024,2018]}
20.015	{"type":"imu","dev":"node-01","seq":200,"t0":21234,"fs":100,"samples":[[0.0003,-0.0021,1.0036,1.46,-0.93,24.32,-0.02,-0.12],[-0.0017,0.0533,0.9983,2.81,-0.34,24.66,0.1,3.06],[0.007,0.0911,0.9976,5.22,2.83,26.11,-0.4,5.22],[0.0111,0.136,0.9998,7.79,4.33,24.44,-0.63,7.75],[0.0123,0.1734,0.9979,10.15,5.63,25.3,-0.7,9.86],[0.0231,0.2075,1.0089,12.5,7.02,23.79,-1.28,11.62],[0.0271,0.2395,0.9994,14.27,8.63,24.07,-1.51,13.48],[0.0345,0.2596,0.9997,17.17,10.26,23.46,-1.91,14.56],[0.0394,0.2791,1.0023,19.0,11.09,21.98,-2.17,15.56],[0.0358,0.2792,1.0004,21.36,11.37,22.65,-1.97,15.6]]}
20.110	{"type":"ecg","dev":"node-01","seq":201,"t0":21334,"fs":250,"leads_off":false,"bpm":88.9,"samples":[2006,2014,2015,2010,2005,2006,2004,2014,2014,2008,2014,2024,2010,2015,2007,2014,2008,2004,2005,2003,2007,2019,2016,2008,2014]}
20.112	{"type":"imu","dev":"node-01","seq":201,"t0":21334,"fs":100,"samples":[[0.0402,0.2879,1.0003,21.93,12.21,21.64,-2.21,16.06],[0.0473,0.2856,1.0031,25.02,13.28,21.12,-2.6,15.9],[0.054,0.2781,0.9992,26.69,14.29,20.7,-2.98,15.55],[0.0499,0.2624,0.9925,28.65,14.33,19.52,-2.78,14.81],[0.0537,0.2552,1.0079,30.19,14.57,16.98,-2.96,14.21],[0.0579,0.2331,0.9931,31.41,13.68,17.0,-3.25,13.21],[0.0642,0.2042,0.9992,32.26,13.57,15.92,-3.6,11.55],[0.0707,0.1857,0.995,33.83,12.53,14.9,-3.99,10.57],[0.0628,0.1496,0.9936,35.23,12.52,13.8,-3.58,8.56],[0.0702,0.1453,1.0033,36.12,12.2,12.26,-3.96,8.24]]}
20.211	{"type":"ecg","dev":"node-01","seq":202,"t0":21434,"fs":250,"leads_off":false,"bpm":88.5,"samples":[2001,2013,2008,2004,2011,2009,2019,2005,2018,2019,2028,2012,2019,2020,2018,2012,2014,2022,2022,2010,2023,2019,2016,2016,2013]}
20.213	{"type":"imu","dev":"node-01","seq":202,"t0":21434,"fs":100,"samples":[[0.0698,0.1108,1.0,38.63,9.89,11.04,-3.97,6.32],[0.0771,0.0956,0.9966,38.37,8.8,10.22,-4.41,5.48],[0.0736,0.082,1.0004,38.04,8.66,8.62,-4.19,4.68],[0.0734,0.0612,0.9936,40.32,6.57,7.21,-4.22,3.52],[0.0673,0.0456,0.9957,40.41,4.76,5.28,-3.86,2.62],[0.087,0.0265,0.9945,41.12,3.87,4.77,-5.0,1.53],[0.0876,0.0161,1.0054,41.43,1.79,3.47,-4.98,0.92],[0.0763,0.0176,0.9986,41.64,1.44,2.38,-4.37,1.01],[0.0781,-0.0034,0.998,41.33,-0.6,-0.38,-4.48,-0.2],[0.078,-0.0118,1.0025,41.86,-2.79,-2.57,-4.45,-0.67]]}
20.312	{"type":"ecg","dev":"node-01","seq":203,"t0":21534,"fs":250,"leads_off":false,"bpm":88.2,"samples":[2015,2014,2017,2033,2026,2023,2015,2023,2015,2025,2027,2025,2017,2028,2012,2024,2012,2019,2018,2026,2026,2024,2020,2023,2023]}
20.314	{"type":"imu","dev":"node-01","seq":203,"t0":21534,"fs":100,"samples":[[0.0752,-0.0247,1.0034,40.47,-4.4,-4.05,-4.29,-1.41],[0.0783,-0.0375,0.9943,40.33,-5.8,-4.17,-4.5,-2.16],[0.0809,-0.0473,1.0017,40.49,-8.18,-4.91,-4.61,-2.7],[0.0737,-0.0614,1.0024,39.66,-8.3,-6.98,-4.2,-3.51],[0.0744,-0.0797,1.0035,39.32,-10.5,-7.92,-4.23,-4.54],[0.0683,-0.1027,0.9933,38.01,-12.06,-9.28,-3.91,-5.9],[0.0744,-0.1166,0.9989,37.07,-11.54,-9.89,-4.23,-6.66],[0.0669,-0.1423,1.0087,36.71,-14.05,-11.86,-3.76,-8.03],[0.0657,-0.1683,0.9991,35.47,-14.64,-13.04,-3.71,-9.56],[0.072,-0.1919,1.0009,33.52,-14.91,-14.0,-4.04,-10.85]]}
20.410	{"type":"ecg","dev":"node-01","seq":204,"t0":21634,"fs":250,"leads_off":false,"bpm":87.6,"samples":[2033,2012,2028,2018,2024,2022,2026,2042,2044,2058,2068,2083,2100,2103,2117,2120,2113,2110,2097,2080,2075,2053,2049,2048,2030]}
20.412	{"type":"imu","dev":"node-01","seq":204,"t0":21634,"fs":100,"samples":[[0.0588,-0.2216,0.9998,31.79,-15.14,-15.04,-3.29,-12.49],[0.0603,-0.234,0.9971,30.49,-16.08,-16.44,-3.37,-13.21],[0.0552,-0.2541,1.0022,29.07,-15.82,-16.42,-3.06,-14.23],[0.0519,-0.267,0.9969,28.12,-15.7,-19.05,-2.88,-14.99],[0.0485,-0.2858,0.9981,26.4,-15.58,-19.57,-2.67,-15.98],[0.0419,-0.2777,1.002,22.98,-14.27,-19.89,-2.31,-15.49],[0.0346,-0.2809,0.9998,22.29,-13.7,-21.62,-1.91,-15.69],[0.0368,-0.2772,1.0026,19.63,-13.18,-22.49,-2.03,-15.46],[0.0353,-0.2637,0.9987,17.7,-12.84,-21.93,-1.96,-14.79],[0.0283,-0.25,1.003,16.43,-10.4,-22.76,-1.57,-14.0]]}
20.513	{"type":"ecg","dev":"node-01","seq":205,"t0":21734,"fs":250,"leads_off":false,"bpm":89.2,"samples":[2035,2031,2027,2040,2022,2026,2008,2008,2140,2452,2716,2634,2270,1992,1919,1969,2015,2030,2023,2027,2039,2032,2043,2020,2021]}
20.515	{"type":"imu","dev":"node-01","seq":205,"t0":21734,"fs":100,"samples":[[-0.0081,0.0048,0.9997,1.09,-0.11,0.52,0.47,0.28],[0.0017,0.0067,1.0003,1.59,-0.29,0.33,-0.1,0.39],[0.0012,0.0061,0.9983,0.85,0.21,-0.1,-0.07,0.35],[0.0035,0.0037,0.9891,1.34,-1.44,0.6,-0.2,0.21],[0.0038,0.0039,0.9982,1.26,-0.94,0.16,-0.22,0.22],[-0.001,-0.0027,0.9956,1.63,-0.49,-0.01,0.06,-0.15],[0.004,0.0017,1.0009,1.17,0.0,0.18,-0.23,0.1],[0.0053,0.0024,0.9981,1.21,-1.33,0.5,-0.3,0.14],[0.0059,0.0078,0.9999,1.35,-0.75,0.43,-0.34,0.45],[-0.0021,0.0014,1.0029,1.08,-0.1,0.74,0.12,0.08]]}
20.613	{"type":"ecg","dev":"node-01","seq":206,"t0":21834,"fs":250,"leads_off":false,"bpm":88.5,"samples":[2030,2035,2039,2035,2034,2023,2037,2033,2038,2039,2039,2046,2051,2058,2063,2071,2082,2102,2105,2133,2154,2167,2179,2199,2215]}
20.615	{"type":"imu","dev":"node-01","seq":206,"t0":21834,"fs":100,"samples":[[0.0033,-0.004,1.0055,1.96,-0.17,1.06,-0.19,-0.23],[-0.0013,0.0021,0.9955,0.93,-1.18,0.72,0.08,0.12],[0.0031,-0.0003,0.9984,1.56,-0.54,0.84,-0.18,-0.02],[0.0001,0.0028,0.9986,2.18,-0.94,0.01,-0.01,0.16],[-0.0056,0.002,0.9989,1.32,-0.03,0.52,0.32,0.12],[0.0073,0.0113,1.003,1.14,-0.18,0.45,-0.42,0.64],[-0.0012,-0.0009,1.002,1.51,-1.4,0.03,0.07,-0.05],[0.0027,-0.0,1.0024,0.98,0.16,0.42,-0.15,-0.0],[-0.0039,0.0078,0.9987,1.44,-0.74,0.01,0.22,0.45],[-0.0027,0.0023,1.0084,0.74,-0.73,1.27,0.15,0.13]]}
20.710	{"type":"ecg","dev":"node-01","seq":207,"t0":21934,"fs":250,"leads_off":false,"bpm":89.4,"samples":[2234,2235,2248,2241,2244,2233,2227,2213,2206,2185,2160,2146,2132,2114,2106,2086,2076,2068,2066,2064,2046,2037,2048,2046,2039]}
20.712	{"type":"imu","dev":"node-01","seq":207,"t0":21934,"fs":100,"samples":[[0.0008,0.0067,0.9996,1.05,-0.27,0.19,-0.05,0.38],[-0.0023,-0.0009,0.9996,1.3,-1.58,0.39,0.13,-0.05],[0.0035,-0.0041,1.0069,1.56,-0.74,1.05,-0.2,-0.23],[0.0019,-0.0023,1.0001,1.24,-0.84,-0.33,-0.11,-0.13],[0.0068,0.0057,0.9995,0.37,-0.71,1.05,-0.39,0.33],[0.0012,-0.0052,1.0011,1.26,-0.67,0.27,-0.07,-0.3],[0.0038,0.0059,1.0011,0.45,-1.95,-0.75,-0.21,0.34],[0.0001,0.0034,0.9932,1.37,-0.81,0.48,-0.0,0.2],[0.0025,0.0129,1.0007,0.69,0.25,0.04,-0.14,0.74],[0.0012,0.0015,1.0057,1.22,-0.02,0.52,-0.07,0.08]]}
20.814	{"type":"ecg","dev":"node-01","seq":208,"t0":22034,"fs":250,"leads_off":false,"bpm":88.2,"samples":[2030,2040,2048,2036,2042,2035,2040,2029,2041,2036,2042,2035,2035,2042,2047,2038,2036,2050,2047,2051,2041,2033,2037,2040,2050]}
20.816	{"type":"imu","dev":"node-01","seq":208,"t0":22034,"fs":100,"samples":[[0.0039,0.0093,0.9993,0.93,-1.01,0.81,-0.22,0.53],[-0.0042,-0.0006,1.0081,1.41,-0.67,0.0,0.24,-0.03],[0.0033,-0.0013,0.9962,0.98,-0.75,1.31,-0.19,-0.08],[0.0037,0.0181,0.999,0.67,-1.33,0.72,-0.21,1.04],[0.0006,0.005,1.0008,1.16,-0.44,1.65,-0.03,0.29],[0.0036,0.0105,0.9984,0.77,-0.27,1.34,-0.21,0.6],[-0.0052,0.0014,0.9959,0.44,-0.6,1.8,0.3,0.08],[0.0018,0.005,1.0027,1.68,-0.28,0.0,-0.1,0.28],[0.002,-0.0033,0.9988,1.5,-0.13,1.32,-0.12,-0.19],[-0.0012,-0.002,0.9961,1.34,-1.36,0.52,0.07,-0.12]]}
20.912	{"type":"ecg","dev":"node-01","seq":209,"t0":22134,"fs":250,"leads_off":false,"bpm":87.1,"samples":[2052,2039,2034,2031,2037,2043,2041,2039,2041,2039,2041,2044,2043,2034,2039,2043,2030,2032,2048,2037,2040,2036,2043,2041,2042]}
20.914	{"type":"imu","dev":"node-01","seq":209,"t0":22134,"fs":100,"samples":[[-0.0021,-0.0079,0.9984,1.45,-0.27,0.55,0.12,-0.45],[-0.004,0.0002,1.0041,0.7,-1.36,0.38,0.23,0.01],[0.0004,0.0084,0.9997,1.2,-1.06,-0.72,-0.02,0.48],[0.0058,0.0093,1.0025,1.15,-0.44,0.25,-0.33,0.53],[-0.0014,0.0028,0.999,0.25,-1.82,-0.28,0.08,0.16],[0.0016,0.0066,1.0031,0.26,-0.71,0.57,-0.09,0.38],[-0.0006,0.0034,1.0018,0.75,-1.01,0.12,0.03,0.2],[0.0037,0.0069,1.0038,1.71,-0.99,1.02,-0.21,0.4],[-0.0006,-0.0024,0.9972,0.62,-0.07,-0.61,0.04,-0.14],[-0.0045,0.0064,0.9993,1.52,-0.89,1.68,0.26,0.37]]}
21.011	{"type":"ecg","dev":"node-01","seq":210,"t0":22234,"fs":250,"leads_off":false,"bpm":87.1,"samples":[2038,2042,2042,2049,2033,2040,2038,2041,2040,2044,2036,2045,2031,2029,2037,2037,2042,2047,2039,2033,2038,2047,2032,2038,2043]}
21.013	{"type":"imu","dev":"node-01","seq":210,"t0":22234,"fs":100,"samples":[[0.008,0.0032,1.0034,1.99,-0.73,0.59,-0.45,0.18],[-0.0049,0.0145,0.9967,0.88,-0.41,0.02,0.28,0.83],[-0.0015,0.004,1.0011,0.27,-1.36,0.22,0.09,0.23],[-0.0009,-0.0009,0.9994,1.06,-0.56,0.47,0.05,-0.05],[0.0022,0.0061,0.998,1.58,-0.68,0.93,-0.13,0.35],[0.0026,0.0017,0.9974,0.87,0.08,0.53,-0.15,0.1],[0.0028,0.01,1.0019,1.78,-0.68,-0.25,-0.16,0.57],[-0.0042,0.0014,0.9965,0.9,-1.15,0.44,0.24,0.08],[-0.0003,0.0102,0.998,0.75,-0.79,-0.15,0.02,0.58],[0.0023,0.0048,1.0025,1.91,-1.05,0.11,-0.13,0.27]]}
21.111	{"type":"ecg","dev":"node-01","seq":211,"t0":22334,"fs":250,"leads_off":false,"bpm":88.7,"samples":[2041,2043,2051,2061,2068,2072,2093,2093,2106,2123,2131,2136,2122,2115,2094,2088,2076,2061,2048,2040,2052,2046,2036,2031,2036]}
21.113	{"type":"imu","dev":"node-01","seq":211,"t0":22334,"fs":100,"samples":[[0.0015,0.0052,1.0,0.7,-0.61,0.16,-0.09,0.3],[-0.0047,0.0015,1.0033,0.61,-1.65,0.14,0.27,0.09],[-0.0034,0.003,1.0042,1.73,-0.9,-0.31,0.19,0.17],[-0.0006,0.0075,1.0005,0.38,-0.83,0.55,0.03,0.43],[0.0071,0.0101,0.9976,1.51,-1.83,-0.31,-0.41,0.58],[-0.0044,-0.0008,0.9943,1.12,-0.84,0.55,0.25,-0.05],[-0.0033,0.0109,1.0037,1.0,-1.56,0.76,0.19,0.62],[-0.0037,0.0123,0.9983,1.45,-0.49,0.0,0.21,0.71],[0.0023,0.0094,0.9998,0.61,-1.55,0.07,-0.13,0.54],[0.0004,-0.0002,1.0,1.09,-0.06,1.07,-0.02,-0.01]]}
21.211	{"type":"ecg","dev":"node-01","seq":212,"t0":22434,"fs":250,"leads_off":false,"bpm":87.6,"samples":[2029,2028,2009,2053,2315,2641,2724,2450,2106,1929,1948,2001,2031,2039,2036,2039,2038,2034,2031,2043,2027,2032,2029,2050,2028]}
21.213	{"type":"imu","dev":"node-01","seq":212,"t0":22434,"fs":100,"samples":[[0.0006,0.004,0.9975,1.25,-1.05,0.55,-0.04,0.23],[0.0015,0.0032,0.9966,1.34,-0.9,0.18,-0.08,0.19],[-0.0002,-0.0035,0.9994,1.82,-0.14,2.52,0.01,-0.2],[0.0083,0.0043,1.0032,1.03,-1.63,-0.5,-0.47,0.25],[0.0024,-0.0006,0.9991,0.76,-1.93,0.75,-0.14,-0.03],[-0.0019,0.0053,0.9988,1.95,-1.1,0.21,0.11,0.3],[0.0,-0.0012,0.9939,0.41,-0.92,-0.71,-0.0,-0.07],[-0.0021,0.0031,1.0015,1.77,-0.15,-0.25,0.12,0.18],[0.0028,0.0004,0.9927,0.43,-1.34,0.54,-0.16,0.02],[0.0036,-0.0011,0.9985,1.25,-0.34,0.67,-0.21,-0.06]]}
21.312	{"type":"ecg","dev":"node-01","seq":213,"t0":22534,"fs":250,"leads_off":false,"bpm":88.4,"samples":[2033,2036,2044,2034,2045,2041,2047,2063,2050,2058,2073,2089,2087,2114,2108,2138,2153,2180,2191,2214,2230,2230,2229,2252,2238]}
21.314	{"type":"imu","dev":"node-01","seq":213,"t0":22534,"fs":100,"samples":[[-0.0022,0.0076,0.9946,0.35,-1.55,1.39,0.13,0.44],[0.0023,-0.0021,1.0023,2.3,-1.17,0.83,-0.13,-0.12],[0.0056,-0.0016,0.9924,0.91,-0.11,0.8,-0.32,-0.09],[0.0069,0.0046,0.9944,2.27,0.13,-0.07,-0.4,0.26],[0.0022,0.0014,0.9991,1.66,-0.86,-0.42,-0.12,0.08],[-0.0036,0.0056,0.9987,1.44,-1.28,-0.16,0.21,0.32],[-0.0,0.0085,0.9965,0.84,-1.57,1.05,0.0,0.49],[-0.0045,0.007,1.0006,1.36,-2.11,0.49,0.26,0.4],[-0.0031,0.0051,0.9994,0.85,-1.39,0.62,0.18,0.29],[-0.0002,0.0033,0.9984,1.05,-1.37,1.18,0.01,0.19]]}
21.414	{"type":"ecg","dev":"node-01","seq":214,"t0":22634,"fs":250,"leads_off":false,"bpm":87.3,"samples":[2240,2225,2223,2205,2180,2166,2146,2134,2101,2103,2094,2083,2072,2056,2051,2044,2042,2034,2032,2037,2028,2041,2033,2027,2029]}
21.416	{"type":"imu","dev":"node-01","seq":214,"t0":22634,"fs":100,"samples":[[-0.0032,0.0029,0.9933,1.17,0.09,1.27,0.19,0.17],[0.0074,0.0015,1.003,1.76,-0.81,0.92,-0.42,0.08],[-0.0023,0.0069,1.0025,1.73,-0.9,0.48,0.13,0.4],[-0.0018,-0.001,0.9994,1.75,-1.46,0.71,0.1,-0.06],[-0.0053,0.0051,1.0044,0.91,-0.74,0.41,0.3,0.29],[-0.0018,0.0016,1.0012,0.64,-0.44,0.19,0.1,0.09],[0.0035,-0.0006,0.9958,0.87,-1.23,0.35,-0.2,-0.04],[0.0002,0.0017,0.9961,1.82,-1.4,0.6,-0.01,0.1],[-0.0056,0.0008,0.9947,2.11,-1.21,0.55,0.32,0.05],[0.0033,-0.0012,0.9989,0.53,-0.95,1.14,-0.19,-0.07]]}
21.511	{"type":"ecg","dev":"node-01","seq":215,"t0":22734,"fs":250,"leads_off":false,"bpm":88.8,"samples":[2030,2032,2037,2024,2036,2028,2026,2024,2039,2035,2031,2030,2027,2029,2019,2028,2021,2016,2024,2033,2022,2022,2020,2024,2026]}
21.513	{"type":"imu","dev":"node-01","seq":215,"t0":22734,"fs":100,"samples":[[0.0004,0.0055,1.0037,1.56,0.73,0.36,-0.02,0.31],[0.0041,0.005,1.0013,1.42,-1.0,0.38,-0.23,0.28],[-0.004,0.0032,1.0118,2.23,-2.19,0.5,0.22,0.18],[-0.0041,0.0077,1.001,0.66,-1.06,-0.95,0.23,0.44],[-0.0055,0.0025,0.9985,1.03,0.43,0.09,0.31,0.14],[-0.0074,0.0078,0.996,1.81,-0.54,0.55,0.42,0.45],[-0.0051,0.0042,0.9962,0.95,-0.95,0.53,0.29,0.24],[0.0023,0.002,1.0028,0.5,-1.07,0.62,-0.13,0.12],[0.0005,0.0077,1.0041,1.61,-1.25,1.8,-0.03,0.44],[0.0036,0.0012,0.9994,1.49,-1.14,0.85,-0.21,0.07]]}
21.613	{"type":"ecg","dev":"node-01","seq":216,"t0":22834,"fs":250,"leads_off":false,"bpm":89.3,"samples":[2038,2015,2025,2022,2016,2026,2025,2029,2025,2021,2029,2021,2024,2013,2025,2013,2025,2026,2004,2023,2014,2015,2023,2011,2031]}
21.615	{"type":"imu","dev":"node-01","seq":216,"t0":22834,"fs":100,"samples":[[-0.0015,0.0095,1.0036,1.32,-0.93,0.95,0.09,0.54],[-0.0017,0.0062,1.0068,0.92,-0.44,0.77,0.1,0.35],[0.0015,0.0022,0.9949,1.16,0.12,0.51,-0.09,0.13],[0.0004,-0.0011,1.0017,1.71,-0.99,0.68,-0.02,-0.06],[0.006,-0.0029,0.9974,0.77,0.02,0.28,-0.34,-0.17],[-0.0017,0.0082,1.007,1.72,-1.21,0.88,0.1,0.47],[-0.0084,0.0013,1.0006,0.68,-0.8,0.53,0.48,0.08],[-0.006,0.0014,1.0034,0.94,-0.87,0.96,0.34,0.08],[-0.0005,0.0017,0.9939,0.91,-0.77,0.9,0.03,0.1],[-0.0001,-0.0086,0.9946,1.7,-0.72,0.92,0.01,-0.5]]}
21.714	{"type":"ecg","dev":"node-01","seq":217,"t0":22934,"fs":250,"leads_off":false,"bpm":86.8,"samples":[2018,2017,2020,2018,2033,2020,2017,2013,2005,2017,2022,2021,2010,2025,2006,2016,2006,2006,2008,2016,2014,2032,2024,2027,2031]}
21.716	{"type":"imu","dev":"node-01","seq":217,"t0":22934,"fs":100,"samples":[[-0.0049,-0.0008,1.0002,0.91,-1.1,0.12,0.28,-0.05],[-0.0058,-0.0017,0.9959,2.34,-0.5,1.04,0.33,-0.1],[0.0022,0.0046,0.9971,0.55,-1.09,0.05,-0.13,0.26],[-0.0033,0.0038,0.993,1.2,-1.16,0.61,0.19,0.22],[-0.0013,-0.0002,0.9985,1.65,-0.94,0.36,0.08,-0.01],[0.0007,0.008,1.006,1.89,-0.48,-0.16,-0.04,0.46],[-0.0007,-0.0036,1.0038,0.87,-0.82,1.28,0.04,-0.2],[-0.0014,-0.0003,0.9982,0.69,-0.26,-0.87,0.08,-0.02],[0.0035,0.0058,1.0034,1.54,0.01,1.13,-0.2,0.33],[0.004,-0.0036,1.0051,1.1,-0.79,0.28,-0.23,-0.21]]}
21.812	{"type":"ecg","dev":"node-01","seq":218,"t0":23034,"fs":250,"leads_off":false,"bpm":86.8,"samples":[2048,2056,2073,2068,2091,2096,2093,2099,2081,2075,2056,2049,2030,2035,2022,2010,2019,2014,2016,2000,2008,1997,1984,1990,2132]}
21.814	{"type":"imu","dev":"node-01","seq":218,"t0":23034,"fs":100,"samples":[[-0.0033,0.0035,0.997,1.27,-1.06,1.09,0.19,0.2],[-0.0036,0.0002,0.9951,0.85,-0.96,1.07,0.21,0.01],[0.0019,0.0019,1.0054,-0.05,-0.88,-0.64,-0.11,0.11],[-0.0033,0.0018,0.9917,0.52,-0.92,0.42,0.19,0.1],[0.0054,0.0028,1.0019,1.18,-1.49,0.32,-0.31,0.16],[-0.0054,-0.0022,0.9998,2.76,-0.26,-0.38,0.31,-0.13],[0.0071,0.0088,0.9994,0.49,-0.82,-0.7,-0.4,0.5],[-0.0026,-0.0041,0.9987,1.01,-0.99,0.21,0.15,-0.24],[-0.0051,0.0051,1.0017,1.37,-1.13,1.44,0.29,0.29],[-0.0026,-0.0024,0.9964,0.32,-1.08,0.99,0.15,-0.14]]}
21.913	{"type":"ecg","dev":"node-01","seq":219,"t0":23134,"fs":250,"leads_off":false,"bpm":86.7,"samples":[2452,2704,2575,2211,1939,1891,1941,2001,1999,1996,2009,2002,1998,2004,2007,1999,1994,1994,1995,1983,2009,1994,2006,1998,2009]}
21.915	{"type":"imu","dev":"node-01","seq":219,"t0":23134,"fs":100,"samples":[[-0.0015,0.0003,1.0031,0.83,-0.33,0.45,0.09,0.02],[-0.0038,-0.0009,0.9994,0.48,-0.62,0.79,0.22,-0.05],[-0.001,0.004,1.0015,2.01,-1.74,1.03,0.06,0.23],[0.0059,0.0032,1.0021,1.04,-1.73,0.2,-0.34,0.18],[0.0064,0.0055,0.992,1.49,-1.62,-0.05,-0.37,0.31],[-0.0022,0.0002,1.0,1.34,-0.52,-0.17,0.13,0.01],[0.0011,-0.0053,0.9924,1.13,-0.17,1.25,-0.06,-0.31],[0.0055,0.0064,1.0018,1.21,-1.23,-0.05,-0.31,0.37],[0.0014,-0.0028,0.9987,1.89,-0.86,0.31,-0.08,-0.16],[-0.0015,0.0107,1.0014,2.09,-0.37,0.88,0.09,0.61]]}
22.012	{"type":"ecg","dev":"node-01","seq":220,"t0":23234,"fs":250,"leads_off":false,"bpm":87.8,"samples":[2004,2012,2012,2008,2029,2038,2039,2053,2065,2071,2099,2104,2127,2156,2168,2186,2203,2198,2224,2206,2205,2195,2191,2184,2162]}
22.014	{"type":"imu","dev":"node-01","seq":220,"t0":23234,"fs":100,"samples":[[0.0066,0.0041,0.9974,1.91,-0.99,0.28,-0.38,0.24],[-0.0012,0.0027,0.9945,1.53,-0.72,0.66,0.07,0.15],[-0.0022,-0.0018,0.998,1.21,-0.78,0.46,0.12,-0.1],[-0.0039,-0.0024,0.9978,1.84,-0.06,0.88,0.23,-0.14],[0.003,-0.0017,1.0061,1.56,-0.62,0.56,-0.17,-0.1],[-0.0,-0.0043,1.0054,1.57,0.09,0.42,0.0,-0.25],[0.0029,0.0018,0.9993,1.55,-0.45,0.03,-0.17,0.1],[0.0043,-0.0105,1.0043,1.81,-1.26,1.35,-0.24,-0.6],[0.0012,-0.0033,1.0041,1.27,-0.53,1.08,-0.07,-0.19],[-0.0025,0.0091,0.9923,0.71,-1.47,0.8,0.14,0.53]]}
22.030	{"type":"imu","dev":"node-01","seq":999999,"samples":"oops"}
22.030	{"type":"ecg","dev":"node-01","sam
22.111	{"type":"ecg","dev":"node-01","seq":221,"t0":23334,"fs":250,"leads_off":false,"bpm":88.9,"samples":[2139,2119,2110,2086,2075,2058,2034,2031,2031,2009,2008,1994,2004,1999,1992,1987,2001,2000,1994,1987,1987,1992,1987,1998,1993]}
22.113	{"type":"imu","dev":"node-01","seq":221,"t0":23334,"fs":100,"samples":[[0.0009,-0.0009,1.0019,1.73,-1.3,1.11,-0.05,-0.05],[0.002,-0.0044,1.0025,1.23,-0.93,1.17,-0.12,-0.25],[-0.0061,-0.0002,0.9951,1.25,-0.47,1.47,0.35,-0.01],[-0.0055,-0.0011,0.9969,2.14,-0.31,0.46,0.32,-0.06],[-0.0056,0.0019,0.9994,0.58,0.41,-0.14,0.32,0.11],[-0.0054,-0.0013,1.0001,1.64,-0.04,0.83,0.31,-0.07],[-0.0018,0.0011,1.0022,0.3,-0.54,0.91,0.1,0.06],[0.0009,0.0031,1.0055,0.41,-1.6,-0.18,-0.05,0.18],[-0.0029,0.002,0.9959,1.06,-1.82,0.51,0.17,0.12],[-0.004,-0.0059,0.995,1.15,0.54,0.55,0.23,-0.34]]}
22.212	{"type":"ecg","dev":"node-01","seq":222,"t0":23434,"fs":250,"leads_off":false,"bpm":86.7,"samples":[1993,1990,1988,1996,1997,1990,1987,1986,1991,1992,1981,1984,1984,1982,1977,1983,1979,1988,1983,1990,1984,1983,1982,1981,1970]}
22.214	{"type":"imu","dev":"node-01","seq":222,"t0":23434,"fs":100,"samples":[[-0.0038,0.005,1.0063,1.95,-0.81,1.22,0.22,0.29],[-0.0058,-0.004,1.0034,0.57,-1.94,1.06,0.33,-0.23],[-0.0028,-0.0028,1.0052,0.65,-0.46,0.26,0.16,-0.16],[0.01,0.0004,0.9954,0.82,-0.16,1.25,-0.57,0.02],[0.0037,0.0,1.0132,0.76,-1.09,0.74,-0.21,0.0],[-0.0039,0.004,1.004,0.94,-0.75,0.46,0.22,0.23],[-0.004,-0.0062,0.9989,0.51,-0.47,1.0,0.23,-0.36],[-0.0036,-0.0023,0.9952,1.29,0.04,0.01,0.21,-0.13],[0.0044,-0.0006,0.9976,0.75,-1.5,1.24,-0.25,-0.04],[-0.0029,-0.0062,1.0029,0.49,-1.34,0.14,0.17,-0.35]]}
22.313	{"type":"ecg","dev":"node-01","seq":223,"t0":23534,"fs":250,"leads_off":false,"bpm":88.4,"samples":[1980,1989,1978,1974,1981,1991,1976,1975,1973,1981,1983,1973,1981,1969,1976,1982,1974,1977,1969,1971,1982,1974,1975,1977,1978]}
22.315	{"type":"imu","dev":"node-01","seq":223,"t0":23534,"fs":100,"samples":[[0.0048,-0.0021,1.0049,0.88,-0.8,1.0,-0.27,-0.12],[-0.0038,-0.0051,1.0016,2.08,-1.01,1.05,0.22,-0.29],[0.0022,0.0034,0.9986,1.22,-0.53,0.36,-0.13,0.2],[0.001,-0.0011,0.9987,1.14,-1.2,0.98,-0.06,-0.06],[-0.0009,-0.0073,1.0007,0.83,-1.34,0.93,0.05,-0.42],[-0.0038,-0.0054,0.9991,1.67,-0.91,0.25,0.22,-0.31],[-0.0008,-0.0031,1.0036,0.77,-0.55,0.42,0.04,-0.17],[-0.007,-0.0016,0.9956,1.14,-1.21,1.46,0.4,-0.09],[0.0017,-0.0082,0.999,1.34,-0.15,0.67,-0.1,-0.47],[-0.0001,-0.0046,0.9999,1.09,-1.32,1.24,0.01,-0.26]]}
22.413	{"type":"ecg","dev":"node-01","seq":224,"t0":23634,"fs":250,"leads_off":false,"bpm":87.9,"samples":[1970,1968,1976,1978,1977,1970,1972,1978,1965,1971,1979,1976,1978,1975,1969,1967,1978,1978,1982,1984,2006,1998,2025,2038,2063]}
22.415	{"type":"imu","dev":"node-01","seq":224,"t0":23634,"fs":100,"samples":[[0.0049,-0.0085,0.9966,1.46,-1.66,0.5,-0.28,-0.49],[0.0018,0.0057,0.9998,0.13,-0.47,0.19,-0.11,0.33],[-0.0006,-0.0095,0.9991,0.54,-1.46,0.46,0.03,-0.54],[0.0023,-0.0087,1.0,2.09,-0.96,0.73,-0.13,-0.5],[0.0051,-0.0014,1.0028,0.57,-0.59,0.07,-0.29,-0.08],[-0.0049,-0.0099,1.0007,1.92,-1.02,0.01,0.28,-0.57],[0.0017,-0.0096,0.9977,1.96,-0.15,1.65,-0.1,-0.55],[-0.0035,-0.0003,0.9999,0.82,-0.9,0.63,0.2,-0.02],[-0.0007,-0.0051,0.9999,0.72,-0.39,0.35,0.04,-0.3],[0.0021,-0.0043,0.9963,1.09,-1.21,0.21,-0.12,-0.25]]}
22.514	{"type":"ecg","dev":"node-01","seq":225,"t0":23734,"fs":250,"leads_off":false,"bpm":86.8,"samples":[2050,2068,2053,2061,2028,2030,2018,2007,1991,1982,1979,1968,1970,1966,1968,1969,1968,1955,1929,2007,2261,2585,2638,2349,2002]}
22.516	{"type":"imu","dev":"node-01","seq":225,"t0":23734,"fs":100,"samples":[[0.0018,0.0018,0.9999,1.02,-1.1,0.14,-0.11,0.1],[-0.0004,0.0025,0.9971,1.71,-0.57,0.93,0.02,0.14],[0.0004,-0.0033,0.9969,1.9,-0.65,0.21,-0.02,-0.19],[-0.0008,-0.0019,0.9919,0.08,-1.05,0.25,0.04,-0.11],[0.0052,0.0002,1.0003,1.33,-0.26,0.82,-0.3,0.01],[0.0048,0.0039,0.9976,1.38,-0.79,0.37,-0.28,0.23],[-0.0047,-0.0041,0.9951,1.03,-0.93,0.91,0.27,-0.24],[0.0018,-0.001,1.0044,1.44,-1.29,0.73,-0.1,-0.06],[0.0031,-0.0012,0.9948,0.37,-0.34,0.89,-0.18,-0.07],[-0.0015,0.0017,0.9968,1.69,-0.78,-0.02,0.08,0.1]]}
22.611	{"type":"ecg","dev":"node-01","seq":226,"t0":23834,"fs":250,"leads_off":false,"bpm":89.1,"samples":[1853,1883,1940,1966,1969,1962,1970,1968,1963,1960,1959,1965,1955,1962,1968,1951,1961,1966,1967,1974,1970,1978,1971,1977,1987]}
22.613	{"type":"imu","dev":"node-01","seq":226,"t0":23834,"fs":100,"samples":[[0.0025,-0.0003,1.0004,1.2,0.04,-0.64,-0.15,-0.02],[0.0014,-0.0021,0.9857,1.87,-0.11,0.55,-0.08,-0.12],[0.0031,-0.003,0.9978,1.52,-0.96,0.48,-0.18,-0.17],[-0.0005,-0.0059,1.0021,1.69,-0.28,0.4,0.03,-0.34],[-0.0009,0.0008,1.0056,1.51,-1.48,0.3,0.05,0.05],[-0.001,-0.0032,0.9949,1.27,-1.14,-0.08,0.06,-0.18],[0.0022,-0.0048,1.0049,1.17,-0.61,0.53,-0.13,-0.27],[-0.0016,-0.0009,1.0057,1.57,-1.45,0.42,0.09,-0.05],[0.0019,-0.0026,0.9994,1.03,-0.45,1.0,-0.11,-0.15],[-0.0021,-0.0033,0.9978,1.59,-0.62,0.75,0.12,-0.19]]}
22.710	{"type":"ecg","dev":"node-01","seq":227,"t0":23934,"fs":250,"leads_off":false,"bpm":88.9,"samples":[1993,1996,2012,2029,2041,2046,2073,2093,2116,2123,2129,2151,2161,2166,2171,2171,2164,2172,2135,2139,2113,2095,2075,2062,2053]}
22.712	{"type":"imu","dev":"node-01","seq":227,"t0":23934,"fs":100,"samples":[[0.0022,-0.0015,0.9995,1.08,-0.18,-0.07,-0.12,-0.09],[-0.0021,-0.0003,0.9975,0.79,-0.83,0.48,0.12,-0.02],[-0.0058,-0.006,0.998,0.48,-0.47,1.01,0.33,-0.35],[0.0017,-0.0031,0.9956,0.57,-1.15,-0.04,-0.1,-0.18],[0.001,0.0071,1.001,1.47,-1.42,0.59,-0.05,0.41],[0.0001,0.003,1.0079,0.65,-1.02,-0.32,-0.01,0.17],[-0.0036,-0.0033,1.0011,0.43,-0.88,1.27,0.21,-0.19],[0.0058,-0.0039,1.004,1.66,-0.44,0.9,-0.33,-0.22],[-0.0058,-0.0043,0.9972,1.98,-0.26,0.11,0.33,-0.25],[0.0018,-0.0056,0.996,0.82,-0.91,0.73,-0.11,-0.32]]}
22.812	{"type":"ecg","dev":"node-01","seq":228,"t0":24034,"fs":250,"leads_off":false,"bpm":88.2,"samples":[2026,2017,2004,1998,1980,1986,1967,1971,1969,1963,1967,1967,1965,1965,1960,1960,1954,1973,1959,1958,1973,1953,1965,1983,1957]}
22.814	{"type":"imu","dev":"node-01","seq":228,"t0":24034,"fs":100,"samples":[[0.0054,-0.0016,1.0001,1.04,-1.25,1.25,-0.31,-0.09],[0.0068,0.0006,0.9966,1.41,-0.63,-0.18,-0.39,0.04],[0.0049,-0.0022,1.0108,1.23,-0.79,0.97,-0.28,-0.12],[0.0009,-0.001,0.9944,1.23,-0.37,-0.7,-0.05,-0.06],[0.0015,-0.0106,1.0045,1.21,-0.56,0.75,-0.09,-0.6],[0.0051,-0.0019,1.0047,1.8,-0.66,1.6,-0.29,-0.11],[0.0019,-0.0053,1.0051,1.09,-0.56,0.58,-0.11,-0.3],[0.005,0.0,1.0042,1.06,-1.17,0.12,-0.29,0.0],[0.0027,0.0003,0.998,1.14,-1.35,0.07,-0.15,0.02],[-0.002,-0.0019,1.0028,1.09,-0.85,0.48,0.11,-0.11]]}
22.914	{"type":"ecg","dev":"node-01","seq":229,"t0":24134,"fs":250,"leads_off":false,"bpm":87.4,"samples":[1954,1956,1958,1953,1956,1954,1966,1954,1953,1963,1970,1955,1973,1952,1963,1964,1965,1957,1952,1951,1972,1969,1958,1956,1964]}
22.916	{"type":"imu","dev":"node-01","seq":229,"t0":24134,"fs":100,"samples":[[0.0023,-0.0001,0.9958,-0.02,-0.75,2.5,-0.13,-0.01],[0.0005,-0.0033,0.9957,1.14,-0.89,0.3,-0.03,-0.19],[-0.0049,-0.0107,0.9988,1.25,-0.75,-0.3,0.28,-0.61],[-0.0057,-0.0039,1.0072,0.9,-0.58,-0.15,0.33,-0.22],[0.0014,-0.0039,0.9919,0.51,-0.65,1.04,-0.08,-0.23],[-0.0011,-0.0065,1.0033,1.18,-0.42,0.96,0.07,-0.37],[0.0023,0.0011,1.0048,0.82,-1.28,1.22,-0.13,0.06],[-0.002,-0.0042,1.0012,1.01,-1.06,0.22,0.12,-0.24],[-0.0058,-0.0092,0.9958,0.53,-1.0,0.24,0.34,-0.53],[-0.0042,-0.0005,1.0041,1.37,-0.93,0.66,0.24,-0.03]]}
23.011	{"type":"ecg","dev":"node-01","seq":230,"t0":24234,"fs":250,"leads_off":false,"bpm":86.9,"samples":[1961,1965,1955,1963,1965,1954,1954,1960,1955,1955,1966,1956,1958,1956,1963,1969,1970,1960,1953,1951,1967,1970,1966,1954,1957]}
23.013	{"type":"imu","dev":"node-01","seq":230,"t0":24234,"fs":100,"samples":[[-0.0007,-0.0,0.9992,1.33,-0.45,0.41,0.04,-0.0],[0.0066,-0.0107,1.0009,1.73,-0.94,0.31,-0.38,-0.61],[0.0035,-0.0048,0.9988,-0.2,-1.08,0.27,-0.2,-0.28],[0.0042,-0.0048,0.9965,1.53,0.2,0.24,-0.24,-0.28],[0.0017,-0.0141,0.9996,2.03,-0.47,0.35,-0.1,-0.81],[-0.0029,-0.0043,1.0005,0.87,-1.01,0.15,0.17,-0.25],[0.0021,-0.0008,0.994,1.47,-1.64,0.57,-0.12,-0.05],[-0.001,-0.0069,0.9904,1.66,-0.98,0.09,0.06,-0.4],[0.0013,-0.0067,1.0014,1.88,-0.51,-0.17,-0.07,-0.38],[-0.0019,-0.0041,1.0001,1.28,-1.34,1.16,0.11,-0.24]]}
23.114	{"type":"ecg","dev":"node-01","seq":231,"t0":24334,"fs":250,"leads_off":false,"bpm":88.4,"samples":[1954,1963,1967,1953,1957,1955,1954,1952,1970,1970,1960,1962,1978,1962,1982,1990,2001,1999,2015,2031,2038,2043,2055,2046,2046]}
23.116	{"type":"imu","dev":"node-01","seq":231,"t0":24334,"fs":100,"samples":[[0.0033,-0.0031,1.0003,1.1,-1.23,-0.08,-0.19,-0.18],[-0.0013,-0.0036,0.9963,1.03,-0.69,-0.69,0.07,-0.21],[0.0012,-0.0099,1.0061,2.36,-1.24,0.44,-0.07,-0.56],[-0.005,-0.0046,0.9933,1.63,-0.78,0.08,0.29,-0.26],[0.0055,-0.0109,0.9966,1.21,-0.5,0.49,-0.32,-0.62],[0.0011,-0.0034,1.0011,2.01,-0.85,0.7,-0.07,-0.2],[0.0028,-0.0017,0.9938,1.87,-0.63,1.12,-0.16,-0.1],[0.0028,-0.008,1.0073,0.34,-0.41,0.62,-0.16,-0.46],[0.0005,-0.0019,1.0013,1.99,-0.18,0.49,-0.03,-0.11],[-0.0009,-0.0058,0.9987,1.19,-1.4,0.36,0.05,-0.33]]}
23.213	{"type":"ecg","dev":"node-01","seq":232,"t0":24434,"fs":250,"leads_off":false,"bpm":89.3,"samples":[2029,2024,1988,1990,1990,1976,1977,1975,1959,1958,1965,1961,1956,1935,1945,2125,2436,2660,2517,2140,1897,1866,1910,1940,1964]}
23.215	{"type":"imu","dev":"node-01","seq":232,"t0":24434,"fs":100,"samples":[[0.0013,-0.0064,1.0025,1.71,-0.7,1.3,-0.07,-0.36],[-0.0039,-0.0015,1.005,1.2,-0.99,0.92,0.22,-0.09],[-0.0088,-0.0079,0.9988,2.12,-1.13,-0.03,0.51,-0.46],[-0.0067,-0.0019,1.001,1.41,-1.13,-0.39,0.38,-0.11],[0.0029,-0.0073,0.995,1.09,-1.14,1.08,-0.17,-0.42],[-0.0006,-0.0007,0.9955,1.63,-0.72,0.45,0.03,-0.04],[0.0053,-0.0064,1.0023,1.53,-0.9,0.31,-0.3,-0.36],[-0.0053,0.0047,1.0046,2.17,-0.95,0.25,0.3,0.27],[-0.0001,-0.0104,1.0016,0.96,-1.45,0.3,0.01,-0.59],[0.0014,-0.0006,0.9997,1.04,-1.26,0.04,-0.08,-0.03]]}
23.312	{"type":"ecg","dev":"node-01","seq":233,"t0":24534,"fs":250,"leads_off":false,"bpm":89.2,"samples":[1965,1968,1968,1977,1947,1968,1969,1957,1971,1964,1958,1966,1966,1970,1978,1974,1968,1970,1978,1980,1997,2008,2010,2020,2038]}
23.314	{"type":"imu","dev":"node-01","seq":233,"t0":24534,"fs":100,"samples":[[-0.0057,-0.0042,0.9985,1.57,-1.13,0.41,0.33,-0.24],[0.0039,-0.0016,1.0015,1.3,-1.17,0.4,-0.22,-0.09],[-0.0009,-0.0056,1.0059,1.53,-0.95,0.57,0.05,-0.32],[-0.0039,-0.0066,1.0,1.99,-0.92,0.94,0.22,-0.38],[0.0035,0.004,0.9971,0.51,-0.6,-0.28,-0.2,0.23],[-0.0019,-0.0056,1.0029,0.74,-0.44,1.26,0.11,-0.32],[-0.0082,0.001,0.998,1.15,-0.69,0.83,0.47,0.06],[-0.001,-0.0019,0.9996,0.85,-0.55,0.23,0.06,-0.11],[0.0003,-0.0001,0.9998,1.5,-0.44,0.58,-0.01,-0.01],[-0.0105,-0.0057,0.999,1.81,-0.23,1.31,0.6,-0.33]]}
23.411	{"type":"ecg","dev":"node-01","seq":234,"t0":24634,"fs":250,"leads_off":false,"bpm":88.1,"samples":[2055,2070,2089,2094,2124,2138,2163,2161,2175,2180,2187,2172,2165,2166,2140,2134,2105,2094,2087,2060,2044,2045,2021,2020,1996]}
23.413	{"type":"imu","dev":"node-01","seq":234,"t0":24634,"fs":100,"samples":[[0.0006,-0.0011,1.0032,1.59,-1.13,-0.31,-0.03,-0.06],[-0.0041,-0.006,0.9972,1.69,-0.77,1.31,0.23,-0.35],[-0.0081,0.0034,0.9972,0.66,-0.79,0.51,0.47,0.19],[0.0,-0.003,0.9958,1.25,-0.87,-0.24,-0.0,-0.17],[0.0063,-0.0045,1.0036,0.88,-1.27,0.91,-0.36,-0.26],[0.0043,-0.0137,0.996,0.63,-0.98,0.34,-0.25,-0.79],[-0.0088,-0.001,1.0002,0.52,-1.13,-0.18,0.5,-0.06],[0.0054,-0.0085,0.9979,1.83,-0.9,0.39,-0.31,-0.49],[0.0062,-0.0095,1.0038,0.94,-0.11,0.38,-0.35,-0.55],[-0.0061,0.0052,1.0038,0.75,-0.6,0.91,0.35,0.3]]}
23.513	{"type":"ecg","dev":"node-01","seq":235,"t0":24734,"fs":250,"leads_off":false,"bpm":88.9,"samples":[1994,1991,1980,1986,1970,1987,1971,1981,1982,1977,1966,1981,1961,1980,1980,1968,1974,1974,1973,1975,1971,1971,1974,1979,1989]}
23.515	{"type":"imu","dev":"node-01","seq":235,"t0":24734,"fs":100,"samples":[[0.0005,-0.0024,1.004,0.5,-1.26,1.02,-0.03,-0.13],[0.0066,-0.0051,1.0048,1.58,-0.44,1.05,-0.38,-0.29],[-0.0039,-0.0024,0.9988,1.21,-1.1,0.96,0.23,-0.14],[-0.0022,-0.0019,0.9961,0.74,-0.45,0.42,0.13,-0.11],[0.0024,0.0002,1.0047,0.96,-0.05,-0.18,-0.13,0.01],[0.0002,-0.0007,0.9994,1.35,-1.23,-0.07,-0.01,-0.04],[0.0029,0.0022,1.001,0.82,-1.62,0.04,-0.16,0.12],[0.0006,-0.0004,0.9936,1.37,-0.67,1.24,-0.04,-0.02],[-0.004,-0.0018,1.0034,1.38,-0.68,0.75,0.23,-0.1],[0.0004,0.0015,1.0013,1.55,-0.64,0.98,-0.02,0.08]]}
23.614	{"type":"ecg","dev":"node-01","seq":236,"t0":24834,"fs":250,"leads_off":false,"bpm":88.4,"samples":[1979,1977,1973,1978,1977,1978,1984,1981,1979,1977,1981,1977,1988,1983,1975,1988,1982,1977,1980,1980,1981,1979,1984,1985,1988]}
23.616	{"type":"imu","dev":"node-01","seq":236,"t0":24834,"fs":100,"samples":[[0.0001,-0.0022,0.9949,0.96,-0.26,1.25,-0.01,-0.13],[0.0001,-0.0038,0.999,0.67,-0.78,1.25,-0.0,-0.22],[-0.0026,0.0007,0.9979,0.89,-0.63,0.48,0.15,0.04],[-0.0,-0.0052,0.9962,0.58,-0.13,0.43,0.0,-0.3],[-0.0031,0.0026,0.9963,0.88,-0.51,0.92,0.18,0.15],[-0.0004,-0.0013,0.9981,1.03,-1.29,0.2,0.02,-0.08],[-0.001,0.0014,1.0001,0.4,-0.94,-0.35,0.06,0.08],[-0.0074,-0.0032,1.0042,1.59,-1.66,0.61,0.42,-0.18],[-0.0057,0.0006,0.9996,1.6,-0.61,0.68,0.33,0.03],[-0.0014,-0.0044,0.9933,0.71,-0.46,0.4,0.08,-0.26]]}
23.714	{"type":"ecg","dev":"node-01","seq":237,"t0":24934,"fs":250,"leads_off":false,"bpm":88.4,"samples":[1982,1988,1980,1979,1988,1977,1976,1973,1991,1987,1990,1984,1981,1987,1986,1982,1992,1998,1986,1985,1987,1988,1985,1989,1983]}
23.716	{"type":"imu","dev":"node-01","seq":237,"t0":24934,"fs":100,"samples":[[0.0009,0.0035,1.0097,0.93,-0.34,0.64,-0.05,0.2],[0.0039,-0.0021,0.9961,1.77,-0.83,0.33,-0.23,-0.12],[0.0016,-0.0042,0.9969,1.04,-0.66,1.07,-0.09,-0.24],[0.0015,0.0005,0.9943,1.12,-0.88,0.11,-0.09,0.03],[-0.0045,-0.0033,1.0031,2.03,-1.25,0.97,0.26,-0.19],[-0.0006,0.0008,0.9993,1.6,-1.56,0.96,0.04,0.05],[0.0032,0.0059,1.0052,0.97,-1.16,0.9,-0.18,0.33],[-0.0035,-0.0059,0.9993,0.79,-0.81,0.32,0.2,-0.34],[-0.0045,-0.0054,1.0002,2.29,-0.32,0.15,0.26,-0.31],[-0.0051,0.0027,1.0054,1.27,-0.42,0.75,0.29,0.15]]}
23.812	{"type":"ecg","dev":"node-01","seq":238,"t0":25034,"fs":250,"leads_off":false,"bpm":87.3,"samples":[1991,1983,1991,1985,1988,1994,1986,1984,1995,2005,2009,2017,2031,2047,2039,2072,2083,2087,2083,2074,2061,2052,2040,2031,2022]}
23.814	{"type":"imu","dev":"node-01","seq":238,"t0":25034,"fs":100,"samples":[[-0.0003,0.0024,1.001,1.8,-0.76,0.62,0.02,0.14],[0.0023,-0.0005,1.0004,1.92,-0.79,0.24,-0.13,-0.03],[-0.0024,-0.0053,1.0032,1.07,-0.24,0.16,0.14,-0.3],[0.0015,0.0008,1.0035,0.56,-1.44,0.38,-0.09,0.05],[0.0072,0.0004,0.9967,0.88,-0.83,-0.51,-0.41,0.02],[0.0015,0.0018,0.9988,1.64,-0.2,0.79,-0.09,0.11],[-0.0022,-0.004,0.9955,1.22,-0.03,0.26,0.13,-0.23],[-0.0016,-0.0043,1.0026,2.24,0.19,0.55,0.09,-0.25],[-0.0025,0.0051,1.0007,2.48,-1.07,0.6,0.14,0.29],[0.0038,-0.0039,1.0001,-0.15,-1.22,0.48,-0.22,-0.23]]}
23.914	{"type":"ecg","dev":"node-01","seq":239,"t0":25134,"fs":250,"leads_off":false,"bpm":88.0,"samples":[2006,2009,1994,2006,1990,1987,1991,1991,1985,1975,2042,2313,2618,2666,2353,2009,1891,1928,1966,1985,1983,2001,1996,2004,1990]}
23.916	{"type":"imu","dev":"node-01","seq":239,"t0":25134,"fs":100,"samples":[[0.0006,0.0017,0.9993,1.51,-0.45,0.11,-0.04,0.1],[-0.0015,0.0017,1.0099,1.68,-0.9,0.15,0.09,0.09],[0.0027,0.0024,1.0002,1.12,-0.39,1.07,-0.16,0.14],[0.0061,0.0034,0.9991,1.22,-1.63,0.59,-0.35,0.2],[-0.0056,-0.0029,1.0032,1.33,-0.31,0.37,0.32,-0.17],[0.0005,-0.0018,1.0024,1.46,-0.96,0.28,-0.03,-0.1],[0.002,-0.0024,1.0016,1.16,-0.62,0.46,-0.11,-0.14],[0.0025,-0.0012,1.0028,0.58,-1.46,0.17,-0.14,-0.07],[-0.0012,-0.0108,1.0025,1.56,-1.13,0.27,0.07,-0.62],[-0.0005,-0.0008,1.003,0.93,-1.45,0.12,0.03,-0.05]]}
24.013	{"type":"ecg","dev":"node-01","seq":240,"t0":25234,"fs":250,"leads_off":false,"bpm":89.3,"samples":[1988,1989,2003,2001,1997,1996,2013,2008,1998,2000,1998,2002,1997,2016,2013,2023,2031,2048,2052,2056,2095,2101,2114,2135,2155]}
24.015	{"type":"imu","dev":"node-01","seq":240,"t0":25234,"fs":100,"samples":[[-0.0035,0.0006,1.0039,0.75,-1.26,0.22,0.2,0.04],[-0.0071,-0.003,0.9995,1.18,-0.83,0.2,0.41,-0.17],[-0.0048,0.0004,0.9934,1.5,-0.93,0.67,0.27,0.02],[0.0023,-0.0014,1.0037,0.9,-0.6,1.01,-0.13,-0.08],[0.0071,-0.0021,1.0001,0.9,-1.22,-0.23,-0.41,-0.12],[0.0103,0.0019,0.9996,1.1,-0.42,0.5,-0.59,0.11],[0.0086,0.0028,1.0033,1.09,-1.24,1.27,-0.49,0.16],[-0.005,0.0027,0.9987,0.69,-0.91,-0.45,0.28,0.16],[-0.0037,0.0038,0.9984,0.47,-1.83,0.33,0.21,0.22],[0.0032,-0.007,1.0094,1.27,-1.35,-0.37,-0.18,-0.4]]}
24.113	{"type":"ecg","dev":"node-01","seq":241,"t0":25334,"fs":250,"leads_off":false,"bpm":87.6,"samples":[2155,2182,2202,2202,2208,2230,2224,2202,2215,2186,2174,2164,2152,2130,2123,2098,2080,2065,2047,2038,2033,2027,2028,2020,2028]}
24.115	{"type":"imu","dev":"node-01","seq":241,"t0":25334,"fs":100,"samples":[[-0.003,-0.0022,0.9962,0.57,-0.6,0.31,0.17,-0.13],[0.0061,-0.0052,0.9962,1.12,-1.21,-0.27,-0.35,-0.3],[-0.0044,-0.0008,0.9973,1.44,-0.59,0.43,0.25,-0.04],[0.0014,-0.003,0.9984,1.11,-0.49,0.67,-0.08,-0.17],[0.0006,-0.001,1.0031,1.3,-0.93,1.09,-0.03,-0.06],[-0.0005,0.0042,0.9971,0.56,-1.48,1.02,0.03,0.24],[-0.0007,-0.0015,1.0011,1.08,0.38,0.44,0.04,-0.09],[-0.0041,0.005,1.0009,0.9,-0.26,0.3,0.23,0.29],[-0.0001,0.0029,1.0017,1.38,-0.68,0.7,0.0,0.17],[-0.0023,0.0011,0.9972,0.9,-0.82,0.22,0.13,0.06]]}
24.212	{"type":"ecg","dev":"node-01","seq":242,"t0":25434,"fs":250,"leads_off":false,"bpm":87.1,"samples":[2015,2022,2012,2013,2007,2029,2017,2017,2006,2012,2011,2022,2012,2013,2025,2004,2014,2012,2021,2021,2013,2014,2022,2015,2020]}
24.214	{"type":"imu","dev":"node-01","seq":242,"t0":25434,"fs":100,"samples":[[-0.0005,0.0027,0.9971,1.22,-1.14,0.44,0.03,0.15],[0.0033,0.0008,0.9963,1.58,-0.25,0.54,-0.19,0.05],[-0.001,0.0002,1.003,1.26,-0.6,0.3,0.06,0.01],[-0.0003,0.0004,1.0009,1.16,-1.08,0.84,0.02,0.02],[0.005,-0.0012,1.0097,1.67,-0.2,0.08,-0.28,-0.07],[0.0001,-0.0024,1.0024,0.21,-1.01,0.05,-0.01,-0.14],[-0.0044,-0.0038,1.0008,0.71,-0.62,0.2,0.25,-0.22],[0.0023,-0.0027,0.9968,0.88,-0.81,0.12,-0.13,-0.15],[0.0031,0.0044,1.0013,0.67,-0.42,0.7,-0.18,0.25],[0.0026,0.0001,0.9966,0.45,-1.39,1.0,-0.15,0.01]]}
24.312	{"type":"ecg","dev":"node-01","seq":243,"t0":25534,"fs":250,"leads_off":false,"bpm":86.8,"samples":[2013,2031,2017,2019,2025,2018,2021,2015,2024,2021,2022,2020,2016,2007,2024,2030,2026,2025,2030,2025,2011,2022,2017,2013,2024]}
24.314	{"type":"imu","dev":"node-01","seq":243,"t0":25534,"fs":100,"samples":[[0.0022,0.0034,0.9981,0.1,-0.98,0.57,-0.13,0.2],[-0.0047,-0.0013,0.9997,1.51,-1.24,0.39,0.27,-0.07],[-0.0018,0.0004,1.0047,0.96,-1.21,0.24,0.1,0.02],[-0.005,0.0028,1.0067,0.75,0.22,1.39,0.28,0.16],[0.0026,0.0034,1.0002,0.74,-0.28,0.69,-0.15,0.2],[-0.0017,-0.0046,0.9929,1.28,-0.77,0.42,0.1,-0.27],[0.0011,-0.0018,0.9978,1.68,0.08,0.38,-0.07,-0.1],[-0.0046,0.0116,0.9976,1.41,-1.12,0.5,0.27,0.67],[-0.0022,0.0036,1.0003,0.05,-1.43,-0.1,0.13,0.2],[-0.0053,0.0051,0.9966,1.49,-0.97,-0.12,0.3,0.3]]}
24.410	{"type":"ecg","dev":"node-01","seq":244,"t0":25634,"fs":250,"leads_off":false,"bpm":88.8,"samples":[2022,2026,2019,2018,2022,2024,2028,2031,2018,2023,2028,2024,2029,2017,2027,2028,2028,2020,2035,2019,2045,2032,2031,2021,2035]}
24.412	{"type":"imu","dev":"node-01","seq":244,"t0":25634,"fs":100,"samples":[[0.0043,0.0015,0.9993,0.94,-0.75,0.91,-0.25,0.09],[0.0018,0.0074,1.0038,1.13,-1.41,0.57,-0.1,0.42],[0.0009,-0.0025,0.9992,1.8,-0.67,0.19,-0.05,-0.14],[-0.0024,0.0111,1.0031,2.02,-0.18,0.69,0.14,0.63],[-0.0001,-0.0015,0.9976,2.01,-1.41,0.25,0.01,-0.09],[0.0048,0.0053,1.003,0.93,-0.82,-0.37,-0.27,0.3],[0.0027,0.0001,0.9989,1.56,0.58,1.27,-0.15,0.01],[-0.0041,0.0141,1.0018,1.71,-0.38,1.2,0.24,0.81],[-0.0005,0.0022,0.9971,1.81,-0.8,1.05,0.03,0.13],[0.0008,0.001,1.0016,1.5,-0.43,-0.2,-0.04,0.06]]}
24.513	{"type":"ecg","dev":"node-01","seq":245,"t0":25734,"fs":250,"leads_off":false,"bpm":88.4,"samples":[2031,2024,2031,2027,2044,2058,2049,2061,2084,2101,2095,2112,2125,2130,2112,2118,2084,2085,2064,2052,2048,2043,2039,2039,2026]}
24.515	{"type":"imu","dev":"node-01","seq":245,"t0":25734,"fs":100,"samples":[[-0.0052,0.0008,1.0055,1.78,-0.52,-0.05,0.29,0.05],[-0.0014,-0.0012,0.997,1.34,-0.17,1.0,0.08,-0.07],[0.0046,-0.0002,0.9987,1.33,0.17,0.46,-0.27,-0.01],[-0.0028,0.0069,0.9983,1.64,-0.33,0.58,0.16,0.4],[-0.0009,0.008,0.9978,1.37,-0.83,1.06,0.05,0.46],[0.0049,0.0042,0.9963,1.74,-0.36,0.92,-0.28,0.24],[-0.0014,0.0055,1.0023,1.06,-1.01,0.44,0.08,0.31],[0.0007,0.0026,0.9996,1.25,-0.99,0.96,-0.04,0.15],[0.0005,0.0097,1.0,1.39,-1.33,0.86,-0.03,0.56],[0.0025,0.0091,0.9958,1.36,-1.37,0.67,-0.14,0.52]]}
24.611	{"type":"ecg","dev":"node-01","seq":246,"t0":25834,"fs":250,"leads_off":false,"bpm":88.9,"samples":[2036,2032,2035,2017,2004,2035,2216,2550,2742,2547,2189,1954,1923,1983,2022,2039,2035,2035,2037,2024,2021,2024,2035,2024,2040]}
24.613	{"type":"imu","dev":"node-01","seq":246,"t0":25834,"fs":100,"samples":[[-0.0037,0.0046,1.0045,1.17,-1.85,0.17,0.21,0.26],[-0.0014,0.006,1.0024,0.76,-1.15,0.57,0.08,0.34],[0.0038,0.0129,1.0014,1.37,-1.07,0.07,-0.22,0.74],[-0.0043,0.004,0.9982,2.16,0.29,0.76,0.25,0.23],[-0.0014,-0.0003,1.0008,1.6,-0.08,0.61,0.08,-0.02],[-0.0064,0.0004,1.0004,0.45,-1.95,0.44,0.36,0.02],[0.001,0.0045,0.993,0.88,0.08,0.9,-0.06,0.26],[-0.0049,0.0068,1.0033,0.99,-0.63,0.56,0.28,0.39],[-0.0033,0.0049,0.9913,0.45,-0.85,-0.34,0.19,0.28],[-0.0006,0.0046,0.9954,1.59,-0.43,1.41,0.04,0.27]]}
24.712	{"type":"ecg","dev":"node-01","seq":247,"t0":25934,"fs":250,"leads_off":false,"bpm":87.9,"samples":[2044,2043,2030,2036,2034,2044,2046,2045,2046,2050,2051,2061,2069,2072,2103,2112,2132,2138,2154,2176,2182,2212,2222,2226,2229]}
24.714	{"type":"imu","dev":"node-01","seq":247,"t0":25934,"fs":100,"samples":[[-0.0047,0.0123,0.9961,0.42,-0.9,0.42,0.27,0.71],[-0.002,0.0057,0.9948,1.15,-0.64,0.55,0.11,0.33],[0.0029,0.0045,0.9971,1.51,-1.35,0.32,-0.17,0.26],[0.0025,-0.0033,0.9971,1.23,-0.41,-0.04,-0.14,-0.19],[-0.0079,-0.0005,0.9994,0.81,-0.88,-0.94,0.45,-0.03],[-0.0018,0.0032,1.0015,0.69,0.06,1.11,0.1,0.18],[-0.0038,0.0056,0.9978,1.73,-1.49,0.17,0.22,0.32],[0.0031,0.0034,1.0032,0.25,-1.28,1.0,-0.18,0.2],[-0.0004,0.0112,1.0036,1.76,-0.24,0.4,0.02,0.64],[0.0042,0.0011,1.0031,1.55,-1.15,1.3,-0.24,0.06]]}
24.810	{"type":"ecg","dev":"node-01","seq":248,"t0":26034,"fs":250,"leads_off":false,"bpm":88.6,"samples":[2248,2244,2241,2246,2230,2215,2196,2184,2165,2142,2123,2099,2110,2084,2075,2074,2073,2056,2054,2049,2034,2044,2036,2032,2040]}
24.812	{"type":"imu","dev":"node-01","seq":248,"t0":26034,"fs":100,"samples":[[-0.0005,0.0037,1.0039,1.29,-1.57,0.62,0.03,0.21],[-0.0012,0.0024,0.9893,1.73,-0.11,0.54,0.07,0.14],[-0.0005,-0.0031,0.999,1.04,-0.54,-0.03,0.03,-0.18],[0.003,0.0033,0.9991,1.61,-0.71,-0.3,-0.17,0.19],[0.0052,0.0017,0.997,1.19,-1.27,0.66,-0.3,0.1],[-0.0053,0.0017,1.0017,1.54,-1.09,1.34,0.3,0.09],[-0.004,0.0047,1.0025,1.64,-1.22,0.17,0.23,0.27],[0.0073,0.0001,1.0002,0.87,-0.32,0.53,-0.42,0.01],[0.0057,0.0005,1.0009,0.78,-1.27,0.33,-0.33,0.03],[-0.0039,0.0066,0.9972,1.23,-0.57,0.31,0.22,0.38]]}
24.913	{"type":"ecg","dev":"node-01","seq":249,"t0":26134,"fs":250,"leads_off":false,"bpm":88.2,"samples":[2042,2043,2042,2038,2041,2047,2033,2039,2039,2035,2043,2041,2031,2049,2038,2037,2044,2037,2044,2042,2034,2031,2038,2051,2042]}
24.915	{"type":"imu","dev":"node-01","seq":249,"t0":26134,"fs":100,"samples":[[0.0043,0.0067,1.0062,1.01,-0.92,0.85,-0.24,0.38],[-0.0002,0.006,0.9905,1.2,-1.54,1.38,0.01,0.35],[-0.0048,0.0051,1.0031,0.9,-0.75,1.04,0.27,0.29],[-0.0047,0.0037,0.9976,2.02,-1.09,0.54,0.27,0.21],[-0.0041,0.0062,1.0167,0.84,-1.46,0.32,0.23,0.35],[-0.0089,0.0128,1.0,1.28,0.05,0.97,0.51,0.73],[0.0105,-0.0022,1.0049,2.32,-0.89,0.22,-0.6,-0.12],[-0.003,0.0097,0.9985,1.74,-1.23,1.28,0.17,0.56],[0.0015,0.0049,1.0032,0.76,-1.15,0.72,-0.09,0.28],[-0.0027,0.0053,0.996,1.59,-0.62,0.31,0.16,0.3]]}
25.000	{"type":"status","dev":"node-01","fw":"0.1.0","uptime_ms":26234,"ecg":{"fs":250},"imu":{"ok":true,"fs":100,"errors":0,"fields":["ax","ay","az","gx","gy","gz","pitch","roll"]}}
25.013	{"type":"ecg","dev":"node-01","seq":250,"t0":26234,"fs":250,"leads_off":false,"bpm":88.0,"samples":[2042,2047,2045,2043,2036,2034,2042,2038,2035,2037,2041,2040,2034,2038,2048,2030,2042,2034,2049,2042,2038,2041,2044,2045,2030]}
25.015	{"type":"imu","dev":"node-01","seq":250,"t0":26234,"fs":100,"samples":[[0.0001,0.0043,0.9947,0.77,-0.84,-0.13,-0.0,0.25],[-0.0014,0.0013,0.9966,2.0,-0.86,0.58,0.08,0.08],[-0.0052,-0.0006,1.0007,1.07,-0.48,1.17,0.3,-0.03],[0.0052,0.0047,0.9934,0.7,-0.66,-0.35,-0.3,0.27],[-0.0038,0.0056,1.0,1.92,-2.05,-0.73,0.22,0.32],[-0.0021,0.0057,1.0058,1.44,-1.67,0.52,0.12,0.33],[0.0032,-0.0015,1.0023,0.61,-0.28,0.36,-0.18,-0.09],[0.0009,-0.0006,0.9981,0.26,0.16,0.87,-0.05,-0.03],[-0.0058,-0.0037,0.9994,0.62,-0.79,0.94,0.33,-0.21],[-0.001,0.0126,0.9994,0.6,-1.17,0.36,0.06,0.72]]}
25.111	{"type":"ecg","dev":"node-01","seq":251,"t0":26334,"fs":250,"leads_off":false,"bpm":87.7,"samples":[2044,2035,2039,2037,2046,2042,2038,2031,2041,2029,2049,2044,2038,2037,2037,2029,2042,2040,2039,2043,2043,2045,2039,2050,2060]}
25.113	{"type":"imu","dev":"node-01","seq":251,"t0":26334,"fs":100,"samples":[[0.0034,0.0081,0.9985,1.27,-0.75,0.6,-0.2,0.47],[-0.0022,-0.0042,1.0011,1.16,-0.81,0.56,0.12,-0.24],[0.0016,-0.0034,1.0053,1.06,-0.21,0.86,-0.09,-0.2],[0.0037,0.0036,0.9969,0.91,-1.32,-0.53,-0.21,0.21],[-0.0009,0.0083,0.9946,0.88,-0.61,0.4,0.05,0.48],[-0.0001,0.0041,1.0041,1.8,-0.9,0.91,0.0,0.23],[0.0042,-0.0028,1.0006,1.17,-0.65,0.59,-0.24,-0.16],[0.0072,0.0085,1.0034,1.68,-0.78,0.71,-0.41,0.49],[0.001,0.0053,1.0015,0.78,-0.97,0.35,-0.06,0.3],[0.0033,0.0036,0.9983,1.56,-0.69,0.58,-0.19,0.21]]}
25.211	{"type":"ecg","dev":"node-01","seq":252,"t0":26434,"fs":250,"leads_off":false,"bpm":86.6,"samples":[2063,2068,2068,2077,2093,2110,2109,2123,2125,2120,2120,2105,2093,2076,2083,2066,2059,2052,2044,2034,2038,2024,2048,2043,2018]}
25.213	{"type":"imu","dev":"node-01","seq":252,"t0":26434,"fs":100,"samples":[[-0.0051,0.0039,0.9991,1.47,-0.79,-0.33,0.29,0.22],[-0.007,0.0056,1.0009,1.38,-1.16,1.1,0.4,0.32],[0.0039,-0.0004,1.0044,1.73,-0.77,0.15,-0.22,-0.02],[0.0059,0.0068,0.9956,0.53,-1.2,0.49,-0.34,0.39],[0.006,-0.0048,1.0,0.87,0.07,0.45,-0.34,-0.28],[0.0053,0.0092,0.9931,0.92,-0.57,0.91,-0.31,0.53],[-0.0007,0.0039,1.0022,1.02,-0.33,0.64,0.04,0.23],[-0.0035,0.0022,1.0005,1.53,-1.22,0.71,0.2,0.12],[-0.0056,0.0081,0.9978,1.01,-0.8,0.47,0.32,0.46],[0.0,-0.0032,1.0059,1.2,-0.93,0.18,-0.0,-0.18]]}
25.311	{"type":"ecg","dev":"node-01","seq":253,"t0":26534,"fs":250,"leads_off":false,"bpm":88.6,"samples":[2007,2099,2399,2696,2666,2341,2017,1920,1956,2007,2030,2030,2035,2024,2043,2029,2035,2037,2031,2034,2035,2020,2033,2039,2032]}
25.313	{"type":"imu","dev":"node-01","seq":253,"t0":26534,"fs":100,"samples":[[0.0021,-0.0013,0.9996,0.72,-0.43,0.57,-0.12,-0.07],[0.0074,0.0062,0.9949,1.74,-1.11,0.85,-0.42,0.36],[0.0036,0.0086,0.9963,0.59,-0.35,0.04,-0.2,0.5],[-0.0035,0.0034,0.9956,0.67,-0.86,0.82,0.2,0.2],[-0.0087,-0.0003,0.9977,1.97,-0.63,-0.0,0.5,-0.02],[0.0003,0.0013,1.007,1.2,-0.54,0.22,-0.02,0.07],[0.008,0.0026,1.0031,0.59,-0.99,-0.02,-0.46,0.15],[-0.0024,0.0081,1.0001,0.47,-1.19,0.15,0.13,0.46],[0.0005,0.0078,1.0033,1.24,-0.94,0.92,-0.03,0.45],[-0.0003,-0.0047,1.0002,0.2,-1.18,1.13,0.01,-0.27]]}
25.412	{"type":"ecg","dev":"node-01","seq":254,"t0":26634,"fs":250,"leads_off":false,"bpm":87.4,"samples":[2033,2027,2030,2048,2045,2048,2049,2064,2070,2077,2097,2123,2118,2144,2157,2186,2190,2207,2224,2225,2242,2238,2241,2230,2229]}
25.414	{"type":"imu","dev":"node-01","seq":254,"t0":26634,"fs":100,"samples":[[0.0001,0.0075,0.9924,0.84,-1.61,1.0,-0.01,0.43],[0.0032,-0.0002,1.0009,1.26,-1.78,0.7,-0.18,-0.01],[-0.0008,0.0109,0.9958,0.85,-1.53,0.55,0.05,0.63],[-0.0008,0.0026,1.0013,1.12,-0.75,0.8,0.04,0.15],[-0.0004,0.0044,1.0086,0.85,-0.93,0.21,0.02,0.25],[-0.0001,0.0056,1.0026,1.15,-1.83,0.06,0.01,0.32],[-0.0019,0.0014,0.9975,1.66,-0.57,0.6,0.11,0.08],[-0.0046,-0.0004,1.0036,1.34,-0.42,0.37,0.26,-0.02],[0.0011,0.0042,1.0013,1.09,0.21,0.25,-0.07,0.24],[0.0079,0.0074,0.9949,0.59,-0.68,-0.12,-0.46,0.43]]}
25.512	{"type":"ecg","dev":"node-01","seq":255,"t0":26734,"fs":250,"leads_off":false,"bpm":89.2,"samples":[2214,2199,2168,2156,2135,2110,2104,2100,2085,2077,2072,2051,2040,2037,2035,2032,2029,2038,2009,2034,2023,2017,2025,2026,2016]}
25.514	{"type":"imu","dev":"node-01","seq":255,"t0":26734,"fs":100,"samples":[[0.0013,0.0062,1.0052,0.53,-1.23,1.22,-0.07,0.35],[-0.0026,0.0055,0.9958,1.0,-1.21,0.66,0.15,0.31],[-0.0001,-0.0012,1.0031,1.58,-1.42,0.13,0.01,-0.07],[-0.0074,-0.0033,1.0008,2.0,-1.48,1.28,0.42,-0.19],[-0.0035,0.0074,0.9983,1.93,-1.32,0.31,0.2,0.43],[0.0,0.0041,0.9951,0.85,-0.7,0.33,-0.0,0.24],[0.0044,0.0085,1.0008,1.63,-1.7,-0.08,-0.25,0.49],[-0.0009,-0.0009,0.9968,0.56,-1.66,0.14,0.05,-0.05],[0.0004,0.0038,1.0013,1.29,-0.35,0.77,-0.02,0.22],[0.0017,-0.0014,0.9959,1.12,-0.6,0.58,-0.1,-0.08]]}
25.614	{"type":"ecg","dev":"node-01","seq":256,"t0":26834,"fs":250,"leads_off":false,"bpm":87.8,"samples":[2025,2018,2020,2022,2022,2029,2020,2020,2033,2022,2033,2022,2015,2018,2032,2019,2015,2019,2014,2015,2009,2022,2018,2009,2012]}
25.616	{"type":"imu","dev":"node-01","seq":256,"t0":26834,"fs":100,"samples":[[-0.0058,0.0036,1.0041,0.92,-1.23,0.46,0.33,0.21],[-0.0025,0.0017,0.9987,1.12,-0.83,0.87,0.14,0.1],[0.0001,0.0003,1.0069,1.42,-0.41,1.33,-0.01,0.02],[-0.0045,0.0052,0.998,1.05,-0.85,0.09,0.26,0.3],[0.0014,0.0095,0.9929,0.62,-1.14,1.81,-0.08,0.55],[0.0108,0.008,1.0031,0.66,-1.72,0.61,-0.62,0.46],[-0.0008,0.0012,0.9985,1.49,-0.63,0.74,0.04,0.07],[-0.0021,0.0021,1.0098,0.82,-1.06,0.72,0.12,0.12],[0.0025,0.0062,1.0005,1.5,-0.4,1.18,-0.14,0.36],[-0.0007,0.001,1.0052,1.47,-0.91,0.28,0.04,0.06]]}
25.713	{"type":"ecg","dev":"node-01","seq":257,"t0":26934,"fs":250,"leads_off":false,"bpm":88.9,"samples":[2022,2017,2019,2015,2015,2027,2015,2022,2008,2010,2014,2019,2019,2021,2014,2011,2012,2013,2020,2014,2011,2025,2002,2015,2025]}
25.715	{"type":"imu","dev":"node-01","seq":257,"t0":26934,"fs":100,"samples":[[-0.0035,-0.0014,1.0025,1.18,-1.56,1.05,0.2,-0.08],[0.0023,0.0058,1.0072,1.42,-0.07,0.6,-0.13,0.33],[0.0028,-0.0002,0.9946,0.44,-0.96,0.31,-0.16,-0.01],[0.0027,0.0076,0.9999,1.14,-1.19,1.33,-0.16,0.44],[0.0056,0.0035,0.9999,1.69,-0.52,0.01,-0.32,0.2],[-0.0075,0.0016,1.0022,2.42,-0.79,-0.1,0.43,0.09],[-0.0032,-0.0034,1.0017,1.93,-1.65,0.98,0.18,-0.2],[-0.0019,-0.0026,0.9986,0.88,-1.28,0.46,0.11,-0.15],[-0.0018,-0.0026,0.9936,1.21,-1.3,0.19,0.11,-0.15],[0.0003,-0.0,0.9975,1.69,-0.56,0.09,-0.02,-0.0]]}
25.810	{"type":"ecg","dev":"node-01","seq":258,"t0":27034,"fs":250,"leads_off":false,"bpm":89.2,"samples":[2015,2011,2010,2018,2026,2003,2002,2019,2018,2011,2006,2008,2014,2013,2017,2009,2004,2004,2015,2010,2015,2022,2039,2045,2045]}
25.812	{"type":"imu","dev":"node-01","seq":258,"t0":27034,"fs":100,"samples":[[-0.0049,0.0003,0.9974,1.18,-0.47,0.21,0.28,0.01],[0.0039,0.0073,0.9991,1.6,-1.1,0.17,-0.23,0.42],[-0.006,-0.0047,1.0064,1.36,-1.58,0.73,0.34,-0.27],[0.004,-0.0044,1.0098,0.73,-1.37,-0.69,-0.23,-0.25],[0.0068,0.0045,1.0018,1.96,-0.31,0.14,-0.39,0.26],[0.0001,0.0013,1.0001,1.79,-1.2,1.19,-0.0,0.07],[-0.0049,-0.0014,0.9924,1.58,-1.11,0.9,0.29,-0.08],[-0.0044,-0.0032,0.9993,1.7,-1.27,0.47,0.25,-0.18],[-0.0008,-0.0035,0.9971,0.61,-1.27,0.26,0.05,-0.2],[0.0103,0.0061,1.0018,0.58,-1.01,0.44,-0.59,0.35]]}
25.911	{"type":"ecg","dev":"node-01","seq":259,"t0":27134,"fs":250,"leads_off":false,"bpm":86.5,"samples":[2073,2085,2088,2089,2099,2084,2080,2073,2050,2042,2025,2014,2008,2001,2008,1996,2009,2003,1997,1975,1967,2008,2208,2542,2693]}
25.913	{"type":"imu","dev":"node-01","seq":259,"t0":27134,"fs":100,"samples":[[0.0012,-0.0037,0.9943,1.62,-0.28,0.39,-0.07,-0.21],[0.0066,0.0022,1.0015,0.95,-0.77,0.55,-0.38,0.13],[0.0053,0.0068,1.0033,0.58,-0.08,0.1,-0.3,0.39],[-0.0042,-0.004,0.9987,1.22,-0.67,0.67,0.24,-0.23],[-0.0038,-0.0021,1.0009,1.43,-0.38,0.3,0.22,-0.12],[-0.0045,0.0053,0.9981,0.41,-1.04,0.94,0.26,0.3],[0.0082,0.0017,1.0051,0.02,-2.01,1.02,-0.46,0.1],[0.0006,0.0059,1.0014,1.62,-0.51,-0.05,-0.04,0.34],[0.0035,0.0005,0.9926,1.15,-1.39,0.79,-0.2,0.03],[-0.0001,0.0002,1.0055,0.66,-1.06,1.39,0.01,0.01]]}
26.013	{"type":"ecg","dev":"node-01","seq":260,"t0":27234,"fs":250,"leads_off":false,"bpm":89.0,"samples":[2480,2102,1905,1910,1957,1985,1986,1991,2004,2009,1994,2002,2002,2008,2000,2002,1992,2002,2005,1984,2000,2000,1999,1997,2011]}
26.015	{"type":"imu","dev":"node-01","seq":260,"t0":27234,"fs":100,"samples":[[0.001,0.0001,1.003,1.94,-0.67,0.34,-0.06,0.01],[0.0036,-0.0012,1.0,0.97,-1.09,0.51,-0.21,-0.07],[-0.0015,-0.0007,1.0081,1.64,-1.2,-0.16,0.08,-0.04],[0.0025,0.0025,1.0007,0.58,-0.41,1.32,-0.15,0.14],[0.0071,0.0002,0.9993,1.54,-0.33,0.1,-0.41,0.01],[-0.0044,0.0008,1.0014,1.74,-1.35,1.01,0.25,0.05],[0.0034,0.0008,1.006,1.07,-0.69,0.69,-0.19,0.04],[-0.0036,-0.0053,1.0001,0.44,-0.37,0.33,0.2,-0.3],[0.0024,-0.0034,1.0009,1.78,-0.22,1.35,-0.14,-0.19],[-0.0064,0.0028,0.9967,1.46,-0.66,0.54,0.37,0.16]]}
26.111	{"type":"ecg","dev":"node-01","seq":261,"t0":27334,"fs":250,"leads_off":false,"bpm":87.6,"samples":[2008,2015,2018,2022,2031,2058,2066,2079,2097,2101,2133,2146,2164,2180,2179,2194,2197,2199,2191,2191,2180,2158,2146,2136,2113]}
26.113	{"type":"imu","dev":"node-01","seq":261,"t0":27334,"fs":100,"samples":[[0.0001,-0.0055,0.9955,1.72,-0.67,0.59,-0.01,-0.32],[0.0065,-0.01,1.003,1.26,-1.17,0.56,-0.37,-0.57],[-0.0006,0.0017,1.0006,0.53,-0.42,0.88,0.04,0.1],[0.001,-0.0019,0.9995,0.88,-0.44,0.39,-0.06,-0.11],[-0.0087,0.0099,0.9968,1.37,-0.59,-0.47,0.5,0.57],[-0.0038,0.0017,0.9966,0.96,-1.45,0.59,0.22,0.1],[0.0035,-0.0051,0.9944,1.64,-1.05,1.33,-0.2,-0.3],[0.0024,0.0013,1.0081,1.31,-0.37,-0.2,-0.14,0.07],[-0.0088,0.001,0.9991,2.12,-1.26,1.09,0.51,0.06],[0.0017,-0.0001,1.0007,1.14,-1.84,0.13,-0.1,-0.0]]}
26.211	{"type":"ecg","dev":"node-01","seq":262,"t0":27434,"fs":250,"leads_off":false,"bpm":88.3,"samples":[2100,2065,2063,2048,2047,2029,2016,1998,2006,1999,1988,1983,2005,1991,1988,1982,1987,1983,1981,1983,1987,1992,1991,1983,1977]}
26.213	{"type":"imu","dev":"node-01","seq":262,"t0":27434,"fs":100,"samples":[[0.007,0.0028,1.0064,1.37,-0.46,0.45,-0.4,0.16],[0.0014,-0.0008,0.9952,1.78,-0.2,0.34,-0.08,-0.04],[0.0013,0.0031,1.0032,1.36,-0.36,0.33,-0.07,0.18],[0.0003,0.0027,0.9982,0.91,-0.51,0.31,-0.02,0.16],[-0.0042,0.0013,1.0039,1.63,-0.93,0.46,0.24,0.07],[0.0057,0.0033,0.9994,1.35,-1.36,-0.44,-0.33,0.19],[-0.0039,-0.0054,1.0027,1.05,-1.25,1.38,0.22,-0.31],[0.0023,-0.0013,0.9955,2.44,-0.85,0.12,-0.13,-0.08],[0.0027,-0.0107,1.0074,0.65,-0.08,0.94,-0.15,-0.61],[-0.0017,-0.0089,0.9975,0.5,-1.79,0.03,0.1,-0.51]]}
26.314	{"type":"ecg","dev":"node-01","seq":263,"t0":27534,"fs":250,"leads_off":false,"bpm":86.8,"samples":[1978,1976,1980,1977,1994,1969,1976,1981,1975,1975,1982,1976,1975,1982,1984,1976,1983,1983,1965,1976,1977,1969,1968,1973,1977]}
26.316	{"type":"imu","dev":"node-01","seq":263,"t0":27534,"fs":100,"samples":[[-0.0017,0.0014,1.0054,0.35,-1.13,1.02,0.1,0.08],[-0.0,0.0003,1.0074,0.89,-0.57,0.31,0.0,0.02],[0.0021,0.001,0.9974,0.94,-0.38,0.08,-0.12,0.06],[-0.0037,0.0027,0.9956,0.77,-0.79,0.83,0.21,0.16],[-0.001,0.0036,0.9942,0.86,-0.71,1.73,0.06,0.21],[-0.0021,-0.0037,0.9924,0.36,-0.09,0.53,0.12,-0.21],[-0.0056,0.0006,1.0066,1.02,-0.91,-0.57,0.32,0.04],[0.0013,-0.0047,0.9951,1.1,-1.47,1.47,-0.07,-0.27],[-0.0013,-0.0072,1.0032,1.75,-0.9,0.29,0.07,-0.41],[-0.0068,-0.0028,1.0015,1.43,-0.31,0.55,0.39,-0.16]]}
26.412	{"type":"ecg","dev":"node-01","seq":264,"t0":27634,"fs":250,"leads_off":false,"bpm":89.3,"samples":[1986,1989,1963,1968,1971,1982,1970,1974,1964,1980,1988,1978,1959,1965,1977,1972,1982,1974,1972,1969,1977,1972,1969,1974,1974]}
26.414	{"type":"imu","dev":"node-01","seq":264,"t0":27634,"fs":100,"samples":[[0.0006,0.0003,1.0038,0.65,-0.85,-0.17,-0.03,0.02],[0.0013,-0.0073,1.0001,1.1,0.57,-0.13,-0.08,-0.42],[-0.0034,-0.0032,1.0051,0.92,-1.06,0.19,0.19,-0.18],[0.0034,-0.0013,0.9925,1.72,-0.65,0.97,-0.2,-0.07],[-0.0036,0.0011,0.9965,1.28,-1.05,0.2,0.21,0.06],[0.0019,-0.01,1.0064,1.01,-0.11,0.2,-0.11,-0.57],[-0.0007,0.0029,1.0077,-0.04,-1.2,0.85,0.04,0.16],[-0.0074,0.0063,1.0002,0.95,-0.77,0.29,0.42,0.36],[-0.0016,-0.0019,0.9978,1.43,-1.0,0.46,0.09,-0.11],[-0.0033,-0.0045,0.9936,0.78,-0.85,0.09,0.19,-0.26]]}
26.510	{"type":"ecg","dev":"node-01","seq":265,"t0":27734,"fs":250,"leads_off":false,"bpm":88.7,"samples":[1985,1966,1970,1978,1970,1965,1962,1970,1973,1959,1972,1973,1979,1973,1977,1967,1984,1998,2005,2011,2024,2046,2048,2062,2063]}
26.512	{"type":"imu","dev":"node-01","seq":265,"t0":27734,"fs":100,"samples":[[-0.0031,-0.0046,0.9973,2.0,-0.05,1.01,0.18,-0.26],[-0.0005,0.0043,0.9964,1.66,-0.91,0.86,0.03,0.25],[0.0003,-0.0002,1.0006,1.34,-1.17,0.1,-0.02,-0.01],[0.0061,-0.0023,1.0089,1.39,-1.73,0.68,-0.35,-0.13],[0.0043,-0.0027,1.0024,0.66,-0.75,1.35,-0.25,-0.16],[-0.0041,-0.0008,1.0004,1.64,-2.29,0.07,0.24,-0.04],[-0.0031,-0.0018,0.9905,2.23,-0.63,0.77,0.18,-0.1],[0.0056,0.0016,0.9977,1.34,-1.08,0.62,-0.32,0.09],[-0.0042,-0.0035,1.0073,1.14,-0.25,0.13,0.24,-0.2],[-0.0057,0.0038,0.9967,1.55,-0.6,1.29,0.33,0.22]]}
26.613	{"type":"ecg","dev":"node-01","seq":266,"t0":27834,"fs":250,"leads_off":false,"bpm":89.3,"samples":[2050,2040,2042,2023,2008,1993,1991,1979,1983,1974,1963,1978,1980,1969,1951,1960,1935,2048,2363,2622,2589,2250,1931,1849,1899]}
26.615	{"type":"imu","dev":"node-01","seq":266,"t0":27834,"fs":100,"samples":[[0.0068,-0.004,0.996,1.11,-1.05,1.27,-0.39,-0.23],[-0.0058,-0.0056,1.0049,1.2,-1.26,0.2,0.33,-0.32],[-0.0023,-0.0,1.0076,1.29,-1.0,0.59,0.13,-0.0],[0.0006,-0.0092,1.0013,1.62,-0.33,1.07,-0.03,-0.52],[-0.0007,-0.0034,1.0021,1.52,-0.59,-0.1,0.04,-0.2],[-0.0026,-0.0006,1.0022,1.91,-0.07,0.03,0.15,-0.03],[0.0011,-0.0036,0.9999,1.78,-1.2,0.07,-0.06,-0.21],[-0.007,-0.0083,1.0049,0.88,-0.79,0.8,0.4,-0.48],[0.0038,0.0051,1.0018,1.43,0.1,0.81,-0.22,0.29],[0.0007,-0.006,1.0015,1.51,-0.68,1.32,-0.04,-0.34]]}
26.714	{"type":"ecg","dev":"node-01","seq":267,"t0":27934,"fs":250,"leads_off":false,"bpm":89.1,"samples":[1947,1955,1965,1973,1970,1962,1958,1968,1960,1960,1958,1966,1966,1964,1961,1972,1966,1968,1971,1967,1981,1978,1981,1987,2004]}
26.716	{"type":"imu","dev":"node-01","seq":267,"t0":27934,"fs":100,"samples":[[0.0011,-0.0013,0.9991,1.46,-0.12,1.3,-0.07,-0.07],[0.0079,-0.0028,0.9969,1.41,0.27,0.2,-0.46,-0.16],[0.0082,-0.0082,0.9955,1.24,-0.75,0.61,-0.47,-0.47],[0.003,0.0037,0.9961,2.14,-0.91,-0.47,-0.17,0.21],[0.0048,-0.0037,1.0021,0.91,-0.99,0.68,-0.28,-0.21],[0.0011,-0.01,0.9983,0.73,-1.68,0.1,-0.06,-0.58],[-0.0013,-0.0094,1.0021,2.19,-1.5,1.47,0.07,-0.54],[-0.0045,-0.0059,0.9985,2.43,-1.03,0.33,0.26,-0.34],[0.0029,0.0013,0.9977,0.96,-0.87,1.16,-0.17,0.08],[-0.0016,-0.0002,0.997,1.13,-0.66,-0.19,0.09,-0.01]]}
26.813	{"type":"ecg","dev":"node-01","seq":268,"t0":28034,"fs":250,"leads_off":false,"bpm":88.7,"samples":[2011,2018,2047,2050,2072,2096,2113,2135,2139,2157,2159,2182,2168,2162,2167,2147,2139,2129,2118,2097,2078,2071,2040,2018,2021]}
26.815	{"type":"imu","dev":"node-01","seq":268,"t0":28034,"fs":100,"samples":[[0.0112,-0.0064,0.997,1.23,-0.87,0.51,-0.64,-0.37],[0.0067,-0.0035,0.9958,0.65,-0.73,0.31,-0.38,-0.2],[-0.0029,-0.0018,0.9971,0.71,-0.04,0.55,0.17,-0.11],[0.0009,-0.0009,1.0005,0.47,-1.56,0.35,-0.05,-0.05],[-0.0026,-0.0007,1.0095,0.83,-1.08,0.18,0.15,-0.04],[0.0027,0.0011,0.9962,1.0,-0.56,0.58,-0.15,0.06],[0.0029,-0.0025,0.9921,1.92,-0.62,0.04,-0.17,-0.14],[0.0109,-0.0033,0.9981,1.65,-0.55,0.46,-0.63,-0.19],[-0.0049,-0.0024,0.9992,1.86,-1.12,0.65,0.28,-0.14],[0.0048,-0.0015,0.9964,0.75,0.41,0.86,-0.28,-0.08]]}
26.910	{"type":"ecg","dev":"node-01","seq":269,"t0":28134,"fs":250,"leads_off":false,"bpm":89.0,"samples":[2002,2006,1982,1971,1973,1967,1961,1970,1966,1959,1972,1962,1955,1965,1966,1953,1963,1963,1958,1965,1964,1965,1965,1958,1970]}
26.912	{"type":"imu","dev":"node-01","seq":269,"t0":28134,"fs":100,"samples":[[0.0023,0.0044,0.998,1.84,-0.91,1.06,-0.13,0.25],[-0.0015,0.0001,0.9993,1.69,-0.57,1.01,0.09,0.01],[0.002,-0.0098,1.0017,1.19,-1.06,0.53,-0.11,-0.56],[0.0072,-0.0051,0.9979,1.96,-0.97,-1.05,-0.42,-0.29],[-0.0007,-0.0034,0.9941,2.32,-2.0,0.07,0.04,-0.19],[0.0026,-0.0073,0.9973,1.47,-1.01,-0.1,-0.15,-0.42],[0.0017,-0.0095,1.0045,0.78,-0.32,0.79,-0.09,-0.54],[-0.0045,-0.0053,1.0065,0.94,-1.27,0.29,0.25,-0.3],[-0.0062,-0.0045,0.9998,1.83,-0.67,0.99,0.35,-0.26],[-0.0052,-0.0034,0.9962,1.91,-1.3,0.16,0.3,-0.19]]}
27.012	{"type":"ecg","dev":"node-01","seq":270,"t0":28234,"fs":250,"leads_off":false,"bpm":89.2,"samples":[1961,1955,1960,1963,1955,1959,1955,1963,1957,1969,1958,1956,1966,1962,1967,1964,1961,1962,1962,1960,1959,1959,1965,1962,1968]}
27.014	{"type":"imu","dev":"node-01","seq":270,"t0":28234,"fs":100,"samples":[[0.0008,-0.0049,0.9997,1.22,-1.56,0.84,-0.04,-0.28],[-0.0035,-0.0016,0.9957,0.6,-1.02,0.07,0.2,-0.09],[0.0011,0.0001,1.0037,1.1,-0.79,-0.26,-0.06,0.01],[0.0062,-0.0078,1.0019,1.62,-1.14,-0.08,-0.35,-0.44],[0.0003,-0.0063,0.9939,1.8,-1.45,0.91,-0.02,-0.37],[-0.0029,-0.0045,0.9981,1.08,-1.38,1.0,0.17,-0.26],[-0.0055,-0.0092,1.0012,0.99,-0.7,0.65,0.31,-0.52],[0.0008,-0.0132,1.0028,0.8,-0.64,0.88,-0.04,-0.75],[0.0017,-0.0073,1.0007,0.29,-0.8,0.91,-0.1,-0.42],[0.0025,-0.0015,1.0062,1.12,-0.62,0.42,-0.14,-0.09]]}
27.113	{"type":"ecg","dev":"node-01","seq":271,"t0":28334,"fs":250,"leads_off":false,"bpm":88.5,"samples":[1958,1972,1957,1962,1961,1962,1958,1958,1969,1962,1969,1964,1969,1964,1958,1959,1966,1960,1960,1962,1959,1966,1940,1953,1969]}
27.115	{"type":"imu","dev":"node-01","seq":271,"t0":28334,"fs":100,"samples":[[-0.0016,0.0014,1.0053,1.46,0.22,1.07,0.09,0.08],[-0.0041,0.0028,1.0017,0.93,-0.96,0.6,0.23,0.16],[0.0031,-0.009,0.9993,1.16,-0.07,0.64,-0.18,-0.52],[0.0006,-0.0092,0.999,1.14,-0.69,-0.14,-0.04,-0.53],[-0.0069,0.0008,0.998,1.36,-0.64,0.29,0.4,0.05],[0.0026,-0.0093,0.9986,1.47,-0.44,0.94,-0.15,-0.53],[-0.0024,-0.0027,0.9941,1.84,-1.47,0.32,0.14,-0.16],[-0.0056,-0.0096,1.0037,1.76,-0.1,1.39,0.32,-0.55],[0.0017,-0.0069,1.0018,0.73,-0.74,0.41,-0.1,-0.4],[-0.0006,0.0051,1.0022,2.17,0.19,0.23,0.03,0.29]]}
27.214	{"type":"ecg","dev":"node-01","seq":272,"t0":28434,"fs":250,"leads_off":false,"bpm":88.2,"samples":[1959,1958,1961,1957,1968,1963,1975,1964,1959,1969,1974,1983,1981,2003,1998,1996,2038,2045,2037,2050,2052,2040,2047,2023,2013]}
27.216	{"type":"imu","dev":"node-01","seq":272,"t0":28434,"fs":100,"samples":[[-0.0007,-0.0015,0.9967,1.48,-0.9,1.36,0.04,-0.09],[0.0082,-0.0018,0.992,1.33,-0.91,1.55,-0.47,-0.1],[0.0052,-0.0037,1.0043,1.45,-0.9,0.61,-0.3,-0.21],[-0.0018,-0.0047,1.0026,0.67,-1.51,0.39,0.1,-0.27],[-0.0032,-0.002,0.9975,1.21,-1.29,0.69,0.18,-0.11],[0.0029,-0.0039,1.0029,1.29,-0.66,0.2,-0.17,-0.22],[0.0037,-0.0055,0.996,1.59,-1.51,0.47,-0.21,-0.31],[-0.0019,0.0016,0.9987,1.29,-1.41,0.02,0.11,0.09],[-0.004,-0.0042,0.999,2.07,-1.32,1.0,0.23,-0.24],[0.0028,-0.0017,1.0006,1.16,-0.25,0.04,-0.16,-0.1]]}
27.312	{"type":"ecg","dev":"node-01","seq":273,"t0":28534,"fs":250,"leads_off":false,"bpm":88.0,"samples":[2002,1990,1984,1961,1973,1968,1966,1964,1963,1969,1968,1928,1987,2193,2533,2658,2398,2041,1864,1872,1937,1965,1962,1961,1969]}
27.314	{"type":"imu","dev":"node-01","seq":273,"t0":28534,"fs":100,"samples":[[-0.001,-0.0063,1.0014,1.24,-0.63,0.38,0.06,-0.36],[0.0034,-0.0037,1.0006,1.34,-0.83,0.89,-0.2,-0.21],[0.0064,-0.0061,0.9986,1.35,-0.43,0.66,-0.37,-0.35],[0.0014,0.0023,1.0097,1.26,-0.84,1.37,-0.08,0.13],[-0.0028,-0.0069,0.9959,0.81,-1.65,0.09,0.16,-0.39],[-0.0085,-0.0105,1.0079,1.34,-0.82,0.59,0.48,-0.59],[-0.0018,0.0013,0.9973,0.65,0.01,0.65,0.1,0.07],[0.002,-0.0055,1.0097,0.79,-0.8,0.62,-0.11,-0.31],[0.0089,-0.0055,1.0045,1.57,0.03,0.52,-0.5,-0.31],[-0.0056,-0.0002,0.999,0.54,-1.16,0.65,0.32,-0.01]]}
27.411	{"type":"ecg","dev":"node-01","seq":274,"t0":28634,"fs":250,"leads_off":false,"bpm":87.2,"samples":[1953,1965,1981,1959,1964,1976,1970,1970,1964,1964,1979,1972,1971,1975,1970,1983,1984,1997,1990,1996,2023,2024,2043,2056,2077]}
27.413	{"type":"imu","dev":"node-01","seq":274,"t0":28634,"fs":100,"samples":[[0.0016,0.0011,0.9992,0.95,-0.57,0.88,-0.09,0.07],[-0.0007,0.003,0.9999,0.56,-0.75,-0.12,0.04,0.17],[0.0065,-0.0035,0.9961,0.47,0.16,1.17,-0.37,-0.2],[0.0062,0.0044,1.003,0.85,0.24,-0.53,-0.35,0.25],[0.0036,-0.005,0.9952,1.16,-1.11,0.57,-0.21,-0.29],[0.0006,-0.0038,1.0044,0.8,-1.08,0.66,-0.04,-0.21],[0.0055,-0.0013,0.9986,1.43,-0.71,1.11,-0.32,-0.07],[-0.0046,-0.0029,0.9949,0.73,-0.59,0.65,0.26,-0.17],[0.0001,0.0039,1.0008,1.15,-1.16,0.71,-0.01,0.22],[-0.0079,-0.0034,0.9995,1.03,-0.81,0.34,0.45,-0.2]]}
27.513	{"type":"ecg","dev":"node-01","seq":275,"t0":28734,"fs":250,"leads_off":false,"bpm":89.4,"samples":[2093,2102,2121,2142,2155,2175,2176,2175,2175,2185,2168,2164,2145,2125,2116,2097,2080,2064,2060,2030,2017,2008,1995,1993,1992]}
27.515	{"type":"imu","dev":"node-01","seq":275,"t0":28734,"fs":100,"samples":[[0.0018,-0.0048,0.9998,0.87,-0.79,0.57,-0.1,-0.27],[0.0078,-0.003,1.0025,1.36,-1.35,0.75,-0.44,-0.17],[0.0015,0.0045,1.0023,0.66,-1.24,0.47,-0.08,0.26],[-0.0026,0.0003,1.0003,0.27,-1.44,0.16,0.15,0.02],[0.0021,0.0009,0.9936,1.62,-1.43,0.39,-0.12,0.05],[-0.0007,-0.0049,0.9981,1.03,-1.1,-0.18,0.04,-0.28],[0.0011,-0.002,1.001,0.97,-0.82,0.51,-0.07,-0.11],[0.0082,-0.0069,1.0009,0.85,-1.73,0.12,-0.47,-0.4],[-0.0018,-0.002,0.9964,1.31,-1.28,1.25,0.1,-0.12],[0.0029,-0.0011,0.9957,0.92,-1.07,-0.35,-0.16,-0.07]]}
27.611	{"type":"ecg","dev":"node-01","seq":276,"t0":28834,"fs":250,"leads_off":false,"bpm":86.9,"samples":[1986,1984,1980,1978,1975,1975,1979,1985,1979,1983,1982,1983,1973,1984,1981,1997,1984,1981,1968,1990,1974,1982,1984,1981,1982]}
27.613	{"type":"imu","dev":"node-01","seq":276,"t0":28834,"fs":100,"samples":[[0.0015,-0.0039,1.0079,1.73,-0.84,1.33,-0.09,-0.22],[0.0035,-0.0021,1.001,1.36,-1.48,1.31,-0.2,-0.12],[-0.012,-0.0036,0.9971,1.72,-0.58,0.71,0.69,-0.2],[-0.0025,-0.0115,0.999,1.34,-1.43,1.3,0.14,-0.66],[0.0022,-0.0008,0.9991,2.52,-1.12,0.61,-0.12,-0.05],[0.0026,-0.01,1.0014,0.86,-0.51,0.71,-0.15,-0.57],[-0.0049,0.003,1.0031,1.72,-0.83,0.47,0.28,0.17],[0.0019,-0.0061,1.0026,0.81,-1.29,0.41,-0.11,-0.35],[0.0054,-0.0009,0.9937,1.31,-1.22,0.68,-0.31,-0.05],[-0.0023,-0.0057,1.0074,0.64,-0.51,-0.53,0.13,-0.33]]}
27.712	{"type":"ecg","dev":"node-01","seq":277,"t0":28934,"fs":250,"leads_off":false,"bpm":88.6,"samples":[1991,1973,1977,1978,1979,1987,1974,1986,1984,1980,1982,1981,1987,1986,1992,1984,1984,1993,1982,1985,1977,1990,1973,1985,1989]}
27.714	{"type":"imu","dev":"node-01","seq":277,"t0":28934,"fs":100,"samples":[[0.0,-0.0007,1.0006,1.26,-0.22,0.0,-0.0,-0.04],[0.0034,-0.0069,1.0008,1.38,-1.24,0.94,-0.19,-0.4],[0.001,-0.0006,1.0037,1.91,-0.44,-1.13,-0.06,-0.03],[0.0007,-0.0055,1.0017,1.59,-1.39,0.89,-0.04,-0.31],[0.0014,-0.0045,1.0055,1.69,-0.2,0.99,-0.08,-0.26],[-0.0034,-0.0008,1.0044,1.34,-1.45,0.59,0.19,-0.04],[0.0018,-0.0015,0.9975,2.47,-0.96,0.51,-0.11,-0.09],[-0.0053,0.001,1.003,1.8,0.11,0.53,0.3,0.06],[-0.0005,0.0021,1.0014,1.36,-0.09,0.26,0.03,0.12],[0.0082,-0.0019,1.0046,0.33,-0.33,0.82,-0.47,-0.11]]}
27.813	{"type":"ecg","dev":"node-01","seq":278,"t0":29034,"fs":250,"leads_off":false,"bpm":88.8,"samples":[1991,1987,1992,1986,1988,1986,1984,1988,1984,1993,1992,1987,1986,1997,1982,1996,1993,1995,1989,1990,1994,1986,1995,1994,1989]}
27.815	{"type":"imu","dev":"node-01","seq":278,"t0":29034,"fs":100,"samples":[[-0.0045,-0.0045,0.9982,1.68,0.06,1.12,0.26,-0.26],[0.0036,0.01,0.9987,0.47,-0.62,0.4,-0.21,0.58],[0.0012,0.0045,0.9983,1.48,-1.19,0.89,-0.07,0.26],[-0.0041,0.0044,1.0034,0.96,-0.84,0.47,0.23,0.25],[0.0005,-0.0005,0.9989,1.54,-1.32,0.63,-0.03,-0.03],[-0.006,-0.0059,1.0029,0.66,-0.43,0.69,0.34,-0.34],[0.0015,0.0063,0.9988,1.88,-0.57,0.67,-0.09,0.36],[-0.0054,-0.0059,1.0067,1.73,-0.56,1.46,0.3,-0.34],[-0.0014,0.0009,0.9979,1.1,-0.62,0.18,0.08,0.05],[-0.0024,-0.0014,0.9923,0.91,-1.0,0.22,0.14,-0.08]]}
27.912	{"type":"ecg","dev":"node-01","seq":279,"t0":29134,"fs":250,"leads_off":false,"bpm":88.5,"samples":[1984,1984,1988,1997,1991,1998,2001,2012,2019,2028,2049,2048,2062,2083,2088,2084,2091,2084,2059,2052,2046,2045,2028,2018,2009]}
27.914	{"type":"imu","dev":"node-01","seq":279,"t0":29134,"fs":100,"samples":[[0.0067,-0.0009,0.9911,1.24,-1.23,0.86,-0.39,-0.05],[-0.0001,-0.0003,1.0061,1.32,-0.12,0.2,0.0,-0.02],[-0.0041,-0.0082,1.008,1.05,-0.29,0.55,0.23,-0.46],[-0.0019,0.0021,0.9969,1.11,-0.72,0.22,0.11,0.12],[0.0043,0.006,1.0039,1.4,-1.73,0.83,-0.24,0.34],[0.0001,-0.0002,1.0034,1.14,-0.18,0.29,-0.0,-0.01],[0.0028,0.0004,1.0037,0.41,-0.44,0.82,-0.16,0.03],[0.0021,0.0035,0.9975,0.47,-0.62,0.73,-0.12,0.2],[-0.0034,-0.004,1.0041,1.12,-0.45,-0.07,0.19,-0.23],[0.0022,0.0048,1.0027,2.23,-0.57,1.38,-0.13,0.27]]}
28.013	{"type":"ecg","dev":"node-01","seq":280,"t0":29234,"fs":250,"leads_off":false,"bpm":89.3,"samples":[1998,1998,1997,2007,2002,1995,1979,1976,2113,2424,2693,2604,2247,1957,1894,1938,1985,2008,2006,2008,2005,2008,2002,1999,2007]}
28.015	{"type":"imu","dev":"node-01","seq":280,"t0":29234,"fs":100,"samples":[[0.0011,-0.0003,1.0043,0.96,-1.13,0.36,-0.06,-0.02],[-0.0002,0.0037,0.9956,0.43,-1.33,0.67,0.01,0.21],[0.0034,-0.0039,1.0057,2.06,-1.07,0.74,-0.19,-0.22],[-0.0009,0.0046,0.9946,1.23,-0.66,0.68,0.05,0.27],[0.0007,-0.0032,0.9982,1.87,-0.46,1.05,-0.04,-0.18],[-0.0031,0.0021,1.0019,0.87,-1.01,1.22,0.18,0.12],[-0.0073,-0.0034,0.9999,0.38,-1.42,0.22,0.42,-0.19],[0.0013,-0.0046,0.9957,1.31,-0.79,0.54,-0.08,-0.27],[-0.0037,0.0049,1.0013,1.28,-1.09,0.91,0.21,0.28],[-0.0016,-0.0015,0.9947,0.91,-0.87,0.71,0.09,-0.09]]}
28.114	{"type":"ecg","dev":"node-01","seq":281,"t0":29334,"fs":250,"leads_off":false,"bpm":87.9,"samples":[2001,1997,2011,2019,2011,2007,2017,2015,2014,2011,2017,2013,2024,2040,2046,2053,2063,2083,2097,2112,2125,2141,2159,2179,2194]}
28.116	{"type":"imu","dev":"node-01","seq":281,"t0":29334,"fs":100,"samples":[[-0.0025,0.0033,1.0027,1.76,0.44,0.88,0.14,0.19],[-0.0026,-0.0077,1.0088,0.26,0.36,0.64,0.15,-0.44],[0.0001,0.0106,1.0024,1.63,-1.35,0.54,-0.0,0.6],[-0.0039,-0.0005,1.0011,0.48,-0.79,1.09,0.22,-0.03],[-0.0025,0.0082,1.0071,1.08,-0.42,0.01,0.14,0.47],[0.0014,0.0065,1.0009,1.1,-1.94,0.91,-0.08,0.37],[-0.0019,-0.0015,1.0057,1.4,0.14,-0.31,0.11,-0.09],[0.0077,-0.0015,1.001,1.52,-0.91,0.57,-0.44,-0.09],[-0.0011,-0.0048,0.9938,0.49,-0.69,0.67,0.06,-0.28],[-0.0022,0.0066,1.0001,0.99,-0.93,0.94,0.12,0.38]]}
28.213	{"type":"ecg","dev":"node-01","seq":282,"t0":29434,"fs":250,"leads_off":false,"bpm":88.5,"samples":[2208,2216,2227,2223,2217,2226,2200,2200,2165,2157,2154,2129,2102,2082,2076,2061,2056,2044,2034,2026,2028,2029,2015,2020,2028]}
28.215	{"type":"imu","dev":"node-01","seq":282,"t0":29434,"fs":100,"samples":[[0.0002,0.0014,0.9991,0.44,0.01,-0.79,-0.01,0.08],[0.0037,-0.002,1.0007,1.81,-1.52,0.82,-0.21,-0.12],[0.0025,-0.0043,0.9924,0.83,0.06,0.06,-0.14,-0.25],[0.0028,-0.0008,0.9985,1.69,-0.02,1.02,-0.16,-0.04],[0.0006,-0.001,1.013,0.25,-0.58,0.45,-0.03,-0.06],[0.0047,0.0035,0.9925,0.93,-1.74,0.49,-0.27,0.2],[0.004,0.0033,1.0002,1.33,-0.93,0.21,-0.23,0.19],[-0.0083,0.0036,0.9985,0.34,-0.28,-0.3,0.48,0.21],[0.0002,-0.001,1.0044,1.41,-1.25,0.82,-0.01,-0.05],[0.006,0.0045,1.0062,1.04,-0.87,0.85,-0.34,0.26]]}
28.311	{"type":"ecg","dev":"node-01","seq":283,"t0":29534,"fs":250,"leads_off":false,"bpm":88.1,"samples":[2011,2015,2012,2017,2023,2019,2025,2027,2018,2018,2013,2025,2014,2032,2032,2020,2025,2013,2020,2024,2041,2031,2031,2015,2033]}
28.313	{"type":"imu","dev":"node-01","seq":283,"t0":29534,"fs":100,"samples":[[-0.0055,-0.0004,0.9937,2.65,0.3,-0.42,0.32,-0.02],[-0.003,-0.003,0.9988,0.61,-1.7,0.12,0.17,-0.17],[0.0023,0.0042,1.0011,1.37,0.18,0.8,-0.13,0.24],[0.0007,-0.0023,0.9936,1.2,-0.5,-0.12,-0.04,-0.13],[-0.0019,0.0064,1.0012,0.52,-0.29,0.49,0.11,0.37],[-0.0031,-0.0043,0.9967,1.14,-0.25,0.38,0.18,-0.25],[-0.0022,0.0076,0.997,2.08,-0.48,1.65,0.12,0.44],[-0.002,0.0087,0.9969,2.49,-1.05,-0.16,0.12,0.5],[0.0035,0.0064,1.0075,0.45,-1.98,0.79,-0.2,0.36],[-0.0021,0.0012,0.9991,1.32,0.1,0.95,0.12,0.07]]}
28.413	{"type":"ecg","dev":"node-01","seq":284,"t0":29634,"fs":250,"leads_off":false,"bpm":89.1,"samples":[2016,2024,2021,2030,2030,2027,2032,2024,2024,2032,2041,2023,2031,2028,2030,2034,2016,2030,2030,2022,2021,2023,2026,2016,2037]}
28.415	{"type":"imu","dev":"node-01","seq":284,"t0":29634,"fs":100,"samples":[[0.001,-0.0036,1.0042,0.32,-0.38,0.48,-0.06,-0.21],[-0.0024,0.0069,1.0067,1.92,-1.22,0.2,0.14,0.39],[0.0035,0.0102,1.0014,0.16,0.15,0.25,-0.2,0.58],[-0.0037,0.001,1.0057,1.35,-0.42,0.22,0.21,0.06],[0.0012,0.0013,1.0002,0.75,-0.95,0.46,-0.07,0.08],[-0.0011,0.0056,0.997,1.27,-0.18,0.48,0.06,0.32],[-0.0005,0.0056,0.9997,1.27,-0.74,-0.47,0.03,0.32],[-0.003,0.0046,0.9973,1.06,-0.14,1.58,0.17,0.26],[-0.0002,0.0081,0.9961,1.72,-1.15,-0.08,0.01,0.47],[-0.0044,0.0081,0.9952,1.23,-0.03,0.57,0.25,0.46]]}
28.511	{"type":"ecg","dev":"node-01","seq":285,"t0":29734,"fs":250,"leads_off":false,"bpm":87.6,"samples":[2028,2029,2026,2025,2035,2027,2029,2032,2038,2030,2030,2033,2042,2041,2034,2037,2026,2031,2036,2037,2037,2033,2029,2031,2036]}
28.513	{"type":"imu","dev":"node-01","seq":285,"t0":29734,"fs":100,"samples":[[0.0039,0.0007,0.9929,1.26,-0.72,0.57,-0.22,0.04],[0.0021,0.0076,1.0043,0.92,-1.19,0.4,-0.12,0.43],[-0.0059,-0.0006,0.997,1.34,-0.7,0.9,0.34,-0.04],[0.0001,-0.0011,0.9871,1.68,-0.84,1.12,-0.01,-0.06],[-0.0009,0.0068,0.9961,1.54,-1.51,1.35,0.05,0.39],[0.0055,0.0054,1.0039,0.29,-1.12,1.2,-0.31,0.31],[0.0005,-0.0025,0.9996,1.16,-0.6,-0.15,-0.03,-0.14],[-0.0022,0.0064,1.0082,1.05,0.2,0.74,0.12,0.37],[-0.0014,0.0068,0.9965,1.0,0.06,-0.48,0.08,0.39],[-0.0039,0.0052,1.0111,0.83,-0.97,0.4,0.22,0.29]]}
28.613	{"type":"ecg","dev":"node-01","seq":286,"t0":29834,"fs":250,"leads_off":false,"bpm":88.7,"samples":[2035,2041,2047,2064,2062,2074,2077,2095,2114,2113,2120,2127,2116,2110,2100,2083,2068,2054,2051,2046,2037,2038,2037,2034,2044]}
28.615	{"type":"imu","dev":"node-01","seq":286,"t0":29834,"fs":100,"samples":[[-0.0035,0.0079,1.0089,1.2,-0.21,0.56,0.2,0.45],[0.0071,0.0015,0.9985,1.8,-1.83,-0.3,-0.41,0.09],[0.0005,0.0017,1.0027,0.94,-0.97,1.04,-0.03,0.09],[0.0007,-0.0057,1.007,1.15,-0.56,0.64,-0.04,-0.33],[0.003,-0.0033,1.0032,2.11,-1.27,1.51,-0.17,-0.19],[0.0021,0.0004,1.0011,2.44,-1.21,0.9,-0.12,0.02],[-0.002,0.0005,1.0034,0.48,-1.66,-0.04,0.11,0.03],[-0.0002,0.0065,0.9977,1.41,-0.69,0.93,0.01,0.37],[-0.0054,-0.0002,1.0025,1.31,-0.72,0.2,0.31,-0.01],[0.0013,0.0028,0.9948,1.65,-0.86,1.08,-0.08,0.16]]}
28.712	{"type":"ecg","dev":"node-01","seq":287,"t0":29934,"fs":250,"leads_off":false,"bpm":88.7,"samples":[2030,2023,2013,2065,2300,2636,2722,2444,2096,1936,1938,1994,2032,2035,2036,2028,2031,2035,2034,2043,2035,2037,2031,2041,2040]}
28.714	{"type":"imu","dev":"node-01","seq":287,"t0":29934,"fs":100,"samples":[[0.0031,0.0052,0.9987,1.17,-1.16,0.0,-0.18,0.3],[0.0013,-0.0009,1.0078,0.62,-0.97,0.85,-0.07,-0.05],[0.0048,0.0007,0.9955,1.62,-0.84,-0.4,-0.27,0.04],[0.0038,0.0011,0.9969,0.63,-0.15,-0.35,-0.22,0.06],[-0.0037,0.0011,0.9928,1.86,-0.6,1.32,0.21,0.06],[0.0037,0.0039,0.9972,1.12,-0.42,0.6,-0.21,0.22],[0.0006,0.0057,0.9965,-0.05,-1.35,0.37,-0.04,0.33],[0.0017,-0.0039,0.9956,1.2,-1.07,-0.61,-0.1,-0.22],[0.006,0.0054,1.0021,0.88,-0.85,1.02,-0.34,0.31],[-0.0018,0.0062,0.9969,0.94,-0.51,0.89,0.1,0.36]]}
28.811	{"type":"ecg","dev":"node-01","seq":288,"t0":30034,"fs":250,"leads_off":false,"bpm":88.5,"samples":[2041,2042,2028,2039,2050,2051,2056,2055,2068,2056,2085,2083,2099,2106,2122,2148,2167,2172,2196,2217,2228,2234,2243,2247,2250]}
28.813	{"type":"imu","dev":"node-01","seq":288,"t0":30034,"fs":100,"samples":[[0.0022,0.0048,0.9989,1.09,-0.97,-0.13,-0.12,0.27],[-0.0014,-0.0021,1.0064,1.42,-0.95,0.23,0.08,-0.12],[-0.0004,0.0083,1.0046,1.73,-0.32,-0.01,0.02,0.47],[-0.0026,0.005,1.0029,1.52,-0.98,0.7,0.15,0.28],[-0.0041,0.0053,1.0032,1.65,-1.37,-0.12,0.24,0.3],[-0.0037,0.0023,0.9949,1.69,-0.95,0.9,0.21,0.13],[0.0035,0.0066,1.0011,1.01,-0.97,0.68,-0.2,0.38],[-0.0047,0.006,1.0058,1.88,-0.89,0.46,0.27,0.34],[-0.0006,0.0059,1.002,1.93,-0.5,0.16,0.03,0.34],[0.0012,0.0069,0.9995,0.06,-0.83,0.44,-0.07,0.39]]}
28.913	{"type":"ecg","dev":"node-01","seq":289,"t0":30134,"fs":250,"leads_off":false,"bpm":87.4,"samples":[2241,2239,2238,2204,2201,2188,2159,2146,2129,2099,2097,2077,2080,2059,2057,2058,2057,2044,2037,2046,2044,2055,2033,2040,2038]}
28.915	{"type":"imu","dev":"node-01","seq":289,"t0":30134,"fs":100,"samples":[[-0.0027,-0.0014,1.0008,0.91,-0.87,-0.08,0.15,-0.08],[-0.0011,0.0025,1.0009,1.78,-0.72,1.27,0.07,0.14],[-0.0023,0.0091,1.0027,1.47,-0.15,0.24,0.13,0.52],[0.0015,0.0011,0.997,0.77,-0.61,0.81,-0.09,0.06],[0.0058,0.0055,0.9991,1.85,-1.07,1.3,-0.33,0.32],[-0.0007,0.0054,1.0108,2.31,-1.42,0.5,0.04,0.31],[-0.0025,0.0046,0.9937,0.82,-0.97,1.52,0.14,0.26],[0.0021,0.0023,0.9966,1.39,-0.16,0.74,-0.12,0.13],[-0.001,0.0005,0.9911,1.15,-0.78,0.64,0.06,0.03],[-0.0027,0.0012,0.9981,2.18,-1.5,-0.19,0.15,0.07]]}
29.013	{"type":"ecg","dev":"node-01","seq":290,"t0":30234,"fs":250,"leads_off":true,"bpm":null,"samples":[4095,4095,4095,4095,4095,4095,4095,4095,4095,4095,4095,4095,4095,4095,4095,4095,4095,4095,4095,4095,4095,4095,4095,4095,4095]}
29.015	{"type":"imu","dev":"node-01","seq":290,"t0":30234,"fs":100,"samples":[[-0.0045,0.0121,0.9995,0.99,-0.66,-0.17,0.26,0.69],[0.0049,0.0107,0.9971,1.93,-1.33,-0.62,-0.28,0.62],[0.0043,0.004,0.9982,0.58,-0.57,0.84,-0.24,0.23],[-0.0037,-0.0006,0.9966,1.98,-0.25,0.0,0.21,-0.04],[-0.0102,0.0027,0.9986,1.04,-0.44,0.0,0.59,0.15],[0.0015,0.0035,0.9974,0.88,-1.18,0.96,-0.09,0.2],[0.0071,0.0061,1.0022,1.84,-0.32,0.76,-0.4,0.35],[0.0053,0.0035,0.9948,0.44,-0.68,1.48,-0.31,0.2],[-0.003,0.0082,1.0003,1.69,-0.11,-0.07,0.17,0.47],[-0.0025,0.0059,1.001,1.26,-0.01,0.26,0.14,0.34]]}
29.110	{"type":"ecg","dev":"node-01","seq":291,"t0":30334,"fs":250,"leads_off":true,"bpm":null,"samples":[4095,4095,4095,4095,4095,4095,4095,4095,4095,4095,4095,4095,4095,4095,4095,4095,4095,4095,4095,4095,4095,4095,4095,4095,4095]}
29.112	{"type":"imu","dev":"node-01","seq":291,"t0":30334,"fs":100,"samples":[[-0.0071,0.0054,1.0019,1.25,-0.76,0.42,0.41,0.31],[-0.0008,0.0076,1.0005,0.87,0.07,0.94,0.05,0.43],[0.0001,0.0033,1.0014,1.66,-0.56,1.07,-0.01,0.19],[0.0036,0.0081,1.0027,1.38,-0.7,0.45,-0.21,0.47],[-0.0015,0.0043,0.9959,0.55,-0.71,0.43,0.09,0.25],[0.0063,0.0094,1.0093,0.59,-1.03,0.85,-0.36,0.53],[-0.0003,0.0078,0.9972,1.76,-0.5,0.85,0.02,0.45],[0.006,-0.0017,1.0041,1.06,-1.38,0.34,-0.34,-0.1],[0.0014,0.0027,1.005,1.38,-1.05,0.43,-0.08,0.15],[-0.0055,-0.0053,0.9935,0.42,-1.47,0.71,0.32,-0.31]]}
29.212	{"type":"ecg","dev":"node-01","seq":292,"t0":30434,"fs":250,"leads_off":true,"bpm":null,"samples":[4095,4095,4095,4095,4095,4095,4095,4095,4095,4095,4095,4095,4095,4095,4095,4095,4095,4095,4095,4095,4095,4095,4095,4095,4095]}
29.214	{"type":"imu","dev":"node-01","seq":292,"t0":30434,"fs":100,"samples":[[-0.0023,0.003,1.0015,0.65,-0.91,1.42,0.13,0.17],[-0.0016,0.0031,1.0005,2.18,-0.79,0.19,0.09,0.18],[0.0009,0.002,1.0005,0.87,-1.3,0.36,-0.05,0.11],[-0.0001,0.0035,0.9946,1.25,-0.85,-0.05,0.01,0.2],[-0.0035,0.0068,0.9976,0.68,-1.26,0.3,0.2,0.39],[-0.0016,0.0006,0.9968,0.96,-0.86,1.2,0.09,0.03],[0.0005,0.0023,0.9964,1.68,-0.87,0.22,-0.03,0.13],[0.0045,0.0044,1.0089,2.2,-1.29,-0.34,-0.26,0.25],[0.0029,0.0001,0.999,0.69,-0.68,0.8,-0.17,0.01],[0.004,0.0004,0.9986,1.03,-0.9,-0.16,-0.23,0.02]]}
29.312	{"type":"ecg","dev":"node-01","seq":293,"t0":30534,"fs":250,"leads_off":true,"bpm":null,"samples":[4095,4095,4095,4095,4095,4095,4095,4095,4095,4095,4095,4095,4095,4095,4095,4095,4095,4095,4095,4095,4095,4095,4095,4095,4095]}
29.314	{"type":"imu","dev":"node-01","seq":293,"t0":30534,"fs":100,"samples":[[-0.0003,0.0013,0.9943,1.04,-0.23,0.86,0.02,0.07],[0.0041,0.0007,1.0012,1.13,-0.92,1.41,-0.24,0.04],[-0.0032,0.006,1.0006,0.6,-0.99,1.63,0.18,0.35],[0.002,0.0055,0.9997,1.51,-0.89,1.28,-0.12,0.32],[0.0007,-0.0041,0.9971,1.35,-0.72,0.43,-0.04,-0.23],[0.0008,0.0079,1.0065,1.6,-0.88,1.02,-0.05,0.45],[-0.0032,0.0065,0.999,0.23,-1.96,0.76,0.19,0.37],[0.0022,0.0002,1.0004,1.18,-1.13,-0.2,-0.13,0.01],[-0.005,0.0049,1.0041,0.88,-0.75,0.58,0.29,0.28],[0.0028,-0.0017,1.0017,1.25,-0.89,-0.07,-0.16,-0.1]]}
29.414	{"type":"ecg","dev":"node-01","seq":294,"t0":30634,"fs":250,"leads_off":true,"bpm":null,"samples":[4095,4095,4095,4095,4095,4095,4095,4095,4095,4095,4095,4095,4095,4095,4095,4095,4095,4095,4095,4095,4095,4095,4095,4095,4095]}
29.416	{"type":"imu","dev":"node-01","seq":294,"t0":30634,"fs":100,"samples":[[-0.0011,0.0047,0.9996,0.92,-0.95,0.77,0.06,0.27],[0.0029,-0.002,0.9934,1.19,-1.22,0.91,-0.17,-0.12],[-0.0053,0.0002,0.9928,1.32,-1.05,0.83,0.31,0.01],[-0.0062,-0.0041,0.9979,1.61,-0.99,-0.22,0.35,-0.23],[-0.0036,-0.0009,1.0009,1.69,-0.48,1.0,0.21,-0.05],[-0.0001,0.0024,1.0016,1.51,-0.44,-0.52,0.01,0.13],[0.0011,0.0091,1.0026,1.71,-1.24,0.58,-0.06,0.52],[0.0035,0.0026,0.9887,1.19,0.06,0.86,-0.2,0.15],[0.0049,0.0029,0.9983,1.09,-0.64,0.01,-0.28,0.17],[-0.009,0.0027,1.0019,1.55,-0.37,0.76,0.51,0.15]]}
29.510	{"type":"ecg","dev":"node-01","seq":295,"t0":30734,"fs":250,"leads_off":true,"bpm":null,"samples":[4095,4095,4095,4095,4095,4095,4095,4095,4095,4095,4095,4095,4095,4095,4095,4095,4095,4095,4095,4095,4095,4095,4095,4095,4095]}
29.512	{"type":"imu","dev":"node-01","seq":295,"t0":30734,"fs":100,"samples":[[-0.0005,0.0045,0.998,0.52,-1.46,0.77,0.03,0.26],[0.0,0.0018,1.0032,1.28,-0.36,-0.58,-0.0,0.11],[0.0058,0.0007,1.0024,0.31,-0.5,0.27,-0.33,0.04],[0.0035,-0.0029,0.9995,1.46,-0.9,-0.11,-0.2,-0.16],[0.0047,0.0048,0.9999,0.97,-0.35,0.54,-0.27,0.27],[0.0017,0.0024,0.9945,1.91,-0.9,0.33,-0.1,0.14],[0.0019,-0.0003,1.0033,1.49,-0.07,0.41,-0.11,-0.02],[0.0009,-0.005,1.008,0.95,-0.92,0.37,-0.05,-0.28],[-0.0058,0.0043,1.0058,1.04,-0.26,0.59,0.33,0.24],[-0.0048,0.0023,0.999,1.47,-0.16,1.31,0.27,0.13]]}
29.611	{"type":"ecg","dev":"node-01","seq":296,"t0":30834,"fs":250,"leads_off":true,"bpm":null,"samples":[4095,4095,4095,4095,4095,4095,4095,4095,4095,4095,4095,4095,4095,4095,4095,4095,4095,4095,4095,4095,4095,4095,4095,4095,4095]}
29.613	{"type":"imu","dev":"node-01","seq":296,"t0":30834,"fs":100,"samples":[[-0.0052,0.0021,0.997,0.38,0.17,0.08,0.3,0.12],[-0.0005,-0.0007,0.9968,0.87,-0.44,0.84,0.03,-0.04],[-0.0006,-0.0032,0.996,1.8,-1.28,-0.13,0.03,-0.18],[0.0069,-0.001,1.0008,1.04,-0.99,1.02,-0.4,-0.06],[0.0055,0.0015,0.9951,0.6,-1.41,0.17,-0.32,0.09],[-0.0011,0.0056,0.9975,0.81,-1.36,0.71,0.07,0.32],[0.0014,0.0027,1.003,0.72,-1.19,-0.19,-0.08,0.15],[0.0016,0.0012,1.0023,1.16,-1.31,1.47,-0.09,0.07],[-0.0087,0.0,0.9949,1.36,-0.87,0.53,0.5,0.0],[-0.0008,0.0027,0.9992,1.34,-0.97,0.87,0.04,0.15]]}
29.713	{"type":"ecg","dev":"node-01","seq":297,"t0":30934,"fs":250,"leads_off":true,"bpm":null,"samples":[4095,4095,4095,4095,4095,4095,4095,4095,4095,4095,4095,4095,4095,4095,4095,4095,4095,4095,4095,4095,4095,4095,4095,4095,4095]}
29.715	{"type":"imu","dev":"node-01","seq":297,"t0":30934,"fs":100,"samples":[[-0.0034,0.0038,1.0093,1.13,-0.93,0.89,0.19,0.22],[-0.0004,-0.0006,1.0057,1.18,-0.48,1.56,0.02,-0.03],[0.0019,-0.0031,1.0031,1.93,-0.43,-0.22,-0.11,-0.18],[-0.0037,0.0073,1.0004,1.3,-0.19,-0.03,0.21,0.42],[0.0042,-0.0027,1.0078,0.42,-0.17,1.24,-0.24,-0.15],[0.006,-0.0007,1.0046,1.77,-2.26,0.16,-0.34,-0.04],[-0.0037,-0.0024,0.9898,0.66,-0.89,0.23,0.22,-0.14],[-0.0025,0.0051,1.0028,0.13,0.14,0.28,0.15,0.29],[-0.0032,0.0013,1.0058,0.79,-0.83,0.58,0.18,0.08],[-0.0015,0.0109,1.0028,1.17,-0.31,0.16,0.09,0.62]]}
29.811	{"type":"ecg","dev":"node-01","seq":298,"t0":31034,"fs":250,"leads_off":true,"bpm":null,"samples":[4095,4095,4095,4095,4095,4095,4095,4095,4095,4095,4095,4095,4095,4095,4095,4095,4095,4095,4095,4095,4095,4095,4095,4095,4095]}
29.813	{"type":"imu","dev":"node-01","seq":298,"t0":31034,"fs":100,"samples":[[0.0003,-0.0021,1.0008,0.99,-0.41,0.03,-0.02,-0.12],[0.0055,0.0003,1.0001,1.88,-0.75,0.35,-0.32,0.02],[-0.0059,0.0062,1.0033,0.68,-0.4,0.17,0.34,0.35],[0.0031,0.002,1.0007,1.0,-1.92,0.54,-0.18,0.12],[0.0029,-0.0008,1.0033,0.85,-0.31,0.59,-0.17,-0.05],[0.0016,-0.002,0.9996,0.88,-0.07,-0.03,-0.09,-0.12],[0.0133,0.0045,0.9985,1.85,-0.85,0.42,-0.76,0.26],[-0.0078,0.0037,1.0034,1.68,-0.2,-0.27,0.45,0.21],[0.0031,-0.0063,1.0052,1.72,-0.92,-0.1,-0.18,-0.36],[-0.0012,-0.0032,0.9994,1.84,-0.58,1.01,0.07,-0.19]]}
29.911	{"type":"ecg","dev":"node-01","seq":299,"t0":31134,"fs":250,"leads_off":true,"bpm":null,"samples":[4095,4095,4095,4095,4095,4095,4095,4095,4095,4095,4095,4095,4095,4095,4095,4095,4095,4095,4095,4095,4095,4095,4095,4095,4095]}
29.913	{"type":"imu","dev":"node-01","seq":299,"t0":31134,"fs":100,"samples":[[0.0037,0.0067,0.9979,0.31,-0.77,1.08,-0.21,0.39],[-0.0004,-0.0006,1.0024,1.46,0.36,0.38,0.02,-0.04],[-0.0013,-0.0011,0.9989,0.18,-0.45,0.62,0.07,-0.06],[0.0051,0.0049,0.9933,1.24,-1.97,-0.71,-0.3,0.28],[-0.0036,-0.0002,1.0079,1.34,-0.99,-0.24,0.21,-0.01],[0.0028,-0.0044,1.0017,1.29,-1.34,0.18,-0.16,-0.25],[0.0008,-0.0045,1.0024,1.54,0.13,1.03,-0.05,-0.26],[0.0043,0.0039,0.9936,1.59,-0.3,-0.36,-0.25,0.23],[0.0066,0.0061,1.0048,1.12,-1.2,1.45,-0.37,0.35],[0.0044,-0.0018,1.0005,0.81,-0.94,0.3,-0.25,-0.11]]}
30.000	{"type":"status","dev":"node-01","fw":"0.1.0","uptime_ms":31234,"ecg":{"fs":250},"imu":{"ok":true,"fs":100,"errors":0,"fields":["ax","ay","az","gx","gy","gz","pitch","roll"]}}
30.012	{"type":"ecg","dev":"node-01","seq":300,"t0":31234,"fs":250,"leads_off":true,"bpm":null,"samples":[4095,4095,4095,4095,4095,4095,4095,4095,4095,4095,4095,4095,4095,4095,4095,4095,4095,4095,4095,4095,4095,4095,4095,4095,4095]}
30.014	{"type":"imu","dev":"node-01","seq":300,"t0":31234,"fs":100,"samples":[[0.0064,0.0062,1.0049,1.31,-1.57,1.87,-0.36,0.35],[-0.003,0.0025,1.0003,1.54,-1.23,-0.35,0.17,0.14],[0.0054,-0.0056,1.0036,1.29,-0.78,1.0,-0.31,-0.32],[0.0081,-0.0047,1.0006,1.2,-0.44,0.51,-0.46,-0.27],[0.0009,0.0036,1.0044,0.72,-0.83,-0.27,-0.05,0.2],[0.001,-0.006,0.9971,1.6,-0.57,1.01,-0.06,-0.34],[0.002,-0.0005,1.0032,0.44,-0.63,0.2,-0.12,-0.03],[-0.002,-0.002,0.9949,1.43,-1.05,1.51,0.11,-0.11],[0.0028,-0.0007,0.9945,1.54,-0.93,1.3,-0.16,-0.04],[0.001,-0.0042,0.993,0.92,-0.26,0.2,-0.06,-0.24]]}
30.110	{"type":"ecg","dev":"node-01","seq":301,"t0":31334,"fs":250,"leads_off":true,"bpm":null,"samples":[4095,4095,4095,4095,4095,4095,4095,4095,4095,4095,4095,4095,4095,4095,4095,4095,4095,4095,4095,4095,4095,4095,4095,4095,4095]}
30.112	{"type":"imu","dev":"node-01","seq":301,"t0":31334,"fs":100,"samples":[[-0.0012,0.0006,0.9992,1.48,-0.9,2.09,0.07,0.04],[-0.004,0.0061,0.9969,0.71,-0.2,1.77,0.23,0.35],[-0.0025,-0.0047,1.0014,1.07,-0.98,0.02,0.15,-0.27],[-0.0014,0.0027,0.9997,0.81,-1.08,0.07,0.08,0.15],[-0.0019,-0.0018,0.9991,1.45,0.01,0.79,0.11,-0.1],[0.0113,-0.004,1.0005,1.81,-0.59,0.81,-0.65,-0.23],[-0.0122,0.0035,0.9961,1.24,-1.4,0.15,0.7,0.2],[0.0019,0.0008,0.9965,0.33,-0.16,0.62,-0.11,0.05],[0.0042,-0.0011,0.9962,1.72,-0.1,1.18,-0.24,-0.06],[0.0008,-0.0052,1.0031,0.74,-0.31,-0.04,-0.04,-0.29]]}
30.212	{"type":"ecg","dev":"node-01","seq":302,"t0":31434,"fs":250,"leads_off":true,"bpm":null,"samples":[4095,4095,4095,4095,4095,4095,4095,4095,4095,4095,4095,4095,4095,4095,4095,4095,4095,4095,4095,4095,4095,4095,4095,4095,4095]}
30.214	{"type":"imu","dev":"node-01","seq":302,"t0":31434,"fs":100,"samples":[[0.0007,-0.0033,1.0019,0.88,-2.05,1.05,-0.04,-0.19],[-0.0011,-0.0079,0.9997,1.51,-0.69,1.12,0.06,-0.45],[0.0009,0.0021,0.9989,1.38,-1.18,0.94,-0.05,0.12],[0.0055,-0.006,1.0007,0.87,-0.81,0.13,-0.31,-0.35],[-0.0061,0.0029,0.9961,0.34,-1.2,0.99,0.35,0.16],[0.0004,-0.0001,0.9977,0.88,-0.23,0.15,-0.03,-0.01],[-0.0019,-0.004,1.0018,1.49,-0.74,1.23,0.11,-0.23],[-0.0005,-0.0001,1.001,1.5,-0.65,0.24,0.03,-0.01],[0.0043,-0.0026,1.003,1.25,-1.72,1.03,-0.25,-0.15],[0.0032,0.0019,0.9986,2.3,-0.71,0.35,-0.18,0.11]]}
30.312	{"type":"ecg","dev":"node-01","seq":303,"t0":31534,"fs":250,"leads_off":true,"bpm":null,"samples":[4095,4095,4095,4095,4095,4095,4095,4095,4095,4095,4095,4095,4095,4095,4095,4095,4095,4095,4095,4095,4095,4095,4095,4095,4095]}
30.314	{"type":"imu","dev":"node-01","seq":303,"t0":31534,"fs":100,"samples":[[0.0006,-0.0016,1.0086,0.93,-1.2,0.83,-0.03,-0.09],[-0.0006,0.0054,1.0016,1.72,-1.53,0.49,0.03,0.31],[-0.0057,-0.0059,1.0016,1.9,-1.34,0.71,0.32,-0.34],[-0.0016,0.002,1.0008,0.95,-0.78,0.48,0.09,0.11],[-0.0004,0.0083,0.9964,0.8,-0.88,0.27,0.03,0.48],[0.0025,-0.0056,1.0002,1.44,-1.24,1.37,-0.14,-0.32],[-0.0038,-0.004,0.9982,1.9,-0.6,0.41,0.22,-0.23],[0.0043,-0.0037,1.0022,0.96,-0.13,1.29,-0.25,-0.21],[-0.0039,-0.0049,0.9947,1.86,-0.39,0.49,0.23,-0.28],[-0.0098,-0.007,1.001,0.51,-1.0,0.73,0.56,-0.4]]}
30.413	{"type":"ecg","dev":"node-01","seq":304,"t0":31634,"fs":250,"leads_off":true,"bpm":null,"samples":[4095,4095,4095,4095,4095,4095,4095,4095,4095,4095,4095,4095,4095,4095,4095,4095,4095,4095,4095,4095,4095,4095,4095,4095,4095]}
30.415	{"type":"imu","dev":"node-01","seq":304,"t0":31634,"fs":100,"samples":[[0.0042,-0.0021,0.997,0.87,-0.64,0.18,-0.24,-0.12],[0.0037,-0.0067,0.9995,1.29,-0.32,0.19,-0.21,-0.38],[-0.0023,-0.0021,1.0028,0.95,0.15,0.72,0.13,-0.12],[-0.0087,0.0048,0.9937,1.68,-0.05,0.66,0.5,0.28],[-0.0049,-0.0028,0.9968,2.1,0.06,-0.24,0.28,-0.16],[-0.002,0.003,1.0003,1.25,-0.56,1.1,0.12,0.17],[0.0006,0.0019,1.0042,2.16,-0.38,0.64,-0.04,0.11],[0.0033,-0.0019,1.0023,0.46,-0.72,0.49,-0.19,-0.11],[-0.0023,-0.0039,0.9993,1.12,-0.7,0.42,0.13,-0.23],[0.004,-0.0001,0.9976,0.85,-1.05,0.26,-0.23,-0.0]]}
30.513	{"type":"ecg","dev":"node-01","seq":305,"t0":31734,"fs":250,"leads_off":true,"bpm":null,"samples":[4095,4095,4095,4095,4095,4095,4095,4095,4095,4095,4095,4095,4095,4095,4095,4095,4095,4095,4095,4095,4095,4095,4095,4095,4095]}
30.515	{"type":"imu","dev":"node-01","seq":305,"t0":31734,"fs":100,"samples":[[0.0001,-0.0047,0.9948,1.5,-0.81,1.34,-0.01,-0.27],[0.0013,-0.005,1.0021,0.4,-0.07,-0.32,-0.08,-0.29],[-0.0068,-0.0148,1.0003,1.57,-1.33,0.87,0.39,-0.85],[-0.0031,-0.0074,0.9953,0.3,-1.04,0.06,0.18,-0.43],[-0.0026,0.0017,1.0032,0.49,0.23,-0.14,0.15,0.1],[-0.0029,0.0042,1.0063,0.92,-0.5,0.02,0.16,0.24],[-0.0008,0.0014,1.0035,0.14,-0.51,0.33,0.05,0.08],[-0.0064,-0.0078,1.0008,0.94,-1.85,0.71,0.37,-0.45],[-0.0005,-0.009,1.0064,2.21,-0.93,0.52,0.03,-0.51],[-0.0026,-0.0057,0.9962,1.11,-0.88,1.37,0.15,-0.33]]}
30.613	{"type":"ecg","dev":"node-01","seq":306,"t0":31834,"fs":250,"leads_off":true,"bpm":null,"samples":[4095,4095,4095,4095,4095,4095,4095,4095,4095,4095,4095,4095,4095,4095,4095,4095,4095,4095,4095,4095,4095,4095,4095,4095,4095]}
30.615	{"type":"imu","dev":"node-01","seq":306,"t0":31834,"fs":100,"samples":[[-0.0034,-0.0028,1.0103,0.75,-1.05,0.77,0.19,-0.16],[-0.002,-0.0044,1.0027,1.63,-0.57,0.2,0.12,-0.25],[-0.003,-0.005,0.9956,0.66,-1.36,0.45,0.17,-0.29],[-0.0065,0.0017,1.0055,0.55,-0.61,0.56,0.37,0.1],[-0.0109,-0.0008,1.0084,0.49,-0.81,0.58,0.62,-0.05],[-0.006,-0.0091,1.0028,0.78,-0.43,0.47,0.34,-0.52],[-0.0052,-0.0091,1.005,0.99,-0.23,1.42,0.29,-0.52],[-0.0016,-0.0042,1.0016,0.48,-1.36,0.73,0.09,-0.24],[-0.0048,-0.0056,0.9942,1.29,-0.78,0.56,0.28,-0.32],[0.0003,-0.0003,1.0019,1.36,-0.68,1.03,-0.02,-0.02]]}
30.711	{"type":"ecg","dev":"node-01","seq":307,"t0":31934,"fs":250,"leads_off":true,"bpm":null,"samples":[4095,4095,4095,4095,4095,4095,4095,4095,4095,4095,4095,4095,4095,4095,4095,4095,4095,4095,4095,4095,4095,4095,4095,4095,4095]}
30.713	{"type":"imu","dev":"node-01","seq":307,"t0":31934,"fs":100,"samples":[[-0.0031,0.0038,1.0009,0.16,-1.38,-0.15,0.18,0.22],[0.0038,-0.0068,0.9934,1.06,-0.96,1.49,-0.22,-0.39],[0.0031,-0.0038,1.0075,1.7,-1.51,-0.15,-0.18,-0.22],[0.0009,-0.0079,0.9977,1.34,0.26,0.37,-0.05,-0.45],[-0.0022,-0.0092,1.0042,1.92,-0.83,0.19,0.12,-0.52],[0.0077,-0.01,0.9997,1.66,-0.19,0.13,-0.44,-0.57],[-0.0027,-0.0003,0.9972,0.98,-1.62,1.2,0.16,-0.02],[0.007,-0.0083,0.9997,1.49,0.04,0.81,-0.4,-0.47],[-0.0038,-0.01,1.0025,0.44,0.08,-0.6,0.22,-0.57],[-0.0028,-0.0007,1.0067,1.17,-0.33,0.37,0.16,-0.04]]}
30.812	{"type":"ecg","dev":"node-01","seq":308,"t0":32034,"fs":250,"leads_off":true,"bpm":null,"samples":[4095,4095,4095,4095,4095,4095,4095,4095,4095,4095,4095,4095,4095,4095,4095,4095,4095,4095,4095,4095,4095,4095,4095,4095,4095]}
30.814	{"type":"imu","dev":"node-01","seq":308,"t0":32034,"fs":100,"samples":[[0.0039,-0.0065,0.9986,0.77,-0.65,0.52,-0.22,-0.38],[-0.0006,-0.0038,0.9994,0.84,-0.56,-0.23,0.03,-0.22],[-0.0101,-0.0091,1.0035,1.03,-0.74,0.54,0.58,-0.52],[-0.002,-0.0101,1.0071,0.83,-0.86,0.73,0.11,-0.57],[-0.0021,-0.0084,1.0047,1.07,-0.73,1.11,0.12,-0.48],[-0.0006,-0.0037,1.0025,0.49,-0.74,1.14,0.03,-0.21],[0.0006,0.0005,0.9986,1.86,-1.09,0.06,-0.04,0.03],[-0.0022,-0.0051,0.9973,0.61,-0.72,0.61,0.13,-0.29],[-0.0013,-0.0056,1.0074,0.77,-0.37,0.58,0.07,-0.32],[0.0007,-0.0077,0.9907,1.26,-0.19,0.89,-0.04,-0.45]]}
30.912	{"type":"ecg","dev":"node-01","seq":309,"t0":32134,"fs":250,"leads_off":true,"bpm":null,"samples":[4095,4095,4095,4095,4095,4095,4095,4095,4095,4095,4095,4095,4095,4095,4095,4095,4095,4095,4095,4095,4095,4095,4095,4095,4095]}
30.914	{"type":"imu","dev":"node-01","seq":309,"t0":32134,"fs":100,"samples":[[-0.005,-0.0001,1.001,1.33,-0.42,0.27,0.29,-0.01],[-0.0001,-0.0064,0.9987,1.49,-1.08,0.54,0.0,-0.37],[0.0012,0.0006,1.0013,1.79,-0.75,1.36,-0.07,0.04],[-0.0033,-0.0016,0.9985,1.1,-0.18,1.44,0.19,-0.09],[0.0014,0.0009,0.9949,2.27,-0.84,0.19,-0.08,0.05],[-0.0014,-0.006,1.0025,0.9,-1.56,0.46,0.08,-0.34],[-0.001,-0.0094,0.9948,1.69,0.77,0.54,0.05,-0.54],[0.001,-0.0059,1.0033,1.18,-0.86,1.34,-0.06,-0.34],[-0.0014,-0.0024,0.9998,1.31,-1.16,0.32,0.08,-0.14],[0.0053,-0.0002,0.9944,1.82,-1.72,0.91,-0.31,-0.01]]}
31.014	{"type":"ecg","dev":"node-01","seq":310,"t0":32234,"fs":250,"leads_off":true,"bpm":null,"samples":[4095,4095,4095,4095,4095,4095,4095,4095,4095,4095,4095,4095,4095,4095,4095,4095,4095,4095,4095,4095,4095,4095,4095,4095,4095]}
31.016	{"type":"imu","dev":"node-01","seq":310,"t0":32234,"fs":100,"samples":[[-0.0046,-0.0046,0.9959,1.06,-0.51,0.91,0.26,-0.27],[0.009,0.001,0.9981,1.62,-0.47,0.98,-0.52,0.06],[-0.0018,-0.0045,0.9972,1.84,-0.87,0.18,0.1,-0.26],[-0.0023,0.0038,0.9957,1.34,-1.53,0.87,0.13,0.22],[-0.0042,-0.0056,1.0034,0.71,-0.97,0.68,0.24,-0.32],[0.0047,-0.0009,0.9918,1.2,0.13,0.68,-0.27,-0.05],[-0.0004,-0.002,0.9953,1.54,-1.06,-0.43,0.02,-0.11],[0.0045,-0.0018,1.003,1.81,-0.46,0.68,-0.26,-0.11],[-0.0059,-0.0027,1.009,2.01,-0.66,0.42,0.33,-0.15],[-0.0014,-0.0021,1.0027,0.81,-1.23,0.97,0.08,-0.12]]}
31.113	{"type":"ecg","dev":"node-01","seq":311,"t0":32334,"fs":250,"leads_off":true,"bpm":null,"samples":[4095,4095,4095,4095,4095,4095,4095,4095,4095,4095,4095,4095,4095,4095,4095,4095,4095,4095,4095,4095,4095,4095,4095,4095,4095]}
31.115	{"type":"imu","dev":"node-01","seq":311,"t0":32334,"fs":100,"samples":[[0.0034,-0.0109,1.0026,1.16,-1.34,0.59,-0.2,-0.62],[0.0053,-0.0008,0.9991,1.34,-1.27,0.63,-0.3,-0.05],[-0.0073,-0.0048,1.0079,0.88,-0.82,0.74,0.42,-0.27],[0.002,-0.0042,0.9999,0.95,-1.39,0.21,-0.12,-0.24],[0.0058,-0.0054,0.9995,1.49,-1.09,0.57,-0.33,-0.31],[0.0023,-0.0052,1.004,0.84,-1.22,0.44,-0.13,-0.29],[-0.0018,-0.0074,0.994,2.05,-0.2,0.46,0.1,-0.43],[-0.004,-0.0029,1.0052,1.66,-1.51,0.87,0.23,-0.17],[-0.004,-0.0033,0.999,0.93,0.02,0.09,0.23,-0.19],[0.0,-0.01,0.9967,1.11,-1.11,0.72,-0.0,-0.57]]}
31.210	{"type":"ecg","dev":"node-01","seq":312,"t0":32434,"fs":250,"leads_off":true,"bpm":null,"samples":[4095,4095,4095,4095,4095,4095,4095,4095,4095,4095,4095,4095,4095,4095,4095,4095,4095,4095,4095,4095,4095,4095,4095,4095,4095]}
31.212	{"type":"imu","dev":"node-01","seq":312,"t0":32434,"fs":100,"samples":[[-0.0006,-0.0019,1.0037,1.31,-0.67,0.52,0.04,-0.11],[-0.0066,-0.0028,1.0013,0.53,-1.22,1.94,0.38,-0.16],[-0.0004,0.0013,1.0024,0.19,-1.14,1.34,0.02,0.08],[-0.0032,-0.0017,0.9978,1.61,-0.52,0.32,0.18,-0.1],[0.0017,-0.0026,0.9988,1.51,-0.33,0.44,-0.1,-0.15],[0.0002,-0.0061,0.9936,2.27,-0.85,0.85,-0.01,-0.35],[0.0027,-0.0069,1.0011,0.78,-0.63,0.25,-0.15,-0.4],[-0.0052,0.002,1.0062,0.44,-1.41,1.27,0.3,0.12],[0.0007,-0.0075,1.002,0.96,-1.07,0.61,-0.04,-0.43],[0.0003,-0.0041,0.997,1.45,-1.87,1.46,-0.02,-0.24]]}
31.311	{"type":"ecg","dev":"node-01","seq":313,"t0":32534,"fs":250,"leads_off":true,"bpm":null,"samples":[4095,4095,4095,4095,4095,4095,4095,4095,4095,4095,4095,4095,4095,4095,4095,4095,4095,4095,4095,4095,4095,4095,4095,4095,4095]}
31.313	{"type":"imu","dev":"node-01","seq":313,"t0":32534,"fs":100,"samples":[[-0.0003,-0.0028,0.9948,1.49,-1.28,1.0,0.02,-0.16],[-0.0061,-0.0015,0.9974,1.23,-1.25,1.29,0.35,-0.09],[-0.0011,-0.006,1.0002,1.14,-0.28,0.42,0.06,-0.34],[-0.0027,-0.0005,1.0011,1.05,-0.4,-0.48,0.15,-0.03],[0.0064,-0.0009,0.9941,1.87,0.56,0.89,-0.37,-0.05],[-0.0052,-0.0043,1.0002,0.7,-1.44,0.37,0.3,-0.25],[0.004,-0.0038,0.9999,1.21,-1.13,-0.29,-0.23,-0.22],[0.0034,-0.0033,1.003,1.35,-0.48,0.68,-0.19,-0.19],[0.0061,0.0011,0.9998,1.53,-0.34,0.75,-0.35,0.06],[-0.0025,-0.0028,1.0051,0.92,-0.74,1.07,0.14,-0.16]]}
31.411	{"type":"ecg","dev":"node-01","seq":314,"t0":32634,"fs":250,"leads_off":true,"bpm":null,"samples":[4095,4095,4095,4095,4095,4095,4095,4095,4095,4095,4095,4095,4095,4095,4095,4095,4095,4095,4095,4095,4095,4095,4095,4095,4095]}
31.413	{"type":"imu","dev":"node-01","seq":314,"t0":32634,"fs":100,"samples":[[-0.0032,-0.0017,0.9965,1.23,-1.13,0.42,0.18,-0.1],[0.0,-0.002,1.0037,1.55,-1.41,0.84,-0.0,-0.11],[-0.0021,-0.0041,0.9979,1.2,-0.76,1.02,0.12,-0.24],[0.0092,0.0017,1.0006,1.57,-0.2,0.18,-0.53,0.1],[-0.0019,-0.0013,0.9963,1.33,-0.38,0.83,0.11,-0.07],[-0.0006,-0.0063,0.9961,1.22,-0.79,1.28,0.03,-0.36],[0.0031,-0.0042,1.0049,1.11,-1.18,1.09,-0.17,-0.24],[0.0001,-0.0031,0.9992,2.32,-0.93,0.74,-0.01,-0.18],[-0.005,-0.007,0.9949,1.21,-0.39,0.16,0.29,-0.4],[0.0022,-0.0104,0.9981,1.53,-1.1,0.48,-0.13,-0.6]]}
31.511	{"type":"ecg","dev":"node-01","seq":315,"t0":32734,"fs":250,"leads_off":true,"bpm":null,"samples":[4095,4095,4095,4095,4095,4095,4095,4095,4095,4095,4095,4095,4095,4095,4095,4095,4095,4095,4095,4095,4095,4095,4095,4095,4095]}
31.513	{"type":"imu","dev":"node-01","seq":315,"t0":32734,"fs":100,"samples":[[-0.0052,0.0008,1.0,0.83,-1.18,1.13,0.3,0.05],[0.0021,-0.0029,0.998,2.09,-0.67,0.78,-0.12,-0.17],[0.0058,0.0008,1.0022,0.27,-1.58,0.87,-0.33,0.05],[0.0006,-0.0056,0.9923,0.79,-0.38,1.12,-0.03,-0.32],[-0.0058,0.0003,1.0056,0.91,-0.87,0.21,0.33,0.02],[0.0036,0.0022,0.9963,1.9,-0.25,0.56,-0.21,0.12],[-0.0024,0.0038,0.997,1.09,-0.52,0.06,0.14,0.22],[0.0015,-0.0032,1.0015,1.55,-0.54,0.46,-0.08,-0.18],[-0.0074,-0.0034,1.0012,0.68,-0.95,0.81,0.43,-0.19],[-0.0064,0.0005,0.9914,0.9,-0.64,1.24,0.37,0.03]]}
31.612	{"type":"ecg","dev":"node-01","seq":316,"t0":32834,"fs":250,"leads_off":true,"bpm":null,"samples":[4095,4095,4095,4095,4095,4095,4095,4095,4095,4095,4095,4095,4095,4095,4095,4095,4095,4095,4095,4095,4095,4095,4095,4095,4095]}
31.614	{"type":"imu","dev":"node-01","seq":316,"t0":32834,"fs":100,"samples":[[-0.0028,-0.0089,0.9988,1.72,-0.83,0.75,0.16,-0.51],[0.0043,0.0021,0.9992,1.1,-1.22,0.52,-0.24,0.12],[0.0024,0.0017,1.0015,0.88,-1.59,1.27,-0.14,0.1],[0.0026,-0.0053,1.0022,1.83,-0.88,0.84,-0.15,-0.31],[0.006,-0.0055,0.9972,1.09,-1.36,1.25,-0.34,-0.32],[0.0012,-0.0108,0.9961,1.77,-0.4,1.34,-0.07,-0.62],[-0.0058,-0.0094,0.9966,1.72,-1.27,0.37,0.33,-0.54],[-0.0032,-0.002,1.0064,1.31,-0.2,0.85,0.18,-0.11],[0.0013,-0.0048,0.9997,0.94,-1.2,0.43,-0.08,-0.28],[0.0008,-0.0071,0.9969,1.86,0.21,1.18,-0.04,-0.41]]}
31.712	{"type":"ecg","dev":"node-01","seq":317,"t0":32934,"fs":250,"leads_off":true,"bpm":null,"samples":[4095,4095,4095,4095,4095,4095,4095,4095,4095,4095,4095,4095,4095,4095,4095,4095,4095,4095,4095,4095,4095,4095,4095,4095,4095]}
31.714	{"type":"imu","dev":"node-01","seq":317,"t0":32934,"fs":100,"samples":[[-0.0017,-0.0043,1.004,1.3,-1.61,1.21,0.09,-0.24],[0.0063,0.0059,1.0014,0.81,-0.7,0.53,-0.36,0.34],[-0.0007,-0.006,1.0021,0.9,-1.76,0.31,0.04,-0.34],[-0.0053,0.0031,1.0025,1.11,-0.75,0.21,0.3,0.18],[-0.0023,-0.0056,0.999,0.13,-0.46,1.09,0.13,-0.32],[-0.0001,0.0076,1.0021,1.24,-1.32,0.27,0.0,0.44],[-0.0012,-0.0033,0.9986,0.66,-0.91,0.19,0.07,-0.19],[0.0025,0.0007,1.0013,2.27,-0.4,0.26,-0.14,0.04],[0.0005,-0.0028,1.0018,0.45,-0.36,0.22,-0.03,-0.16],[0.0046,-0.0015,1.0019,1.36,-1.96,-0.03,-0.26,-0.08]]}
31.811	{"type":"ecg","dev":"node-01","seq":318,"t0":33034,"fs":250,"leads_off":true,"bpm":null,"samples":[4095,4095,4095,4095,4095,4095,4095,4095,4095,4095,4095,4095,4095,4095,4095,4095,4095,4095,4095,4095,4095,4095,4095,4095,4095]}
31.813	{"type":"imu","dev":"node-01","seq":318,"t0":33034,"fs":100,"samples":[[-0.0019,-0.0028,0.9983,-0.07,-0.69,0.34,0.11,-0.16],[-0.0028,-0.0019,0.9968,0.24,-0.03,0.32,0.16,-0.11],[-0.0064,-0.0066,1.0016,0.9,-1.03,0.12,0.37,-0.38],[0.0032,0.0012,0.9852,2.26,-0.66,1.76,-0.18,0.07],[-0.0089,-0.0031,0.9997,0.65,-2.48,0.87,0.51,-0.18],[-0.0003,-0.0054,0.9991,1.14,-0.62,0.55,0.02,-0.31],[0.0006,-0.0088,0.9961,1.08,-0.2,0.63,-0.04,-0.51],[0.0082,0.0005,0.9978,1.35,-0.54,1.69,-0.47,0.03],[-0.0042,-0.002,0.9991,1.93,-0.65,0.89,0.24,-0.11],[0.0007,-0.0027,1.002,1.08,-1.38,-0.17,-0.04,-0.15]]}
31.911	{"type":"ecg","dev":"node-01","seq":319,"t0":33134,"fs":250,"leads_off":true,"bpm":null,"samples":[4095,4095,4095,4095,4095,4095,4095,4095,4095,4095,4095,4095,4095,4095,4095,4095,4095,4095,4095,4095,4095,4095,4095,4095,4095]}
31.913	{"type":"imu","dev":"node-01","seq":319,"t0":33134,"fs":100,"samples":[[0.004,0.006,0.9974,1.7,-0.8,0.45,-0.23,0.35],[0.0049,0.0002,0.9996,1.48,-1.67,1.13,-0.28,0.01],[-0.0012,0.0066,1.003,1.5,-0.95,-0.02,0.07,0.38],[0.0061,0.0024,0.9913,0.8,-0.72,0.24,-0.35,0.14],[-0.0033,-0.0014,0.9986,0.59,-1.22,-0.04,0.19,-0.08],[-0.0019,0.0008,0.9996,1.18,-1.32,0.69,0.11,0.05],[0.0005,-0.0007,0.9994,1.55,-0.58,0.94,-0.03,-0.04],[-0.0001,-0.0037,1.0036,1.57,-0.78,1.1,0.01,-0.21],[0.0008,-0.0052,1.0066,1.7,-1.59,-0.47,-0.05,-0.29],[0.0078,-0.001,1.0042,0.48,-0.68,1.35,-0.45,-0.06]]}
32.012	{"type":"ecg","dev":"node-01","seq":320,"t0":33234,"fs":250,"leads_off":true,"bpm":null,"samples":[4095,4095,4095,4095,4095,4095,4095,4095,4095,4095,4095,4095,4095,4095,4095,4095,4095,4095,4095,4095,4095,4095,4095,4095,4095]}
32.014	{"type":"imu","dev":"node-01","seq":320,"t0":33234,"fs":100,"samples":[[0.0,0.0059,1.0024,1.9,-0.82,0.09,-0.0,0.34],[-0.0016,0.0049,1.0083,1.35,-1.43,0.33,0.09,0.28],[0.0027,0.0019,0.9993,0.43,-2.24,0.92,-0.15,0.11],[0.0001,0.0045,1.0026,0.45,-0.87,0.53,-0.01,0.26],[-0.0006,0.0011,0.9946,0.44,-0.53,-0.28,0.04,0.06],[-0.0046,-0.0029,1.0013,1.07,-1.47,0.49,0.26,-0.17],[0.0042,0.0035,0.9967,1.62,-0.87,0.78,-0.24,0.2],[0.0038,-0.0023,1.0081,0.68,-1.33,0.5,-0.22,-0.13],[-0.0002,0.0054,0.998,2.08,-0.93,1.55,0.01,0.31],[-0.0042,0.0055,1.0072,0.64,-0.38,0.21,0.24,0.31]]}
32.111	{"type":"ecg","dev":"node-01","seq":321,"t0":33334,"fs":250,"leads_off":true,"bpm":null,"samples":[4095,4095,4095,4095,4095,4095,4095,4095,4095,4095,4095,4095,4095,4095,4095,4095,4095,4095,4095,4095,4095,4095,4095,4095,4095]}
32.113	{"type":"imu","dev":"node-01","seq":321,"t0":33334,"fs":100,"samples":[[-0.004,-0.0033,0.9989,2.31,-1.21,0.84,0.23,-0.19],[-0.0083,-0.0026,1.001,1.5,-0.28,-0.42,0.47,-0.15],[-0.0013,0.0015,0.9918,0.45,-0.37,1.01,0.07,0.09],[-0.0056,-0.0009,0.9954,0.4,-1.04,-0.22,0.32,-0.05],[0.0045,0.0031,1.0056,0.11,-1.03,0.77,-0.26,0.17],[0.0039,-0.0015,0.9924,1.3,-0.4,1.09,-0.23,-0.09],[0.0004,-0.0035,0.998,0.89,-0.25,-0.28,-0.02,-0.2],[0.0001,-0.0005,0.9923,0.54,-0.47,0.48,-0.0,-0.03],[-0.0014,-0.0025,1.0013,1.71,-0.71,1.03,0.08,-0.14],[-0.0105,-0.001,1.0009,1.59,-1.52,0.29,0.6,-0.06]]}
32.213	{"type":"ecg","dev":"node-01","seq":322,"t0":33434,"fs":250,"leads_off":true,"bpm":null,"samples":[4095,4095,4095,4095,4095,4095,4095,4095,4095,4095,4095,4095,4095,4095,4095,4095,4095,4095,4095,4095,4095,4095,4095,4095,4095]}
32.215	{"type":"imu","dev":"node-01","seq":322,"t0":33434,"fs":100,"samples":[[0.0028,-0.0038,0.9944,1.59,-0.75,0.05,-0.16,-0.22],[0.0023,-0.0006,0.992,1.84,-0.75,1.02,-0.13,-0.03],[0.0068,0.0032,0.9972,1.39,-0.78,0.36,-0.39,0.18],[0.0041,0.0049,1.0011,0.69,-1.43,0.35,-0.23,0.28],[0.005,0.0054,1.0082,1.78,-0.99,0.08,-0.29,0.31],[-0.0008,0.006,1.0012,0.94,-0.33,1.9,0.05,0.34],[0.0029,0.0021,1.0004,1.72,-0.88,-0.28,-0.17,0.12],[0.0088,-0.0014,1.0016,1.15,-0.48,0.61,-0.5,-0.08],[0.0022,0.0045,1.0004,1.21,-0.92,0.65,-0.13,0.26],[-0.0027,0.0075,1.012,2.18,-0.03,0.81,0.15,0.42]]}
32.311	{"type":"ecg","dev":"node-01","seq":323,"t0":33533,"fs":250,"leads_off":true,"bpm":null,"samples":[4095,4095,4095,4095,4095,4095,4095,4095,4095,4095,4095,4095,4095,4095,4095,4095,4095,4095,4095,4095,4095,4095,4095,4095,4095]}
32.313	{"type":"imu","dev":"node-01","seq":323,"t0":33533,"fs":100,"samples":[[0.0005,-0.0047,0.9986,1.41,-0.44,-0.28,-0.03,-0.27],[-0.0034,0.0057,1.0044,1.18,-1.3,0.6,0.19,0.33],[-0.0007,-0.0003,1.0012,1.79,-1.52,0.6,0.04,-0.02],[0.0049,0.005,0.997,0.91,-0.51,0.96,-0.28,0.29],[-0.0026,-0.0035,1.0005,1.27,-0.42,0.19,0.15,-0.2],[-0.0046,0.0049,1.0059,0.54,-0.54,0.71,0.26,0.28],[-0.0025,0.0065,1.0009,0.56,-1.11,0.29,0.14,0.37],[-0.0008,0.0054,1.0046,1.88,-0.23,0.03,0.04,0.31],[-0.0002,-0.0046,1.0009,1.45,-0.72,0.9,0.01,-0.26],[-0.0071,-0.0002,1.0007,1.16,-1.42,0.36,0.41,-0.01]]}
32.412	{"type":"ecg","dev":"node-01","seq":324,"t0":33634,"fs":250,"leads_off":true,"bpm":null,"samples":[4095,4095,4095,4095,4095,4095,4095,4095,4095,4095,4095,4095,4095,4095,4095,4095,4095,4095,4095,4095,4095,4095,4095,4095,4095]}
32.414	{"type":"imu","dev":"node-01","seq":324,"t0":33634,"fs":100,"samples":[[0.0026,0.0029,0.9972,1.71,-0.82,0.61,-0.15,0.17],[-0.0001,0.0001,1.0041,1.23,-1.39,0.93,0.0,0.01],[-0.0005,-0.0012,0.9986,1.72,-0.93,0.74,0.03,-0.07],[-0.0017,0.0051,0.999,0.44,-1.13,0.87,0.1,0.29],[0.0056,-0.0008,1.0033,0.58,-0.41,1.08,-0.32,-0.05],[-0.0016,-0.0012,1.0035,1.18,-1.9,1.03,0.09,-0.07],[0.0024,0.0023,0.9984,1.98,-1.17,0.56,-0.14,0.13],[0.0014,0.0056,0.9979,1.06,-0.83,0.67,-0.08,0.32],[0.0013,0.0076,0.9995,0.78,-1.01,0.39,-0.08,0.43],[-0.0052,-0.0011,0.9999,1.32,-0.73,-0.08,0.3,-0.06]]}
32.514	{"type":"ecg","dev":"node-01","seq":325,"t0":33734,"fs":250,"leads_off":true,"bpm":null,"samples":[4095,4095,4095,4095,4095,4095,4095,4095,4095,4095,4095,4095,4095,4095,4095,4095,4095,4095,4095,4095,4095,4095,4095,4095,4095]}
32.516	{"type":"imu","dev":"node-01","seq":325,"t0":33734,"fs":100,"samples":[[-0.003,0.0031,0.9938,1.16,-1.33,0.16,0.17,0.18],[-0.0037,0.0023,0.9995,1.61,-1.11,0.96,0.21,0.13],[-0.0042,0.0038,1.0117,1.48,-0.7,0.37,0.24,0.21],[0.0096,0.0053,1.0037,0.86,-0.61,1.31,-0.55,0.3],[-0.0018,0.0016,1.0079,1.39,-0.68,0.73,0.1,0.09],[-0.0049,0.003,0.9983,1.51,-1.0,-0.11,0.28,0.17],[0.0027,-0.0004,1.0045,1.14,-0.96,-0.44,-0.15,-0.03],[-0.0011,0.0015,1.0019,1.34,-0.24,0.68,0.06,0.08],[-0.0002,0.0032,0.9958,1.65,-0.53,0.85,0.01,0.18],[0.0027,0.0017,0.9984,1.01,-0.62,-0.13,-0.15,0.1]]}
32.611	{"type":"ecg","dev":"node-01","seq":326,"t0":33834,"fs":250,"leads_off":true,"bpm":null,"samples":[4095,4095,4095,4095,4095,4095,4095,4095,4095,4095,4095,4095,4095,4095,4095,4095,4095,4095,4095,4095,4095,4095,4095,4095,4095]}
32.613	{"type":"imu","dev":"node-01","seq":326,"t0":33834,"fs":100,"samples":[[0.003,-0.0023,0.999,1.86,-0.98,0.82,-0.17,-0.13],[0.0019,0.0001,0.9994,1.46,-0.61,1.11,-0.11,0.0],[-0.0011,0.0032,1.0001,1.33,-0.21,-0.17,0.06,0.18],[0.0043,0.0027,0.9975,1.0,-0.4,-0.03,-0.25,0.16],[-0.0015,0.0047,0.9991,2.19,-0.6,0.42,0.08,0.27],[0.0069,0.0098,0.9983,1.06,-0.75,-0.22,-0.4,0.56],[0.0062,0.0085,1.0007,1.12,-1.71,0.1,-0.35,0.48],[0.0012,0.0012,0.9953,0.81,-0.53,1.03,-0.07,0.07],[-0.0012,0.0065,0.9956,0.74,-0.81,-0.46,0.07,0.37],[-0.0033,0.0067,1.0041,1.28,-1.13,1.03,0.19,0.38]]}
32.713	{"type":"ecg","dev":"node-01","seq":327,"t0":33934,"fs":250,"leads_off":true,"bpm":null,"samples":[4095,4095,4095,4095,4095,4095,4095,4095,4095,4095,4095,4095,4095,4095,4095,4095,4095,4095,4095,4095,4095,4095,4095,4095,4095]}
32.715	{"type":"imu","dev":"node-01","seq":327,"t0":33934,"fs":100,"samples":[[-0.0023,0.0135,1.0049,-0.16,-0.59,-0.13,0.13,0.77],[-0.0079,0.0014,0.9996,1.34,-1.51,0.72,0.45,0.08],[-0.0015,0.006,1.0019,1.45,-1.03,1.0,0.09,0.34],[0.0038,0.0087,0.9979,1.13,-1.04,0.04,-0.22,0.5],[0.0029,-0.0015,1.0018,1.7,-1.54,-0.42,-0.17,-0.08],[-0.0036,0.0091,1.0044,1.06,-0.79,0.45,0.2,0.52],[0.0051,0.0099,0.9988,1.29,-0.39,0.4,-0.29,0.57],[0.0041,0.0008,0.9947,1.89,-0.42,1.06,-0.24,0.05],[0.0005,0.0065,1.0047,1.38,-0.93,0.47,-0.03,0.37],[-0.0005,0.0053,1.002,1.15,-0.38,0.64,0.03,0.3]]}
32.811	{"type":"ecg","dev":"node-01","seq":328,"t0":34034,"fs":250,"leads_off":true,"bpm":null,"samples":[4095,4095,4095,4095,4095,4095,4095,4095,4095,4095,4095,4095,4095,4095,4095,4095,4095,4095,4095,4095,4095,4095,4095,4095,4095]}
32.813	{"type":"imu","dev":"node-01","seq":328,"t0":34034,"fs":100,"samples":[[-0.0011,0.0043,1.0007,1.44,-0.13,0.38,0.06,0.25],[-0.0061,0.0051,1.0048,1.43,-1.37,0.62,0.35,0.29],[-0.0087,0.0074,0.9941,1.68,-0.0,0.61,0.5,0.43],[0.0015,0.0057,0.9932,1.24,-1.39,0.35,-0.09,0.33],[0.0017,0.0071,1.0006,1.93,-1.34,0.75,-0.1,0.41],[-0.002,0.004,0.9953,0.91,-0.29,-0.12,0.11,0.23],[0.0043,0.0084,0.9976,1.74,-0.37,1.08,-0.25,0.48],[0.0004,0.0027,1.0017,1.0,-0.86,1.06,-0.03,0.16],[-0.0044,0.0051,0.9952,1.73,-1.65,1.28,0.26,0.29],[-0.0062,0.0007,1.0007,0.92,-0.45,0.13,0.36,0.04]]}
32.914	{"type":"ecg","dev":"node-01","seq":329,"t0":34134,"fs":250,"leads_off":true,"bpm":null,"samples":[4095,4095,4095,4095,4095,4095,4095,4095,4095,4095,4095,4095,4095,4095,4095,4095,4095,4095,4095,4095,4095,4095,4095,4095,4095]}
32.916	{"type":"imu","dev":"node-01","seq":329,"t0":34134,"fs":100,"samples":[[-0.0015,-0.0029,1.0003,0.79,-0.74,0.91,0.08,-0.17],[0.0022,0.0132,1.0027,0.37,-0.13,-0.18,-0.13,0.75],[0.005,0.0016,0.9928,0.81,-2.47,0.48,-0.29,0.09],[0.0012,-0.0007,1.0019,0.65,-0.44,0.62,-0.07,-0.04],[0.0036,0.0038,1.0065,1.24,-0.85,0.59,-0.2,0.22],[0.0034,-0.0033,1.0024,0.95,-1.57,0.7,-0.19,-0.19],[0.0015,0.0022,0.9979,1.03,-1.05,0.04,-0.09,0.13],[0.0019,0.0052,0.9952,1.38,-0.35,0.33,-0.11,0.3],[-0.0042,0.0053,1.0031,0.84,-0.42,1.19,0.24,0.3],[0.0015,0.0063,1.001,0.72,-0.65,0.34,-0.09,0.36]]}
33.012	{"type":"ecg","dev":"node-01","seq":330,"t0":34234,"fs":250,"leads_off":true,"bpm":null,"samples":[4095,4095,4095,4095,4095,4095,4095,4095,4095,4095,4095,4095,4095,4095,4095,4095,4095,4095,4095,4095,4095,4095,4095,4095,4095]}
33.014	{"type":"imu","dev":"node-01","seq":330,"t0":34234,"fs":100,"samples":[[-0.0,0.0,0.9911,1.78,-1.08,0.33,0.0,0.0],[-0.0013,0.0018,0.9935,0.12,0.03,-0.18,0.07,0.1],[0.0062,0.0039,1.0,1.5,-0.18,0.75,-0.35,0.23],[0.0009,0.0018,1.0011,1.04,-0.98,-0.33,-0.05,0.1],[-0.0018,0.0082,0.9985,1.6,-1.56,0.2,0.11,0.47],[-0.0075,0.0015,0.9979,1.12,-1.1,0.36,0.43,0.09],[0.0004,0.0006,1.0035,1.62,-0.69,-0.34,-0.02,0.04],[-0.004,0.0089,0.9984,2.35,-0.81,0.45,0.23,0.51],[0.0014,0.0037,1.004,2.37,-0.87,0.4,-0.08,0.21],[0.0072,0.0025,1.0014,1.4,-1.41,0.59,-0.41,0.15]]}
33.114	{"type":"ecg","dev":"node-01","seq":331,"t0":34334,"fs":250,"leads_off":true,"bpm":null,"samples":[4095,4095,4095,4095,4095,4095,4095,4095,4095,4095,4095,4095,4095,4095,4095,4095,4095,4095,4095,4095,4095,4095,4095,4095,4095]}
33.116	{"type":"imu","dev":"node-01","seq":331,"t0":34334,"fs":100,"samples":[[0.0015,-0.0009,1.0029,1.23,-0.73,-0.01,-0.09,-0.05],[0.0008,0.0082,1.005,1.09,-0.71,1.08,-0.04,0.47],[-0.0042,0.0049,1.008,1.03,-0.49,0.05,0.24,0.28],[-0.0028,0.0062,0.9971,0.27,-1.74,0.88,0.16,0.36],[0.0067,0.0066,1.0069,0.88,-1.54,1.39,-0.38,0.38],[0.009,0.0029,1.0079,1.03,-0.77,-0.35,-0.51,0.17],[-0.0005,0.0085,1.0038,0.9,-1.31,0.91,0.03,0.49],[0.0007,0.004,1.0015,0.57,-1.42,-0.11,-0.04,0.23],[0.0017,0.002,1.0039,1.83,-1.24,0.21,-0.1,0.12],[-0.001,0.0017,0.9979,0.38,-0.84,1.52,0.06,0.1]]}
33.213	{"type":"ecg","dev":"node-01","seq":332,"t0":34434,"fs":250,"leads_off":true,"bpm":null,"samples":[4095,4095,4095,4095,4095,4095,4095,4095,4095,4095,4095,4095,4095,4095,4095,4095,4095,4095,4095,4095,4095,4095,4095,4095,4095]}
33.215	{"type":"imu","dev":"node-01","seq":332,"t0":34434,"fs":100,"samples":[[0.0041,0.0025,0.9939,1.32,-0.26,0.01,-0.23,0.15],[0.0031,0.0069,0.9985,1.53,-0.68,0.99,-0.18,0.39],[0.004,0.0021,0.9977,0.39,-0.18,0.56,-0.23,0.12],[-0.0016,0.0008,1.0079,1.91,-1.58,0.62,0.09,0.04],[0.0032,0.0113,0.9965,1.18,-0.51,-0.37,-0.19,0.65],[0.0008,0.0008,0.9919,1.11,-1.3,0.89,-0.04,0.05],[-0.0075,-0.0034,0.9977,1.2,-1.13,0.41,0.43,-0.19],[-0.003,-0.0006,0.998,1.66,-0.7,0.37,0.17,-0.03],[0.0004,-0.0031,0.9925,1.53,-1.07,0.49,-0.02,-0.18],[-0.0007,0.0018,0.9898,1.1,-0.78,1.13,0.04,0.1]]}
33.311	{"type":"ecg","dev":"node-01","seq":333,"t0":34534,"fs":250,"leads_off":true,"bpm":null,"samples":[4095,4095,4095,4095,4095,4095,4095,4095,4095,4095,4095,4095,4095,4095,4095,4095,4095,4095,4095,4095,4095,4095,4095,4095,4095]}
33.313	{"type":"imu","dev":"node-01","seq":333,"t0":34534,"fs":100,"samples":[[0.0068,0.0027,0.9939,0.5,-0.37,0.35,-0.39,0.16],[0.0049,0.0086,1.0069,1.07,-0.42,0.03,-0.28,0.49],[0.0007,-0.003,0.9949,0.64,-1.34,0.48,-0.04,-0.17],[0.0,0.0036,0.9941,0.72,-1.05,0.63,-0.0,0.21],[0.0024,0.0039,0.9966,0.74,-0.99,0.04,-0.14,0.23],[0.0026,0.0056,0.9966,0.94,-0.99,0.12,-0.15,0.32],[-0.004,0.0075,0.9961,1.01,-1.95,0.55,0.23,0.43],[0.0006,0.0075,1.0038,1.43,-0.49,0.4,-0.03,0.43],[-0.001,0.0024,0.9918,1.72,-0.45,-0.22,0.06,0.14],[0.0013,0.0146,1.0053,0.72,-1.36,-0.02,-0.07,0.83]]}
33.412	{"type":"ecg","dev":"node-01","seq":334,"t0":34634,"fs":250,"leads_off":true,"bpm":null,"samples":[4095,4095,4095,4095,4095,4095,4095,4095,4095,4095,4095,4095,4095,4095,4095,4095,4095,4095,4095,4095,4095,4095,4095,4095,4095]}
33.414	{"type":"imu","dev":"node-01","seq":334,"t0":34634,"fs":100,"samples":[[-0.0022,0.0012,1.0015,1.93,-1.07,0.63,0.13,0.07],[0.0035,0.0025,1.0056,1.28,0.13,-0.11,-0.2,0.14],[0.0061,0.0077,0.9961,1.54,-0.48,0.39,-0.35,0.45],[-0.0005,0.0075,1.0,2.08,-1.4,0.79,0.03,0.43],[-0.0021,0.0031,0.9949,0.73,-1.18,0.9,0.12,0.18],[0.0018,0.0098,1.0035,0.88,-0.84,0.67,-0.1,0.56],[0.0031,-0.0039,0.9929,0.78,-0.15,1.6,-0.18,-0.22],[-0.0015,0.0008,0.9951,1.23,-1.29,0.28,0.08,0.04],[0.0003,-0.0005,0.9965,1.83,-0.96,1.74,-0.01,-0.03],[-0.0041,0.0066,0.9991,0.88,-0.31,1.53,0.24,0.38]]}
33.514	{"type":"ecg","dev":"node-01","seq":335,"t0":34734,"fs":250,"leads_off":true,"bpm":null,"samples":[4095,4095,4095,4095,4095,4095,4095,4095,4095,4095,4095,4095,4095,4095,4095,4095,4095,4095,4095,4095,4095,4095,4095,4095,4095]}
33.516	{"type":"imu","dev":"node-01","seq":335,"t0":34734,"fs":100,"samples":[[0.0015,0.006,1.0077,1.27,-0.81,0.74,-0.09,0.34],[-0.0001,0.0039,0.9981,1.68,-1.22,0.2,0.0,0.22],[0.0012,0.0048,0.9971,0.82,-0.38,1.32,-0.07,0.28],[-0.0003,0.0066,0.9996,0.49,-0.89,-0.31,0.02,0.38],[-0.0014,0.0075,1.0014,0.32,-1.21,1.28,0.08,0.43],[-0.0007,0.007,1.0056,0.77,-0.79,0.8,0.04,0.4],[-0.0009,0.0017,0.9994,2.02,-1.36,1.06,0.05,0.1],[0.0014,0.0011,0.9974,0.51,-0.41,0.19,-0.08,0.06],[0.0107,0.0059,0.9995,1.75,-1.42,-0.04,-0.61,0.34],[0.0003,-0.0028,1.0015,0.85,-0.9,0.02,-0.02,-0.16]]}
33.613	{"type":"ecg","dev":"node-01","seq":336,"t0":34834,"fs":250,"leads_off":true,"bpm":null,"samples":[4095,4095,4095,4095,4095,4095,4095,4095,4095,4095,4095,4095,4095,4095,4095,4095,4095,4095,4095,4095,4095,4095,4095,4095,4095]}
33.615	{"type":"imu","dev":"node-01","seq":336,"t0":34834,"fs":100,"samples":[[-0.0007,0.0061,0.995,1.71,-0.56,0.51,0.04,0.35],[-0.0028,0.0087,1.0072,0.9,-0.93,0.34,0.16,0.49],[-0.0011,0.0005,1.0006,0.73,-1.34,-0.08,0.06,0.03],[0.0048,0.0085,0.9987,0.79,-0.1,-0.27,-0.27,0.49],[0.0045,-0.0,1.0028,0.3,-0.01,1.03,-0.26,-0.0],[-0.0045,0.0031,0.9945,1.55,-1.42,0.89,0.26,0.18],[0.0009,-0.0005,1.003,1.58,0.49,0.2,-0.05,-0.03],[0.0025,0.0025,0.9971,1.17,-0.61,-0.07,-0.14,0.14],[0.0018,0.0014,1.0033,1.53,-0.52,1.37,-0.1,0.08],[0.0011,0.0037,0.9933,1.71,-0.46,0.78,-0.06,0.21]]}
33.711	{"type":"ecg","dev":"node-01","seq":337,"t0":34934,"fs":250,"leads_off":true,"bpm":null,"samples":[4095,4095,4095,4095,4095,4095,4095,4095,4095,4095,4095,4095,4095,4095,4095,4095,4095,4095,4095,4095,4095,4095,4095,4095,4095]}
33.713	{"type":"imu","dev":"node-01","seq":337,"t0":34934,"fs":100,"samples":[[-0.0002,0.0036,0.9959,1.6,-0.63,0.73,0.01,0.21],[0.0034,0.0132,1.0074,1.67,-0.7,0.34,-0.19,0.75],[0.0039,0.0001,1.0022,1.16,-0.33,0.46,-0.22,0.0],[-0.0061,-0.0039,1.0015,1.39,-1.1,0.0,0.35,-0.22],[-0.0049,0.0009,1.0006,0.65,-0.79,1.22,0.28,0.05],[-0.0056,-0.0012,0.9942,1.14,0.01,0.74,0.32,-0.07],[0.0015,-0.0013,0.9983,0.26,-0.42,0.29,-0.08,-0.07],[0.0,-0.0005,1.0021,1.64,-0.63,0.37,-0.0,-0.03],[0.0031,-0.0007,0.9995,2.29,-0.89,0.52,-0.18,-0.04],[0.0051,-0.002,1.0025,1.68,-0.8,0.84,-0.29,-0.12]]}
33.813	{"type":"ecg","dev":"node-01","seq":338,"t0":35034,"fs":250,"leads_off":true,"bpm":null,"samples":[4095,4095,4095,4095,4095,4095,4095,4095,4095,4095,4095,4095,4095,4095,4095,4095,4095,4095,4095,4095,4095,4095,4095,4095,4095]}
33.815	{"type":"imu","dev":"node-01","seq":338,"t0":35034,"fs":100,"samples":[[0.0001,-0.0031,0.9991,0.87,-1.22,0.62,-0.01,-0.18],[0.0025,0.0036,1.0017,1.54,-1.02,0.57,-0.14,0.2],[-0.0028,-0.0006,1.0025,1.23,-1.44,0.07,0.16,-0.04],[-0.0008,-0.0029,1.0003,1.16,-0.48,0.07,0.05,-0.17],[0.0007,-0.0051,0.9942,1.32,-0.44,0.2,-0.04,-0.29],[-0.0008,-0.0011,1.0066,1.31,-0.36,1.08,0.05,-0.06],[0.0019,0.0009,0.998,1.61,-0.27,1.08,-0.11,0.05],[0.0065,-0.0045,1.0036,1.04,-1.22,0.52,-0.37,-0.26],[-0.0047,0.005,1.0004,0.74,-0.82,1.2,0.27,0.28],[0.0023,0.0003,1.0015,0.5,-0.43,0.08,-0.13,0.02]]}
33.911	{"type":"ecg","dev":"node-01","seq":339,"t0":35134,"fs":250,"leads_off":true,"bpm":null,"samples":[4095,4095,4095,4095,4095,4095,4095,4095,4095,4095,4095,4095,4095,4095,4095,4095,4095,4095,4095,4095,4095,4095,4095,4095,4095]}
33.913	{"type":"imu","dev":"node-01","seq":339,"t0":35134,"fs":100,"samples":[[0.0051,0.0021,1.0059,1.12,-1.39,-0.02,-0.29,0.12],[-0.0015,0.0124,0.9998,1.36,-1.17,0.25,0.09,0.71],[0.0016,-0.0037,0.9973,1.32,-1.41,0.38,-0.09,-0.21],[0.0057,0.0055,1.0033,0.73,-0.37,0.15,-0.33,0.31],[-0.0024,0.0026,1.0006,1.12,-1.42,0.29,0.14,0.15],[-0.0012,0.011,0.9972,0.73,-0.4,0.9,0.07,0.63],[0.001,0.004,1.005,1.23,-0.2,1.01,-0.06,0.23],[0.0001,0.0017,1.0021,1.04,-0.21,0.56,-0.01,0.1],[0.0025,0.0008,0.9949,0.1,-0.27,0.97,-0.15,0.05],[0.0002,0.001,1.0045,1.0,-0.42,0.04,-0.01,0.05]]}
34.011	{"type":"ecg","dev":"node-01","seq":340,"t0":35234,"fs":250,"leads_off":true,"bpm":null,"samples":[4095,4095,4095,4095,4095,4095,4095,4095,4095,4095,4095,4095,4095,4095,4095,4095,4095,4095,4095,4095,4095,4095,4095,4095,4095]}
34.013	{"type":"imu","dev":"node-01","seq":340,"t0":35234,"fs":100,"samples":[[-0.0,-0.0038,1.0024,1.93,-0.26,1.26,0.0,-0.22],[-0.0004,0.0023,1.0038,0.78,-0.84,0.78,0.02,0.13],[-0.0021,-0.0064,0.9913,0.36,-0.58,1.8,0.12,-0.37],[0.0017,-0.0117,0.9926,0.7,-2.04,0.29,-0.1,-0.67],[0.0034,0.0008,1.0001,2.01,-0.44,0.35,-0.19,0.05],[0.0025,-0.005,0.9996,0.96,-0.16,-0.06,-0.14,-0.28],[-0.0011,-0.0031,0.9928,0.81,-0.29,0.52,0.07,-0.18],[0.008,-0.0003,0.9956,1.6,-0.69,0.93,-0.46,-0.02],[-0.0021,0.0022,1.0059,1.07,-0.75,1.05,0.12,0.13],[0.001,-0.0048,1.0037,0.81,-1.43,0.57,-0.06,-0.27]]}
34.113	{"type":"ecg","dev":"node-01","seq":341,"t0":35334,"fs":250,"leads_off":true,"bpm":null,"samples":[4095,4095,4095,4095,4095,4095,4095,4095,4095,4095,4095,4095,4095,4095,4095,4095,4095,4095,4095,4095,4095,4095,4095,4095,4095]}
34.115	{"type":"imu","dev":"node-01","seq":341,"t0":35334,"fs":100,"samples":[[0.0017,0.0002,1.0042,1.39,-0.77,0.42,-0.1,0.01],[0.0081,0.0006,1.0016,0.98,-0.78,0.46,-0.46,0.03],[0.0022,0.0026,1.002,1.26,0.07,0.19,-0.13,0.15],[0.0042,0.0002,1.0026,1.09,-0.71,-0.34,-0.24,0.01],[0.0062,0.001,0.9978,0.8,-0.68,0.61,-0.36,0.06],[0.0008,0.0045,1.0001,1.16,-0.69,-0.12,-0.04,0.26],[0.0021,0.0006,1.0013,1.91,-0.94,0.13,-0.12,0.04],[0.0022,-0.0048,0.9946,0.9,-0.15,0.38,-0.13,-0.28],[-0.0005,-0.0003,1.001,0.58,-0.76,1.21,0.03,-0.02],[-0.0025,-0.0028,1.001,1.22,-0.89,-0.4,0.14,-0.16]]}
34.213	{"type":"ecg","dev":"node-01","seq":342,"t0":35434,"fs":250,"leads_off":true,"bpm":null,"samples":[4095,4095,4095,4095,4095,4095,4095,4095,4095,4095,4095,4095,4095,4095,4095,4095,4095,4095,4095,4095,4095,4095,4095,4095,4095]}
34.215	{"type":"imu","dev":"node-01","seq":342,"t0":35434,"fs":100,"samples":[[-0.0018,0.0017,0.9996,1.62,-1.15,0.8,0.1,0.1],[0.0048,-0.0036,0.9978,1.36,-1.0,-1.2,-0.28,-0.21],[0.0054,0.0052,1.0009,1.79,-1.37,0.1,-0.31,0.3],[-0.0029,0.0034,1.0056,0.88,-1.6,0.59,0.16,0.19],[-0.0024,-0.0022,1.0066,1.22,-0.91,1.02,0.14,-0.12],[0.0038,0.0015,0.9977,1.1,-0.81,1.0,-0.22,0.09],[-0.0051,0.002,1.0084,0.78,-0.88,1.07,0.29,0.11],[-0.0009,0.0012,0.9916,1.71,-0.53,0.72,0.05,0.07],[-0.0042,-0.0017,1.0045,1.04,-0.91,0.34,0.24,-0.1],[0.0132,-0.0073,1.0067,1.06,-0.19,0.92,-0.75,-0.42]]}
34.314	{"type":"ecg","dev":"node-01","seq":343,"t0":35534,"fs":250,"leads_off":true,"bpm":null,"samples":[4095,4095,4095,4095,4095,4095,4095,4095,4095,4095,4095,4095,4095,4095,4095,4095,4095,4095,4095,4095,4095,4095,4095,4095,4095]}
34.316	{"type":"imu","dev":"node-01","seq":343,"t0":35534,"fs":100,"samples":[[0.0067,0.0024,0.9991,1.84,-1.07,1.25,-0.39,0.14],[0.0001,0.0055,1.003,1.16,-0.9,-0.68,-0.0,0.32],[-0.0038,-0.003,1.003,1.63,0.1,1.18,0.22,-0.17],[0.0017,-0.0044,0.9971,0.9,-0.73,-0.05,-0.1,-0.25],[0.0002,-0.0102,0.9988,0.78,-0.63,1.06,-0.01,-0.58],[0.004,0.0023,0.9939,0.65,-1.14,0.25,-0.23,0.13],[0.0012,-0.0098,1.0041,1.88,-0.11,0.42,-0.07,-0.56],[-0.0056,-0.0013,0.9942,0.7,0.0,-0.62,0.32,-0.08],[-0.0043,-0.0124,1.0009,1.17,-0.03,0.39,0.25,-0.71],[0.0018,0.0018,1.0083,0.96,-0.64,0.41,-0.1,0.1]]}
34.412	{"type":"ecg","dev":"node-01","seq":344,"t0":35634,"fs":250,"leads_off":true,"bpm":null,"samples":[4095,4095,4095,4095,4095,4095,4095,4095,4095,4095,4095,4095,4095,4095,4095,4095,4095,4095,4095,4095,4095,4095,4095,4095,4095]}
34.414	{"type":"imu","dev":"node-01","seq":344,"t0":35634,"fs":100,"samples":[[0.0013,-0.0022,1.004,1.47,-0.48,0.39,-0.07,-0.13],[0.0018,-0.0023,0.9906,0.95,-1.35,0.24,-0.11,-0.13],[-0.006,0.006,0.9918,1.58,-0.21,-0.01,0.34,0.34],[-0.002,-0.0077,1.0021,2.03,-1.28,0.7,0.12,-0.44],[-0.001,-0.0055,1.0014,1.17,-0.48,-0.28,0.06,-0.32],[-0.0018,-0.0047,1.0052,1.56,0.33,-0.28,0.1,-0.27],[0.0055,-0.007,1.0032,2.56,-1.12,0.67,-0.32,-0.4],[0.0004,0.0008,1.0015,0.5,-0.39,0.54,-0.02,0.05],[-0.0006,0.0019,0.9979,1.39,0.5,0.89,0.03,0.11],[-0.0107,0.0027,1.0019,0.6,-0.15,-0.06,0.61,0.16]]}
34.513	{"type":"ecg","dev":"node-01","seq":345,"t0":35734,"fs":250,"leads_off":true,"bpm":null,"samples":[4095,4095,4095,4095,4095,4095,4095,4095,4095,4095,4095,4095,4095,4095,4095,4095,4095,4095,4095,4095,4095,4095,4095,4095,4095]}
34.515	{"type":"imu","dev":"node-01","seq":345,"t0":35734,"fs":100,"samples":[[-0.0028,-0.0128,1.0021,1.33,-0.54,0.5,0.16,-0.73],[-0.0004,0.0052,0.9997,1.12,-1.61,0.62,0.02,0.3],[0.0077,0.0007,1.0009,1.31,0.04,0.89,-0.44,0.04],[-0.0078,0.0022,0.9971,0.91,-0.64,-0.04,0.45,0.13],[0.003,-0.006,1.002,0.74,-0.69,0.67,-0.17,-0.34],[-0.007,-0.0047,0.9957,1.03,0.17,0.31,0.4,-0.27],[-0.0021,0.007,0.9984,1.02,-0.34,0.47,0.12,0.4],[0.0004,-0.006,0.9982,0.76,-0.62,0.25,-0.02,-0.34],[0.0039,-0.0027,1.0004,1.71,-0.36,-0.53,-0.22,-0.16],[0.0068,-0.0013,0.9971,1.65,-1.34,1.18,-0.39,-0.07]]}
34.612	{"type":"ecg","dev":"node-01","seq":346,"t0":35834,"fs":250,"leads_off":true,"bpm":null,"samples":[4095,4095,4095,4095,4095,4095,4095,4095,4095,4095,4095,4095,4095,4095,4095,4095,4095,4095,4095,4095,4095,4095,4095,4095,4095]}
34.614	{"type":"imu","dev":"node-01","seq":346,"t0":35834,"fs":100,"samples":[[0.0037,-0.0009,1.0053,1.32,-0.72,0.73,-0.21,-0.05],[0.0003,-0.0072,0.9992,1.39,-0.8,0.22,-0.02,-0.41],[-0.0021,0.0009,0.9996,0.79,-1.23,0.15,0.12,0.05],[-0.0027,-0.0042,1.0011,0.85,-1.4,-0.13,0.15,-0.24],[-0.0024,0.003,1.0074,0.76,-1.5,0.01,0.14,0.17],[-0.0021,-0.0077,1.003,2.04,-1.13,0.33,0.12,-0.44],[-0.0037,-0.0034,1.0067,1.39,-1.3,0.69,0.21,-0.19],[-0.0085,-0.0047,0.9967,1.57,0.04,0.21,0.49,-0.27],[-0.0021,-0.0089,0.998,1.4,-1.06,1.16,0.12,-0.51],[0.0027,-0.0033,1.0054,1.02,-0.56,0.32,-0.16,-0.19]]}
34.711	{"type":"ecg","dev":"node-01","seq":347,"t0":35934,"fs":250,"leads_off":true,"bpm":null,"samples":[4095,4095,4095,4095,4095,4095,4095,4095,4095,4095,4095,4095,4095,4095,4095,4095,4095,4095,4095,4095,4095,4095,4095,4095,4095]}
34.713	{"type":"imu","dev":"node-01","seq":347,"t0":35934,"fs":100,"samples":[[0.0016,-0.0025,1.0035,0.63,-0.73,0.43,-0.09,-0.14],[0.0083,-0.0074,0.9999,1.25,-0.7,1.06,-0.48,-0.42],[0.0043,-0.0015,1.0068,0.67,-0.34,0.58,-0.24,-0.09],[0.0019,-0.0057,1.0021,1.39,-0.99,1.21,-0.11,-0.33],[0.0067,-0.0048,0.9945,1.69,-0.41,1.27,-0.39,-0.27],[-0.0012,0.0002,0.9993,0.87,-0.59,0.89,0.07,0.01],[0.0003,-0.0043,0.9929,1.39,-0.38,0.29,-0.02,-0.25],[-0.0027,-0.0112,0.9941,0.88,-0.15,0.86,0.15,-0.64],[0.0,-0.0098,0.9969,0.9,-1.17,0.41,-0.0,-0.56],[0.0013,-0.0053,1.0064,1.11,-0.57,0.16,-0.07,-0.3]]}
34.811	{"type":"ecg","dev":"node-01","seq":348,"t0":36034,"fs":250,"leads_off":true,"bpm":null,"samples":[4095,4095,4095,4095,4095,4095,4095,4095,4095,4095,4095,4095,4095,4095,4095,4095,4095,4095,4095,4095,4095,4095,4095,4095,4095]}
34.813	{"type":"imu","dev":"node-01","seq":348,"t0":36034,"fs":100,"samples":[[0.0029,-0.0106,1.0014,1.08,-1.84,0.57,-0.17,-0.6],[-0.0052,-0.0041,0.9985,0.98,0.14,1.35,0.3,-0.23],[0.0023,-0.0034,0.9973,1.5,-1.83,0.08,-0.13,-0.2],[0.0037,-0.0018,0.9987,1.34,-0.77,0.34,-0.21,-0.1],[-0.0041,-0.004,0.9936,1.26,0.04,0.45,0.23,-0.23],[0.0024,-0.0082,0.9978,1.71,-1.2,1.13,-0.14,-0.47],[0.0103,-0.0058,1.0043,1.58,0.07,1.37,-0.59,-0.33],[0.0011,-0.0034,0.9949,1.91,-0.82,0.1,-0.06,-0.19],[0.0064,0.0024,0.9938,0.88,-0.11,0.2,-0.37,0.14],[0.0068,-0.0058,0.9993,0.96,-1.24,0.96,-0.39,-0.33]]}
34.911	{"type":"ecg","dev":"node-01","seq":349,"t0":36134,"fs":250,"leads_off":true,"bpm":null,"samples":[4095,4095,4095,4095,4095,4095,4095,4095,4095,4095,4095,4095,4095,4095,4095,4095,4095,4095,4095,4095,4095,4095,4095,4095,4095]}
34.913	{"type":"imu","dev":"node-01","seq":349,"t0":36134,"fs":100,"samples":[[-0.003,-0.0035,1.0063,0.58,-1.69,0.77,0.17,-0.2],[0.0016,0.0,0.9999,2.55,-1.15,1.0,-0.09,0.0],[-0.0006,-0.0016,0.9913,1.44,-0.95,0.42,0.04,-0.09],[-0.0011,-0.0008,1.0028,2.43,-0.92,0.6,0.06,-0.05],[-0.0019,-0.0053,0.9949,1.08,-0.71,0.12,0.11,-0.31],[0.0019,-0.0029,1.0022,1.44,-1.34,0.31,-0.11,-0.16],[0.0033,-0.0027,1.0028,1.45,-1.38,0.51,-0.19,-0.15],[-0.0051,-0.0112,1.0032,0.54,-0.07,0.31,0.29,-0.64],[0.0051,-0.011,0.9986,0.67,-0.29,-0.18,-0.29,-0.63],[-0.0028,-0.001,1.0043,1.17,-1.24,0.79,0.16,-0.06]]}
35.000	{"type":"status","dev":"node-01","fw":"0.1.0","uptime_ms":36234,"ecg":{"fs":250},"imu":{"ok":true,"fs":100,"errors":0,"fields":["ax","ay","az","gx","gy","gz","pitch","roll"]}}
35.014	{"type":"ecg","dev":"node-01","seq":350,"t0":36234,"fs":250,"leads_off":false,"bpm":86.9,"samples":[2091,2098,2118,2139,2136,2150,2164,2167,2163,2176,2158,2145,2129,2111,2109,2076,2072,2047,2039,2019,2009,1999,1982,1974,1977]}
35.016	{"type":"imu","dev":"node-01","seq":350,"t0":36234,"fs":100,"samples":[[-0.004,-0.0076,0.9985,1.16,-0.97,0.52,0.23,-0.44],[0.0092,-0.0061,0.9889,1.63,-0.99,0.66,-0.54,-0.35],[0.0011,-0.0013,0.9962,1.4,-1.05,0.85,-0.07,-0.08],[0.0068,-0.0087,1.0078,1.34,-1.93,0.42,-0.39,-0.49],[0.0062,-0.0034,0.9972,0.87,-1.28,0.04,-0.36,-0.19],[0.0029,-0.0011,0.9991,1.54,-1.0,1.03,-0.17,-0.06],[-0.0002,-0.0059,1.0043,2.72,-0.74,0.65,0.01,-0.33],[0.0061,-0.0029,1.0044,1.47,-0.22,0.56,-0.35,-0.17],[0.0033,0.0017,1.0014,0.66,-0.97,-0.26,-0.19,0.1],[0.0039,0.0004,1.0018,1.22,-1.16,0.37,-0.22,0.02]]}
35.114	{"type":"ecg","dev":"node-01","seq":351,"t0":36334,"fs":250,"leads_off":false,"bpm":89.1,"samples":[1979,1974,1968,1965,1960,1956,1953,1960,1952,1965,1963,1960,1954,1965,1963,1954,1954,1962,1950,1962,1952,1970,1962,1970,1965]}
35.116	{"type":"imu","dev":"node-01","seq":351,"t0":36334,"fs":100,"samples":[[-0.0038,-0.0,1.0062,1.48,-0.6,0.27,0.22,-0.0],[-0.0048,0.0013,0.9986,0.78,-0.13,0.5,0.27,0.08],[0.0039,0.0023,0.9943,1.22,-0.24,1.7,-0.22,0.13],[0.0023,-0.0124,1.0023,1.2,-1.72,0.9,-0.13,-0.71],[0.0047,0.0005,1.0043,1.09,-1.98,0.54,-0.27,0.03],[0.0008,-0.0066,1.0005,0.34,-0.71,0.54,-0.05,-0.38],[0.0,0.0011,0.9931,1.15,-0.51,0.55,-0.0,0.06],[0.0013,-0.0019,0.9976,1.22,-0.59,0.31,-0.08,-0.11],[0.0047,-0.0035,1.0013,1.2,0.09,0.28,-0.27,-0.2],[-0.0082,-0.0032,1.0007,1.46,-1.62,0.33,0.47,-0.18]]}
35.212	{"type":"ecg","dev":"node-01","seq":352,"t0":36434,"fs":250,"leads_off":false,"bpm":87.4,"samples":[1952,1957,1953,1967,1952,1967,1962,1962,1961,1953,1953,1964,1950,1958,1964,1962,1959,1968,1968,1959,1959,1964,1969,1956,1965]}
35.214	{"type":"imu","dev":"node-01","seq":352,"t0":36434,"fs":100,"samples":[[-0.0017,-0.0045,0.9972,1.04,-1.02,0.38,0.1,-0.26],[0.0044,-0.0026,0.9954,1.42,-0.89,-0.15,-0.25,-0.15],[-0.0037,-0.0042,0.9945,1.68,-1.62,0.72,0.22,-0.24],[0.003,-0.0049,0.9934,1.82,-0.88,0.48,-0.17,-0.28],[-0.0002,-0.0059,0.9927,1.52,-1.27,0.55,0.01,-0.34],[0.0003,-0.0011,0.9933,1.17,-1.19,1.15,-0.02,-0.06],[-0.0068,-0.0014,0.9952,1.5,-0.55,-0.82,0.39,-0.08],[0.0004,-0.0005,1.0073,0.31,0.6,1.31,-0.03,-0.03],[-0.0037,-0.0059,1.0003,0.05,-1.39,0.6,0.21,-0.34],[-0.0005,-0.0034,0.9981,1.77,-0.63,0.65,0.03,-0.2]]}
35.312	{"type":"ecg","dev":"node-01","seq":353,"t0":36534,"fs":250,"leads_off":false,"bpm":89.1,"samples":[1965,1965,1962,1972,1959,1972,1976,1961,1967,1959,1955,1972,1960,1961,1967,1960,1964,1980,1962,1976,1969,1963,1968,1975,1963]}
35.314	{"type":"imu","dev":"node-01","seq":353,"t0":36534,"fs":100,"samples":[[-0.0048,-0.0007,0.9961,1.87,-0.93,1.63,0.28,-0.04],[0.0046,-0.0109,1.001,1.47,-1.19,0.27,-0.26,-0.62],[0.0061,-0.0056,1.0024,1.08,-0.26,0.03,-0.35,-0.32],[-0.0041,-0.0038,0.9982,1.87,-0.1,1.16,0.24,-0.22],[0.0041,-0.0041,1.0018,1.5,-1.33,-0.14,-0.23,-0.23],[0.0018,-0.003,1.0039,0.77,-1.61,0.04,-0.1,-0.17],[-0.0001,-0.0042,0.9953,1.04,-0.76,0.71,0.0,-0.24],[0.0024,0.0002,0.9965,1.17,-1.14,1.06,-0.14,0.01],[0.0015,-0.014,0.9977,0.5,-0.69,0.11,-0.09,-0.8],[-0.0007,-0.0063,0.9991,0.75,-1.36,0.29,0.04,-0.36]]}
35.411	{"type":"ecg","dev":"node-01","seq":354,"t0":36634,"fs":250,"leads_off":false,"bpm":89.2,"samples":[1968,1971,1980,1971,1978,1972,1971,1983,1987,1996,2023,2032,2027,2050,2058,2072,2053,2042,2047,2021,2011,2003,1985,1983,1974]}
35.413	{"type":"imu","dev":"node-01","seq":354,"t0":36634,"fs":100,"samples":[[0.0021,-0.0035,1.0029,1.56,-0.26,0.53,-0.12,-0.2],[0.004,-0.007,1.0021,0.75,-0.98,-0.34,-0.23,-0.4],[-0.0047,0.002,0.9982,1.87,-0.5,-0.12,0.27,0.11],[-0.0025,-0.0026,1.0001,1.19,-1.11,-0.65,0.14,-0.15],[-0.0046,-0.0013,0.9998,1.41,-0.44,0.23,0.26,-0.08],[-0.0028,-0.0023,0.9968,1.79,-0.83,1.5,0.16,-0.13],[0.0028,-0.0003,0.9987,0.73,-1.41,0.33,-0.16,-0.02],[0.0052,-0.0076,1.0,1.23,-0.41,0.46,-0.3,-0.43],[0.0053,0.0014,1.0056,1.9,-0.01,0.48,-0.3,0.08],[-0.0009,0.0002,0.9962,1.6,-1.2,-0.07,0.05,0.01]]}
35.512	{"type":"ecg","dev":"node-01","seq":355,"t0":36734,"fs":250,"leads_off":false,"bpm":86.6,"samples":[1983,1971,1976,1983,1979,1973,1953,1945,2075,2387,2660,2565,2217,1927,1859,1904,1956,1973,1976,1971,1986,1964,1974,1981,1981]}
35.514	{"type":"imu","dev":"node-01","seq":355,"t0":36734,"fs":100,"samples":[[-0.0006,-0.0028,1.0021,1.77,-1.04,0.95,0.04,-0.16],[0.0011,0.0023,1.0,0.78,-0.84,0.11,-0.06,0.13],[0.0006,-0.0008,0.9995,1.22,0.11,1.53,-0.03,-0.05],[0.0029,-0.0065,1.0021,1.46,-0.85,0.72,-0.16,-0.37],[-0.0027,-0.0029,1.0018,1.12,-1.19,-0.3,0.16,-0.17],[-0.0036,-0.0031,1.0025,1.18,-0.79,1.41,0.21,-0.17],[0.0023,-0.0012,0.9905,1.15,-0.29,1.45,-0.14,-0.07],[-0.0052,0.0018,0.9968,1.06,-0.46,1.68,0.3,0.1],[-0.0027,-0.0081,0.9984,1.54,-1.42,0.74,0.15,-0.47],[-0.0008,-0.0022,0.9938,1.58,-0.84,0.73,0.05,-0.13]]}
35.612	{"type":"ecg","dev":"node-01","seq":356,"t0":36834,"fs":250,"leads_off":false,"bpm":87.3,"samples":[1972,1977,1987,1977,1975,1985,1969,1975,1988,1991,1996,1979,2002,2004,2014,2024,2027,2038,2064,2073,2093,2114,2126,2134,2160]}
35.614	{"type":"imu","dev":"node-01","seq":356,"t0":36834,"fs":100,"samples":[[-0.0033,0.0038,0.9988,1.15,-1.19,0.2,0.19,0.22],[0.0001,-0.0012,1.0024,0.4,-1.28,0.73,-0.01,-0.07],[-0.0016,-0.0062,0.9987,1.68,-0.47,0.63,0.09,-0.35],[-0.0023,-0.0008,0.9993,2.08,-0.31,1.55,0.13,-0.05],[0.0014,-0.0043,0.9962,0.95,-1.32,0.05,-0.08,-0.25],[0.0013,-0.0054,0.9978,0.67,-0.47,0.48,-0.08,-0.31],[-0.0034,-0.0027,1.0,1.07,-0.98,0.97,0.19,-0.16],[0.0096,-0.0045,0.9968,1.84,-0.91,0.83,-0.55,-0.26],[0.0069,-0.0023,1.0044,2.22,-1.54,0.59,-0.39,-0.13],[0.0005,-0.0004,0.9986,0.01,-0.29,0.63,-0.03,-0.02]]}
35.713	{"type":"ecg","dev":"node-01","seq":357,"t0":36934,"fs":250,"leads_off":false,"bpm":87.7,"samples":[2177,2181,2188,2184,2188,2189,2188,2158,2136,2125,2126,2096,2081,2066,2050,2033,2032,2010,2005,2008,2004,1990,1996,1999,1990]}
35.715	{"type":"imu","dev":"node-01","seq":357,"t0":36934,"fs":100,"samples":[[0.0049,-0.0062,0.9945,0.81,-1.03,1.18,-0.28,-0.36],[-0.0,0.0039,1.0022,1.47,-0.55,1.57,0.0,0.22],[-0.0074,-0.0047,1.0037,1.07,-0.55,-0.07,0.42,-0.27],[-0.0072,-0.0034,0.9994,0.82,-1.41,0.05,0.41,-0.2],[0.0002,0.0008,0.9995,0.9,-0.23,0.1,-0.01,0.05],[-0.0011,-0.0025,1.001,1.37,-1.57,-0.21,0.06,-0.14],[0.0052,-0.0048,1.0038,0.83,-1.03,0.98,-0.3,-0.28],[-0.0032,0.0037,1.0003,1.41,-0.76,0.97,0.18,0.21],[-0.0065,-0.003,1.0099,2.18,-0.26,1.18,0.37,-0.17],[0.0059,-0.0016,0.9909,1.88,-0.79,-0.18,-0.34,-0.09]]}
35.812	{"type":"ecg","dev":"node-01","seq":358,"t0":37034,"fs":250,"leads_off":false,"bpm":86.8,"samples":[1997,1975,1988,2001,1994,1985,1990,1992,1993,1987,1991,1988,1992,1992,1989,1991,1992,1990,1985,1998,2007,2003,1994,1996,1991]}
35.814	{"type":"imu","dev":"node-01","seq":358,"t0":37034,"fs":100,"samples":[[0.0033,-0.006,0.9965,0.85,-1.66,0.83,-0.19,-0.34],[-0.0011,-0.0001,0.9994,0.78,0.17,1.04,0.06,-0.01],[-0.0024,-0.0008,1.004,1.66,-0.72,0.62,0.14,-0.04],[-0.0024,-0.0032,1.0014,1.98,-1.1,0.64,0.14,-0.18],[-0.0025,-0.004,0.9981,0.65,-1.16,0.83,0.14,-0.23],[-0.0008,0.0032,1.0061,0.74,-1.1,0.31,0.05,0.18],[-0.0029,-0.0002,1.0057,1.35,-0.69,0.08,0.17,-0.01],[0.0026,-0.0034,1.0043,0.59,-0.75,0.64,-0.15,-0.19],[-0.0041,-0.0031,0.9956,1.03,-0.72,0.32,0.23,-0.18],[0.004,0.0034,0.993,0.89,-0.48,0.61,-0.23,0.19]]}
35.912	{"type":"ecg","dev":"node-01","seq":359,"t0":37134,"fs":250,"leads_off":false,"bpm":86.7,"samples":[1991,2001,2002,1989,1996,2008,1998,1990,2003,1998,1998,2001,1985,1988,2005,1988,1998,1996,1985,1997,1995,2001,2001,2003,1994]}
35.914	{"type":"imu","dev":"node-01","seq":359,"t0":37134,"fs":100,"samples":[[-0.0025,0.0077,1.0,1.39,-1.5,0.43,0.15,0.44],[0.0032,-0.0054,1.004,1.41,-0.85,1.49,-0.18,-0.31],[0.0003,-0.0023,0.9991,2.03,-0.86,1.45,-0.02,-0.13],[0.0001,-0.0007,1.0049,1.59,-0.51,-0.12,-0.0,-0.04],[0.001,-0.0007,0.9991,1.44,-1.44,0.41,-0.06,-0.04],[0.0023,0.0035,1.0061,1.68,-0.46,0.27,-0.13,0.2],[0.0035,0.0037,1.0023,1.93,-1.08,0.15,-0.2,0.21],[0.0005,0.0024,0.9904,1.17,-0.16,1.56,-0.03,0.14],[0.0016,-0.0026,1.0037,0.68,-0.86,0.52,-0.09,-0.15],[0.0002,0.0014,1.0051,1.07,-0.85,-0.18,-0.01,0.08]]}
36.011	{"type":"ecg","dev":"node-01","seq":360,"t0":37234,"fs":250,"leads_off":false,"bpm":89.0,"samples":[2005,1992,2005,1995,2005,2005,1999,1988,1996,2011,1994,2008,2004,2005,1995,2001,2003,2001,2013,2010,1996,2002,2013,2008,2010]}
36.013	{"type":"imu","dev":"node-01","seq":360,"t0":37234,"fs":100,"samples":[[0.0044,-0.0083,0.9952,1.75,-0.7,-0.2,-0.25,-0.48],[0.0085,0.0066,1.0031,1.96,0.35,1.08,-0.49,0.38],[0.0045,0.0049,0.9952,1.55,-1.12,0.92,-0.26,0.28],[-0.0016,-0.0052,1.0051,1.04,-1.01,0.79,0.09,-0.29],[-0.0017,0.0033,0.9955,0.67,-0.19,-0.72,0.1,0.19],[0.001,0.0043,0.9932,1.44,-1.36,0.45,-0.06,0.25],[-0.0008,-0.0065,0.9994,1.16,-1.51,0.38,0.05,-0.38],[0.0038,0.0013,1.0075,1.19,-0.26,1.08,-0.22,0.07],[-0.0043,0.0017,1.0018,1.43,-1.35,0.67,0.24,0.1],[-0.0019,-0.0038,0.9956,0.85,-0.45,-0.46,0.11,-0.22]]}
36.112	{"type":"ecg","dev":"node-01","seq":361,"t0":37334,"fs":250,"leads_off":false,"bpm":89.3,"samples":[2017,2023,2019,2034,2023,2052,2047,2073,2095,2088,2096,2098,2099,2091,2082,2076,2051,2040,2026,2022,2016,2028,2011,2009,2012]}
36.114	{"type":"imu","dev":"node-01","seq":361,"t0":37334,"fs":100,"samples":[[-0.0032,0.0002,0.9948,0.24,-0.54,0.99,0.18,0.01],[0.0022,-0.0023,0.9955,1.07,-1.56,0.67,-0.13,-0.13],[0.0011,-0.0009,1.0035,0.87,-0.65,1.03,-0.07,-0.05],[0.0061,0.0028,0.9986,1.48,-0.02,0.57,-0.35,0.16],[-0.0025,0.0078,1.0013,1.25,-1.6,0.87,0.14,0.45],[0.0006,0.0044,0.9983,0.81,-0.07,1.06,-0.03,0.25],[-0.001,-0.001,0.9978,1.49,-1.06,1.08,0.06,-0.06],[-0.0025,0.0024,1.0041,1.97,-1.49,-0.67,0.14,0.14],[0.0016,-0.0035,1.0013,1.09,-1.54,0.59,-0.09,-0.2],[-0.0001,0.0071,1.0056,0.78,-1.43,0.79,0.0,0.41]]}
36.213	{"type":"ecg","dev":"node-01","seq":362,"t0":37434,"fs":250,"leads_off":false,"bpm":87.4,"samples":[1991,1985,1981,2048,2276,2603,2695,2422,2085,1906,1910,1977,1999,2009,2017,2010,2021,2021,2007,2015,2008,2025,2020,2024,2015]}
36.215	{"type":"imu","dev":"node-01","seq":362,"t0":37434,"fs":100,"samples":[[-0.0092,0.0036,1.01,1.18,-0.15,0.83,0.52,0.21],[0.0031,0.0059,0.9987,0.62,-0.99,1.23,-0.18,0.34],[0.001,0.0024,0.9995,1.19,-0.68,1.24,-0.06,0.14],[-0.006,-0.0076,0.9933,1.5,-0.68,1.28,0.34,-0.44],[0.0006,0.005,1.0045,0.44,-0.76,0.09,-0.04,0.28],[-0.0076,-0.0027,1.0012,0.52,-0.08,0.6,0.43,-0.16],[-0.0018,-0.0017,0.9982,1.96,0.07,0.35,0.1,-0.1],[-0.0037,0.0004,0.9986,1.28,-1.35,0.68,0.21,0.02],[0.0006,0.009,1.0021,1.14,0.22,0.06,-0.04,0.52],[0.0033,0.0014,0.9999,1.17,-1.22,0.29,-0.19,0.08]]}
36.313	{"type":"ecg","dev":"node-01","seq":363,"t0":37534,"fs":250,"leads_off":false,"bpm":87.1,"samples":[2017,2023,2017,2025,2021,2025,2025,2023,2036,2050,2055,2076,2064,2086,2118,2124,2141,2161,2180,2202,2204,2223,2234,2231,2233]}
36.315	{"type":"imu","dev":"node-01","seq":363,"t0":37534,"fs":100,"samples":[[0.0017,0.0005,0.9995,1.12,-0.54,1.7,-0.1,0.03],[-0.0038,-0.0009,0.999,0.97,-0.47,0.65,0.22,-0.05],[-0.0066,-0.0049,1.0078,1.55,-0.34,1.12,0.38,-0.28],[0.0003,0.0003,0.9941,1.55,-1.32,0.32,-0.02,0.02],[-0.0004,0.001,0.9913,1.62,-0.69,-0.08,0.02,0.06],[-0.0021,0.0009,0.9952,0.97,-0.25,0.32,0.12,0.05],[0.0042,-0.0004,1.0057,0.67,-1.02,0.05,-0.24,-0.02],[0.0104,0.001,1.0034,0.93,-0.28,0.12,-0.59,0.06],[-0.008,-0.006,0.9982,0.74,-1.56,0.04,0.46,-0.34],[-0.0006,0.0029,0.9976,1.56,-1.28,1.2,0.03,0.17]]}
36.414	{"type":"ecg","dev":"node-01","seq":364,"t0":37634,"fs":250,"leads_off":false,"bpm":89.0,"samples":[2232,2221,2206,2204,2176,2168,2148,2118,2109,2092,2088,2065,2063,2050,2049,2040,2028,2038,2044,2030,2025,2016,2020,2036,2037]}
36.416	{"type":"imu","dev":"node-01","seq":364,"t0":37634,"fs":100,"samples":[[-0.0038,0.0064,0.9973,0.99,-0.98,0.97,0.22,0.37],[0.0019,-0.0022,1.0021,0.76,-1.31,0.39,-0.11,-0.12],[-0.0016,-0.0024,0.9991,1.47,-1.17,0.59,0.09,-0.14],[0.0026,-0.0053,0.9986,1.93,-0.44,-0.04,-0.15,-0.31],[-0.0028,0.0046,0.9981,2.22,-0.98,0.5,0.16,0.27],[-0.0014,0.002,0.9954,1.09,-0.98,0.88,0.08,0.12],[0.006,0.002,1.0005,1.98,-0.43,0.65,-0.34,0.12],[0.001,-0.0001,1.0018,1.39,-0.93,1.19,-0.06,-0.0],[-0.0012,0.0013,1.0035,1.57,0.4,0.56,0.07,0.07],[-0.0003,0.0127,1.0058,1.09,-0.87,0.51,0.02,0.72]]}
36.514	{"type":"ecg","dev":"node-01","seq":365,"t0":37734,"fs":250,"leads_off":false,"bpm":88.1,"samples":[2026,2027,2040,2026,2031,2032,2026,2022,2030,2035,2041,2024,2032,2035,2032,2031,2028,2042,2035,2036,2027,2035,2035,2032,2031]}
36.516	{"type":"imu","dev":"node-01","seq":365,"t0":37734,"fs":100,"samples":[[-0.001,0.003,1.0045,1.48,-1.4,0.29,0.06,0.17],[0.0008,-0.0002,1.0012,1.19,-1.65,0.6,-0.05,-0.01],[0.0007,-0.0043,0.9989,0.92,-0.34,0.72,-0.04,-0.25],[-0.001,-0.0009,1.0068,1.21,-0.67,0.32,0.06,-0.05],[-0.0066,-0.0004,0.9994,1.4,-1.34,-0.16,0.38,-0.03],[0.0009,-0.0048,1.008,0.62,-0.44,0.53,-0.05,-0.27],[0.0015,0.0044,1.0019,1.54,-0.3,0.7,-0.09,0.25],[0.004,0.004,0.997,0.99,-1.25,1.13,-0.23,0.23],[0.0007,-0.0006,0.998,1.69,-0.94,0.36,-0.04,-0.03],[0.0027,0.0062,0.997,0.97,-0.06,0.74,-0.15,0.36]]}
36.610	{"type":"ecg","dev":"node-01","seq":366,"t0":37834,"fs":250,"leads_off":false,"bpm":87.9,"samples":[2042,2030,2037,2031,2039,2029,2033,2029,2049,2029,2021,2034,2036,2031,2041,2034,2040,2035,2034,2028,2029,2035,2028,2029,2034]}
36.612	{"type":"imu","dev":"node-01","seq":366,"t0":37834,"fs":100,"samples":[[0.0086,-0.0033,0.994,1.42,-0.77,0.81,-0.5,-0.19],[0.0063,0.0035,1.002,1.02,-0.49,0.27,-0.36,0.2],[0.0004,0.0073,0.9975,1.2,-0.95,1.68,-0.02,0.42],[-0.0096,0.0103,0.9947,1.35,-0.84,0.51,0.55,0.59],[0.0021,-0.0013,1.0022,0.8,-0.35,0.6,-0.12,-0.07],[0.0051,-0.0032,1.0051,1.13,-1.56,0.96,-0.29,-0.18],[-0.0028,0.0065,1.0068,1.52,-0.81,0.77,0.16,0.37],[-0.0035,0.0025,1.0034,0.56,-0.47,0.73,0.2,0.14],[-0.0079,0.0045,1.0017,0.97,-1.4,1.05,0.45,0.26],[-0.0036,0.004,0.9982,1.26,-0.23,0.83,0.21,0.23]]}
36.712	{"type":"ecg","dev":"node-01","seq":367,"t0":37934,"fs":250,"leads_off":false,"bpm":88.3,"samples":[2039,2041,2021,2029,2026,2046,2043,2038,2034,2041,2032,2031,2036,2042,2033,2047,2036,2035,2041,2043,2032,2048,2041,2064,2059]}
36.714	{"type":"imu","dev":"node-01","seq":367,"t0":37934,"fs":100,"samples":[[-0.0026,0.0088,1.0017,1.8,-0.57,0.32,0.15,0.5],[-0.0056,-0.0,1.0022,1.4,-0.84,1.25,0.32,-0.0],[0.0052,-0.0009,1.0003,1.46,-0.67,1.4,-0.3,-0.05],[-0.0035,0.0024,1.0063,0.9,-1.4,0.88,0.2,0.14],[-0.0004,0.0019,1.0042,0.73,-1.05,-0.15,0.02,0.11],[-0.0037,0.0056,0.9949,1.23,-1.55,-0.33,0.21,0.32],[-0.0012,0.0006,1.0016,2.05,0.09,0.82,0.07,0.04],[0.0049,-0.0038,0.9986,0.86,0.12,-0.54,-0.28,-0.22],[0.0011,0.0017,1.0028,0.79,-0.41,0.82,-0.06,0.1],[-0.0044,0.0095,0.9996,1.27,-1.51,0.93,0.25,0.54]]}
36.811	{"type":"ecg","dev":"node-01","seq":368,"t0":38034,"fs":250,"leads_off":false,"bpm":88.9,"samples":[2067,2090,2100,2113,2111,2127,2123,2123,2119,2109,2099,2078,2067,2066,2064,2047,2043,2036,2037,2032,2046,2035,2023,2025,2169]}
36.813	{"type":"imu","dev":"node-01","seq":368,"t0":38034,"fs":100,"samples":[[-0.004,0.0092,0.9908,1.48,-0.89,1.0,0.23,0.53],[0.0023,0.005,1.0028,1.32,-0.0,0.74,-0.13,0.29],[0.0016,0.0089,0.9972,0.72,-0.87,0.89,-0.09,0.51],[0.0013,0.0024,1.0007,0.95,-1.7,-0.5,-0.08,0.14],[-0.0034,-0.0066,1.0001,1.41,-1.03,0.83,0.2,-0.38],[0.0066,0.0062,0.998,0.93,-1.27,0.55,-0.38,0.35],[-0.001,-0.002,1.0019,0.96,-1.03,-0.27,0.06,-0.11],[0.0008,0.0088,0.9992,-0.05,-0.64,0.46,-0.04,0.51],[0.0051,-0.0007,0.9959,0.76,-1.33,0.42,-0.29,-0.04],[0.001,-0.0037,0.9979,0.38,-0.37,1.02,-0.06,-0.21]]}
36.911	{"type":"ecg","dev":"node-01","seq":369,"t0":38134,"fs":250,"leads_off":false,"bpm":86.6,"samples":[2488,2736,2610,2253,1986,1922,1989,2027,2039,2046,2040,2036,2048,2035,2042,2041,2048,2034,2050,2051,2046,2044,2032,2036,2039]}
36.913	{"type":"imu","dev":"node-01","seq":369,"t0":38134,"fs":100,"samples":[[-0.0005,-0.0008,0.9957,0.4,-0.51,0.18,0.03,-0.05],[0.0052,0.0057,1.0067,1.42,-1.17,0.62,-0.3,0.32],[0.0055,0.0039,0.9924,1.25,-1.41,1.08,-0.32,0.22],[-0.0023,0.0009,0.997,0.51,-0.69,0.41,0.13,0.05],[-0.0016,0.0015,1.0036,1.33,-0.98,1.73,0.09,0.08],[0.0031,0.0085,1.0065,0.83,-1.27,0.59,-0.18,0.48],[0.0044,0.0055,0.9961,2.26,-1.37,-0.77,-0.25,0.32],[-0.0,0.0006,0.9996,1.85,-0.81,0.66,0.0,0.03],[-0.0004,-0.0002,0.9994,1.42,-0.85,0.91,0.02,-0.01],[0.0082,0.0095,1.0011,1.65,0.1,0.12,-0.47,0.54]]}
37.010	{"type":"ecg","dev":"node-01","seq":370,"t0":38234,"fs":250,"leads_off":false,"bpm":88.9,"samples":[2047,2055,2053,2061,2077,2070,2085,2096,2097,2125,2127,2150,2172,2191,2210,2222,2241,2229,2237,2250,2245,2244,2232,2214,2210]}
37.012	{"type":"imu","dev":"node-01","seq":370,"t0":38234,"fs":100,"samples":[[0.0063,0.0045,1.0044,1.67,-1.1,1.0,-0.36,0.25],[0.0069,-0.0008,0.9928,2.09,-1.7,1.37,-0.4,-0.04],[0.0036,0.0087,1.003,0.53,-0.85,0.49,-0.2,0.5],[0.0013,0.0001,1.003,1.79,-1.53,0.96,-0.07,0.01],[-0.0003,0.0045,0.9976,1.71,-1.75,0.86,0.02,0.26],[0.0012,0.004,0.9986,1.74,-1.24,0.64,-0.07,0.23],[0.0006,-0.0021,1.0027,1.29,0.1,1.05,-0.03,-0.12],[-0.0012,0.0045,1.0009,2.02,0.07,1.34,0.07,0.26],[0.0014,0.0113,1.0008,1.32,-1.0,-0.45,-0.08,0.65],[-0.0001,0.0069,0.9913,1.4,-0.75,0.94,0.0,0.4]]}
37.111	{"type":"ecg","dev":"node-01","seq":371,"t0":38334,"fs":250,"leads_off":false,"bpm":87.3,"samples":[2178,2167,2129,2121,2113,2109,2085,2086,2067,2070,2050,2048,2055,2040,2040,2031,2040,2050,2054,2039,2048,2027,2044,2036,2039]}
37.113	{"type":"imu","dev":"node-01","seq":371,"t0":38334,"fs":100,"samples":[[-0.0011,0.0063,0.9989,1.68,-0.87,0.84,0.07,0.36],[-0.0027,0.0038,0.9986,1.89,-0.61,1.7,0.15,0.22],[-0.0002,0.0039,0.997,1.01,-1.41,0.78,0.01,0.22],[-0.0033,0.0054,1.0021,0.54,-1.3,0.7,0.19,0.31],[0.0026,0.0065,0.9948,1.38,-0.7,-0.0,-0.15,0.37],[0.0011,0.0129,1.0014,1.27,-0.26,0.41,-0.06,0.74],[-0.0028,0.0073,1.0008,0.55,-0.74,0.3,0.16,0.42],[-0.0044,0.0062,1.0052,1.2,-1.71,0.35,0.25,0.35],[0.002,0.0067,1.0008,1.88,-0.4,0.95,-0.11,0.38],[0.0044,-0.0019,1.0073,1.17,-1.25,0.29,-0.25,-0.11]]}
37.211	{"type":"ecg","dev":"node-01","seq":372,"t0":38434,"fs":250,"leads_off":false,"bpm":88.3,"samples":[2038,2040,2038,2033,2035,2038,2038,2041,2040,2031,2036,2034,2036,2042,2032,2042,2037,2036,2034,2038,2038,2044,2040,2028,2028]}
37.213	{"type":"imu","dev":"node-01","seq":372,"t0":38434,"fs":100,"samples":[[-0.0089,0.0025,0.9989,1.37,-1.05,0.16,0.51,0.14],[0.0002,0.0066,0.9978,0.91,-1.16,0.06,-0.01,0.38],[-0.0029,0.0046,0.9999,1.12,0.01,0.37,0.17,0.26],[-0.0054,0.0047,0.9962,1.72,-1.4,0.38,0.31,0.27],[0.0029,0.0027,0.9975,1.09,-0.3,-0.02,-0.16,0.15],[0.0093,0.0009,0.9999,1.37,-0.86,0.07,-0.53,0.05],[0.0015,0.0026,0.9958,1.16,-1.73,1.12,-0.09,0.15],[-0.001,0.0051,1.0022,1.48,-1.41,1.06,0.06,0.29],[-0.0005,-0.0001,1.0047,1.11,-0.88,0.03,0.03,-0.01],[0.0031,0.0048,0.9915,0.59,-0.79,-0.07,-0.18,0.28]]}
37.314	{"type":"ecg","dev":"node-01","seq":373,"t0":38534,"fs":250,"leads_off":false,"bpm":87.1,"samples":[2039,2030,2038,2035,2039,2041,2033,2043,2038,2033,2038,2039,2029,2034,2024,2031,2031,2037,2033,2033,2039,2033,2039,2023,2041]}
37.316	{"type":"imu","dev":"node-01","seq":373,"t0":38534,"fs":100,"samples":[[0.0006,0.0015,0.9973,1.54,-1.28,0.04,-0.03,0.08],[0.0009,0.0053,1.0005,1.27,-1.4,0.64,-0.05,0.3],[-0.0028,0.004,0.9973,0.89,-0.33,0.35,0.16,0.23],[-0.0052,0.008,0.9975,1.79,-1.43,1.03,0.3,0.46],[-0.001,0.0057,0.9982,0.81,-0.56,0.95,0.06,0.33],[-0.0029,0.006,0.9967,1.4,-0.61,0.0,0.17,0.34],[0.0121,0.0065,1.0115,2.62,-0.93,0.95,-0.69,0.37],[-0.0041,0.0025,1.0002,1.72,-1.37,-0.37,0.24,0.14],[0.0073,-0.0076,0.996,1.11,-0.74,1.13,-0.42,-0.44],[0.0028,0.0018,0.9947,0.41,-0.61,1.28,-0.16,0.1]]}
37.412	{"type":"ecg","dev":"node-01","seq":374,"t0":38634,"fs":250,"leads_off":false,"bpm":87.5,"samples":[2033,2034,2029,2026,2030,2036,2033,2023,2030,2034,2035,2023,2031,2020,2023,2032,2029,2042,2040,2052,2052,2063,2076,2099,2103]}
37.414	{"type":"imu","dev":"node-01","seq":374,"t0":38634,"fs":100,"samples":[[0.0019,0.0047,1.0015,1.42,-0.91,0.78,-0.11,0.27],[0.0009,0.0024,0.9959,1.04,-1.01,-0.15,-0.05,0.14],[-0.0015,0.0039,1.006,0.48,-0.75,0.47,0.08,0.22],[0.0036,0.0012,1.0008,1.02,-0.57,0.19,-0.21,0.07],[0.0004,0.0035,0.9916,1.4,-0.43,0.41,-0.02,0.2],[0.0039,0.0054,0.9994,0.16,-1.63,0.66,-0.23,0.31],[0.0011,-0.0013,1.0046,1.63,-0.82,0.23,-0.06,-0.07],[-0.002,0.0064,1.0021,1.65,-0.97,0.47,0.12,0.37],[0.0023,0.0012,1.004,0.75,0.26,1.42,-0.13,0.07],[-0.005,0.0002,0.9916,0.03,-0.86,0.18,0.29,0.01]]}
37.510	{"type":"ecg","dev":"node-01","seq":375,"t0":38734,"fs":250,"leads_off":false,"bpm":88.8,"samples":[2118,2117,2126,2110,2104,2090,2069,2066,2040,2037,2039,2026,2029,2037,2033,2016,2025,2011,1999,2070,2319,2642,2701,2407,2057]}
37.512	{"type":"imu","dev":"node-01","seq":375,"t0":38734,"fs":100,"samples":[[0.0022,-0.002,1.0009,2.22,-1.03,1.58,-0.12,-0.12],[0.001,0.0008,1.003,1.29,-0.26,0.8,-0.06,0.04],[0.0063,-0.0003,1.0025,0.65,-0.39,1.39,-0.36,-0.01],[-0.0008,-0.0034,1.0006,1.18,-1.54,0.28,0.04,-0.19],[-0.0047,0.0041,0.9982,1.07,-1.05,0.47,0.27,0.23],[-0.0047,0.0041,1.005,1.24,-0.16,0.81,0.27,0.23],[0.001,0.0015,0.9991,1.9,-0.26,1.0,-0.06,0.09],[-0.0037,0.0069,1.0008,1.69,-1.14,0.37,0.21,0.39],[0.0007,0.0054,1.0,0.73,-0.25,0.94,-0.04,0.31],[-0.0009,-0.0003,1.0041,0.98,-0.92,1.36,0.05,-0.02]]}
37.612	{"type":"ecg","dev":"node-01","seq":376,"t0":38834,"fs":250,"leads_off":false,"bpm":89.4,"samples":[1913,1934,1981,2016,2025,2027,2019,2024,2026,2032,2015,2021,2020,2019,2023,2025,2018,2015,2026,2021,2025,2028,2037,2040,2045]}
37.614	{"type":"imu","dev":"node-01","seq":376,"t0":38834,"fs":100,"samples":[[-0.0076,0.0083,0.999,1.63,-1.15,0.3,0.44,0.48],[0.0046,0.0058,0.9951,1.21,-0.97,-0.14,-0.26,0.34],[-0.0025,0.0103,1.0062,1.36,-0.72,0.11,0.14,0.59],[-0.0029,0.0029,1.0019,1.65,0.54,0.11,0.16,0.17],[-0.0025,0.0074,1.0014,1.55,-0.96,0.19,0.14,0.42],[0.0005,0.0044,1.0091,0.62,-0.49,0.97,-0.03,0.25],[-0.0071,-0.0022,0.9944,0.34,-1.46,1.04,0.41,-0.13],[0.0058,-0.0008,0.9989,1.59,-0.96,-0.14,-0.33,-0.05],[0.0042,-0.001,0.9977,1.59,0.24,0.58,-0.24,-0.06],[-0.0018,-0.0041,1.0025,1.19,-0.96,0.6,0.1,-0.23]]}
37.712	{"type":"ecg","dev":"node-01","seq":377,"t0":38934,"fs":250,"leads_off":false,"bpm":87.8,"samples":[2054,2064,2072,2081,2094,2105,2126,2151,2162,2181,2193,2210,2224,2218,2227,2223,2218,2218,2205,2191,2161,2156,2146,2129,2096]}
37.714	{"type":"imu","dev":"node-01","seq":377,"t0":38934,"fs":100,"samples":[[-0.0029,-0.0027,0.9991,1.25,-0.45,0.66,0.16,-0.15],[-0.0049,0.0002,0.9964,0.59,-1.42,1.36,0.28,0.01],[0.0067,0.0015,1.0036,1.1,-0.83,-0.27,-0.38,0.09],[0.0019,-0.0042,1.0032,1.47,-1.14,1.19,-0.11,-0.24],[-0.003,-0.0022,1.0038,1.62,-1.75,0.67,0.17,-0.13],[0.0001,-0.0051,0.9977,1.57,0.31,0.15,-0.0,-0.29],[0.0033,-0.0013,0.9981,1.13,-0.62,0.9,-0.19,-0.07],[-0.0081,-0.0003,0.9977,1.34,-0.65,0.5,0.46,-0.02],[-0.0005,0.0074,1.0026,1.62,-1.02,0.14,0.03,0.42],[0.0003,0.0106,1.0023,1.53,0.67,0.45,-0.02,0.61]]}
37.813	{"type":"ecg","dev":"node-01","seq":378,"t0":39034,"fs":250,"leads_off":false,"bpm":89.1,"samples":[2080,2068,2059,2052,2043,2034,2026,2014,2015,2018,2007,2012,2020,2014,1994,2010,2014,2010,2001,2004,2006,2018,2005,2008,2003]}
37.815	{"type":"imu","dev":"node-01","seq":378,"t0":39034,"fs":100,"samples":[[-0.0004,-0.0035,1.0007,1.72,-1.02,0.8,0.02,-0.2],[-0.0001,0.0068,1.0011,1.14,-0.79,-0.24,0.01,0.39],[-0.0004,0.0062,0.9926,0.65,-0.64,1.08,0.02,0.36],[0.0019,0.0017,0.9999,0.92,-0.78,1.38,-0.11,0.1],[0.0033,-0.0114,1.0025,0.09,-1.7,0.8,-0.19,-0.65],[-0.0041,0.0029,1.0025,1.42,-1.49,-0.04,0.24,0.16],[-0.0016,-0.0013,1.0002,1.49,-0.69,-0.2,0.09,-0.07],[0.0021,0.0002,1.0101,0.97,-1.41,-0.42,-0.12,0.01],[0.0015,0.0013,1.0087,1.69,-0.94,1.5,-0.08,0.08],[-0.0039,-0.0033,1.0032,0.74,-0.71,-0.09,0.22,-0.19]]}
37.911	{"type":"ecg","dev":"node-01","seq":379,"t0":39134,"fs":250,"leads_off":false,"bpm":89.4,"samples":[2000,2014,2011,2017,2007,2000,2005,2016,2001,2000,2009,2009,2011,1998,2008,2013,2001,2004,2001,2011,1997,2011,1997,2002,1998]}
37.913	{"type":"imu","dev":"node-01","seq":379,"t0":39134,"fs":100,"samples":[[0.0029,0.0016,0.9971,2.09,-1.03,-0.27,-0.17,0.09],[-0.0019,0.0014,0.9946,1.42,0.01,0.77,0.11,0.08],[0.0058,-0.007,1.0023,0.66,-0.64,-0.26,-0.33,-0.4],[-0.0056,-0.0043,0.9984,1.38,-0.98,0.24,0.32,-0.24],[0.0067,-0.0065,0.9997,1.27,-0.72,0.45,-0.38,-0.37],[-0.0012,0.0008,0.9955,1.37,-1.27,0.58,0.07,0.04],[-0.0008,-0.0027,1.0012,0.92,-0.88,1.62,0.04,-0.15],[0.0003,0.0015,1.0044,0.93,-0.8,0.11,-0.02,0.08],[0.0006,0.0035,1.0042,1.2,-1.04,0.74,-0.03,0.2],[-0.0033,0.0066,1.0029,1.7,-0.9,0.83,0.19,0.38]]}
38.012	{"type":"ecg","dev":"node-01","seq":380,"t0":39234,"fs":250,"leads_off":false,"bpm":87.2,"samples":[2002,2003,1997,2010,2001,1992,1999,1993,1994,1985,1990,1993,1994,1987,2000,1997,1992,1993,2005,1992,1997,1993,1984,2002,1991]}
38.014	{"type":"imu","dev":"node-01","seq":380,"t0":39234,"fs":100,"samples":[[0.0041,0.0085,0.9977,1.09,-0.76,0.37,-0.24,0.49],[0.0014,-0.0022,0.9986,0.31,-1.33,-0.1,-0.08,-0.13],[-0.0009,-0.0012,0.9984,-0.11,-0.61,0.2,0.05,-0.07],[0.0028,-0.0045,0.9945,0.7,-1.05,0.48,-0.16,-0.26],[-0.0008,-0.0099,0.9959,0.66,-0.96,1.08,0.04,-0.57],[0.0047,0.0022,1.0006,1.9,-0.67,0.93,-0.27,0.13],[-0.0011,-0.0077,0.9975,0.9,-0.1,0.1,0.06,-0.44],[-0.0076,0.0014,0.9966,1.22,0.15,-0.06,0.44,0.08],[0.0015,0.004,0.9926,1.29,-1.27,1.09,-0.08,0.23],[-0.0003,0.0031,1.0008,1.25,-0.76,0.75,0.01,0.18]]}
38.113	{"type":"ecg","dev":"node-01","seq":381,"t0":39334,"fs":250,"leads_off":false,"bpm":88.6,"samples":[1985,1994,1992,2006,1994,1986,1994,1992,1978,1995,1994,1990,1995,2007,2009,2018,2022,2033,2051,2045,2066,2077,2074,2073,2070]}
38.115	{"type":"imu","dev":"node-01","seq":381,"t0":39334,"fs":100,"samples":[[-0.0048,0.0032,0.9974,1.5,-0.67,1.03,0.28,0.19],[-0.0027,-0.0036,1.0055,0.89,-1.01,0.99,0.15,-0.2],[0.0047,-0.0065,0.996,1.2,-0.53,0.39,-0.27,-0.37],[-0.0013,0.004,0.9969,0.72,0.2,1.29,0.08,0.23],[-0.0031,-0.0012,1.0004,1.43,-1.25,0.99,0.18,-0.07],[-0.0003,-0.0027,0.9979,1.92,-1.76,0.86,0.02,-0.15],[0.0001,-0.0042,0.9985,1.4,-0.82,0.9,-0.01,-0.24],[0.0028,-0.0054,1.001,2.21,-0.59,0.66,-0.16,-0.31],[0.0033,-0.0024,0.9951,0.92,-0.84,0.59,-0.19,-0.14],[0.001,-0.0034,0.9955,1.45,-1.35,0.36,-0.06,-0.19]]}
38.212	{"type":"ecg","dev":"node-01","seq":382,"t0":39434,"fs":250,"leads_off":false,"bpm":88.2,"samples":[2072,2041,2023,2024,2011,1994,2002,1984,1991,1982,1983,1985,1971,1955,1970,2139,2471,2677,2514,2157,1914,1880,1926,1962,1967]}
38.214	{"type":"imu","dev":"node-01","seq":382,"t0":39434,"fs":100,"samples":[[-0.0034,0.0009,0.9976,1.6,-1.29,-0.17,0.2,0.05],[0.0003,-0.0084,0.9953,1.74,-0.69,0.13,-0.02,-0.48],[-0.0053,-0.0011,0.9949,1.64,-1.36,0.3,0.31,-0.07],[0.0007,-0.0077,0.9986,1.2,-0.71,1.31,-0.04,-0.44],[0.0003,-0.0005,1.0,0.82,-0.74,-0.31,-0.01,-0.03],[0.0053,0.0045,1.0026,1.34,-0.91,1.39,-0.3,0.26],[-0.0003,-0.008,1.0033,1.01,-0.36,0.48,0.02,-0.46],[0.0009,0.0023,1.006,0.47,-0.78,1.36,-0.05,0.13],[0.0017,0.0022,0.9983,0.49,-1.28,0.91,-0.1,0.13],[0.0018,0.0063,0.9968,1.62,-1.17,1.03,-0.1,0.36]]}
38.313	{"type":"ecg","dev":"node-01","seq":383,"t0":39534,"fs":250,"leads_off":false,"bpm":86.7,"samples":[1997,1981,1994,1983,1987,1973,1978,1980,1984,1977,1975,1981,1980,1980,1975,1984,1998,1979,1986,1997,1992,2002,2017,2033,2050]}
38.315	{"type":"imu","dev":"node-01","seq":383,"t0":39534,"fs":100,"samples":[[-0.0016,-0.0026,0.9927,1.4,-1.0,1.36,0.09,-0.15],[-0.0014,-0.0019,0.9965,0.93,-0.57,0.4,0.08,-0.11],[0.0007,-0.0021,1.0033,1.98,-1.08,1.18,-0.04,-0.12],[-0.0078,-0.0015,0.9971,1.33,-0.1,0.66,0.45,-0.09],[0.0019,-0.0092,1.0005,1.09,-1.13,0.85,-0.11,-0.53],[-0.0027,-0.005,0.9948,0.95,-1.05,0.54,0.15,-0.29],[0.0063,-0.0116,1.0036,0.38,-0.85,0.21,-0.36,-0.66],[-0.0028,-0.0094,1.0013,1.58,-1.09,1.42,0.16,-0.54],[0.0052,-0.0,1.0051,1.38,-0.38,0.33,-0.3,-0.0],[0.0107,-0.0076,1.0047,0.67,-0.51,0.04,-0.61,-0.43]]}
38.412	{"type":"ecg","dev":"node-01","seq":384,"t0":39634,"fs":250,"leads_off":false,"bpm":89.0,"samples":[2063,2073,2083,2111,2136,2139,2143,2177,2190,2181,2184,2182,2171,2159,2149,2132,2112,2104,2077,2065,2057,2033,2029,2000,2002]}
38.414	{"type":"imu","dev":"node-01","seq":384,"t0":39634,"fs":100,"samples":[[-0.0042,-0.0047,0.9986,2.05,-0.39,0.39,0.24,-0.27],[0.0031,-0.0008,0.9985,0.8,-0.8,0.3,-0.18,-0.04],[0.0023,-0.006,1.0003,1.72,-0.62,-0.07,-0.13,-0.35],[0.0087,-0.0122,0.9954,1.62,-1.53,-0.11,-0.5,-0.7],[-0.0019,-0.0078,1.0023,1.01,-0.95,-0.42,0.11,-0.45],[0.0007,-0.0027,0.9949,2.07,-1.36,0.99,-0.04,-0.15],[0.0023,-0.003,1.0041,1.63,-0.83,-0.05,-0.13,-0.17],[0.0012,0.001,1.0035,1.54,-0.48,0.73,-0.07,0.06],[0.0039,-0.0013,0.9987,0.32,-1.05,-0.14,-0.22,-0.07],[0.0061,-0.0019,0.999,1.16,-0.19,0.29,-0.35,-0.11]]}
38.512	{"type":"ecg","dev":"node-01","seq":385,"t0":39734,"fs":250,"leads_off":false,"bpm":88.4,"samples":[1984,1980,1971,1983,1975,1976,1975,1972,1974,1968,1973,1962,1981,1969,1984,1962,1970,1959,1976,1965,1972,1972,1967,1971,1974]}
38.514	{"type":"imu","dev":"node-01","seq":385,"t0":39734,"fs":100,"samples":[[-0.0005,-0.008,1.0049,1.33,-1.86,0.8,0.03,-0.46],[0.0047,-0.0019,1.0008,2.02,-1.92,0.64,-0.27,-0.11],[0.0002,-0.0057,1.0025,0.66,-0.41,0.48,-0.01,-0.33],[0.0055,-0.0019,1.0064,1.87,-0.61,-0.22,-0.31,-0.11],[0.0006,-0.002,0.999,1.16,-1.04,0.17,-0.03,-0.12],[0.0048,-0.0049,0.9949,1.83,-1.07,0.1,-0.28,-0.28],[-0.0077,-0.0067,0.9996,1.58,-0.95,0.4,0.44,-0.39],[0.0003,-0.0001,1.0054,0.32,-0.71,-0.34,-0.01,-0.01],[-0.0025,0.0004,1.0024,0.88,-0.54,0.38,0.14,0.02],[0.0007,-0.0059,1.0137,1.85,-1.41,0.47,-0.04,-0.33]]}
38.614	{"type":"ecg","dev":"node-01","seq":386,"t0":39834,"fs":250,"leads_off":false,"bpm":88.5,"samples":[1977,1964,1964,1968,1965,1972,1963,1964,1957,1974,1961,1968,1955,1977,1953,1965,1966,1968,1961,1957,1967,1965,1960,1962,1955]}
38.616	{"type":"imu","dev":"node-01","seq":386,"t0":39834,"fs":100,"samples":[[-0.0003,-0.007,1.0023,1.06,-1.0,0.25,0.02,-0.4],[0.0015,-0.0035,1.0015,1.09,0.04,0.38,-0.08,-0.2],[-0.0047,-0.0095,0.9939,1.39,-0.64,0.73,0.27,-0.55],[-0.0013,0.0005,1.003,0.96,0.74,0.33,0.07,0.03],[-0.0008,-0.0093,0.998,1.81,-0.23,0.64,0.05,-0.53],[0.0007,-0.0045,0.999,0.59,-0.43,-0.05,-0.04,-0.26],[0.0036,-0.0046,0.9981,0.8,-0.86,0.24,-0.21,-0.27],[-0.0042,-0.0044,1.0058,1.41,-0.46,1.32,0.24,-0.25],[0.0036,0.0041,0.9968,0.97,0.27,0.81,-0.2,0.24],[0.0018,-0.0051,1.0006,1.62,-0.05,0.46,-0.1,-0.29]]}
38.713	{"type":"ecg","dev":"node-01","seq":387,"t0":39934,"fs":250,"leads_off":false,"bpm":89.0,"samples":[1960,1968,1969,1967,1963,1958,1957,1964,1975,1958,1970,1966,1961,1965,1965,1971,1962,1956,1960,1952,1966,1965,1966,1953,1971]}
38.715	{"type":"imu","dev":"node-01","seq":387,"t0":39934,"fs":100,"samples":[[0.0023,0.0006,0.9927,1.31,-0.76,0.42,-0.13,0.04],[-0.0011,-0.0038,0.9991,1.27,-1.16,1.1,0.06,-0.22],[0.0021,-0.0143,1.001,0.95,-1.17,0.47,-0.12,-0.82],[0.0042,-0.0037,0.9976,0.36,-0.99,1.0,-0.24,-0.21],[0.0041,-0.0089,1.0071,0.92,-0.62,0.26,-0.23,-0.5],[0.006,-0.0085,1.0007,1.38,-0.85,0.5,-0.34,-0.49],[-0.0013,-0.0087,1.0002,0.66,-0.27,1.62,0.07,-0.5],[-0.0034,-0.0085,1.0072,2.02,-0.17,0.55,0.19,-0.48],[-0.0048,-0.0073,0.9969,1.57,-1.15,0.64,0.28,-0.42],[0.003,-0.0075,1.0027,1.23,-0.11,1.66,-0.17,-0.43]]}
38.813	{"type":"ecg","dev":"node-01","seq":388,"t0":40034,"fs":250,"leads_off":false,"bpm":87.4,"samples":[1965,1960,1970,1972,1955,1964,1961,1965,1968,1975,1979,1991,2009,2011,2029,2046,2042,2061,2063,2031,2042,2031,2007,1993,1986]}
38.815	{"type":"imu","dev":"node-01","seq":388,"t0":40034,"fs":100,"samples":[[-0.0074,-0.0106,0.9985,1.26,-1.87,1.01,0.42,-0.61],[0.0007,-0.0031,1.0046,1.23,0.29,-0.29,-0.04,-0.18],[-0.0087,-0.0055,0.9991,0.56,-0.88,0.71,0.5,-0.32],[-0.003,-0.0026,0.9993,1.65,-0.44,0.49,0.17,-0.15],[-0.0006,-0.0031,1.007,1.09,-0.5,0.86,0.03,-0.18],[0.0001,-0.003,1.0,1.0,-0.04,0.24,-0.01,-0.17],[-0.0031,-0.0017,1.0112,0.85,-0.7,0.44,0.18,-0.1],[0.0013,-0.0071,0.9926,1.1,-0.71,0.9,-0.08,-0.41],[0.007,-0.0085,0.9918,1.09,-0.77,1.16,-0.4,-0.49],[0.0028,-0.0075,1.0044,1.82,-0.82,-0.18,-0.16,-0.43]]}
38.913	{"type":"ecg","dev":"node-01","seq":389,"t0":40134,"fs":250,"leads_off":false,"bpm":86.5,"samples":[1982,1972,1964,1966,1961,1959,1956,1948,1940,1936,2017,2294,2588,2618,2307,1974,1850,1887,1933,1959,1962,1955,1959,1967,1966]}
38.915	{"type":"imu","dev":"node-01","seq":389,"t0":40134,"fs":100,"samples":[[0.0022,-0.0057,1.0027,1.51,-0.7,-0.51,-0.12,-0.33],[0.0048,-0.0003,1.0066,1.0,-0.6,0.3,-0.27,-0.02],[-0.0018,0.0007,1.0006,1.55,-0.77,0.7,0.1,0.04],[-0.0032,-0.0003,0.9991,1.28,-1.58,1.25,0.18,-0.02],[-0.0018,-0.002,0.9987,1.82,-0.46,-0.24,0.1,-0.12],[-0.0066,-0.0109,0.9986,0.89,-0.31,1.53,0.38,-0.63],[0.0069,-0.0029,1.0005,1.31,-0.53,1.54,-0.4,-0.17],[-0.0018,-0.0038,0.9967,0.84,-1.63,1.01,0.1,-0.22],[0.001,-0.0024,1.0073,1.15,-0.68,0.04,-0.06,-0.14],[-0.0013,-0.0014,1.0014,1.26,-0.38,-0.4,0.07,-0.08]]}
39.013	{"type":"ecg","dev":"node-01","seq":390,"t0":40234,"fs":250,"leads_off":false,"bpm":87.8,"samples":[1955,1969,1951,1956,1960,1957,1961,1961,1954,1958,1965,1963,1972,1982,1975,1979,1986,1995,2026,2028,2031,2043,2076,2096,2112]}
39.015	{"type":"imu","dev":"node-01","seq":390,"t0":40234,"fs":100,"samples":[[0.0012,-0.0027,0.9965,0.58,-1.27,0.46,-0.07,-0.16],[0.0013,-0.0052,0.9911,1.54,-1.12,0.7,-0.07,-0.3],[-0.0008,-0.0093,0.9961,1.66,-1.1,0.7,0.05,-0.53],[-0.003,-0.0035,0.9994,1.12,-0.92,0.87,0.17,-0.2],[-0.0051,-0.0031,0.9961,0.93,-0.43,0.7,0.29,-0.18],[0.0002,-0.0018,0.9968,0.92,-1.22,0.35,-0.01,-0.1],[-0.001,-0.0066,1.004,1.35,-1.49,-0.21,0.06,-0.38],[-0.007,0.0028,1.0008,1.32,-0.86,1.29,0.4,0.16],[-0.0041,-0.0051,0.9945,0.34,-0.8,-0.29,0.23,-0.3],[0.0001,-0.0008,1.0007,0.84,-0.51,0.06,-0.01,-0.04]]}
39.114	{"type":"ecg","dev":"node-01","seq":391,"t0":40334,"fs":250,"leads_off":false,"bpm":86.6,"samples":[2117,2132,2145,2164,2162,2164,2166,2166,2159,2133,2121,2115,2095,2065,2068,2043,2024,2019,2004,2000,1980,1982,1975,1970,1959]}
39.116	{"type":"imu","dev":"node-01","seq":391,"t0":40334,"fs":100,"samples":[[0.0015,-0.0045,0.9997,1.32,-0.03,-0.3,-0.09,-0.26],[-0.0006,-0.0022,1.0026,0.89,-0.79,-0.78,0.03,-0.12],[-0.002,-0.0074,1.0145,1.66,-0.87,0.74,0.11,-0.42],[0.0064,-0.0036,0.9944,1.18,-1.09,0.65,-0.37,-0.21],[-0.0007,-0.005,1.0039,1.01,-0.44,0.65,0.04,-0.28],[-0.0016,0.0045,0.9955,0.34,-1.81,0.04,0.09,0.26],[-0.0097,-0.0093,1.0052,0.64,-1.15,0.98,0.55,-0.53],[-0.0005,-0.0037,0.996,1.34,-1.65,-0.13,0.03,-0.21],[0.002,-0.0007,0.997,0.69,-0.69,0.46,-0.12,-0.04],[-0.0009,-0.0025,1.0035,1.62,-0.73,1.06,0.05,-0.15]]}
39.213	{"type":"ecg","dev":"node-01","seq":392,"t0":40434,"fs":250,"leads_off":false,"bpm":88.2,"samples":[1961,1961,1964,1964,1966,1966,1965,1971,1966,1961,1956,1965,1964,1964,1957,1965,1969,1964,1962,1964,1952,1972,1970,1967,1961]}
39.215	{"type":"imu","dev":"node-01","seq":392,"t0":40434,"fs":100,"samples":[[-0.0016,-0.0021,1.0027,1.29,0.74,0.34,0.09,-0.12],[-0.0089,0.0014,1.0019,2.06,-0.55,1.95,0.51,0.08],[-0.001,-0.0005,1.0003,0.87,-1.07,0.69,0.06,-0.03],[-0.0054,-0.0044,0.9946,0.85,-0.61,0.83,0.31,-0.25],[0.006,-0.0011,1.0012,1.54,-0.28,0.63,-0.35,-0.07],[0.0024,-0.0045,0.9991,0.96,-0.78,-0.81,-0.14,-0.26],[-0.0039,-0.0041,0.9962,1.33,-1.16,1.05,0.23,-0.24],[0.0021,-0.0021,1.0014,2.02,-0.41,-0.23,-0.12,-0.12],[0.0021,-0.0036,0.9981,0.58,-1.18,0.86,-0.12,-0.21],[-0.0002,-0.0044,0.9981,0.6,-1.64,0.98,0.01,-0.26]]}
39.311	{"type":"ecg","dev":"node-01","seq":393,"t0":40534,"fs":250,"leads_off":false,"bpm":87.8,"samples":[1965,1964,1951,1961,1961,1950,1972,1961,1963,1961,1966,1969,1971,1969,1962,1977,1965,1973,1967,1973,1960,1977,1957,1979,1963]}
39.313	{"type":"imu","dev":"node-01","seq":393,"t0":40534,"fs":100,"samples":[[-0.0035,-0.0076,0.9971,1.8,-0.44,1.18,0.2,-0.44],[0.0036,-0.0079,0.9979,0.45,-1.39,1.17,-0.21,-0.45],[-0.0015,-0.0061,0.9983,1.18,-0.09,-0.11,0.08,-0.35],[0.0041,-0.0034,0.9864,0.7,-1.21,1.2,-0.24,-0.2],[-0.0046,-0.0057,0.9994,1.9,-1.43,0.49,0.27,-0.33],[0.0053,-0.0017,0.9969,1.75,-1.57,0.25,-0.3,-0.1],[0.0004,0.0016,0.9952,1.45,-0.68,-0.04,-0.02,0.09],[-0.0005,0.0004,0.997,0.99,-0.97,0.74,0.03,0.02],[-0.0018,-0.0014,0.9967,1.27,-0.54,-0.2,0.1,-0.08],[-0.0044,-0.0085,1.0052,1.86,-1.13,-0.21,0.25,-0.49]]}
39.413	{"type":"ecg","dev":"node-01","seq":394,"t0":40634,"fs":250,"leads_off":false,"bpm":86.9,"samples":[1969,1960,1972,1976,1980,1957,1974,1970,1969,1980,1958,1959,1967,1982,1970,1971,1976,1975,1972,1968,1976,1968,1961,1975,1967]}
39.415	{"type":"imu","dev":"node-01","seq":394,"t0":40634,"fs":100,"samples":[[-0.0018,0.0026,1.0001,1.15,-1.58,0.43,0.1,0.15],[-0.0059,0.0016,1.0,0.72,-0.29,0.34,0.34,0.09],[0.0013,-0.0013,0.9989,1.24,-0.3,-0.08,-0.07,-0.08],[-0.0033,-0.005,1.0004,1.28,-1.21,0.11,0.19,-0.28],[-0.0009,-0.0009,1.005,1.49,-0.49,0.52,0.05,-0.05],[0.0018,-0.0032,1.0028,1.24,-1.42,0.73,-0.1,-0.18],[-0.007,-0.0059,0.999,0.97,-1.21,1.08,0.4,-0.34],[-0.0018,-0.0082,1.0006,1.53,-0.74,0.13,0.1,-0.47],[-0.0009,0.0054,0.9975,1.32,-0.8,0.46,0.05,0.31],[0.0001,-0.0052,1.009,0.7,-1.03,0.07,-0.01,-0.3]]}
39.511	{"type":"ecg","dev":"node-01","seq":395,"t0":40734,"fs":250,"leads_off":false,"bpm":86.9,"samples":[1975,1969,1977,1981,1993,2002,1999,2011,2023,2037,2064,2064,2073,2064,2057,2053,2040,2034,2016,2010,1986,1990,1984,1986,1981]}
39.513	{"type":"imu","dev":"node-01","seq":395,"t0":40734,"fs":100,"samples":[[0.0036,-0.0065,0.9973,1.4,-1.0,0.63,-0.21,-0.38],[0.0048,-0.005,1.0068,1.25,-0.88,-0.16,-0.27,-0.28],[0.0051,-0.0042,0.9994,0.63,-0.16,1.23,-0.29,-0.24],[0.0092,0.0013,0.995,1.51,-1.77,1.53,-0.53,0.08],[-0.0072,-0.007,0.9947,1.59,-0.24,0.2,0.42,-0.4],[0.0043,-0.0006,0.9955,0.93,-0.89,0.46,-0.25,-0.03],[0.0008,-0.0068,1.006,0.12,-0.64,0.66,-0.05,-0.39],[-0.0048,-0.0005,0.9956,0.85,-0.8,0.25,0.28,-0.03],[0.0048,0.0006,1.0019,1.01,-0.57,0.63,-0.28,0.04],[-0.0003,-0.0076,0.9946,2.12,-0.45,-0.28,0.02,-0.44]]}
39.613	{"type":"ecg","dev":"node-01","seq":396,"t0":40834,"fs":250,"leads_off":false,"bpm":89.3,"samples":[1982,1983,1980,1964,1952,1976,2158,2489,2679,2496,2113,1885,1877,1933,1963,1978,1979,1980,1983,1978,1973,1984,1984,1977,1981]}
39.615	{"type":"imu","dev":"node-01","seq":396,"t0":40834,"fs":100,"samples":[[0.0001,-0.0147,1.0054,2.45,-0.15,0.64,-0.01,-0.84],[-0.0028,-0.0058,1.0045,0.39,-0.35,0.68,0.16,-0.33],[0.0013,-0.0068,0.9998,1.35,-1.01,0.36,-0.07,-0.39],[-0.0003,-0.011,1.0049,1.63,0.37,0.45,0.02,-0.63],[-0.0027,-0.0009,1.001,1.92,-0.58,0.78,0.15,-0.05],[0.0011,-0.0026,0.9961,0.87,-1.38,0.1,-0.06,-0.15],[-0.002,-0.002,1.0012,1.17,-0.57,0.69,0.11,-0.11],[-0.0054,0.0017,1.0033,1.75,-0.81,-0.32,0.31,0.1],[0.0005,-0.0124,1.003,1.12,-0.78,0.47,-0.03,-0.71],[0.0072,-0.0039,1.0024,1.01,-0.79,0.07,-0.41,-0.22]]}
39.712	{"type":"ecg","dev":"node-01","seq":397,"t0":40934,"fs":250,"leads_off":false,"bpm":87.4,"samples":[1987,1991,1990,2002,1980,1993,1985,1988,1998,1989,2013,2014,2026,2021,2043,2047,2070,2079,2106,2118,2129,2159,2176,2177,2193]}
39.714	{"type":"imu","dev":"node-01","seq":397,"t0":40934,"fs":100,"samples":[[0.0044,-0.0043,0.9996,1.78,-0.69,0.26,-0.26,-0.25],[0.0052,0.002,0.9996,1.03,-1.82,-0.03,-0.3,0.11],[0.0017,0.0,0.9916,1.44,-0.02,0.95,-0.1,0.0],[-0.0056,0.0016,1.0047,1.03,-1.02,0.44,0.32,0.09],[-0.0001,-0.0078,1.0057,0.69,-1.8,-0.31,0.0,-0.45],[-0.0002,0.002,1.0022,0.85,-0.64,1.14,0.01,0.12],[-0.0014,-0.0082,1.0051,0.67,-0.21,0.24,0.08,-0.47],[-0.0016,-0.0056,1.0018,1.6,-0.18,0.15,0.09,-0.32],[0.0004,-0.0095,0.9958,0.75,-0.88,0.75,-0.02,-0.55],[-0.0021,-0.0003,1.0022,0.9,-0.57,-0.08,0.12,-0.02]]}
39.813	{"type":"ecg","dev":"node-01","seq":398,"t0":41034,"fs":250,"leads_off":false,"bpm":88.4,"samples":[2195,2198,2198,2182,2180,2170,2140,2122,2117,2101,2085,2071,2052,2037,2032,2018,2007,2003,2001,2002,2006,1994,2001,1992,1994]}
39.815	{"type":"imu","dev":"node-01","seq":398,"t0":41034,"fs":100,"samples":[[-0.0059,-0.0009,0.9977,1.46,-1.28,0.99,0.34,-0.05],[-0.0039,-0.0007,0.9979,0.39,-0.8,0.6,0.22,-0.04],[0.0008,0.0015,0.9999,0.45,0.35,0.01,-0.04,0.09],[-0.0029,-0.0004,0.997,1.23,-0.65,0.14,0.17,-0.02],[-0.0009,0.0052,1.0017,1.75,-1.36,1.5,0.05,0.3],[-0.0014,-0.0065,1.0074,0.78,-0.19,0.84,0.08,-0.37],[-0.0009,-0.0081,0.9952,0.73,-0.91,0.97,0.05,-0.47],[0.0013,-0.0086,0.9992,1.27,-0.87,1.49,-0.08,-0.49],[-0.0005,0.0037,1.0035,1.63,-0.45,0.3,0.03,0.21],[0.0023,-0.0012,0.9927,1.01,-1.56,0.97,-0.13,-0.07]]}
39.912	{"type":"ecg","dev":"node-01","seq":399,"t0":41134,"fs":250,"leads_off":false,"bpm":86.8,"samples":[1991,1996,1995,2001,1983,1995,1994,1998,1998,1987,1994,1994,1986,1996,1985,2004,1998,1997,1999,1998,2004,2001,1988,1996,2002]}
39.914	{"type":"imu","dev":"node-01","seq":399,"t0":41134,"fs":100,"samples":[[-0.0028,-0.0017,0.9992,1.1,-0.64,0.83,0.16,-0.1],[0.0064,-0.0029,0.9924,1.56,-0.68,-0.7,-0.37,-0.17],[0.0035,-0.0057,1.0011,2.46,-0.01,-0.01,-0.2,-0.32],[-0.0015,0.0014,0.9986,0.96,-0.15,1.6,0.08,0.08],[0.0018,0.0016,1.0046,0.5,-1.22,0.86,-0.1,0.09],[-0.0033,0.0009,1.0017,0.97,-0.41,0.5,0.19,0.05],[0.0013,-0.0049,0.997,-0.04,-0.81,1.64,-0.07,-0.28],[0.0025,0.0053,0.9936,0.73,-0.53,-0.37,-0.14,0.31],[-0.0073,-0.0027,1.0015,0.76,-1.55,1.02,0.42,-0.15],[0.0019,0.0006,0.998,0.95,-0.47,0.59,-0.11,0.03]]}
40.000	{"type":"status","dev":"node-01","fw":"0.1.0","uptime_ms":41234,"ecg":{"fs":250},"imu":{"ok":true,"fs":100,"errors":0,"fields":["ax","ay","az","gx","gy","gz","pitch","roll"]}}
40.010	{"type":"ecg","dev":"node-01","seq":400,"t0":41234,"fs":250,"leads_off":false,"bpm":87.7,"samples":[1999,1994,2008,1999,2004,1980,2003,2004,2002,2015,2001,1996,1999,1989,2006,2006,2001,1994,2010,1997,2001,2006,1993,2006,2014]}
40.012	{"type":"imu","dev":"node-01","seq":400,"t0":41234,"fs":100,"samples":[[0.0028,0.0057,0.997,0.3,-0.18,0.45,-0.16,0.33],[0.0018,0.0106,1.0057,1.57,-0.44,0.47,-0.1,0.6],[-0.0025,0.0022,1.0025,2.21,0.24,0.62,0.14,0.12],[-0.0016,0.0076,1.0043,1.09,-0.09,0.98,0.09,0.43],[0.0001,-0.0002,0.998,1.48,-1.35,-0.5,-0.01,-0.01],[0.0039,0.001,1.0067,0.51,-0.49,0.29,-0.22,0.06],[0.0038,0.0078,0.9997,1.63,-0.31,0.53,-0.22,0.44],[0.0021,-0.0038,1.0008,0.57,-0.42,0.12,-0.12,-0.21],[-0.0017,-0.0012,1.01,0.87,-1.05,1.15,0.1,-0.07],[-0.0061,0.0041,0.9932,1.43,-0.64,0.34,0.35,0.24]]}
40.112	{"type":"ecg","dev":"node-01","seq":401,"t0":41334,"fs":250,"leads_off":false,"bpm":87.9,"samples":[2002,2020,2010,2007,2001,2011,2004,2013,2000,2015,2013,2018,2011,2007,2018,2000,2010,2014,2010,2010,2009,2016,2015,2009,2016]}
40.114	{"type":"imu","dev":"node-01","seq":401,"t0":41334,"fs":100,"samples":[[-0.0056,-0.0051,0.9995,0.61,-0.27,0.74,0.32,-0.29],[-0.0024,-0.0036,0.9901,0.86,-0.69,-0.01,0.14,-0.21],[-0.0046,-0.0038,0.9995,0.81,-1.41,0.4,0.26,-0.22],[-0.0034,0.0062,0.9975,-0.1,-1.45,0.23,0.19,0.36],[0.0052,-0.0022,1.0064,1.98,-1.19,-0.34,-0.3,-0.12],[-0.0024,0.0034,1.008,2.14,-0.4,0.33,0.14,0.19],[0.0058,-0.0084,0.9975,1.5,-1.24,0.2,-0.33,-0.48],[-0.0054,-0.0038,1.0076,0.68,-0.69,0.85,0.3,-0.22],[0.005,0.0058,1.0088,1.48,-0.5,-0.06,-0.29,0.33],[0.0024,-0.0023,0.9988,1.16,-0.5,0.15,-0.14,-0.13]]}
40.211	{"type":"ecg","dev":"node-01","seq":402,"t0":41434,"fs":250,"leads_off":false,"bpm":86.7,"samples":[2031,2031,2045,2062,2057,2078,2103,2105,2101,2106,2084,2083,2075,2062,2043,2051,2023,2028,2024,2016,2029,2019,2020,2034,1989]}
40.213	{"type":"imu","dev":"node-01","seq":402,"t0":41434,"fs":100,"samples":[[0.0053,0.0033,1.0027,0.99,-1.13,0.59,-0.31,0.19],[0.0095,-0.0071,0.9931,1.74,0.28,0.75,-0.55,-0.41],[-0.0024,0.0023,1.0011,1.39,0.04,1.47,0.14,0.13],[-0.0045,0.0032,0.9924,0.17,-0.46,-0.18,0.26,0.18],[-0.001,0.0038,1.0003,2.02,-0.44,0.52,0.05,0.22],[-0.0034,0.002,1.0049,1.32,-0.39,0.09,0.2,0.11],[-0.0026,-0.0045,1.0059,0.91,-1.41,1.26,0.15,-0.26],[0.0013,0.0013,0.9999,1.67,-0.97,0.77,-0.07,0.07],[-0.0061,-0.0037,1.0007,1.48,-1.49,0.43,0.35,-0.21],[0.0056,0.0043,0.994,1.56,-0.32,1.28,-0.32,0.25]]}
40.310	{"type":"ecg","dev":"node-01","seq":403,"t0":41534,"fs":250,"leads_off":false,"bpm":87.1,"samples":[1992,2100,2377,2674,2657,2332,2016,1902,1941,1994,2013,2022,2020,2029,2020,2016,2018,2021,2033,2024,2028,2023,2028,2030,2020]}
40.312	{"type":"imu","dev":"node-01","seq":403,"t0":41534,"fs":100,"samples":[[0.0048,0.0031,0.9988,1.56,-0.61,1.25,-0.28,0.18],[0.0031,0.0022,1.0014,0.15,-1.82,0.46,-0.18,0.13],[-0.0042,-0.0004,1.0008,1.48,-1.16,0.74,0.24,-0.02],[-0.0044,0.0032,0.9979,1.0,-0.84,0.41,0.25,0.18],[0.0062,0.0001,0.9977,1.02,-0.96,0.07,-0.36,0.0],[0.0037,-0.0007,0.9955,1.2,-0.13,-0.29,-0.21,-0.04],[-0.0023,0.0021,0.9967,1.07,-2.23,0.93,0.13,0.12],[0.0021,-0.0027,1.0027,1.65,-1.46,0.92,-0.12,-0.16],[-0.0026,0.0001,0.9939,1.23,-1.08,-0.05,0.15,0.0],[0.0006,0.0099,0.998,2.12,-1.06,1.25,-0.03,0.57]]}
40.412	{"type":"ecg","dev":"node-01","seq":404,"t0":41634,"fs":250,"leads_off":false,"bpm":86.9,"samples":[2032,2029,2037,2031,2030,2038,2048,2058,2071,2074,2084,2115,2125,2133,2152,2172,2181,2216,2220,2230,2226,2238,2233,2229,2228]}
40.414	{"type":"imu","dev":"node-01","seq":404,"t0":41634,"fs":100,"samples":[[-0.0036,0.0045,0.9986,1.3,-1.26,0.16,0.21,0.26],[-0.0018,0.0065,0.9971,1.3,-0.9,0.35,0.1,0.37],[0.0028,0.0024,0.997,1.0,-0.39,0.89,-0.16,0.14],[0.0001,0.0043,1.0012,0.42,-1.25,1.45,-0.01,0.25],[0.0023,-0.0049,0.9992,1.2,-1.12,1.01,-0.13,-0.28],[-0.0021,0.0019,1.0004,1.3,-0.8,0.63,0.12,0.11],[0.0028,0.0017,0.9984,1.1,-1.17,0.48,-0.16,0.1],[0.0053,-0.0025,0.9992,0.98,-0.47,-0.19,-0.3,-0.14],[0.0001,0.0079,0.9989,1.07,-1.28,1.16,-0.01,0.45],[-0.0,-0.0025,1.0091,1.12,-0.46,0.87,0.0,-0.14]]}
40.512	{"type":"ecg","dev":"node-01","seq":405,"t0":41734,"fs":250,"leads_off":false,"bpm":89.4,"samples":[2208,2193,2183,2157,2147,2129,2112,2108,2088,2074,2069,2059,2057,2045,2043,2040,2032,2041,2033,2033,2030,2026,2016,2037,2037]}
40.514	{"type":"imu","dev":"node-01","seq":405,"t0":41734,"fs":100,"samples":[[-0.0027,0.0003,0.9996,1.3,-0.75,0.21,0.16,0.01],[0.0011,-0.0003,0.9962,0.67,-1.5,0.88,-0.07,-0.02],[0.0035,0.0042,1.0039,1.61,-0.97,0.8,-0.2,0.24],[0.0011,0.0023,0.9991,0.81,-0.87,0.47,-0.06,0.13],[-0.0035,-0.004,0.9996,0.64,-0.73,0.52,0.2,-0.23],[-0.0018,-0.0013,1.0035,1.33,0.13,0.74,0.1,-0.07],[0.0019,0.0046,0.9975,1.55,-1.1,0.42,-0.11,0.27],[-0.003,0.0045,0.993,1.73,-2.49,1.61,0.17,0.26],[-0.002,-0.0009,0.9998,1.42,-1.01,-0.05,0.12,-0.05],[-0.0024,0.0021,1.0012,0.92,-0.07,0.25,0.14,0.12]]}
40.614	{"type":"ecg","dev":"node-01","seq":406,"t0":41834,"fs":250,"leads_off":false,"bpm":88.1,"samples":[2025,2030,2034,2030,2032,2036,2030,2028,2029,2024,2029,2036,2031,2026,2027,2034,2040,2029,2031,2032,2030,2032,2041,2042,2030]}
40.616	{"type":"imu","dev":"node-01","seq":406,"t0":41834,"fs":100,"samples":[[-0.0056,0.0025,1.0043,1.53,0.05,0.28,0.32,0.14],[0.0052,-0.0008,1.0012,1.19,-1.37,0.5,-0.3,-0.04],[0.0,0.0027,0.9994,1.83,-0.43,0.31,-0.0,0.15],[-0.0033,-0.0035,0.996,1.17,-1.32,-0.44,0.19,-0.2],[-0.0069,0.0148,0.9992,2.04,-0.73,0.24,0.4,0.85],[0.0022,0.0054,0.9957,1.84,-0.86,-0.46,-0.12,0.31],[-0.0033,0.0066,0.9941,0.75,-1.2,1.06,0.19,0.38],[-0.0029,-0.0027,1.0003,0.68,-0.72,0.14,0.17,-0.16],[0.0011,0.0039,0.9978,0.65,-0.32,0.08,-0.06,0.22],[-0.0009,0.0046,0.9951,1.2,-1.58,-0.06,0.05,0.26]]}
40.713	{"type":"ecg","dev":"node-01","seq":407,"t0":41934,"fs":250,"leads_off":false,"bpm":87.0,"samples":[2044,2035,2035,2031,2038,2044,2043,2044,2032,2043,2042,2043,2030,2039,2042,2035,2036,2034,2038,2028,2040,2038,2036,2042,2041]}
40.715	{"type":"imu","dev":"node-01","seq":407,"t0":41934,"fs":100,"samples":[[0.0053,0.0047,0.9993,1.48,0.14,0.15,-0.31,0.27],[-0.001,0.0048,0.9948,2.14,-0.86,-0.12,0.06,0.27],[0.0063,0.007,1.0059,1.13,-1.31,0.51,-0.36,0.4],[-0.0023,0.0053,1.0042,1.33,-0.13,0.45,0.13,0.3],[-0.0022,-0.0048,0.9948,1.07,-0.84,0.89,0.12,-0.28],[0.0006,0.0087,0.9966,1.56,-1.85,0.04,-0.03,0.5],[0.0002,0.0064,1.0005,0.46,0.06,0.71,-0.01,0.37],[-0.0037,0.0021,1.0057,1.43,-1.48,0.86,0.21,0.12],[0.0006,0.0042,1.0036,1.97,-0.8,0.67,-0.04,0.24],[-0.0013,0.0126,0.9995,0.36,-0.61,0.52,0.08,0.72]]}
40.811	{"type":"ecg","dev":"node-01","seq":408,"t0":42034,"fs":250,"leads_off":false,"bpm":89.4,"samples":[2039,2043,2044,2047,2049,2039,2030,2040,2032,2030,2041,2038,2036,2039,2041,2035,2041,2051,2042,2032,2049,2062,2063,2086,2084]}
40.813	{"type":"imu","dev":"node-01","seq":408,"t0":42034,"fs":100,"samples":[[0.0018,0.0066,0.9997,1.28,-0.92,0.02,-0.1,0.38],[0.0007,0.0071,0.9947,0.14,-0.75,0.93,-0.04,0.41],[0.0027,0.0068,1.0012,0.17,-1.29,0.45,-0.16,0.39],[-0.002,-0.0017,1.0011,1.51,-1.16,-0.42,0.12,-0.09],[0.0064,0.0051,0.9976,1.35,-0.49,0.03,-0.37,0.3],[-0.0001,0.0051,1.0069,1.1,-0.54,0.44,0.01,0.29],[0.0017,0.0089,0.9996,1.0,-0.49,0.86,-0.1,0.51],[-0.0014,-0.0062,1.0077,0.47,-1.54,0.84,0.08,-0.35],[0.0017,0.0105,0.9999,1.39,-0.23,0.1,-0.1,0.6],[-0.0057,0.0066,1.0077,0.4,-0.2,0.2,0.32,0.38]]}
40.912	{"type":"ecg","dev":"node-01","seq":409,"t0":42134,"fs":250,"leads_off":false,"bpm":89.2,"samples":[2105,2104,2116,2127,2133,2127,2118,2105,2099,2079,2067,2060,2049,2046,2039,2036,2037,2029,2038,2031,2009,2045,2244,2580,2740]}
40.914	{"type":"imu","dev":"node-01","seq":409,"t0":42134,"fs":100,"samples":[[0.0004,0.0031,0.9962,0.16,-0.13,-0.3,-0.02,0.18],[-0.0062,0.0146,1.0056,1.76,-0.18,0.66,0.36,0.83],[-0.0013,0.0031,1.0006,1.56,-0.41,-0.62,0.08,0.18],[-0.0032,0.0038,0.9954,1.17,-0.39,0.7,0.18,0.22],[-0.0085,0.0059,0.9918,1.34,-0.09,0.78,0.49,0.34],[-0.0036,0.0098,1.0064,1.19,-1.2,0.15,0.2,0.56],[-0.0063,0.0011,1.0033,0.45,-0.76,0.61,0.36,0.06],[0.0006,0.0053,1.0018,0.92,-1.14,0.73,-0.03,0.31],[0.0037,0.0002,1.0039,0.95,-0.29,1.2,-0.21,0.01],[-0.0027,-0.0002,0.9954,1.47,-1.63,0.0,0.15,-0.01]]}
41.013	{"type":"ecg","dev":"node-01","seq":410,"t0":42234,"fs":250,"leads_off":false,"bpm":87.7,"samples":[2524,2156,1950,1943,2004,2027,2023,2045,2034,2039,2046,2041,2036,2034,2037,2043,2047,2039,2044,2041,2036,2052,2046,2045,2061]}
41.015	{"type":"imu","dev":"node-01","seq":410,"t0":42234,"fs":100,"samples":[[0.0004,0.0023,0.9935,1.37,-0.45,0.89,-0.02,0.13],[0.0034,0.0042,0.9998,1.91,-0.65,0.76,-0.2,0.24],[-0.0045,0.0095,1.004,1.73,-0.48,0.6,0.26,0.54],[-0.0024,0.0012,1.0,1.13,-1.48,0.84,0.13,0.07],[0.0053,0.0074,0.9942,1.28,-0.43,0.57,-0.3,0.43],[-0.0038,0.002,1.0034,1.78,0.37,0.14,0.22,0.11],[0.0021,0.0036,0.9978,0.45,-1.02,0.61,-0.12,0.21],[-0.0025,0.0056,1.0024,1.32,-0.85,0.8,0.14,0.32],[0.0089,0.0101,0.9947,1.83,-1.25,-0.18,-0.51,0.58],[0.0078,0.0017,1.0055,1.68,-1.02,0.38,-0.45,0.1]]}
41.113	{"type":"ecg","dev":"node-01","seq":411,"t0":42334,"fs":250,"leads_off":false,"bpm":87.0,"samples":[2053,2054,2066,2078,2085,2100,2110,2128,2143,2159,2170,2194,2215,2229,2233,2250,2250,2255,2246,2228,2222,2224,2198,2183,2164]}
41.115	{"type":"imu","dev":"node-01","seq":411,"t0":42334,"fs":100,"samples":[[-0.003,0.0007,1.0051,1.98,-0.31,0.12,0.17,0.04],[0.0028,0.0022,0.9994,1.49,-0.79,0.66,-0.16,0.13],[0.003,0.0039,0.9964,1.73,-0.27,0.41,-0.17,0.22],[0.0006,0.0096,1.0034,1.48,-0.65,0.72,-0.03,0.55],[0.0003,0.0064,1.0005,0.83,-1.19,0.95,-0.01,0.37],[0.0076,-0.0037,0.9963,1.17,-1.36,1.08,-0.44,-0.21],[-0.0006,0.0047,1.0015,0.87,-1.04,0.68,0.04,0.27],[0.0045,0.0057,0.9981,1.05,-0.11,-0.14,-0.26,0.33],[0.0004,0.0036,1.0001,1.07,-1.04,0.56,-0.02,0.21],[-0.005,0.0001,1.0021,1.0,-2.16,-1.22,0.29,0.0]]}
41.213	{"type":"ecg","dev":"node-01","seq":412,"t0":42434,"fs":250,"leads_off":false,"bpm":87.2,"samples":[2148,2129,2109,2094,2086,2090,2060,2065,2058,2052,2044,2049,2045,2052,2043,2041,2048,2030,2031,2027,2028,2034,2033,2035,2041]}
41.215	{"type":"imu","dev":"node-01","seq":412,"t0":42434,"fs":100,"samples":[[0.0003,0.0035,1.006,1.09,-1.02,0.76,-0.02,0.2],[-0.001,0.006,1.0009,1.13,-1.33,0.75,0.06,0.34],[0.0027,0.0054,1.002,1.05,-0.66,0.57,-0.16,0.31],[-0.0041,0.001,1.0013,1.43,-0.52,0.79,0.23,0.06],[0.0002,0.0084,0.9938,1.34,-0.07,0.27,-0.01,0.49],[-0.0013,0.0004,0.9976,1.72,-1.41,1.53,0.08,0.02],[-0.0025,0.0063,0.9961,1.64,-0.83,0.64,0.14,0.36],[0.0007,0.0004,0.9979,1.31,-0.31,0.18,-0.04,0.02],[0.0013,0.0021,0.9996,0.97,-0.31,-0.31,-0.08,0.12],[-0.0009,0.0039,1.0082,1.0,-2.26,0.27,0.05,0.22]]}
41.312	{"type":"ecg","dev":"node-01","seq":413,"t0":42534,"fs":250,"leads_off":false,"bpm":88.0,"samples":[2040,2034,2038,2045,2034,2041,2027,2043,2029,2031,2038,2036,2036,2030,2040,2032,2039,2039,2031,2037,2035,2031,2021,2031,2034]}
41.314	{"type":"imu","dev":"node-01","seq":413,"t0":42534,"fs":100,"samples":[[-0.0043,0.0015,1.0037,0.21,-1.68,0.23,0.24,0.09],[0.0013,0.0024,0.9957,0.05,-1.57,1.25,-0.07,0.14],[0.0007,-0.0026,1.0049,0.93,-1.25,0.95,-0.04,-0.15],[0.0017,0.0012,1.0004,1.11,-1.71,0.76,-0.1,0.07],[0.0019,0.0057,0.993,1.78,-0.42,0.24,-0.11,0.33],[-0.0047,0.0106,0.9935,1.33,-0.21,0.78,0.27,0.61],[0.0005,-0.0016,1.0045,1.75,-1.32,0.41,-0.03,-0.09],[0.0001,-0.0013,1.0003,1.35,-0.9,1.16,-0.01,-0.07],[-0.0019,0.0022,0.9961,1.53,-1.14,0.42,0.11,0.13],[0.0016,0.0014,1.0007,1.44,0.16,0.16,-0.09,0.08]]}
41.414	{"type":"ecg","dev":"node-01","seq":414,"t0":42634,"fs":250,"leads_off":false,"bpm":88.6,"samples":[2029,2032,2022,2027,2031,2028,2037,2037,2030,2024,2034,2027,2038,2039,2028,2021,2024,2028,2028,2028,2031,2021,2037,2029,2025]}
41.416	{"type":"imu","dev":"node-01","seq":414,"t0":42634,"fs":100,"samples":[[-0.0019,-0.0011,1.0,1.14,-1.37,0.94,0.11,-0.06],[0.0012,0.0018,1.0044,0.93,-0.85,0.87,-0.07,0.1],[-0.0008,-0.0057,1.0021,1.21,-1.15,0.11,0.04,-0.33],[0.002,-0.0005,0.9981,1.28,-0.53,-0.21,-0.11,-0.03],[-0.0038,0.0029,1.0007,0.96,-0.9,0.82,0.22,0.17],[-0.0047,-0.0002,1.0059,0.62,-0.81,0.81,0.27,-0.01],[-0.0025,0.0072,1.0003,1.31,-0.26,-0.57,0.14,0.42],[0.0037,0.0047,1.0025,0.9,-0.66,1.23,-0.21,0.27],[0.0002,0.0062,0.999,1.04,-0.53,0.26,-0.01,0.36],[0.0042,-0.0016,0.9962,1.97,-1.59,0.17,-0.24,-0.09]]}
41.511	{"type":"ecg","dev":"node-01","seq":415,"t0":42734,"fs":250,"leads_off":false,"bpm":88.2,"samples":[2025,2030,2034,2041,2032,2025,2025,2032,2031,2038,2020,2024,2031,2019,2032,2036,2046,2054,2055,2066,2067,2099,2119,2104,2113]}
41.513	{"type":"imu","dev":"node-01","seq":415,"t0":42734,"fs":100,"samples":[[-0.0027,0.0028,0.9913,1.0,-1.04,0.65,0.16,0.16],[0.0059,0.0101,0.9969,1.24,-0.65,0.1,-0.34,0.58],[-0.0036,0.0035,0.9966,1.97,-0.63,0.64,0.21,0.2],[0.0,0.0061,0.9995,1.12,-0.09,0.8,-0.0,0.35],[0.0046,0.0044,0.9952,2.16,-0.69,0.14,-0.27,0.25],[0.0016,0.0004,0.9958,0.83,-0.79,1.46,-0.09,0.02],[0.0042,0.0014,0.9986,-0.43,-1.29,0.71,-0.24,0.08],[-0.0018,-0.0013,1.0098,0.31,-0.11,1.26,0.1,-0.07],[0.0038,0.0007,1.0025,1.16,-0.37,0.73,-0.21,0.04],[0.0036,0.0105,1.0007,2.5,-0.22,-0.13,-0.21,0.6]]}
41.613	{"type":"ecg","dev":"node-01","seq":416,"t0":42834,"fs":250,"leads_off":false,"bpm":87.2,"samples":[2118,2110,2088,2083,2055,2052,2046,2030,2028,2028,2037,2002,2020,2015,2022,2017,2003,2119,2412,2692,2631,2287,1990,1909,1960]}
41.615	{"type":"imu","dev":"node-01","seq":416,"t0":42834,"fs":100,"samples":[[-0.0017,-0.002,0.9968,0.97,-0.12,0.08,0.1,-0.12],[0.0031,-0.0001,1.0082,0.39,-0.95,0.3,-0.17,-0.0],[0.0031,0.0097,1.0014,1.67,-0.89,1.02,-0.18,0.56],[-0.003,0.0017,0.9941,1.64,-1.4,1.04,0.17,0.1],[0.0022,-0.0034,1.0017,0.84,-0.66,0.53,-0.12,-0.19],[-0.0025,0.0028,0.9983,0.93,-0.25,-0.49,0.15,0.16],[0.0001,0.0034,0.9988,1.65,-0.45,0.2,-0.01,0.2],[0.0016,0.0033,1.0032,1.36,-1.53,1.1,-0.09,0.19],[0.0019,-0.0016,0.9979,1.55,-0.14,0.79,-0.11,-0.09],[-0.002,0.0047,1.0051,0.13,-0.82,1.06,0.11,0.27]]}
41.710	{"type":"ecg","dev":"node-01","seq":417,"t0":42934,"fs":250,"leads_off":false,"bpm":89.4,"samples":[2000,2015,2005,2013,2015,2007,2007,2017,2006,2019,2021,2017,2015,2011,2012,2017,2017,2021,2017,2022,2029,2025,2040,2046,2045]}
41.712	{"type":"imu","dev":"node-01","seq":417,"t0":42934,"fs":100,"samples":[[-0.004,-0.0048,1.0032,1.68,0.02,0.64,0.23,-0.27],[0.0015,0.0019,1.0,1.01,-1.07,0.47,-0.09,0.11],[0.0075,0.0025,1.0002,1.82,-1.45,0.81,-0.43,0.14],[-0.0044,0.0052,1.0006,1.5,-1.02,0.6,0.25,0.3],[-0.0044,0.0016,1.0016,1.74,-0.85,0.18,0.25,0.09],[-0.0026,0.0012,1.0092,0.5,-1.13,1.02,0.15,0.07],[-0.0055,-0.004,0.9943,1.41,-0.67,0.35,0.32,-0.23],[-0.0056,0.0033,0.9936,0.93,-0.45,1.16,0.32,0.19],[-0.0026,-0.0021,0.9956,0.3,-0.68,0.77,0.15,-0.12],[-0.0005,0.0057,0.9934,1.09,-1.23,0.13,0.03,0.33]]}
41.812	{"type":"ecg","dev":"node-01","seq":418,"t0":43034,"fs":250,"leads_off":false,"bpm":86.8,"samples":[2069,2078,2088,2114,2123,2144,2151,2170,2203,2221,2208,2219,2217,2213,2203,2203,2184,2176,2160,2141,2117,2103,2095,2082,2068]}
41.814	{"type":"imu","dev":"node-01","seq":418,"t0":43034,"fs":100,"samples":[[0.0032,0.0046,1.0057,0.41,-0.36,0.87,-0.18,0.26],[0.002,0.0044,0.9966,2.55,-0.95,0.51,-0.12,0.25],[-0.0032,0.0087,0.9967,1.24,-1.23,-0.17,0.18,0.5],[0.0031,0.0027,1.0052,1.62,0.18,0.02,-0.18,0.15],[-0.0019,0.0019,0.9944,1.81,-0.2,0.85,0.11,0.11],[-0.0072,-0.0081,0.9948,1.37,-1.18,0.25,0.41,-0.47],[-0.002,0.0058,0.9935,1.47,-1.32,1.38,0.11,0.34],[0.0011,0.0036,0.9981,0.69,-1.05,0.91,-0.06,0.21],[0.0057,-0.0046,0.9989,-0.25,-1.09,0.21,-0.32,-0.26],[0.0016,0.0073,0.9952,0.96,0.24,0.75,-0.09,0.42]]}
41.913	{"type":"ecg","dev":"node-01","seq":419,"t0":43134,"fs":250,"leads_off":false,"bpm":86.6,"samples":[2042,2033,2019,2030,2018,2012,2007,2015,2003,2001,1999,1998,2007,2001,2006,2002,1991,2004,2002,2001,2000,1990,1996,2005,1995]}
41.915	{"type":"imu","dev":"node-01","seq":419,"t0":43134,"fs":100,"samples":[[-0.0059,0.0,1.0005,1.85,-0.48,-0.05,0.34,0.0],[-0.0015,0.001,1.0026,1.53,-0.38,0.14,0.09,0.06],[-0.002,0.0009,1.0007,1.35,-1.02,-0.0,0.11,0.05],[0.0052,0.0039,1.0033,1.08,0.32,0.74,-0.29,0.22],[-0.006,-0.003,1.0056,0.38,-1.11,-0.02,0.34,-0.17],[0.0007,-0.0016,1.0018,1.8,-0.03,0.51,-0.04,-0.09],[0.004,0.0012,1.0067,1.23,-0.79,0.67,-0.23,0.07],[0.0035,0.0021,1.0003,0.77,-0.6,-0.41,-0.2,0.12],[0.0037,-0.0009,0.9909,0.93,-0.67,0.55,-0.22,-0.05],[-0.0038,-0.0018,1.0012,1.02,-1.31,0.8,0.21,-0.1]]}
42.014	{"type":"ecg","dev":"node-01","seq":420,"t0":43234,"fs":250,"leads_off":false,"bpm":87.5,"samples":[1988,1998,2006,1992,1994,1995,1986,1995,2011,2004,2006,2010,1998,1992,1984,2000,1986,1999,1990,2001,1986,1998,1989,1989,1985]}
42.016	{"type":"imu","dev":"node-01","seq":420,"t0":43234,"fs":100,"samples":[[-0.0011,0.001,1.008,1.85,0.3,0.21,0.06,0.06],[-0.0075,0.0035,1.0018,1.09,-1.03,1.05,0.43,0.2],[-0.0007,0.0025,0.9952,0.79,-1.08,0.82,0.04,0.14],[-0.0032,0.0043,1.002,1.13,0.01,0.28,0.18,0.24],[0.0061,0.0019,1.0036,0.49,-0.85,0.65,-0.35,0.11],[-0.0005,0.0013,1.0073,0.76,-0.39,-0.6,0.03,0.08],[-0.0008,0.0047,0.9998,1.37,-0.67,0.5,0.05,0.27],[-0.0087,-0.0024,0.9952,1.32,-0.09,1.2,0.5,-0.14],[-0.0001,0.0026,1.0005,1.28,-0.56,0.82,0.0,0.15],[-0.0076,0.0007,0.9983,1.13,-1.61,1.25,0.44,0.04]]}
42.111	{"type":"ecg","dev":"node-01","seq":421,"t0":43334,"fs":250,"leads_off":false,"bpm":87.7,"samples":[2004,1990,1985,1994,1992,1993,2002,1990,1996,1998,1985,2000,1980,1996,1989,1993,1985,1987,1997,1982,1988,1978,1996,1991,1994]}
42.113	{"type":"imu","dev":"node-01","seq":421,"t0":43334,"fs":100,"samples":[[0.0045,0.0033,0.9973,1.37,-1.37,0.05,-0.26,0.19],[-0.0025,-0.006,1.0054,0.41,-0.84,0.66,0.14,-0.34],[-0.0063,0.0037,0.9922,1.06,-0.81,0.61,0.36,0.21],[-0.0023,0.0006,1.01,1.04,-1.5,-0.73,0.13,0.03],[0.0036,-0.0037,1.0028,1.91,-0.27,1.3,-0.2,-0.21],[-0.0044,-0.0078,1.0005,1.21,-0.27,0.72,0.25,-0.45],[-0.0006,0.0019,0.9993,2.65,-0.43,1.27,0.03,0.11],[-0.001,0.0013,0.9931,1.39,-0.92,0.86,0.06,0.08],[0.0018,-0.003,0.9979,1.57,-1.6,0.53,-0.1,-0.17],[0.0043,-0.0021,0.9975,0.66,-1.01,0.54,-0.25,-0.12]]}
42.213	{"type":"ecg","dev":"node-01","seq":422,"t0":43434,"fs":250,"leads_off":false,"bpm":86.8,"samples":[1987,1973,1981,1989,1982,1982,1981,1994,1980,1982,1990,1994,2001,2011,2027,2031,2047,2052,2069,2071,2071,2070,2058,2050,2025]}
42.215	{"type":"imu","dev":"node-01","seq":422,"t0":43434,"fs":100,"samples":[[0.0025,-0.0054,1.0051,1.06,-1.63,1.72,-0.14,-0.31],[-0.0066,-0.0006,0.9956,0.67,-1.84,1.03,0.38,-0.03],[-0.0033,-0.004,0.9986,0.52,-1.42,1.07,0.19,-0.23],[-0.0035,0.0005,0.9964,2.22,-1.09,0.7,0.2,0.03],[0.0076,0.003,0.9971,1.23,-0.66,0.75,-0.44,0.17],[0.002,0.0017,0.9933,1.05,-0.17,0.54,-0.12,0.1],[0.0036,0.0026,0.9978,1.09,-1.18,1.0,-0.21,0.15],[-0.0024,-0.003,0.9987,1.22,-1.37,1.06,0.14,-0.17],[0.0012,0.0049,1.0011,1.13,-0.31,0.26,-0.07,0.28],[-0.0045,-0.0021,1.0087,0.67,-0.71,0.68,0.26,-0.12]]}
42.310	{"type":"ecg","dev":"node-01","seq":423,"t0":43534,"fs":250,"leads_off":false,"bpm":88.6,"samples":[2023,2015,1989,1999,1989,1986,1982,1972,1982,1977,1968,1947,1992,2210,2555,2673,2436,2064,1877,1892,1937,1971,1979,1972,1976]}
42.312	{"type":"imu","dev":"node-01","seq":423,"t0":43534,"fs":100,"samples":[[0.0001,-0.0065,1.0015,0.39,-0.26,0.97,-0.01,-0.37],[0.0022,0.0006,0.9986,1.3,-0.85,1.15,-0.13,0.04],[0.0025,-0.0061,1.0013,1.56,-1.0,1.1,-0.14,-0.35],[-0.0022,-0.0012,0.9968,0.39,-1.08,-0.01,0.12,-0.07],[-0.0012,-0.0044,1.0028,2.06,-0.08,-0.11,0.07,-0.25],[-0.0026,0.0004,0.992,1.6,-0.02,0.69,0.15,0.02],[-0.0003,0.0044,1.0006,0.76,-0.2,1.33,0.02,0.25],[-0.0027,-0.0065,0.9942,0.88,-1.29,1.0,0.16,-0.37],[0.0012,-0.0022,0.9996,1.74,-1.33,0.8,-0.07,-0.13],[-0.0057,-0.0041,1.0007,2.17,-1.15,0.1,0.33,-0.23]]}
42.412	{"type":"ecg","dev":"node-01","seq":424,"t0":43634,"fs":250,"leads_off":false,"bpm":87.1,"samples":[1983,1983,1973,1975,1977,1968,1978,1985,1976,1970,1976,1979,1975,1982,1983,1978,1992,1992,1999,2021,2018,2032,2042,2058,2075]}
42.414	{"type":"imu","dev":"node-01","seq":424,"t0":43634,"fs":100,"samples":[[0.0006,-0.0031,0.9976,0.58,-0.29,0.63,-0.03,-0.18],[0.0065,0.012,0.9965,1.3,-1.17,0.79,-0.37,0.69],[-0.0009,-0.0111,0.9982,0.75,-1.19,1.49,0.05,-0.64],[0.0024,-0.0043,1.002,1.36,-0.45,0.02,-0.14,-0.25],[0.0043,-0.0029,1.0011,0.95,-0.33,0.66,-0.25,-0.16],[-0.0092,-0.0129,1.0062,0.54,0.19,1.22,0.52,-0.74],[0.0015,-0.0041,1.0004,1.37,-1.04,0.71,-0.09,-0.24],[0.0036,-0.0081,1.0019,1.39,-1.33,0.82,-0.21,-0.46],[-0.0059,-0.0047,0.9946,0.86,-0.5,0.22,0.34,-0.27],[0.004,-0.003,0.9998,1.91,-1.25,0.04,-0.23,-0.17]]}
42.510	{"type":"ecg","dev":"node-01","seq":425,"t0":43734,"fs":250,"leads_off":false,"bpm":89.2,"samples":[2093,2120,2125,2143,2161,2165,2167,2184,2177,2176,2155,2153,2137,2117,2107,2091,2073,2068,2041,2030,2019,2004,1993,1987,1985]}
42.512	{"type":"imu","dev":"node-01","seq":425,"t0":43734,"fs":100,"samples":[[0.002,0.0049,0.9977,1.48,-0.69,0.45,-0.11,0.28],[0.0001,-0.0032,0.9923,1.5,-0.31,0.21,-0.01,-0.19],[-0.0004,-0.0015,1.0036,-0.13,-0.72,1.24,0.02,-0.08],[-0.0013,-0.0015,1.0003,0.29,-1.18,0.47,0.07,-0.09],[-0.001,0.0058,0.9982,2.95,-1.72,1.09,0.06,0.33],[0.0016,-0.0011,0.9998,0.71,-0.53,0.7,-0.09,-0.06],[-0.005,-0.0006,1.0006,0.99,-1.47,0.3,0.29,-0.03],[0.0027,-0.0072,1.0054,1.19,-0.64,0.47,-0.15,-0.41],[0.0023,-0.0016,0.998,0.4,-0.13,1.11,-0.13,-0.09],[-0.0015,0.0004,0.9978,2.4,-1.07,0.3,0.09,0.02]]}
42.612	{"type":"ecg","dev":"node-01","seq":426,"t0":43834,"fs":250,"leads_off":false,"bpm":88.3,"samples":[1980,1975,1979,1969,1967,1968,1975,1961,1962,1965,1957,1960,1965,1963,1961,1958,1966,1968,1958,1960,1964,1957,1960,1958,1961]}
42.614	{"type":"imu","dev":"node-01","seq":426,"t0":43834,"fs":100,"samples":[[-0.001,-0.0001,0.9999,0.77,-0.85,1.51,0.06,-0.0],[0.0029,-0.0043,1.0007,1.07,-0.28,1.54,-0.17,-0.24],[0.0042,-0.0038,1.0011,1.78,-0.2,0.47,-0.24,-0.21],[0.0013,-0.0065,1.0003,1.22,-1.56,0.19,-0.08,-0.37],[-0.0013,0.0021,1.0061,1.23,-0.69,0.14,0.07,0.12],[0.0051,-0.0036,1.0036,1.48,-1.3,0.7,-0.29,-0.21],[0.0072,-0.0007,1.0001,0.86,-0.8,0.31,-0.41,-0.04],[0.0028,-0.0046,1.0028,1.13,-1.15,1.0,-0.16,-0.26],[-0.0003,-0.0071,1.0035,1.2,-0.52,0.53,0.02,-0.41],[0.0012,-0.0017,0.9934,1.32,-0.67,-0.01,-0.07,-0.1]]}
42.711	{"type":"ecg","dev":"node-01","seq":427,"t0":43934,"fs":250,"leads_off":false,"bpm":88.9,"samples":[1967,1965,1966,1972,1967,1962,1962,1970,1949,1951,1964,1959,1955,1958,1958,1953,1953,1971,1963,1961,1954,1950,1953,1957,1957]}
42.713	{"type":"imu","dev":"node-01","seq":427,"t0":43934,"fs":100,"samples":[[0.0007,-0.0063,1.0078,0.84,-0.18,-0.38,-0.04,-0.36],[0.0004,0.0002,1.0001,1.07,-0.96,0.03,-0.02,0.01],[0.0013,0.0006,0.9994,1.25,-1.18,0.33,-0.08,0.04],[0.0068,-0.0041,0.9994,1.15,-0.56,0.56,-0.39,-0.24],[-0.0019,-0.0113,1.0025,1.36,-0.48,1.04,0.11,-0.65],[-0.004,-0.0036,0.9963,1.02,-1.1,0.11,0.23,-0.21],[-0.0014,-0.0068,1.0023,0.92,-1.09,0.45,0.08,-0.39],[0.0052,0.0009,1.0003,0.02,-1.81,0.81,-0.3,0.05],[-0.0006,-0.0018,0.9983,1.36,-0.09,0.47,0.04,-0.1],[0.007,-0.0037,1.0033,1.62,-0.33,1.0,-0.4,-0.21]]}
42.813	{"type":"ecg","dev":"node-01","seq":428,"t0":44034,"fs":250,"leads_off":false,"bpm":89.2,"samples":[1961,1956,1956,1965,1957,1960,1959,1964,1964,1959,1962,1971,1969,1960,1965,1965,1956,1954,1960,1965,1958,1962,1966,1971,1966]}
42.815	{"type":"imu","dev":"node-01","seq":428,"t0":44034,"fs":100,"samples":[[0.0045,-0.0027,0.9953,1.3,-0.82,-0.8,-0.26,-0.16],[0.0012,-0.0005,1.0007,1.14,-1.11,0.5,-0.07,-0.03],[0.001,0.0023,0.9933,0.79,-1.09,0.72,-0.06,0.13],[0.0032,0.0024,1.0032,1.3,-0.46,0.3,-0.18,0.14],[0.0017,-0.0045,0.9964,1.13,-1.47,0.1,-0.1,-0.26],[-0.0059,0.0027,1.0019,0.9,-0.07,0.31,0.34,0.15],[-0.004,-0.0056,0.9985,0.38,-0.81,-0.25,0.23,-0.32],[0.003,-0.0044,1.0028,1.72,-0.92,0.23,-0.17,-0.25],[-0.0081,-0.0074,1.0034,1.24,-0.91,0.87,0.47,-0.42],[0.0056,-0.0088,1.0024,1.08,-0.69,1.54,-0.32,-0.5]]}
42.911	{"type":"ecg","dev":"node-01","seq":429,"t0":44134,"fs":250,"leads_off":false,"bpm":86.7,"samples":[1962,1961,1955,1966,1957,1967,1969,1970,1975,1997,1995,2021,2035,2046,2041,2049,2047,2046,2024,2018,2006,1989,1968,1983,1976]}
42.913	{"type":"imu","dev":"node-01","seq":429,"t0":44134,"fs":100,"samples":[[-0.0018,0.0058,1.0001,2.0,-0.87,-0.38,0.1,0.33],[0.0049,-0.0087,0.9992,1.72,-0.97,-0.03,-0.28,-0.5],[0.0009,0.0027,1.0042,-0.02,-0.04,-0.22,-0.05,0.15],[0.0012,-0.0063,0.9893,1.03,-1.0,0.85,-0.07,-0.36],[-0.0003,-0.0031,1.0011,1.68,-1.39,0.77,0.02,-0.18],[-0.0047,-0.014,1.0013,1.74,-1.33,0.74,0.27,-0.8],[0.001,0.0022,0.9952,1.35,-0.64,1.49,-0.06,0.13],[0.0045,-0.002,1.0022,1.33,-0.47,0.94,-0.26,-0.12],[-0.012,0.0006,0.9999,1.27,-1.31,0.78,0.69,0.04],[0.005,-0.0048,1.0027,1.37,0.24,0.53,-0.29,-0.27]]}
43.010	{"type":"ecg","dev":"node-01","seq":430,"t0":44234,"fs":250,"leads_off":false,"bpm":88.5,"samples":[1964,1948,1969,1972,1946,1952,1943,1941,2061,2382,2644,2560,2207,1915,1848,1896,1941,1968,1966,1954,1955,1958,1958,1966,1962]}
43.012	{"type":"imu","dev":"node-01","seq":430,"t0":44234,"fs":100,"samples":[[0.0033,0.0042,1.0046,1.46,-0.87,-0.13,-0.19,0.24],[0.0011,-0.0024,0.9959,0.93,-0.22,1.03,-0.06,-0.14],[-0.0031,-0.002,1.005,1.96,0.1,0.76,0.18,-0.11],[-0.0064,-0.0005,0.9912,0.45,-0.96,-0.04,0.37,-0.03],[0.0007,0.0001,0.9983,0.6,-0.76,0.98,-0.04,0.01],[-0.0071,-0.0066,0.9983,0.0,-0.75,-0.44,0.41,-0.38],[-0.0003,-0.0126,0.9987,2.18,-1.28,1.17,0.02,-0.72],[-0.0029,-0.0045,0.9939,-0.2,-0.59,0.34,0.17,-0.26],[-0.0016,-0.0052,1.0012,0.97,-0.24,0.15,0.09,-0.3],[0.0012,-0.0059,1.0052,1.06,-0.84,1.01,-0.07,-0.33]]}
43.110	{"type":"ecg","dev":"node-01","seq":431,"t0":44334,"fs":250,"leads_off":false,"bpm":86.8,"samples":[1966,1977,1964,1959,1955,1961,1971,1963,1958,1972,1967,1967,1978,1981,1995,2005,2021,2027,2045,2055,2076,2098,2108,2123,2135]}
43.112	{"type":"imu","dev":"node-01","seq":431,"t0":44334,"fs":100,"samples":[[-0.0014,-0.0069,0.9967,1.3,-0.4,1.68,0.08,-0.4],[-0.0033,-0.0061,1.0013,1.46,-1.3,1.3,0.19,-0.35],[0.0157,-0.0048,0.989,2.12,-0.73,1.47,-0.91,-0.28],[0.0002,-0.0102,0.9967,0.74,-0.66,0.62,-0.01,-0.59],[-0.0027,0.0023,0.9979,0.81,-0.24,0.21,0.16,0.13],[-0.0021,-0.0008,0.9974,1.17,-0.21,0.73,0.12,-0.05],[-0.0011,-0.0043,0.9958,0.81,-0.76,0.42,0.06,-0.25],[0.0035,-0.0066,0.9979,1.13,-0.95,0.01,-0.2,-0.38],[0.0023,-0.0029,0.9941,1.23,-1.2,-0.29,-0.13,-0.17],[0.0019,-0.0055,0.9939,1.6,-0.99,0.75,-0.11,-0.31]]}
43.211	{"type":"ecg","dev":"node-01","seq":432,"t0":44434,"fs":250,"leads_off":false,"bpm":88.0,"samples":[2146,2168,2176,2174,2175,2164,2160,2146,2136,2105,2096,2077,2069,2042,2014,2009,2002,1998,1993,1983,1972,1968,1971,1966,1964]}
43.213	{"type":"imu","dev":"node-01","seq":432,"t0":44434,"fs":100,"samples":[[0.0024,-0.0069,1.0012,0.19,-1.01,1.46,-0.14,-0.39],[0.0011,0.0004,1.007,1.06,-1.06,0.42,-0.06,0.02],[0.0018,0.001,1.0014,1.56,-0.72,0.64,-0.1,0.06],[0.0041,0.0013,1.0036,0.68,-0.49,0.67,-0.23,0.08],[0.0022,-0.012,0.9985,1.55,-1.07,0.26,-0.13,-0.69],[0.0007,0.0003,0.993,0.68,-0.29,0.29,-0.04,0.02],[0.0011,-0.005,0.9964,1.39,-1.48,0.09,-0.06,-0.29],[0.0016,-0.0003,0.9968,1.12,-0.01,0.88,-0.09,-0.02],[0.0074,-0.0053,0.9951,0.48,-0.58,0.95,-0.42,-0.3],[-0.0023,-0.0034,0.9992,1.29,-0.5,1.0,0.13,-0.19]]}
43.313	{"type":"ecg","dev":"node-01","seq":433,"t0":44534,"fs":250,"leads_off":false,"bpm":86.5,"samples":[1967,1960,1964,1967,1960,1963,1966,1951,1971,1966,1968,1965,1959,1959,1959,1973,1969,1970,1971,1976,1972,1967,1957,1967,1974]}
43.315	{"type":"imu","dev":"node-01","seq":433,"t0":44534,"fs":100,"samples":[[-0.0013,-0.0053,0.9988,1.23,-0.4,0.08,0.07,-0.3],[0.0002,-0.0071,0.996,1.05,-0.68,0.54,-0.01,-0.41],[0.0024,0.0015,0.9998,1.39,-0.38,-0.02,-0.14,0.09],[0.0033,0.0059,0.9989,1.59,-0.71,0.86,-0.19,0.34],[-0.0047,-0.0031,1.0015,0.54,-0.55,0.46,0.27,-0.18],[0.0017,-0.0027,1.0006,2.41,-0.86,0.56,-0.1,-0.15],[-0.0015,-0.0013,0.9963,0.99,-0.6,0.86,0.08,-0.08],[0.0028,-0.0127,0.9972,1.02,-0.29,0.99,-0.16,-0.73],[-0.0066,0.0035,1.0064,0.69,-1.01,0.4,0.38,0.2],[0.0031,-0.0047,1.0013,0.66,-0.95,-0.73,-0.18,-0.27]]}
43.410	{"type":"ecg","dev":"node-01","seq":434,"t0":44634,"fs":250,"leads_off":false,"bpm":88.0,"samples":[1960,1973,1959,1961,1963,1982,1970,1964,1969,1969,1962,1964,1974,1967,1966,1983,1975,1963,1962,1967,1973,1966,1975,1973,1965]}
43.412	{"type":"imu","dev":"node-01","seq":434,"t0":44634,"fs":100,"samples":[[0.0032,-0.0035,0.9946,2.11,-0.85,1.29,-0.19,-0.2],[0.0007,-0.0013,0.9941,1.28,-0.96,0.33,-0.04,-0.08],[-0.0047,0.0014,0.9931,0.24,-0.43,1.59,0.27,0.08],[0.0038,0.0006,1.0021,0.44,-0.94,0.76,-0.21,0.03],[0.001,-0.0018,0.9993,1.52,-0.8,0.4,-0.06,-0.1],[0.0008,-0.0002,1.0081,0.79,0.33,0.27,-0.05,-0.01],[0.0067,-0.0022,0.9995,1.29,-0.8,0.97,-0.39,-0.13],[-0.006,-0.0048,1.0026,1.67,-0.69,0.13,0.34,-0.28],[0.0027,0.0039,1.0034,2.07,-1.24,0.52,-0.15,0.22],[0.0024,0.0052,1.0012,1.09,-1.14,-0.98,-0.14,0.3]]}
43.512	{"type":"ecg","dev":"node-01","seq":435,"t0":44734,"fs":250,"leads_off":false,"bpm":89.1,"samples":[1972,1971,1978,1964,1974,1967,1976,1967,1969,1970,1967,1969,1978,1967,1969,1970,1975,1981,1978,1968,1964,1979,1980,1978,1978]}
43.514	{"type":"imu","dev":"node-01","seq":435,"t0":44734,"fs":100,"samples":[[0.0013,0.0023,0.9953,1.58,-0.34,0.67,-0.08,0.13],[0.0005,-0.0086,1.0008,1.87,-1.17,1.13,-0.03,-0.49],[0.0099,-0.0043,0.999,1.68,-1.1,0.19,-0.57,-0.25],[0.0011,-0.0014,0.9998,1.83,-1.02,0.59,-0.06,-0.08],[-0.0031,-0.0056,1.0001,1.1,-1.31,-0.3,0.18,-0.32],[-0.0012,-0.0009,0.9955,0.6,-0.52,-0.71,0.07,-0.05],[-0.0036,-0.0046,0.9998,0.47,0.1,0.08,0.21,-0.26],[0.0012,-0.0089,1.0005,0.93,-0.75,0.35,-0.07,-0.51],[-0.008,-0.0031,1.0032,1.15,-1.43,1.48,0.45,-0.18],[0.0038,-0.0027,0.9987,1.7,-1.21,0.29,-0.22,-0.16]]}
43.613	{"type":"ecg","dev":"node-01","seq":436,"t0":44834,"fs":250,"leads_off":false,"bpm":87.6,"samples":[1976,1971,1985,1989,2005,2016,2034,2039,2047,2079,2068,2063,2069,2058,2033,2024,2021,2018,1998,1993,1982,1989,1997,1983,1975]}
43.615	{"type":"imu","dev":"node-01","seq":436,"t0":44834,"fs":100,"samples":[[0.0006,-0.0055,0.994,0.06,-0.59,1.06,-0.03,-0.32],[-0.0041,-0.0024,0.9988,0.88,-1.42,-0.39,0.24,-0.14],[-0.0023,0.0029,0.9997,0.6,-1.29,0.16,0.13,0.16],[0.0011,0.0016,1.0049,0.99,-0.29,-0.05,-0.07,0.09],[-0.0021,0.0033,0.9979,1.63,-1.86,0.02,0.12,0.19],[-0.01,-0.01,0.9998,1.21,-0.59,0.5,0.57,-0.57],[0.0011,-0.0021,1.003,1.89,-1.57,0.51,-0.06,-0.12],[0.0024,-0.0009,1.0027,1.16,-0.71,1.62,-0.14,-0.05],[0.0017,0.0016,0.9995,1.72,0.42,0.35,-0.1,0.09],[0.004,-0.0057,0.9987,1.37,-1.39,0.63,-0.23,-0.33]]}
43.714	{"type":"ecg","dev":"node-01","seq":437,"t0":44934,"fs":250,"leads_off":false,"bpm":88.4,"samples":[1972,1956,1945,2015,2249,2568,2672,2391,2042,1885,1903,1951,1970,1974,1977,1986,1981,1985,1986,1990,1976,1985,1991,1987,1990]}
43.716	{"type":"imu","dev":"node-01","seq":437,"t0":44934,"fs":100,"samples":[[0.0039,-0.0039,1.007,0.97,-1.2,0.06,-0.22,-0.22],[-0.0002,-0.0011,1.0008,1.09,-0.06,0.4,0.01,-0.06],[-0.0066,-0.0068,1.0028,1.84,-1.03,0.1,0.38,-0.39],[-0.0038,0.0019,1.0044,1.87,-0.56,-0.04,0.21,0.11],[-0.002,0.0041,1.0007,0.12,-1.4,0.35,0.11,0.23],[-0.0038,-0.0033,0.9946,0.76,-0.94,0.22,0.22,-0.19],[0.0053,-0.0017,0.9997,0.81,-0.54,0.39,-0.31,-0.1],[-0.0031,0.0004,0.9968,1.53,-1.3,0.57,0.18,0.03],[0.001,0.0065,0.9963,1.48,-1.67,0.55,-0.06,0.37],[-0.0013,0.0029,1.0081,1.55,0.11,0.28,0.07,0.16]]}
43.813	{"type":"ecg","dev":"node-01","seq":438,"t0":45034,"fs":250,"leads_off":false,"bpm":87.4,"samples":[2005,1995,1987,1998,1993,1997,2005,2017,2015,2027,2038,2032,2058,2065,2070,2097,2110,2138,2145,2167,2179,2197,2199,2196,2208]}
43.815	{"type":"imu","dev":"node-01","seq":438,"t0":45034,"fs":100,"samples":[[-0.0026,-0.0046,0.9949,1.29,-0.58,-0.64,0.15,-0.26],[0.0106,-0.0007,1.0012,0.6,-0.64,-0.07,-0.61,-0.04],[-0.0006,-0.0004,0.9929,1.82,-1.11,-0.66,0.03,-0.02],[0.0056,-0.0025,1.0015,2.13,-0.2,0.8,-0.32,-0.14],[0.003,-0.0007,1.001,1.12,-1.5,0.51,-0.17,-0.04],[-0.0039,-0.0056,1.0023,0.99,-1.03,0.86,0.22,-0.32],[0.0002,0.0015,0.9934,0.56,-0.93,0.26,-0.01,0.09],[-0.0013,-0.0044,1.0004,0.37,-1.36,0.23,0.08,-0.25],[0.0043,0.0015,1.0049,0.33,-0.66,0.7,-0.24,0.08],[0.0007,-0.0021,0.9946,1.41,-0.46,0.61,-0.04,-0.12]]}
43.913	{"type":"ecg","dev":"node-01","seq":439,"t0":45134,"fs":250,"leads_off":false,"bpm":87.2,"samples":[2204,2194,2197,2163,2148,2134,2115,2105,2076,2070,2056,2040,2045,2020,2011,2017,2009,2006,2009,1996,2002,2000,1999,1996,1996]}
43.915	{"type":"imu","dev":"node-01","seq":439,"t0":45134,"fs":100,"samples":[[-0.0112,-0.0003,1.0072,1.74,-0.82,0.64,0.63,-0.02],[-0.0028,0.0011,0.9903,1.37,-0.62,0.83,0.16,0.07],[-0.006,0.0048,0.9958,1.48,-0.44,0.47,0.34,0.28],[-0.0035,-0.0032,1.0032,1.25,-1.67,0.59,0.2,-0.18],[-0.0014,0.0055,0.9935,1.15,-0.84,-0.24,0.08,0.32],[0.0019,0.0056,1.002,1.11,-0.58,1.15,-0.11,0.32],[-0.0032,-0.0003,1.001,1.99,-0.61,0.51,0.18,-0.02],[-0.002,-0.0014,0.999,1.3,-0.34,0.78,0.11,-0.08],[0.0046,-0.0001,1.0034,1.75,-0.76,-0.37,-0.26,-0.01],[0.0016,-0.0055,0.999,1.52,-1.4,0.6,-0.09,-0.32]]}
44.014	{"type":"ecg","dev":"node-01","seq":440,"t0":45234,"fs":250,"leads_off":false,"bpm":88.1,"samples":[2008,1987,1992,2008,2003,1995,2012,2009,2010,2000,2000,2000,2003,2002,2005,2004,2012,1999,2013,2001,2000,2007,2009,1998,2005]}
44.016	{"type":"imu","dev":"node-01","seq":440,"t0":45234,"fs":100,"samples":[[-0.0078,-0.0039,1.0042,2.27,-1.33,-0.03,0.44,-0.22],[-0.0022,0.0045,1.0023,0.67,0.2,0.01,0.12,0.26],[0.0026,0.0032,1.0044,1.23,-1.1,0.94,-0.15,0.18],[-0.0001,-0.0005,0.9981,1.18,-0.47,0.19,0.01,-0.03],[0.0028,0.0019,1.0049,1.11,-1.13,-0.14,-0.16,0.11],[-0.001,-0.0044,1.0022,1.22,-1.27,1.09,0.06,-0.25],[0.0044,0.0017,1.0027,0.89,-0.45,-0.02,-0.25,0.1],[0.0074,-0.0006,1.0066,1.23,-0.82,0.25,-0.42,-0.04],[-0.0025,0.0024,1.0024,1.54,-1.67,0.63,0.14,0.14],[-0.0044,0.0015,0.9995,1.96,-0.79,0.53,0.25,0.09]]}
44.112	{"type":"ecg","dev":"node-01","seq":441,"t0":45334,"fs":250,"leads_off":false,"bpm":87.1,"samples":[2003,2012,2005,2008,2013,2005,2003,2008,2000,2002,2008,2011,2000,2001,2008,2012,2006,2004,2001,2003,2010,2011,2020,2015,2005]}
44.114	{"type":"imu","dev":"node-01","seq":441,"t0":45334,"fs":100,"samples":[[-0.0024,-0.0021,0.9934,2.01,-0.99,0.51,0.14,-0.12],[0.0046,-0.0094,0.9985,1.94,-1.51,0.02,-0.26,-0.54],[-0.0031,-0.0021,1.0019,1.24,-0.71,0.97,0.18,-0.12],[-0.0,0.001,1.0119,1.33,-1.15,0.18,0.0,0.06],[-0.006,-0.0016,1.0006,1.32,-0.01,-0.62,0.34,-0.09],[0.0003,-0.0035,1.0026,2.01,-1.33,-0.21,-0.02,-0.2],[-0.0033,-0.0012,0.9971,1.42,-0.77,0.73,0.19,-0.07],[-0.0064,0.0036,1.0038,1.3,-0.61,0.63,0.37,0.21],[0.0011,0.0022,0.9996,1.46,-1.06,-0.22,-0.06,0.12],[-0.0054,-0.0008,1.0043,1.09,-0.87,0.45,0.31,-0.05]]}
44.212	{"type":"ecg","dev":"node-01","seq":442,"t0":45434,"fs":250,"leads_off":false,"bpm":87.0,"samples":[2008,2001,2002,2006,2019,2007,2020,2011,2006,2016,2017,2016,2020,2014,2018,2011,2013,2017,2020,2022,2001,2034,2017,2029,2044]}
44.214	{"type":"imu","dev":"node-01","seq":442,"t0":45434,"fs":100,"samples":[[-0.0065,0.0011,1.0001,-0.03,-0.04,-0.11,0.37,0.07],[-0.0086,0.0026,0.9951,2.12,0.03,0.5,0.5,0.15],[0.0006,0.0008,0.9969,1.28,-0.41,1.81,-0.03,0.04],[-0.0038,-0.001,0.996,0.86,-0.39,0.61,0.22,-0.06],[-0.0035,0.0035,1.0049,1.3,0.63,0.65,0.2,0.2],[-0.0039,-0.0046,1.0086,0.69,-1.25,1.02,0.22,-0.26],[0.0026,0.0023,1.0016,0.21,-0.57,0.18,-0.15,0.13],[-0.0008,0.003,1.0054,1.26,-1.07,0.94,0.04,0.17],[0.0016,0.0077,0.9989,0.97,-1.85,0.53,-0.09,0.44],[0.0,0.0026,0.9967,1.76,-0.17,0.88,-0.0,0.15]]}
44.313	{"type":"ecg","dev":"node-01","seq":443,"t0":45534,"fs":250,"leads_off":false,"bpm":88.3,"samples":[2059,2063,2063,2087,2109,2109,2107,2110,2099,2090,2069,2064,2061,2035,2040,2023,2021,2031,2010,2027,2023,2014,1998,1992,2152]}
44.315	{"type":"imu","dev":"node-01","seq":443,"t0":45534,"fs":100,"samples":[[0.0042,-0.0057,1.0037,1.17,-1.05,0.15,-0.24,-0.32],[0.0029,0.0031,1.0025,0.99,-0.16,0.51,-0.17,0.18],[-0.0079,0.005,0.998,1.48,-0.94,0.51,0.46,0.28],[0.0049,0.0051,1.0022,0.87,-0.32,-0.06,-0.28,0.29],[-0.0006,0.0054,1.0,1.14,-1.74,-0.05,0.04,0.31],[0.0045,0.004,0.9996,2.66,-0.83,0.58,-0.26,0.23],[-0.0043,0.0046,0.9964,0.87,-1.74,1.33,0.25,0.26],[-0.0031,0.0032,1.001,0.09,-0.6,0.87,0.18,0.18],[0.0019,0.0033,0.9956,1.17,-0.61,0.47,-0.11,0.19],[-0.0009,0.0054,1.002,1.08,-0.7,-0.12,0.05,0.31]]}
44.410	{"type":"ecg","dev":"node-01","seq":444,"t0":45634,"fs":250,"leads_off":false,"bpm":88.2,"samples":[2480,2711,2603,2232,1957,1914,1960,2001,2022,2011,2020,2024,2027,2030,2025,2022,2038,2021,2032,2020,2034,2037,2031,2027,2031]}
44.412	{"type":"imu","dev":"node-01","seq":444,"t0":45634,"fs":100,"samples":[[0.0087,0.0019,1.0046,1.8,-0.2,1.51,-0.49,0.11],[0.0013,-0.0037,0.9975,1.08,-0.9,-0.01,-0.07,-0.21],[-0.0008,-0.0044,0.9981,1.52,-0.68,0.55,0.05,-0.25],[-0.0022,0.0085,0.9971,1.49,-0.8,0.38,0.13,0.49],[0.0002,-0.0017,1.0048,0.92,-0.05,0.47,-0.01,-0.09],[0.0035,-0.0009,1.0007,0.86,-0.15,0.18,-0.2,-0.05],[0.0027,-0.003,0.9999,1.48,-0.49,0.85,-0.15,-0.17],[-0.003,0.0061,0.9976,1.21,-0.87,0.8,0.17,0.35],[-0.0048,0.006,1.0084,1.81,-1.9,1.5,0.28,0.34],[0.0035,0.0056,1.0019,2.14,-1.0,0.22,-0.2,0.32]]}
44.510	{"type":"ecg","dev":"node-01","seq":445,"t0":45734,"fs":250,"leads_off":false,"bpm":89.2,"samples":[2043,2043,2036,2055,2060,2050,2083,2087,2098,2111,2134,2143,2166,2185,2199,2202,2213,2240,2236,2238,2233,2236,2210,2223,2195]}
44.512	{"type":"imu","dev":"node-01","seq":445,"t0":45734,"fs":100,"samples":[[0.0003,0.0076,0.9952,1.57,-0.99,0.28,-0.02,0.44],[-0.0044,-0.0057,1.0048,0.44,-0.56,1.48,0.25,-0.32],[0.0028,0.0039,0.9982,0.21,-0.77,0.05,-0.16,0.22],[0.0019,0.0007,0.9982,1.99,-0.67,-0.02,-0.11,0.04],[-0.001,-0.0022,0.9994,1.37,-0.08,-0.09,0.06,-0.13],[0.0076,0.0011,1.0006,0.91,-0.28,0.42,-0.44,0.06],[-0.0056,-0.0008,0.9975,1.96,-0.9,-0.03,0.32,-0.05],[-0.0052,-0.0026,1.0122,1.53,-0.56,0.83,0.29,-0.15],[-0.0039,0.0047,1.0027,0.5,-0.98,-0.05,0.22,0.27],[0.0027,-0.0019,1.0046,1.67,-0.25,0.82,-0.16,-0.11]]}
44.613	{"type":"ecg","dev":"node-01","seq":446,"t0":45834,"fs":250,"leads_off":false,"bpm":88.8,"samples":[2185,2177,2137,2125,2107,2103,2087,2073,2065,2056,2050,2049,2041,2037,2027,2037,2029,2037,2047,2033,2039,2026,2029,2042,2038]}
44.615	{"type":"imu","dev":"node-01","seq":446,"t0":45834,"fs":100,"samples":[[0.0003,0.0064,1.0054,0.21,-0.14,0.73,-0.02,0.37],[0.0016,0.0012,1.0015,1.82,-0.98,1.16,-0.09,0.07],[-0.0006,0.0014,1.0055,0.92,-0.2,-0.26,0.03,0.08],[0.0046,0.0046,0.9983,1.85,-0.7,0.08,-0.26,0.26],[0.0013,-0.0045,1.0001,0.84,-0.96,0.61,-0.07,-0.26],[-0.0006,0.0034,0.9993,1.34,-0.54,0.53,0.03,0.19],[0.0041,0.0053,1.0043,1.7,-0.96,1.32,-0.23,0.3],[0.0043,0.0003,1.0038,0.82,-1.13,-0.51,-0.24,0.02],[-0.0012,0.0037,1.0001,0.37,-0.36,-0.35,0.07,0.21],[-0.0003,0.0016,0.9925,1.17,-0.67,0.84,0.02,0.09]]}
44.713	{"type":"ecg","dev":"node-01","seq":447,"t0":45934,"fs":250,"leads_off":false,"bpm":88.5,"samples":[2026,2020,2028,2029,2036,2037,2040,2035,2035,2029,2025,2040,2038,2039,2030,2039,2029,2036,2032,2038,2045,2036,2036,2038,2037]}
44.715	{"type":"imu","dev":"node-01","seq":447,"t0":45934,"fs":100,"samples":[[-0.0038,0.0037,1.0044,1.57,-0.04,0.21,0.22,0.21],[-0.0129,0.0004,1.0016,0.47,0.02,0.56,0.74,0.02],[0.0027,0.0054,1.0043,1.13,-1.25,0.53,-0.15,0.31],[-0.0107,0.0045,0.9961,1.53,0.01,1.23,0.62,0.26],[-0.0024,0.0057,1.0004,1.88,-0.49,0.26,0.14,0.32],[0.0056,0.005,0.9966,0.85,-0.77,1.07,-0.32,0.29],[-0.0001,0.0071,1.0049,1.14,-1.1,-0.69,0.01,0.4],[-0.0028,0.0039,1.0035,0.95,-1.38,0.08,0.16,0.22],[-0.0101,0.0068,1.0024,1.02,-0.94,1.69,0.58,0.39],[0.0,0.0015,1.0014,1.33,-1.06,0.04,-0.0,0.09]]}
44.811	{"type":"ecg","dev":"node-01","seq":448,"t0":46034,"fs":250,"leads_off":false,"bpm":87.3,"samples":[2039,2048,2039,2037,2048,2035,2036,2040,2031,2031,2043,2037,2046,2044,2043,2035,2048,2031,2033,2034,2037,2037,2040,2046,2030]}
44.813	{"type":"imu","dev":"node-01","seq":448,"t0":46034,"fs":100,"samples":[[-0.001,0.0022,0.9957,1.61,-0.63,1.08,0.06,0.13],[-0.0023,0.0003,0.9982,2.1,-0.56,0.47,0.13,0.02],[-0.0002,0.0049,1.0099,0.96,-1.3,0.63,0.01,0.28],[0.0026,0.0023,1.0038,0.76,-0.96,0.18,-0.15,0.13],[-0.0016,-0.0008,1.0005,1.2,-1.17,0.76,0.09,-0.05],[0.0043,-0.0017,1.0007,1.81,-0.97,0.5,-0.25,-0.09],[0.0049,0.005,1.0025,1.44,-1.52,1.28,-0.28,0.29],[-0.0028,0.0069,1.0003,1.82,-0.44,0.2,0.16,0.4],[-0.0053,0.002,0.9985,0.91,-0.28,1.14,0.3,0.11],[-0.002,0.004,0.9966,0.5,-1.3,0.13,0.11,0.23]]}
44.914	{"type":"ecg","dev":"node-01","seq":449,"t0":46134,"fs":250,"leads_off":false,"bpm":88.3,"samples":[2040,2038,2032,2042,2041,2040,2039,2042,2038,2046,2044,2040,2030,2042,2049,2048,2048,2043,2043,2063,2079,2084,2088,2111,2120]}
44.916	{"type":"imu","dev":"node-01","seq":449,"t0":46134,"fs":100,"samples":[[-0.0007,-0.0015,0.9981,1.14,-1.47,0.98,0.04,-0.08],[0.0062,0.002,1.0004,1.71,-0.24,0.52,-0.36,0.12],[0.001,0.008,1.0042,1.11,-0.25,0.46,-0.06,0.46],[-0.0065,0.0036,0.9961,1.51,-0.91,0.33,0.37,0.21],[0.0048,0.0081,0.9984,1.22,-0.66,1.39,-0.28,0.46],[0.0065,0.0083,1.0027,1.27,-1.72,1.1,-0.37,0.47],[0.0003,0.0092,0.9985,1.36,-0.24,-0.02,-0.02,0.53],[0.0054,0.0095,1.0048,0.18,0.29,0.64,-0.31,0.54],[-0.001,0.0088,1.0103,1.02,-1.39,0.47,0.05,0.5],[0.0002,0.0037,0.9997,1.06,-0.79,0.66,-0.01,0.21]]}
45.000	{"type":"status","dev":"node-01","fw":"0.1.0","uptime_ms":46234,"ecg":{"fs":250},"imu":{"ok":true,"fs":100,"errors":0,"fields":["ax","ay","az","gx","gy","gz","pitch","roll"]}}
45.011	{"type":"ecg","dev":"node-01","seq":450,"t0":46234,"fs":250,"leads_off":false,"bpm":87.9,"samples":[2124,2123,2123,2124,2106,2103,2077,2071,2070,2060,2058,2054,2049,2043,2043,2036,2046,2023,2007,2069,2341,2657,2717,2429,2075]}
45.013	{"type":"imu","dev":"node-01","seq":450,"t0":46234,"fs":100,"samples":[[0.0031,0.0054,0.999,1.28,-0.12,-0.08,-0.18,0.31],[-0.0014,0.0048,1.0025,0.47,-0.12,0.13,0.08,0.27],[-0.0,0.0035,1.003,0.55,-0.84,-0.14,0.0,0.2],[-0.0007,-0.003,1.0036,2.16,-1.13,0.42,0.04,-0.17],[-0.0028,-0.0047,1.0002,1.58,-0.12,0.82,0.16,-0.27],[-0.002,0.0081,0.9964,1.9,-0.49,0.92,0.11,0.47],[0.0003,0.0051,0.9961,0.78,-1.91,0.75,-0.02,0.29],[0.0031,0.0023,1.0016,0.53,-0.59,0.46,-0.18,0.13],[0.0017,0.0102,1.0054,1.96,-1.4,-0.15,-0.1,0.58],[0.0067,0.0016,1.0008,0.95,-0.49,0.57,-0.38,0.09]]}
45.111	{"type":"ecg","dev":"node-01","seq":451,"t0":46334,"fs":250,"leads_off":false,"bpm":87.8,"samples":[1930,1961,2012,2036,2052,2039,2038,2031,2047,2038,2041,2036,2049,2053,2040,2034,2052,2048,2039,2043,2030,2046,2050,2054,2057]}
45.113	{"type":"imu","dev":"node-01","seq":451,"t0":46334,"fs":100,"samples":[[0.004,0.008,0.9981,0.55,-0.74,-0.42,-0.23,0.46],[-0.0024,0.0175,0.9998,0.92,-0.61,0.79,0.14,1.0],[-0.0063,0.0091,0.9959,1.15,-1.18,0.91,0.36,0.52],[-0.0015,0.0016,0.9993,1.48,0.55,-0.32,0.09,0.09],[0.0014,0.0058,0.9983,1.18,-0.18,-0.12,-0.08,0.33],[-0.0013,0.009,0.996,0.66,-1.59,0.15,0.07,0.52],[0.002,-0.0009,1.0061,0.07,-1.65,-0.08,-0.11,-0.05],[0.0063,0.0003,1.0053,1.33,-1.48,0.47,-0.36,0.02],[0.0047,-0.0026,1.0114,0.51,-0.7,1.7,-0.26,-0.15],[0.0048,0.0097,0.9993,0.48,-0.05,1.05,-0.27,0.56]]}
45.214	{"type":"ecg","dev":"node-01","seq":452,"t0":46434,"fs":250,"leads_off":false,"bpm":89.5,"samples":[2071,2079,2091,2096,2098,2134,2159,2169,2189,2185,2221,2221,2234,2236,2243,2240,2248,2237,2229,2212,2197,2168,2153,2139,2120]}
45.216	{"type":"imu","dev":"node-01","seq":452,"t0":46434,"fs":100,"samples":[[0.0063,0.0049,0.9932,1.15,-0.89,0.46,-0.36,0.29],[0.0042,0.0056,1.0013,1.09,-1.23,1.24,-0.24,0.32],[-0.002,-0.0006,1.0034,1.33,-0.09,0.36,0.11,-0.03],[-0.0019,0.0038,0.9976,1.31,-0.44,1.21,0.11,0.22],[0.0038,0.0065,1.0075,0.91,-0.85,-0.26,-0.21,0.37],[0.0068,0.0025,0.993,1.85,-0.35,1.21,-0.39,0.15],[-0.0015,0.0006,0.9984,1.12,-0.96,1.46,0.09,0.04],[0.0056,0.0003,1.0063,2.66,-0.7,1.08,-0.32,0.02],[0.0053,0.0021,1.0021,0.87,-0.63,-0.23,-0.3,0.12],[0.0013,-0.001,0.9956,2.31,-0.66,0.96,-0.08,-0.06]]}
45.311	{"type":"ecg","dev":"node-01","seq":453,"t0":46534,"fs":250,"leads_off":false,"bpm":87.5,"samples":[2114,2090,2084,2071,2065,2040,2044,2051,2036,2034,2047,2033,2031,2044,2025,2030,2035,2033,2035,2024,2031,2040,2034,2039,2031]}
45.313	{"type":"imu","dev":"node-01","seq":453,"t0":46534,"fs":100,"samples":[[-0.0099,-0.002,1.0014,2.06,-1.42,0.64,0.57,-0.11],[-0.0046,0.0014,1.0015,1.31,-0.85,0.61,0.27,0.08],[0.0055,0.0044,0.9992,1.45,-0.72,-0.03,-0.32,0.25],[-0.0007,-0.0006,0.9973,0.68,-0.69,0.42,0.04,-0.04],[0.0031,-0.0002,0.9986,1.5,-0.67,1.33,-0.18,-0.01],[0.0046,-0.0042,0.9993,1.5,-0.35,1.23,-0.27,-0.24],[0.0019,0.001,1.0017,-0.27,-1.18,0.12,-0.11,0.06],[-0.0014,0.011,1.0,1.56,-0.52,-0.06,0.08,0.63],[-0.002,-0.0019,1.009,1.47,-1.32,0.79,0.12,-0.11],[0.003,0.0081,0.9969,2.09,-0.01,0.5,-0.17,0.47]]}
45.414	{"type":"ecg","dev":"node-01","seq":454,"t0":46634,"fs":250,"leads_off":false,"bpm":87.0,"samples":[2026,2033,2031,2030,2029,2015,2027,2026,2043,2019,2034,2025,2039,2035,2030,2030,2034,2034,2018,2028,2021,2028,2024,2022,2028]}
45.416	{"type":"imu","dev":"node-01","seq":454,"t0":46634,"fs":100,"samples":[[0.0027,0.0049,1.0007,0.95,-1.51,-0.17,-0.15,0.28],[0.0053,0.0027,1.0022,1.65,-1.15,0.33,-0.3,0.15],[-0.003,0.0027,1.0002,0.46,-0.74,0.05,0.17,0.16],[-0.001,0.0003,1.003,1.59,-0.99,0.34,0.06,0.02],[-0.0006,0.0032,1.0018,1.59,-0.7,0.65,0.03,0.18],[-0.0024,-0.0003,0.9969,1.31,-0.79,0.94,0.14,-0.02],[-0.0031,0.0092,1.0005,1.7,-1.15,0.33,0.18,0.52],[-0.0005,0.0044,1.0027,1.7,-1.16,0.56,0.03,0.25],[-0.0033,0.0061,1.0038,1.23,-0.24,1.06,0.19,0.35],[-0.0033,0.0096,1.0038,1.22,-1.19,0.19,0.19,0.55]]}
45.511	{"type":"ecg","dev":"node-01","seq":455,"t0":46734,"fs":250,"leads_off":false,"bpm":88.2,"samples":[2036,2026,2026,2031,2021,2029,2033,2025,2023,2025,2027,2029,2026,2027,2022,2018,2025,2030,2024,2030,2025,2022,2016,2020,2013]}
45.513	{"type":"imu","dev":"node-01","seq":455,"t0":46734,"fs":100,"samples":[[0.0012,-0.0035,1.0042,1.55,-0.61,0.99,-0.07,-0.2],[-0.0027,-0.0027,1.0041,-0.07,-0.51,0.4,0.16,-0.16],[-0.0029,-0.001,1.0022,1.14,-1.19,0.08,0.16,-0.06],[-0.0002,0.002,0.9994,1.46,-0.48,1.2,0.01,0.12],[-0.0007,0.0046,1.0044,1.14,-0.24,0.54,0.04,0.26],[0.0026,-0.0026,1.0091,1.85,-0.41,1.11,-0.15,-0.15],[-0.0002,0.0006,0.9997,2.01,-1.1,0.19,0.01,0.03],[0.0011,-0.0036,0.9984,1.54,-0.91,0.95,-0.07,-0.2],[-0.0054,0.001,1.0006,1.62,0.17,0.12,0.31,0.06],[-0.0072,0.0018,0.999,0.43,-0.41,-0.1,0.41,0.1]]}
45.612	{"type":"ecg","dev":"node-01","seq":456,"t0":46834,"fs":250,"leads_off":false,"bpm":88.0,"samples":[2012,2024,2006,2029,2009,2019,2019,2021,2019,2020,2026,2015,2020,2030,2040,2047,2046,2075,2080,2103,2096,2117,2109,2102,2100]}
45.614	{"type":"imu","dev":"node-01","seq":456,"t0":46834,"fs":100,"samples":[[0.0014,0.0017,0.9975,1.32,-1.29,-0.08,-0.08,0.1],[0.0013,-0.0006,1.0122,0.66,-0.6,-0.26,-0.07,-0.04],[0.0074,0.0057,0.9994,1.03,-0.83,0.64,-0.42,0.33],[-0.0046,0.0015,1.0007,0.47,-1.2,0.35,0.26,0.09],[0.0002,0.0061,1.0017,1.23,-0.41,0.32,-0.01,0.35],[0.0047,0.0013,0.9946,1.13,-0.36,0.84,-0.27,0.08],[0.0011,-0.0094,0.9952,1.1,-1.46,1.14,-0.06,-0.54],[-0.001,-0.0074,1.0011,0.46,-0.77,0.42,0.06,-0.42],[0.0012,-0.0025,1.0035,1.35,-0.45,-0.02,-0.07,-0.15],[0.0038,0.0001,0.9978,-0.17,-0.75,0.61,-0.22,0.01]]}
45.713	{"type":"ecg","dev":"node-01","seq":457,"t0":46934,"fs":250,"leads_off":false,"bpm":89.3,"samples":[2089,2067,2054,2047,2039,2036,2016,2020,2026,2016,2018,2012,2003,1982,2000,2171,2495,2718,2561,2189,1942,1908,1949,1998,2008]}
45.715	{"type":"imu","dev":"node-01","seq":457,"t0":46934,"fs":100,"samples":[[-0.0018,0.0101,0.9968,1.45,-1.42,0.61,0.1,0.58],[-0.0001,-0.0027,0.9997,1.0,-0.28,0.19,0.01,-0.15],[-0.0031,-0.0013,1.0057,2.48,-0.66,0.48,0.17,-0.08],[0.0025,0.0076,0.9959,1.49,-0.53,1.37,-0.15,0.44],[-0.0055,-0.0003,1.0004,1.31,-0.97,-0.05,0.31,-0.02],[-0.0016,0.0009,0.9961,0.92,-0.59,1.25,0.09,0.05],[0.0092,-0.0034,1.0041,1.53,-0.63,0.66,-0.52,-0.19],[-0.0013,0.0044,0.9989,2.34,-1.08,0.27,0.08,0.25],[-0.0052,0.0008,1.0031,1.48,-0.33,-0.45,0.3,0.05],[0.0064,0.002,1.0042,0.98,-1.17,-0.31,-0.36,0.11]]}
45.810	{"type":"ecg","dev":"node-01","seq":458,"t0":47034,"fs":250,"leads_off":false,"bpm":89.5,"samples":[2021,2002,2015,2003,2016,2004,2006,2014,2009,2012,2011,2007,2012,2011,2022,2019,2011,2022,2012,2019,2018,2034,2053,2055,2077]}
45.812	{"type":"imu","dev":"node-01","seq":458,"t0":47034,"fs":100,"samples":[[0.0005,-0.0041,0.9972,2.17,-1.38,0.39,-0.03,-0.24],[0.0015,0.0005,0.9995,1.94,-0.67,0.23,-0.08,0.03],[0.0032,-0.0014,0.9986,1.37,-1.07,0.23,-0.18,-0.08],[-0.0025,0.0005,0.9986,2.05,-0.17,0.51,0.14,0.03],[0.0011,-0.0012,0.9958,1.24,-0.47,0.57,-0.06,-0.07],[0.0003,0.0041,1.0002,1.24,-0.56,0.18,-0.02,0.24],[-0.0036,-0.0043,1.0051,1.35,-0.57,0.25,0.2,-0.24],[0.0019,0.0053,0.9952,0.52,-2.43,1.02,-0.11,0.3],[0.0012,0.0003,0.9999,0.68,-0.56,0.62,-0.07,0.01],[0.0032,-0.0023,1.0008,1.33,-0.09,0.54,-0.19,-0.13]]}
45.914	{"type":"ecg","dev":"node-01","seq":459,"t0":47134,"fs":250,"leads_off":false,"bpm":86.9,"samples":[2090,2106,2112,2141,2160,2170,2184,2199,2204,2205,2212,2204,2200,2197,2185,2168,2151,2131,2114,2087,2080,2064,2055,2041,2033]}
45.916	{"type":"imu","dev":"node-01","seq":459,"t0":47134,"fs":100,"samples":[[0.005,0.0009,0.9971,0.94,-1.11,0.38,-0.29,0.05],[0.0032,-0.0004,0.9987,1.88,-1.37,1.2,-0.18,-0.02],[0.0001,0.0005,1.0003,1.23,-0.71,0.52,-0.01,0.03],[0.0041,-0.0002,1.0051,1.74,-1.24,0.77,-0.23,-0.01],[0.0039,0.001,1.0046,1.22,0.05,0.48,-0.23,0.06],[0.0024,-0.0006,1.0075,1.98,-2.35,1.32,-0.14,-0.04],[0.0036,-0.0012,1.0007,1.42,-1.34,1.23,-0.21,-0.07],[0.006,0.0063,1.0095,1.57,-0.43,0.66,-0.34,0.36],[-0.004,-0.001,0.9983,1.08,-1.36,0.54,0.23,-0.06],[0.0004,-0.0012,0.9962,1.05,-0.71,0.43,-0.02,-0.07]]}
46.011	{"type":"ecg","dev":"node-01","seq":460,"t0":47234,"fs":250,"leads_off":false,"bpm":89.2,"samples":[2025,2006,2023,2000,2014,2006,1991,2003,2000,2004,2006,1997,2003,1993,2004,1992,1986,1995,1988,1994,1999,1999,2001,1999,1989]}
46.013	{"type":"imu","dev":"node-01","seq":460,"t0":47234,"fs":100,"samples":[[-0.0054,-0.0043,1.0044,1.42,-0.65,0.88,0.31,-0.25],[-0.0018,0.0036,1.0002,1.23,-0.32,0.34,0.1,0.21],[0.0004,0.001,1.0051,0.22,-1.29,0.77,-0.02,0.06],[-0.0019,-0.0006,1.004,0.95,-1.0,0.76,0.11,-0.04],[0.0031,0.0052,1.0016,1.05,-0.89,-0.02,-0.18,0.3],[-0.0,0.0034,1.0015,1.03,-0.35,0.96,0.0,0.19],[0.002,-0.0033,0.9966,0.88,-0.64,0.36,-0.11,-0.19],[0.0041,-0.0021,1.0017,1.45,-1.13,0.12,-0.23,-0.12],[0.0127,-0.0038,1.0012,1.09,-0.2,-0.17,-0.73,-0.21],[0.0013,0.0023,1.0002,1.25,-1.24,1.34,-0.08,0.13]]}
46.111	{"type":"ecg","dev":"node-01","seq":461,"t0":47334,"fs":250,"leads_off":false,"bpm":88.2,"samples":[1979,1994,1992,2004,1989,1989,1977,1986,1986,1987,1989,1980,1989,2004,1991,1988,1996,1983,1992,1977,1993,1985,1981,1980,1982]}
46.113	{"type":"imu","dev":"node-01","seq":461,"t0":47334,"fs":100,"samples":[[-0.0001,0.001,0.9971,1.45,-0.96,-0.51,0.0,0.06],[0.0041,0.0003,1.0016,2.58,0.02,0.43,-0.23,0.02],[0.0001,-0.0037,0.9974,1.04,0.28,-0.82,-0.01,-0.21],[0.0048,-0.0016,1.0031,2.08,-1.42,0.5,-0.27,-0.09],[0.0002,-0.0029,1.0001,1.65,-0.59,-0.59,-0.01,-0.17],[0.0023,0.0027,1.0,1.49,-1.36,0.39,-0.13,0.16],[-0.0005,0.0002,0.9989,1.55,-1.13,0.49,0.03,0.01],[0.0076,-0.0005,0.9986,1.69,-0.35,0.88,-0.44,-0.03],[0.0067,-0.0005,0.9951,1.16,-1.17,0.56,-0.38,-0.03],[0.0052,0.0004,0.9988,1.89,-1.24,0.14,-0.3,0.02]]}
46.211	{"type":"ecg","dev":"node-01","seq":462,"t0":47434,"fs":250,"leads_off":false,"bpm":87.7,"samples":[1990,1981,1987,1976,1987,1980,1990,1971,1982,1987,1989,1982,1979,1993,1974,1978,1982,1976,1970,1985,1985,1985,1979,1987,1982]}
46.213	{"type":"imu","dev":"node-01","seq":462,"t0":47434,"fs":100,"samples":[[-0.0071,-0.0015,0.9977,1.06,-1.11,0.66,0.41,-0.09],[0.0013,-0.0045,0.9946,1.38,-1.16,1.32,-0.07,-0.26],[0.0063,0.0015,0.9985,0.78,-1.14,0.68,-0.36,0.09],[0.0013,-0.0008,0.9948,1.43,-1.5,1.92,-0.07,-0.04],[-0.0058,0.0045,0.9955,0.61,-0.19,0.72,0.34,0.26],[-0.0018,-0.0047,1.0036,1.92,-0.43,0.31,0.1,-0.27],[-0.0059,-0.0036,1.0003,1.22,-0.81,0.73,0.34,-0.2],[0.0028,-0.0022,0.9956,1.1,-0.25,0.7,-0.16,-0.13],[-0.0037,-0.0006,0.9998,2.34,-0.31,1.02,0.21,-0.04],[-0.0026,-0.002,0.9953,0.59,-0.99,0.86,0.15,-0.12]]}
46.311	{"type":"ecg","dev":"node-01","seq":463,"t0":47534,"fs":250,"leads_off":false,"bpm":87.5,"samples":[1986,1978,1979,1969,1976,1989,1989,1986,1976,2002,1999,2010,2016,2039,2043,2063,2068,2072,2062,2067,2057,2030,2027,2006,2001]}
46.313	{"type":"imu","dev":"node-01","seq":463,"t0":47534,"fs":100,"samples":[[-0.0032,0.0012,1.0041,0.8,-1.31,0.08,0.18,0.07],[-0.0059,-0.0018,0.9999,0.96,-0.36,0.45,0.34,-0.11],[0.0005,-0.0047,1.0101,0.37,-0.07,0.93,-0.03,-0.27],[0.0051,-0.0063,1.0028,1.49,-0.54,0.8,-0.29,-0.36],[0.008,0.0007,0.998,0.76,-1.2,-0.38,-0.46,0.04],[0.0037,-0.0002,1.0024,1.77,-0.93,-0.32,-0.21,-0.01],[-0.0014,-0.0013,1.0037,0.29,-1.08,0.5,0.08,-0.07],[-0.0029,0.0028,1.0059,0.94,-0.63,0.73,0.17,0.16],[-0.0001,0.0013,1.0063,0.63,-1.01,1.41,0.01,0.07],[0.0015,0.0003,0.9978,2.08,-0.81,-0.18,-0.08,0.02]]}
46.411	{"type":"ecg","dev":"node-01","seq":464,"t0":47634,"fs":250,"leads_off":false,"bpm":89.1,"samples":[1989,1974,1978,1975,1977,1974,1975,1969,1960,1953,2027,2307,2605,2639,2316,1980,1865,1894,1939,1965,1966,1979,1979,1981,1967]}
46.413	{"type":"imu","dev":"node-01","seq":464,"t0":47634,"fs":100,"samples":[[-0.0006,-0.0046,0.997,0.61,-1.02,0.61,0.03,-0.27],[0.004,-0.0012,1.0002,1.74,-0.86,1.23,-0.23,-0.07],[0.0008,0.0026,1.0045,1.8,-1.01,-0.43,-0.05,0.15],[-0.0052,-0.0007,1.0102,1.33,-0.38,-0.16,0.3,-0.04],[-0.0093,-0.0085,0.9989,1.77,-2.19,0.58,0.53,-0.49],[0.0023,-0.0053,1.0003,1.42,-0.32,-0.31,-0.13,-0.3],[-0.0018,-0.0027,1.0005,0.92,-0.16,0.88,0.1,-0.16],[-0.0024,0.0019,0.9994,0.16,-1.37,0.28,0.14,0.11],[-0.0017,-0.0047,1.0097,1.66,-0.83,0.45,0.09,-0.26],[-0.0036,-0.0098,1.0026,1.32,-0.56,1.54,0.2,-0.56]]}
46.513	{"type":"ecg","dev":"node-01","seq":465,"t0":47734,"fs":250,"leads_off":false,"bpm":86.6,"samples":[1978,1965,1975,1972,1970,1977,1961,1973,1974,1980,1967,1967,1984,1972,1985,1997,2005,2000,2016,2022,2045,2048,2080,2095,2107]}
46.515	{"type":"imu","dev":"node-01","seq":465,"t0":47734,"fs":100,"samples":[[0.0037,-0.0005,0.9997,0.35,-1.46,0.73,-0.21,-0.03],[0.001,0.0031,1.0043,1.01,-0.02,0.08,-0.06,0.17],[-0.0023,-0.0081,1.0009,2.07,-1.32,0.73,0.13,-0.46],[-0.0016,0.0006,1.0018,0.98,-0.7,0.74,0.09,0.03],[-0.0107,-0.0043,1.0004,1.12,-0.08,0.29,0.61,-0.25],[-0.0032,-0.004,1.0031,1.52,-0.85,0.33,0.18,-0.23],[0.002,-0.0039,1.0017,0.65,-1.09,0.44,-0.11,-0.22],[-0.0005,-0.0055,0.9935,0.13,-0.21,0.56,0.03,-0.32],[-0.004,-0.0014,0.9956,0.26,-1.06,0.8,0.23,-0.08],[-0.0022,-0.0029,0.9975,1.25,-0.47,1.0,0.13,-0.17]]}
46.611	{"type":"ecg","dev":"node-01","seq":466,"t0":47834,"fs":250,"leads_off":false,"bpm":89.1,"samples":[2130,2136,2162,2173,2175,2172,2176,2171,2159,2145,2135,2119,2100,2084,2064,2050,2031,2020,2007,1995,1993,2001,1975,1971,1982]}
46.613	{"type":"imu","dev":"node-01","seq":466,"t0":47834,"fs":100,"samples":[[0.0012,-0.012,0.9999,0.87,-0.41,0.66,-0.07,-0.69],[0.0068,-0.0057,1.0021,1.59,-0.77,0.45,-0.39,-0.33],[0.0004,-0.0158,0.9994,1.77,-1.17,1.32,-0.02,-0.91],[-0.004,0.001,1.0001,0.89,-1.7,0.96,0.23,0.06],[0.0047,-0.0025,1.0022,1.79,-1.21,0.52,-0.27,-0.14],[-0.0037,-0.0046,0.9994,1.09,-0.55,0.57,0.21,-0.26],[-0.0049,-0.0003,1.0036,1.76,-1.47,0.97,0.28,-0.02],[-0.004,-0.0007,1.0018,1.19,-0.28,0.42,0.23,-0.04],[-0.0032,-0.0107,1.0052,2.53,-0.4,-0.07,0.18,-0.61],[0.0005,-0.0014,0.9955,1.68,0.15,0.01,-0.03,-0.08]]}
46.713	{"type":"ecg","dev":"node-01","seq":467,"t0":47934,"fs":250,"leads_off":false,"bpm":87.4,"samples":[1966,1970,1951,1970,1963,1960,1957,1962,1971,1952,1966,1960,1955,1963,1961,1964,1971,1962,1956,1960,1955,1968,1961,1964,1960]}
46.715	{"type":"imu","dev":"node-01","seq":467,"t0":47934,"fs":100,"samples":[[0.0036,-0.0072,1.0056,1.15,-0.14,-0.45,-0.2,-0.41],[-0.0058,-0.0095,0.9985,1.41,-1.23,0.42,0.33,-0.55],[0.0023,-0.007,1.0085,1.72,-0.96,0.77,-0.13,-0.39],[0.006,-0.0095,0.99,1.83,-0.49,1.14,-0.34,-0.55],[0.0054,-0.006,0.9986,1.31,-0.71,0.29,-0.31,-0.34],[0.0033,-0.0086,1.001,1.29,-0.69,0.57,-0.19,-0.49],[-0.0011,-0.0054,1.0003,0.92,-0.43,0.81,0.06,-0.31],[-0.0117,0.0033,0.9946,1.67,-0.15,0.0,0.67,0.19],[0.0039,-0.0037,1.0063,1.12,-0.42,0.54,-0.22,-0.21],[-0.0036,-0.0076,0.9958,1.13,-0.32,0.61,0.21,-0.44]]}
46.814	{"type":"ecg","dev":"node-01","seq":468,"t0":48034,"fs":250,"leads_off":false,"bpm":87.8,"samples":[1961,1959,1955,1964,1959,1956,1953,1963,1958,1956,1962,1953,1959,1954,1960,1969,1964,1951,1959,1958,1961,1955,1958,1957,1948]}
46.816	{"type":"imu","dev":"node-01","seq":468,"t0":48034,"fs":100,"samples":[[0.0049,-0.0043,0.9971,1.56,-0.48,1.52,-0.28,-0.25],[0.0013,0.0043,1.0026,0.99,-1.06,0.02,-0.07,0.25],[0.0079,-0.0028,0.9955,1.37,-0.06,1.14,-0.45,-0.16],[-0.0035,0.0013,1.0033,0.77,-0.94,0.88,0.2,0.07],[-0.0029,-0.0013,1.0019,0.45,-1.24,1.03,0.17,-0.07],[-0.0011,-0.0051,1.0,0.76,-0.88,0.89,0.06,-0.29],[0.0049,-0.0059,1.0013,1.05,-1.54,0.89,-0.28,-0.34],[0.0025,-0.0017,0.9922,1.4,-1.55,0.83,-0.15,-0.1],[-0.0034,-0.0034,0.9999,1.52,-0.57,1.04,0.19,-0.19],[0.0003,-0.0029,1.001,1.34,-0.8,1.04,-0.02,-0.17]]}
46.914	{"type":"ecg","dev":"node-01","seq":469,"t0":48134,"fs":250,"leads_off":false,"bpm":89.0,"samples":[1968,1955,1964,1956,1951,1959,1960,1962,1965,1952,1965,1953,1946,1956,1966,1962,1958,1958,1958,1965,1961,1961,1963,1961,1956]}
46.916	{"type":"imu","dev":"node-01","seq":469,"t0":48134,"fs":100,"samples":[[-0.0043,-0.0003,0.9951,0.64,-0.3,-0.45,0.25,-0.02],[-0.0026,-0.0058,0.9925,2.53,-1.31,0.82,0.15,-0.33],[-0.0045,-0.0062,1.0009,0.95,-1.16,1.01,0.26,-0.35],[0.0066,0.0037,1.0072,-0.05,-0.63,0.35,-0.38,0.21],[-0.0005,-0.0061,1.0058,0.92,-1.1,0.42,0.03,-0.35],[0.007,-0.0039,1.0034,1.63,-0.77,1.61,-0.4,-0.22],[0.0028,-0.0009,1.0018,1.48,-1.25,0.82,-0.16,-0.05],[0.0011,-0.0053,1.0099,1.16,-1.59,-0.64,-0.06,-0.3],[0.0004,-0.0013,0.9975,1.41,-0.62,0.94,-0.02,-0.08],[-0.001,-0.0051,0.9984,1.11,-0.79,0.61,0.06,-0.29]]}
47.011	{"type":"ecg","dev":"node-01","seq":470,"t0":48234,"fs":250,"leads_off":false,"bpm":89.0,"samples":[1964,1967,1968,1970,1968,1987,1992,2002,2006,2020,2034,2036,2048,2043,2041,2032,2021,2017,2000,1985,1988,1972,1965,1964,1967]}
47.013	{"type":"imu","dev":"node-01","seq":470,"t0":48234,"fs":100,"samples":[[0.0015,-0.0017,1.0047,1.13,-1.04,0.88,-0.08,-0.1],[-0.0061,-0.003,1.0027,1.84,-1.55,0.13,0.35,-0.17],[-0.0001,-0.0034,1.0,1.01,0.1,0.89,0.01,-0.19],[-0.0062,-0.0042,1.0045,1.42,-0.8,0.44,0.35,-0.24],[0.0018,-0.0088,0.9921,1.49,-1.04,0.87,-0.11,-0.51],[0.002,-0.0013,1.0056,0.97,-0.86,0.49,-0.12,-0.08],[0.0012,-0.0023,0.991,1.78,-1.19,0.54,-0.07,-0.14],[0.0018,-0.007,0.9983,0.97,-0.63,0.53,-0.1,-0.4],[0.0018,-0.011,1.0033,1.61,-1.39,0.44,-0.1,-0.63],[0.0006,-0.0019,1.0,0.48,-0.89,0.39,-0.04,-0.11]]}
47.112	{"type":"ecg","dev":"node-01","seq":471,"t0":48334,"fs":250,"leads_off":false,"bpm":88.8,"samples":[1955,1958,1959,1948,1935,1956,2143,2467,2673,2478,2093,1880,1856,1910,1949,1967,1966,1959,1957,1958,1966,1956,1964,1961,1962]}
47.114	{"type":"imu","dev":"node-01","seq":471,"t0":48334,"fs":100,"samples":[[0.0004,0.0003,1.0056,1.52,-0.63,0.08,-0.02,0.02],[0.0016,-0.0082,0.9981,1.02,-0.85,-0.15,-0.09,-0.47],[-0.0008,-0.0058,1.0035,1.63,0.28,0.3,0.05,-0.33],[-0.0018,0.002,1.0031,0.65,-0.42,0.24,0.1,0.12],[0.0006,-0.0064,0.9978,1.38,-1.25,0.05,-0.04,-0.37],[-0.0055,-0.0047,0.9912,0.22,-0.54,0.13,0.32,-0.27],[-0.0043,0.0013,0.9945,0.73,-1.72,1.63,0.25,0.08],[0.001,-0.0005,1.0032,1.12,-1.15,0.76,-0.06,-0.03],[0.0031,-0.0077,0.9965,1.65,-1.33,-0.09,-0.18,-0.44],[-0.0043,-0.0059,1.0,1.22,-1.49,0.62,0.25,-0.34]]}
47.210	{"type":"ecg","dev":"node-01","seq":472,"t0":48434,"fs":250,"leads_off":false,"bpm":89.3,"samples":[1958,1956,1957,1962,1956,1966,1956,1966,1981,1984,1983,1979,2005,2004,2023,2043,2053,2062,2078,2093,2118,2139,2144,2156,2169]}
47.212	{"type":"imu","dev":"node-01","seq":472,"t0":48434,"fs":100,"samples":[[-0.0001,-0.0089,1.005,1.88,-0.8,0.78,0.01,-0.51],[0.0063,0.0013,0.9987,0.69,-1.12,0.31,-0.36,0.07],[-0.0007,-0.0052,1.005,1.38,-1.41,0.41,0.04,-0.3],[-0.0035,-0.0082,0.9956,1.59,-1.04,1.0,0.2,-0.47],[0.0029,-0.0025,1.0033,2.45,-0.03,0.97,-0.17,-0.14],[0.0059,-0.0053,0.9974,1.31,-0.66,0.2,-0.34,-0.3],[-0.002,-0.0013,1.0003,2.07,-0.55,0.41,0.12,-0.08],[-0.0002,-0.0038,1.0054,1.87,-1.84,0.42,0.01,-0.21],[-0.0054,-0.0095,1.0093,2.36,-0.43,1.32,0.31,-0.54],[0.0025,-0.005,1.0069,1.74,-0.7,0.09,-0.14,-0.29]]}
47.311	{"type":"ecg","dev":"node-01","seq":473,"t0":48534,"fs":250,"leads_off":false,"bpm":89.3,"samples":[2159,2180,2160,2155,2145,2145,2130,2092,2097,2074,2067,2040,2028,2017,2006,2004,1985,1993,1977,1977,1976,1979,1974,1977,1973]}
47.313	{"type":"imu","dev":"node-01","seq":473,"t0":48534,"fs":100,"samples":[[-0.0015,-0.0021,1.0022,0.63,-0.05,-0.39,0.09,-0.12],[0.008,-0.0057,0.9999,0.19,-1.14,0.47,-0.46,-0.33],[-0.0016,0.0038,1.0016,0.8,-1.64,0.79,0.09,0.22],[0.0005,-0.0025,0.9967,1.88,-1.34,1.06,-0.03,-0.14],[0.0076,-0.0041,0.9987,1.18,-0.71,0.87,-0.43,-0.23],[0.0037,-0.0087,1.0032,1.95,-1.04,-0.42,-0.21,-0.5],[-0.0038,-0.0053,1.0023,2.08,-0.8,0.65,0.22,-0.3],[-0.0003,0.0028,1.0088,1.37,-1.42,0.17,0.01,0.16],[-0.0003,-0.0033,1.0115,1.58,-0.54,0.2,0.02,-0.19],[-0.0007,-0.0061,1.0042,1.25,-1.25,1.11,0.04,-0.35]]}
47.414	{"type":"ecg","dev":"node-01","seq":474,"t0":48634,"fs":250,"leads_off":false,"bpm":86.5,"samples":[1973,1980,1964,1959,1970,1966,1983,1965,1967,1964,1969,1966,1973,1976,1963,1971,1976,1972,1972,1974,1968,1973,1964,1969,1981]}
47.416	{"type":"imu","dev":"node-01","seq":474,"t0":48634,"fs":100,"samples":[[-0.0049,-0.0139,0.9963,1.36,-0.35,0.98,0.28,-0.8],[-0.0065,-0.0066,1.0013,1.53,-0.63,0.54,0.37,-0.38],[-0.0006,0.0038,1.0045,1.9,-0.69,0.56,0.03,0.21],[-0.0047,0.0008,1.0015,1.06,-0.56,0.38,0.27,0.04],[0.0009,-0.0071,0.9979,1.67,-0.46,0.23,-0.05,-0.41],[-0.0003,-0.008,1.0033,2.29,-0.05,-0.29,0.02,-0.46],[0.0012,-0.0025,0.9978,1.76,-1.15,1.05,-0.07,-0.14],[-0.0,0.0008,1.004,0.9,-0.36,1.18,0.0,0.05],[0.0083,-0.0027,1.0075,1.04,-0.89,0.36,-0.47,-0.15],[0.0071,-0.0067,0.9954,0.23,0.23,0.34,-0.41,-0.39]]}
47.511	{"type":"ecg","dev":"node-01","seq":475,"t0":48734,"fs":250,"leads_off":false,"bpm":89.0,"samples":[1962,1976,1961,1971,1976,1976,1978,1980,1972,1970,1975,1977,1973,1966,1976,1984,1966,1985,1969,1975,1976,1980,1972,1967,1970]}
47.513	{"type":"imu","dev":"node-01","seq":475,"t0":48734,"fs":100,"samples":[[-0.0017,-0.0058,1.0004,1.87,-0.5,0.49,0.1,-0.33],[-0.0069,-0.0056,0.9916,1.26,0.27,0.67,0.4,-0.32],[-0.0021,-0.0036,1.0093,1.0,-0.48,0.68,0.12,-0.21],[0.0,-0.0086,0.9953,2.25,-0.72,0.36,-0.0,-0.5],[0.0065,-0.0071,0.9998,0.8,-1.0,-0.38,-0.37,-0.41],[0.0061,-0.0078,0.9937,1.48,-0.52,-0.12,-0.35,-0.45],[-0.005,-0.003,1.0052,1.36,-0.52,0.5,0.28,-0.17],[0.0082,0.0,0.9997,1.44,0.07,0.55,-0.47,0.0],[0.0015,-0.0066,1.0083,1.3,-0.98,0.66,-0.09,-0.37],[0.0005,-0.0057,0.9932,1.33,-0.68,0.93,-0.03,-0.33]]}
47.611	{"type":"ecg","dev":"node-01","seq":476,"t0":48834,"fs":250,"leads_off":false,"bpm":87.5,"samples":[1975,1970,1961,1966,1982,1975,1977,1980,1983,1983,1986,1991,1974,1987,1982,1977,1976,1981,1973,1981,1978,1976,1989,1983,1990]}
47.613	{"type":"imu","dev":"node-01","seq":476,"t0":48834,"fs":100,"samples":[[0.0053,-0.0061,1.0019,1.06,-0.5,1.04,-0.3,-0.35],[-0.0031,-0.0045,0.9986,2.06,0.24,1.06,0.18,-0.26],[0.0056,0.0014,0.9929,1.03,-0.95,1.29,-0.32,0.08],[-0.0064,-0.0039,1.0033,1.04,-0.68,0.71,0.36,-0.22],[-0.0005,-0.0073,0.9995,1.09,-0.44,0.78,0.03,-0.42],[-0.0061,-0.011,1.001,1.33,-0.62,-0.12,0.35,-0.63],[-0.0017,0.0032,0.9956,0.61,-0.52,0.56,0.1,0.19],[0.001,-0.0113,0.9927,1.35,-1.19,-0.33,-0.06,-0.65],[0.0005,-0.003,1.0034,1.22,-0.88,1.13,-0.03,-0.17],[-0.0033,-0.006,1.0105,0.63,-0.87,-0.19,0.19,-0.34]]}
47.710	{"type":"ecg","dev":"node-01","seq":477,"t0":48934,"fs":250,"leads_off":false,"bpm":87.1,"samples":[2005,2008,2016,2020,2032,2056,2063,2068,2081,2066,2065,2047,2044,2032,2024,2020,2007,2003,1990,1993,1996,1996,1998,1976,1969]}
47.712	{"type":"imu","dev":"node-01","seq":477,"t0":48934,"fs":100,"samples":[[0.0021,0.0018,1.0017,1.24,-0.68,0.43,-0.12,0.11],[-0.0025,0.0011,0.9983,1.41,-1.17,-0.52,0.14,0.06],[-0.0034,0.0005,1.0035,0.95,-0.64,-0.12,0.19,0.03],[-0.0044,-0.0044,1.0032,1.12,-1.27,0.36,0.25,-0.25],[0.0013,-0.0055,1.0033,0.35,-0.37,0.49,-0.07,-0.32],[0.0033,-0.0028,1.0009,1.17,-0.85,0.65,-0.19,-0.16],[0.0052,-0.0011,0.9985,1.52,-0.22,1.02,-0.3,-0.06],[0.005,-0.002,1.0054,1.12,-1.04,0.87,-0.29,-0.12],[0.0024,-0.0057,0.9972,1.0,-0.83,1.59,-0.14,-0.33],[0.0077,-0.0085,1.0077,1.14,-0.51,-0.22,-0.44,-0.49]]}
47.814	{"type":"ecg","dev":"node-01","seq":478,"t0":49034,"fs":250,"leads_off":false,"bpm":86.8,"samples":[1961,2064,2344,2632,2633,2301,1994,1884,1924,1961,2001,1973,1985,1988,1989,1983,1991,1991,1999,1984,1987,1989,1998,1996,1991]}
47.816	{"type":"imu","dev":"node-01","seq":478,"t0":49034,"fs":100,"samples":[[0.0032,-0.0044,1.008,1.1,-1.1,0.1,-0.18,-0.25],[0.0007,0.003,1.0071,1.38,-1.35,1.23,-0.04,0.17],[-0.0002,-0.0014,0.9987,1.35,-1.04,0.99,0.01,-0.08],[-0.0031,-0.0031,1.0,1.9,-0.51,0.78,0.18,-0.18],[0.0049,-0.0037,0.9988,1.32,-0.81,1.23,-0.28,-0.21],[-0.0012,-0.0041,1.0031,0.82,-0.2,0.74,0.07,-0.23],[0.0035,0.0046,1.0023,1.5,-1.07,0.1,-0.2,0.26],[0.0021,-0.0055,0.9988,1.22,-1.45,-0.13,-0.12,-0.32],[0.0094,0.0006,1.0012,0.88,-1.69,0.98,-0.54,0.03],[-0.0005,-0.0065,0.9969,0.8,-0.87,0.71,0.03,-0.37]]}
47.913	{"type":"ecg","dev":"node-01","seq":479,"t0":49134,"fs":250,"leads_off":false,"bpm":87.8,"samples":[1987,2004,2003,2004,2004,2016,2003,2027,2034,2059,2065,2076,2077,2106,2134,2150,2161,2171,2187,2205,2199,2204,2211,2201,2189]}
47.915	{"type":"imu","dev":"node-01","seq":479,"t0":49134,"fs":100,"samples":[[0.0022,0.0079,0.9987,1.03,-0.83,0.57,-0.13,0.46],[-0.0037,0.0038,0.9992,0.74,-0.66,0.07,0.21,0.22],[-0.0017,0.0042,0.9878,0.54,-2.34,0.98,0.1,0.24],[-0.0014,-0.0018,1.0008,0.9,-1.02,0.58,0.08,-0.11],[0.0002,0.0044,0.9995,1.38,-1.43,-0.33,-0.01,0.25],[0.0015,0.0017,0.9986,1.35,-1.26,1.21,-0.09,0.09],[0.0021,0.0048,0.998,2.04,-1.55,1.51,-0.12,0.28],[0.0038,-0.0002,0.9916,0.45,-0.79,0.89,-0.22,-0.01],[-0.0002,-0.0,1.0005,2.32,-0.88,0.95,0.01,-0.0],[-0.0014,-0.0032,0.9933,1.44,-0.16,0.82,0.08,-0.18]]}
48.013	{"type":"ecg","dev":"node-01","seq":480,"t0":49234,"fs":250,"leads_off":false,"bpm":88.0,"samples":[2196,2158,2150,2137,2111,2090,2092,2065,2052,2048,2032,2034,2024,2012,2020,2010,2005,2003,2010,2006,2015,1996,2004,2009,2008]}
48.015	{"type":"imu","dev":"node-01","seq":480,"t0":49234,"fs":100,"samples":[[0.0043,-0.0004,0.9979,1.58,-1.13,-0.24,-0.25,-0.02],[0.0015,-0.0013,0.9998,1.19,-0.64,0.06,-0.09,-0.08],[0.0004,-0.0019,0.9947,1.32,-0.93,0.62,-0.02,-0.11],[-0.0069,-0.0018,0.9965,0.19,-0.18,0.12,0.4,-0.1],[0.0005,-0.0003,0.9989,1.39,-0.77,0.45,-0.03,-0.02],[-0.0007,0.0007,0.9999,1.57,-0.58,0.69,0.04,0.04],[0.0037,0.0021,1.0001,1.59,-1.01,1.13,-0.21,0.12],[0.0054,0.0031,0.9965,0.79,-0.43,0.09,-0.31,0.18],[0.0039,0.005,0.9985,1.15,-0.91,1.18,-0.22,0.29],[0.0052,-0.0012,0.9992,2.4,-1.33,0.99,-0.3,-0.07]]}
48.112	{"type":"ecg","dev":"node-01","seq":481,"t0":49334,"fs":250,"leads_off":false,"bpm":87.5,"samples":[1996,2010,2004,2009,2001,2008,2006,1995,2020,2011,2015,2019,2007,2012,2013,1999,2000,2013,2018,2005,2018,2006,2017,2012,1995]}
48.114	{"type":"imu","dev":"node-01","seq":481,"t0":49334,"fs":100,"samples":[[-0.0005,0.0007,1.0031,1.39,-0.64,0.47,0.03,0.04],[-0.0094,-0.0027,0.9984,1.07,-1.04,0.94,0.54,-0.16],[0.003,-0.0003,1.0025,0.57,-1.24,1.37,-0.17,-0.02],[-0.0011,0.0056,0.9942,2.08,-1.42,0.87,0.06,0.32],[-0.0035,0.0035,0.994,0.87,-0.24,0.54,0.2,0.2],[0.0027,-0.0021,0.9946,0.99,-0.62,1.27,-0.15,-0.12],[-0.005,0.0014,0.9932,1.31,-0.65,0.5,0.29,0.08],[-0.0009,-0.0048,0.9976,1.51,-0.66,-0.31,0.05,-0.27],[-0.0009,0.0038,1.0035,1.61,-1.47,0.71,0.05,0.22],[-0.0005,-0.0034,1.0052,0.36,-1.04,0.63,0.03,-0.19]]}
48.211	{"type":"ecg","dev":"node-01","seq":482,"t0":49434,"fs":250,"leads_off":false,"bpm":88.5,"samples":[2005,2021,2009,2007,2021,2013,2007,2020,2022,2013,2008,2012,2012,2011,2021,2005,2022,2018,2017,2020,2024,2031,2014,2012,2015]}
48.213	{"type":"imu","dev":"node-01","seq":482,"t0":49434,"fs":100,"samples":[[-0.0023,-0.001,1.0017,1.21,0.03,0.87,0.13,-0.06],[0.007,0.0054,0.9997,1.55,-0.45,0.08,-0.4,0.31],[-0.0007,0.0031,0.9966,1.4,-1.1,0.39,0.04,0.18],[-0.009,0.0042,1.0044,0.48,-1.38,0.35,0.51,0.24],[-0.0025,0.0106,0.998,0.98,-1.06,0.38,0.14,0.61],[0.0055,0.0029,0.9961,2.4,-0.35,1.1,-0.32,0.17],[0.0109,0.0013,0.9996,0.11,-0.92,0.27,-0.63,0.08],[0.0027,0.0012,1.0038,0.95,-1.25,-0.37,-0.16,0.07],[0.0057,0.0014,1.0043,0.33,-0.15,1.12,-0.33,0.08],[0.0017,-0.0036,0.996,0.88,-0.6,-0.05,-0.1,-0.21]]}
48.311	{"type":"ecg","dev":"node-01","seq":483,"t0":49534,"fs":250,"leads_off":false,"bpm":88.1,"samples":[2009,2012,2017,2017,2016,2012,2010,2008,2007,2019,2023,2026,2024,2024,2023,2032,2024,2013,2030,2025,2043,2027,2039,2044,2071]}
48.313	{"type":"imu","dev":"node-01","seq":483,"t0":49534,"fs":100,"samples":[[-0.0014,-0.0013,1.0024,1.11,-1.2,-0.08,0.08,-0.07],[-0.0045,0.0061,1.0011,1.46,-0.48,0.49,0.26,0.35],[0.0031,-0.0025,1.0028,1.02,-1.61,0.44,-0.17,-0.14],[-0.0014,0.0061,0.9957,1.11,-0.21,0.71,0.08,0.35],[0.0041,-0.0025,0.9973,1.19,-0.21,0.45,-0.24,-0.15],[0.0002,0.0053,0.9954,1.67,-1.33,1.24,-0.01,0.3],[-0.0003,0.0003,1.0045,1.14,-0.69,0.16,0.02,0.02],[-0.0047,0.0057,0.9974,2.4,-0.12,1.27,0.27,0.33],[-0.0035,0.007,0.9968,1.2,-1.7,0.44,0.2,0.4],[0.0022,0.0035,1.0008,1.03,-0.64,0.64,-0.13,0.2]]}
48.412	{"type":"ecg","dev":"node-01","seq":484,"t0":49634,"fs":250,"leads_off":false,"bpm":86.9,"samples":[2086,2099,2111,2113,2109,2111,2114,2085,2071,2079,2045,2043,2036,2025,2035,2020,2032,2032,2023,2023,2005,2022,2225,2566,2732]}
48.414	{"type":"imu","dev":"node-01","seq":484,"t0":49634,"fs":100,"samples":[[0.0035,-0.0009,1.0062,1.19,-0.49,1.25,-0.2,-0.05],[0.0039,-0.0026,0.9984,1.51,-1.32,0.41,-0.22,-0.15],[-0.0059,0.0038,0.9958,0.56,-0.12,0.17,0.34,0.22],[-0.0002,0.0042,0.9978,1.52,-0.4,0.56,0.01,0.24],[-0.0033,0.0012,1.0004,1.36,-0.49,0.36,0.19,0.07],[-0.001,0.0061,0.9975,0.86,-1.68,1.45,0.06,0.35],[0.0038,0.0032,1.0011,0.52,-1.56,0.73,-0.22,0.18],[0.0065,0.0062,1.0,0.78,0.14,0.04,-0.38,0.35],[0.005,-0.003,0.9987,0.66,-0.64,0.89,-0.29,-0.17],[-0.0045,0.0032,0.9984,1.84,-0.7,0.21,0.26,0.18]]}
48.513	{"type":"ecg","dev":"node-01","seq":485,"t0":49734,"fs":250,"leads_off":false,"bpm":87.4,"samples":[2504,2145,1933,1946,1988,2015,2021,2025,2027,2019,2033,2040,2024,2042,2028,2025,2022,2031,2046,2022,2038,2044,2034,2032,2029]}
48.515	{"type":"imu","dev":"node-01","seq":485,"t0":49734,"fs":100,"samples":[[-0.0018,0.0071,1.0047,0.67,-1.78,0.37,0.1,0.41],[0.0023,0.0056,0.998,0.75,-1.05,0.05,-0.13,0.32],[-0.0022,-0.0025,0.9995,1.19,-0.95,1.29,0.13,-0.14],[-0.0077,0.0032,0.9996,1.19,-0.29,0.25,0.44,0.18],[0.002,-0.0008,1.0003,1.0,-0.09,0.84,-0.12,-0.05],[0.0033,0.0003,0.9928,0.61,-0.99,1.29,-0.19,0.02],[0.0061,0.0061,1.0009,1.21,-1.1,-0.13,-0.35,0.35],[-0.005,-0.0044,1.0023,0.92,-0.68,0.79,0.29,-0.25],[-0.0025,0.0053,1.0045,0.9,-1.6,-0.04,0.14,0.3],[-0.0013,0.0054,0.9916,1.07,-2.17,0.79,0.08,0.31]]}
48.612	{"type":"ecg","dev":"node-01","seq":486,"t0":49834,"fs":250,"leads_off":false,"bpm":88.5,"samples":[2055,2053,2042,2077,2074,2095,2101,2118,2140,2149,2175,2186,2198,2225,2240,2238,2238,2241,2248,2233,2227,2218,2187,2175,2160]}
48.614	{"type":"imu","dev":"node-01","seq":486,"t0":49834,"fs":100,"samples":[[-0.0053,0.0128,0.997,0.36,-0.96,0.56,0.3,0.73],[-0.0012,0.001,0.9995,0.05,-1.14,0.24,0.07,0.06],[-0.0058,0.0064,1.0004,0.72,-0.16,1.29,0.33,0.36],[0.0011,0.0057,0.9977,0.35,0.17,1.15,-0.06,0.33],[-0.0003,0.0049,1.0099,0.75,-0.05,0.87,0.02,0.28],[0.0032,-0.0031,1.0006,1.44,-1.21,0.58,-0.18,-0.18],[0.0072,-0.001,1.0037,1.49,-0.46,0.57,-0.41,-0.06],[0.0038,-0.0003,0.9973,0.97,-0.39,0.25,-0.22,-0.02],[-0.003,0.0016,1.0048,0.7,-1.01,1.4,0.17,0.09],[0.0027,-0.0015,0.9964,1.21,-0.33,1.25,-0.16,-0.09]]}
48.711	{"type":"ecg","dev":"node-01","seq":487,"t0":49934,"fs":250,"leads_off":false,"bpm":86.7,"samples":[2136,2124,2101,2098,2084,2057,2063,2051,2042,2041,2036,2040,2040,2026,2035,2038,2039,2037,2040,2034,2033,2031,2035,2043,2029]}
48.713	{"type":"imu","dev":"node-01","seq":487,"t0":49934,"fs":100,"samples":[[-0.0003,0.0031,0.9991,0.59,-0.6,0.98,0.02,0.18],[0.0021,0.0014,1.0031,2.37,-0.76,-0.28,-0.12,0.08],[-0.0016,0.0032,0.9977,0.39,-1.03,0.75,0.09,0.18],[-0.006,0.0045,0.9965,1.0,-0.68,0.02,0.34,0.26],[0.0004,-0.0034,1.0006,1.52,-0.59,0.76,-0.02,-0.2],[0.0022,0.0056,1.0032,1.47,-0.5,0.38,-0.13,0.32],[0.0024,0.0052,1.0015,1.95,-0.33,0.15,-0.14,0.29],[-0.0015,-0.0003,1.0002,0.82,-0.8,-0.22,0.08,-0.02],[-0.0052,-0.0019,0.9958,0.76,-1.04,0.24,0.3,-0.11],[0.0018,0.0005,1.0017,1.19,-0.99,0.85,-0.1,0.03]]}
48.811	{"type":"ecg","dev":"node-01","seq":488,"t0":50034,"fs":250,"leads_off":false,"bpm":87.9,"samples":[2028,2036,2034,2038,2036,2039,2037,2043,2035,2040,2032,2025,2029,2040,2039,2036,2038,2030,2060,2039,2034,2029,2038,2043,2036]}
48.813	{"type":"imu","dev":"node-01","seq":488,"t0":50034,"fs":100,"samples":[[-0.0023,0.0031,0.9974,0.36,-1.6,-0.03,0.13,0.18],[0.0018,0.012,1.0047,1.06,-0.84,-0.48,-0.1,0.69],[-0.0003,0.0058,0.9952,1.78,-1.37,1.2,0.02,0.34],[0.0042,0.0043,1.0051,2.16,-1.05,0.01,-0.24,0.25],[0.0066,0.0022,1.0028,0.88,-0.06,1.01,-0.38,0.13],[-0.0047,-0.0018,1.0056,1.26,-0.25,1.4,0.27,-0.11],[0.0027,-0.0031,0.9929,0.64,-1.63,0.88,-0.15,-0.18],[0.001,0.0036,0.9975,0.92,-0.17,0.08,-0.06,0.2],[-0.0001,0.012,0.9953,0.51,-0.64,-0.58,0.01,0.69],[-0.0039,0.0008,1.003,0.74,-0.52,1.09,0.22,0.04]]}
48.913	{"type":"ecg","dev":"node-01","seq":489,"t0":50134,"fs":250,"leads_off":false,"bpm":87.3,"samples":[2043,2046,2050,2044,2040,2041,2052,2043,2032,2037,2033,2030,2045,2042,2036,2046,2029,2042,2040,2031,2040,2027,2041,2041,2032]}
48.915	{"type":"imu","dev":"node-01","seq":489,"t0":50134,"fs":100,"samples":[[0.0013,0.0058,0.9981,0.64,-1.21,0.99,-0.07,0.33],[-0.0007,0.0049,1.0049,0.83,-0.38,1.08,0.04,0.28],[0.0025,0.0036,1.0041,0.06,-0.54,0.2,-0.14,0.2],[-0.0044,0.0007,1.0011,1.0,-0.93,1.89,0.25,0.04],[-0.0006,0.0024,1.0008,1.14,-0.92,0.9,0.03,0.14],[-0.0064,0.0078,1.0037,1.07,-0.76,0.03,0.37,0.44],[0.0059,0.0014,0.99,0.39,-1.33,1.17,-0.34,0.08],[0.0053,-0.0008,0.9983,2.72,-0.7,0.82,-0.3,-0.05],[0.0027,0.0069,0.9943,0.78,-1.17,0.19,-0.15,0.4],[0.0002,0.0037,0.9919,1.28,-0.5,1.38,-0.01,0.21]]}
49.010	{"type":"ecg","dev":"node-01","seq":490,"t0":50234,"fs":250,"leads_off":false,"bpm":87.5,"samples":[2038,2040,2053,2054,2042,2042,2033,2026,2036,2041,2040,2032,2040,2041,2044,2050,2060,2061,2077,2083,2108,2110,2115,2121,2131]}
49.012	{"type":"imu","dev":"node-01","seq":490,"t0":50234,"fs":100,"samples":[[0.0027,0.0089,0.9987,1.23,-0.47,0.88,-0.15,0.51],[-0.0049,-0.0033,1.001,1.27,-1.21,1.44,0.28,-0.19],[-0.0019,0.0063,0.997,1.53,-0.74,-0.09,0.11,0.36],[-0.0006,0.0064,0.9984,0.72,-0.42,1.14,0.04,0.37],[0.0039,0.0071,0.9997,0.69,-0.23,0.15,-0.23,0.41],[-0.0038,0.0013,1.0044,1.35,-0.99,0.52,0.21,0.07],[-0.0045,0.0047,1.0041,1.44,-0.42,1.15,0.26,0.27],[0.0019,0.0105,0.995,2.35,-1.38,0.68,-0.11,0.6],[-0.0026,-0.0011,1.0051,1.29,0.0,0.23,0.15,-0.06],[0.0006,0.0012,1.0048,1.11,-0.86,0.6,-0.03,0.07]]}
49.113	{"type":"ecg","dev":"node-01","seq":491,"t0":50334,"fs":250,"leads_off":false,"bpm":87.1,"samples":[2140,2117,2116,2104,2082,2075,2058,2056,2040,2041,2047,2051,2044,2039,2030,2015,2014,2123,2425,2713,2668,2307,2009,1926,1973]}
49.115	{"type":"imu","dev":"node-01","seq":491,"t0":50334,"fs":100,"samples":[[-0.0058,0.0022,1.0005,1.51,-1.17,0.61,0.33,0.13],[0.0017,0.0088,0.9992,0.94,-1.3,-0.32,-0.1,0.51],[-0.0022,-0.0029,1.0002,1.96,-0.94,-0.16,0.13,-0.17],[0.0016,0.0016,0.9996,1.36,-1.16,0.02,-0.09,0.09],[-0.0012,0.0045,1.0008,1.22,-0.5,0.62,0.07,0.26],[0.0011,0.0008,1.0002,1.79,-0.45,-0.07,-0.06,0.05],[-0.0001,0.0009,1.0062,1.21,0.15,0.53,0.0,0.05],[-0.0031,0.0018,1.0029,0.9,-0.54,0.39,0.18,0.1],[0.0007,0.003,1.0014,1.22,-1.12,0.26,-0.04,0.17],[-0.0039,0.008,0.9981,1.58,-1.0,1.21,0.22,0.46]]}
49.211	{"type":"ecg","dev":"node-01","seq":492,"t0":50434,"fs":250,"leads_off":false,"bpm":86.8,"samples":[2014,2031,2041,2031,2032,2039,2035,2038,2045,2033,2036,2036,2042,2036,2039,2034,2040,2038,2049,2045,2046,2066,2064,2070,2078]}
49.213	{"type":"imu","dev":"node-01","seq":492,"t0":50434,"fs":100,"samples":[[-0.0048,0.0113,0.9962,1.43,-0.53,1.25,0.27,0.65],[0.0082,0.006,1.001,1.34,0.65,0.54,-0.47,0.34],[0.0016,0.002,1.0062,1.56,-1.23,0.18,-0.09,0.11],[-0.0027,0.002,0.9945,0.89,0.05,0.2,0.15,0.12],[0.0017,-0.0037,0.9999,0.62,-0.93,1.27,-0.09,-0.21],[-0.0072,0.0023,0.998,1.81,-0.99,-0.45,0.41,0.13],[-0.0019,0.0019,1.0085,1.34,-0.46,-0.39,0.11,0.11],[0.006,0.0035,1.0037,2.5,-0.99,1.32,-0.34,0.2],[0.0041,0.0052,1.0074,0.91,-1.02,1.49,-0.23,0.29],[-0.0073,0.0055,0.9987,1.42,-0.73,0.96,0.42,0.31]]}
49.313	{"type":"ecg","dev":"node-01","seq":493,"t0":50534,"fs":250,"leads_off":false,"bpm":86.8,"samples":[2087,2094,2111,2130,2147,2165,2180,2197,2218,2230,2227,2244,2239,2241,2232,2233,2219,2203,2185,2168,2150,2136,2121,2098,2078]}
49.315	{"type":"imu","dev":"node-01","seq":493,"t0":50534,"fs":100,"samples":[[0.002,0.0014,1.0021,1.04,0.03,2.59,-0.11,0.08],[-0.0074,0.0032,1.0018,0.42,-0.83,0.71,0.42,0.18],[-0.0055,-0.0006,0.9948,1.41,-1.69,0.39,0.32,-0.03],[0.0036,-0.0097,1.0045,0.64,-1.38,0.16,-0.2,-0.55],[-0.004,0.0017,1.0046,1.0,-0.83,0.58,0.23,0.1],[-0.0018,-0.0007,1.0021,1.53,-0.97,0.31,0.1,-0.04],[-0.0002,0.0021,1.0018,0.4,-1.25,0.32,0.01,0.12],[-0.0033,0.0013,1.0046,1.54,-0.4,0.49,0.19,0.07],[-0.0018,0.0064,0.9931,1.54,-0.71,0.27,0.1,0.37],[-0.0004,0.0031,0.9995,1.17,-0.34,0.19,0.03,0.18]]}
49.411	{"type":"ecg","dev":"node-01","seq":494,"t0":50634,"fs":250,"leads_off":false,"bpm":88.3,"samples":[2071,2075,2053,2054,2049,2039,2041,2029,2037,2026,2018,2034,2029,2036,2047,2023,2018,2037,2020,2028,2019,2037,2035,2018,2019]}
49.413	{"type":"imu","dev":"node-01","seq":494,"t0":50634,"fs":100,"samples":[[0.0003,0.0113,1.0019,1.4,-0.16,0.06,-0.02,0.65],[-0.0037,-0.0027,0.9953,1.55,-0.4,-0.27,0.21,-0.16],[0.0063,0.0019,0.9996,1.37,-0.94,0.09,-0.36,0.11],[0.0043,0.0112,0.9972,0.75,-0.79,0.6,-0.25,0.64],[-0.0022,0.004,0.9987,1.57,-0.8,0.08,0.12,0.23],[0.0034,0.0063,0.9994,2.63,-1.24,0.99,-0.19,0.36],[-0.0047,0.0011,1.0004,1.11,0.6,0.1,0.27,0.06],[0.0073,0.0042,1.0068,1.22,-0.64,1.4,-0.42,0.24],[0.0034,0.0041,1.0016,0.66,-1.8,0.02,-0.2,0.24],[0.0012,-0.0002,1.0021,0.96,-1.52,-0.02,-0.07,-0.01]]}
49.511	{"type":"ecg","dev":"node-01","seq":495,"t0":50734,"fs":250,"leads_off":false,"bpm":87.9,"samples":[2022,2034,2030,2033,2030,2025,2027,2029,2025,2028,2036,2024,2032,2029,2026,2026,2023,2032,2026,2034,2020,2022,2026,2029,2028]}
49.513	{"type":"imu","dev":"node-01","seq":495,"t0":50734,"fs":100,"samples":[[-0.0055,0.0009,0.9949,1.58,-0.75,0.66,0.32,0.05],[-0.0014,0.0011,1.0045,0.87,-0.8,0.8,0.08,0.07],[0.0093,-0.0031,0.9948,1.82,-0.97,0.52,-0.54,-0.18],[0.0036,-0.0005,1.0012,1.49,-1.07,0.05,-0.2,-0.03],[-0.0028,0.0041,1.0094,1.13,-1.37,1.11,0.16,0.23],[-0.0043,0.0031,0.9997,2.13,-1.1,0.16,0.25,0.18],[0.0061,0.0015,0.9956,0.94,-0.49,-0.04,-0.35,0.09],[-0.0041,-0.0025,1.0011,1.4,-0.96,0.89,0.23,-0.15],[-0.0026,0.0028,1.0079,0.36,-0.73,1.53,0.15,0.16],[-0.0037,-0.003,1.0059,0.81,-0.08,0.65,0.21,-0.17]]}
49.611	{"type":"ecg","dev":"node-01","seq":496,"t0":50834,"fs":250,"leads_off":false,"bpm":87.6,"samples":[2026,2024,2018,2009,2022,2029,2018,2028,2023,2020,2016,2013,2023,2015,2017,2019,2003,2030,2015,2014,2018,2011,2015,2018,2014]}
49.613	{"type":"imu","dev":"node-01","seq":496,"t0":50834,"fs":100,"samples":[[-0.0018,0.0078,1.0072,0.56,-0.07,0.39,0.11,0.44],[-0.0051,0.0025,1.0008,0.69,-0.79,0.64,0.29,0.14],[-0.0003,-0.0028,1.0015,1.64,-1.37,0.8,0.02,-0.16],[0.0012,0.004,0.9921,1.07,-1.08,-0.21,-0.07,0.23],[-0.0045,-0.0087,1.0009,1.55,-1.01,0.87,0.26,-0.5],[-0.0015,0.008,0.997,1.59,-1.22,-0.02,0.09,0.46],[0.0044,0.0053,0.9939,1.35,-1.43,0.91,-0.26,0.3],[0.0059,0.0029,1.0022,0.82,-1.29,0.34,-0.34,0.16],[-0.0039,0.0017,1.0045,1.7,0.3,-0.7,0.23,0.1],[0.0015,0.001,0.9965,1.44,-1.35,0.01,-0.09,0.06]]}
49.712	{"type":"ecg","dev":"node-01","seq":497,"t0":50934,"fs":250,"leads_off":false,"bpm":88.7,"samples":[2012,2014,2013,2022,2020,2017,2015,2021,2010,2026,2026,2030,2030,2051,2062,2064,2075,2087,2097,2097,2105,2100,2092,2074,2059]}
49.714	{"type":"imu","dev":"node-01","seq":497,"t0":50934,"fs":100,"samples":[[-0.0009,-0.0038,1.0001,1.03,-0.3,1.08,0.05,-0.22],[0.0027,0.0094,1.0,2.14,-2.25,0.85,-0.15,0.54],[-0.0091,0.0042,0.9972,1.88,-0.74,-0.19,0.52,0.24],[0.0037,0.001,0.9966,1.34,-0.85,0.71,-0.21,0.06],[-0.0053,0.0061,0.9963,0.76,-0.73,0.66,0.31,0.35],[0.0017,0.0028,0.9977,1.52,-0.24,0.73,-0.1,0.16],[-0.0016,0.0037,1.0005,0.86,-0.34,0.92,0.09,0.21],[0.0015,-0.0026,0.9919,0.94,-0.81,0.85,-0.09,-0.15],[0.0012,-0.0086,0.9943,1.39,-1.13,1.24,-0.07,-0.5],[-0.0066,0.0025,1.0074,1.7,-1.44,-0.4,0.38,0.14]]}
49.810	{"type":"ecg","dev":"node-01","seq":498,"t0":51034,"fs":250,"leads_off":false,"bpm":87.9,"samples":[2055,2039,2028,2031,2015,2012,2017,2019,2012,1996,1986,1986,2016,2250,2576,2695,2454,2095,1919,1915,1978,1999,2013,2008,2001]}
49.812	{"type":"imu","dev":"node-01","seq":498,"t0":51034,"fs":100,"samples":[[0.0034,0.0027,1.001,1.82,-0.73,0.04,-0.19,0.15],[0.0011,-0.0007,1.0014,0.71,-0.87,-0.13,-0.06,-0.04],[-0.003,0.0093,0.9992,1.32,-0.26,0.49,0.17,0.53],[-0.002,0.0014,1.0004,1.61,-1.56,0.47,0.12,0.08],[-0.0011,0.0027,1.0033,1.75,-1.32,0.4,0.06,0.15],[0.0036,0.0042,1.0016,1.72,-1.29,0.31,-0.21,0.24],[0.0071,0.0009,1.0032,1.72,-0.9,0.6,-0.41,0.05],[-0.0055,-0.0036,1.0004,0.87,-0.78,-0.23,0.32,-0.21],[0.004,0.0033,0.9966,2.38,-1.18,0.77,-0.23,0.19],[0.0055,-0.0006,0.9951,1.55,-0.62,0.49,-0.31,-0.04]]}
49.911	{"type":"ecg","dev":"node-01","seq":499,"t0":51134,"fs":250,"leads_off":false,"bpm":87.7,"samples":[2002,2012,2006,2004,2005,2005,2001,2006,2002,2008,1998,2012,2014,1994,2010,2021,2023,2033,2032,2039,2049,2066,2079,2089,2106]}
49.913	{"type":"imu","dev":"node-01","seq":499,"t0":51134,"fs":100,"samples":[[-0.0025,-0.0011,0.9992,0.48,-1.38,1.36,0.14,-0.07],[0.0008,-0.0021,0.9945,1.12,-1.09,0.13,-0.05,-0.12],[0.0048,0.0029,1.0045,1.5,-1.25,-0.1,-0.27,0.17],[0.0028,0.0012,0.9961,1.51,-1.91,0.44,-0.16,0.07],[0.0,-0.004,0.9993,1.2,-0.9,-0.36,-0.0,-0.23],[-0.0027,0.0026,0.9948,0.16,0.19,0.5,0.15,0.15],[0.0059,0.0066,1.0016,0.36,0.09,0.61,-0.34,0.38],[-0.0038,0.0003,0.9969,1.2,-0.0,0.93,0.22,0.02],[0.003,0.0022,0.9996,1.38,-0.25,0.56,-0.17,0.13],[0.0029,0.0012,0.9974,1.64,-0.9,0.84,-0.17,0.07]]}
50.000	{"type":"status","dev":"node-01","fw":"0.1.0","uptime_ms":51234,"ecg":{"fs":250},"imu":{"ok":true,"fs":100,"errors":0,"fields":["ax","ay","az","gx","gy","gz","pitch","roll"]}}
50.012	{"type":"ecg","dev":"node-01","seq":500,"t0":51234,"fs":250,"leads_off":false,"bpm":88.6,"samples":[2129,2121,2152,2170,2186,2199,2200,2202,2206,2203,2209,2181,2171,2151,2134,2129,2106,2087,2064,2056,2046,2033,2021,2017,2012]}
50.014	{"type":"imu","dev":"node-01","seq":500,"t0":51234,"fs":100,"samples":[[0.0045,0.0034,0.9978,1.47,-0.48,0.12,-0.26,0.19],[-0.004,-0.0073,1.0012,0.39,0.21,0.74,0.23,-0.42],[0.0038,0.0024,1.0014,0.86,0.89,-0.2,-0.22,0.14],[-0.0028,0.0058,0.9949,1.21,-0.77,0.44,0.16,0.33],[-0.0039,-0.0019,1.0015,0.71,-0.93,0.96,0.23,-0.11],[-0.0011,0.0022,1.0035,1.51,-1.4,1.68,0.06,0.13],[0.0031,-0.0039,0.9997,1.18,-0.99,0.36,-0.18,-0.22],[-0.0056,-0.0029,1.004,1.16,-1.09,0.39,0.32,-0.17],[0.0017,0.0041,0.9973,1.56,-0.37,0.54,-0.1,0.24],[0.0002,-0.01,1.0035,0.86,-0.76,0.98,-0.01,-0.57]]}
50.111	{"type":"ecg","dev":"node-01","seq":501,"t0":51334,"fs":250,"leads_off":false,"bpm":88.9,"samples":[2004,2004,2005,1995,1992,1989,1996,1990,1984,1996,1998,1987,1993,1996,1984,1982,1980,1979,1992,1996,1986,1988,2000,1983,1989]}
50.113	{"type":"imu","dev":"node-01","seq":501,"t0":51334,"fs":100,"samples":[[0.0017,0.0059,1.0002,1.49,-0.99,-0.4,-0.1,0.34],[-0.0026,-0.0012,0.9939,0.51,-0.78,0.74,0.15,-0.07],[0.0013,0.0001,0.9967,1.12,-1.17,0.8,-0.08,0.0],[-0.0057,0.0028,1.0014,1.63,-1.25,0.82,0.33,0.16],[-0.0023,-0.0005,0.9991,1.47,-0.75,1.46,0.13,-0.03],[0.0017,-0.004,0.9955,1.48,-0.96,1.04,-0.1,-0.23],[0.0038,0.0003,0.9993,1.77,-0.99,1.07,-0.22,0.02],[-0.0036,-0.0011,1.0045,0.91,-1.7,0.7,0.21,-0.07],[-0.0038,-0.0015,0.9965,1.0,-1.28,0.78,0.22,-0.09],[-0.0059,-0.0017,1.0025,0.73,-0.94,-0.28,0.34,-0.09]]}
50.213	{"type":"ecg","dev":"node-01","seq":502,"t0":51434,"fs":250,"leads_off":false,"bpm":87.2,"samples":[1988,1984,1984,1978,1991,1992,1990,1988,1988,1985,1991,1975,1998,1983,1977,1986,1978,1985,1987,1970,1976,1983,1972,1981,1973]}
50.215	{"type":"imu","dev":"node-01","seq":502,"t0":51434,"fs":100,"samples":[[-0.0003,-0.0024,1.0007,2.21,-0.15,0.66,0.02,-0.14],[0.0012,0.0021,0.9984,0.98,-0.78,-0.28,-0.07,0.12],[0.0082,-0.007,0.9993,0.9,-0.53,1.41,-0.47,-0.4],[-0.0059,-0.0033,0.996,1.56,-1.02,1.12,0.34,-0.19],[0.0004,0.0037,0.9951,1.43,-0.21,0.34,-0.02,0.21],[-0.0013,0.0038,1.002,1.61,-0.2,-0.56,0.08,0.22],[0.002,0.0013,1.0019,1.7,-1.0,0.26,-0.12,0.07],[-0.0058,-0.0041,0.9988,1.05,-0.25,-0.06,0.33,-0.24],[-0.0001,-0.0041,0.9988,1.37,-1.27,-0.23,0.01,-0.23],[-0.0026,-0.0045,1.0063,1.5,-0.71,0.52,0.15,-0.26]]}
50.313	{"type":"ecg","dev":"node-01","seq":503,"t0":51534,"fs":250,"leads_off":false,"bpm":89.0,"samples":[1975,1981,1973,1983,1979,1969,1973,1979,1979,1971,1972,1993,1973,1981,1968,1975,1992,1976,1978,1975,1974,1959,1973,1964,1963]}
50.315	{"type":"imu","dev":"node-01","seq":503,"t0":51534,"fs":100,"samples":[[-0.0002,-0.0031,0.9964,1.73,-0.61,1.56,0.01,-0.18],[0.0008,-0.0014,1.0011,0.3,-1.27,-0.06,-0.05,-0.08],[-0.0016,-0.005,1.0001,2.37,-1.01,0.82,0.09,-0.28],[-0.0005,0.0024,0.9986,1.2,-1.53,-0.15,0.03,0.14],[-0.0021,0.0004,0.9963,1.19,-0.79,1.31,0.12,0.02],[-0.0029,0.0005,1.0014,0.19,-0.63,0.47,0.16,0.03],[-0.0028,-0.0041,1.001,1.08,-1.78,0.54,0.16,-0.23],[0.0029,-0.0058,0.9938,1.1,-1.67,0.8,-0.17,-0.33],[-0.0038,0.0012,0.9946,1.83,-1.05,0.49,0.22,0.07],[-0.0123,0.0013,0.9999,1.45,-1.17,0.95,0.71,0.08]]}
50.411	{"type":"ecg","dev":"node-01","seq":504,"t0":51634,"fs":250,"leads_off":false,"bpm":86.8,"samples":[1973,1970,1987,1976,1984,1989,1992,1998,1996,2004,2031,2032,2056,2061,2059,2063,2065,2051,2049,2032,2024,1999,1991,1983,1979]}
50.413	{"type":"imu","dev":"node-01","seq":504,"t0":51634,"fs":100,"samples":[[-0.0034,0.0029,0.9927,1.5,-0.32,0.4,0.2,0.17],[0.0017,-0.0076,1.0051,0.59,-1.42,1.07,-0.09,-0.43],[0.0033,-0.003,1.003,0.99,-0.63,0.18,-0.19,-0.17],[-0.0055,-0.0015,0.9977,1.79,-0.17,0.8,0.31,-0.09],[0.0037,-0.0042,0.9984,1.11,-0.46,0.37,-0.21,-0.24],[0.0039,-0.0043,0.9957,1.39,-0.03,-0.08,-0.23,-0.25],[0.0028,-0.0034,0.9964,1.21,-1.17,1.43,-0.16,-0.2],[-0.0008,-0.0067,0.9981,1.03,-1.87,0.68,0.04,-0.38],[0.0026,0.004,1.0062,1.54,-1.69,0.72,-0.15,0.23],[0.004,0.0006,0.9945,1.85,-1.93,0.48,-0.23,0.04]]}
50.511	{"type":"ecg","dev":"node-01","seq":505,"t0":51734,"fs":250,"leads_off":false,"bpm":87.5,"samples":[1971,1969,1967,1973,1966,1963,1951,1950,2082,2381,2653,2565,2212,1923,1867,1900,1951,1964,1964,1961,1964,1971,1979,1972,1960]}
50.513	{"type":"imu","dev":"node-01","seq":505,"t0":51734,"fs":100,"samples":[[0.0016,-0.0012,0.9989,1.6,-0.62,-0.07,-0.09,-0.07],[-0.0013,0.0081,1.0008,0.88,-0.34,0.03,0.07,0.46],[0.0013,-0.0094,1.0032,0.35,-0.22,0.12,-0.08,-0.54],[-0.0029,-0.0081,1.0018,1.51,-0.75,0.7,0.17,-0.46],[0.0042,-0.0059,1.0021,0.84,-0.27,1.14,-0.24,-0.34],[0.001,-0.0007,1.0011,1.56,-1.38,0.92,-0.06,-0.04],[-0.0012,0.0001,1.0022,1.11,-0.13,0.28,0.07,0.01],[-0.0026,-0.0017,0.9937,1.6,-0.18,1.0,0.15,-0.1],[-0.0061,-0.0054,0.9984,1.03,-0.56,-0.25,0.35,-0.31],[-0.001,-0.0061,0.9949,0.56,-1.01,0.15,0.06,-0.35]]}
50.612	{"type":"ecg","dev":"node-01","seq":506,"t0":51834,"fs":250,"leads_off":false,"bpm":88.0,"samples":[1972,1959,1961,1977,1977,1972,1967,1975,1965,1976,1973,1978,1994,1989,1994,2012,2020,2032,2044,2067,2085,2098,2125,2129,2148]}
50.614	{"type":"imu","dev":"node-01","seq":506,"t0":51834,"fs":100,"samples":[[0.0042,-0.0091,0.9952,0.63,-0.26,0.11,-0.24,-0.52],[-0.0021,0.0016,0.992,1.56,-0.51,1.26,0.12,0.1],[0.0036,-0.0054,1.0033,1.14,-0.73,0.45,-0.2,-0.31],[-0.0016,0.0015,0.9979,1.17,-1.94,0.26,0.09,0.09],[0.0018,0.0006,1.0068,1.04,0.11,0.36,-0.1,0.03],[-0.0026,-0.0053,1.0005,1.08,-1.29,0.59,0.15,-0.3],[-0.0001,-0.0019,0.9999,0.87,-0.84,0.26,0.0,-0.11],[0.0085,-0.0004,1.0069,1.7,0.07,1.07,-0.48,-0.03],[0.0069,-0.0054,0.9941,0.6,-0.63,0.56,-0.4,-0.31],[-0.0064,-0.0014,1.0027,1.12,-1.06,0.14,0.37,-0.08]]}
50.712	{"type":"ecg","dev":"node-01","seq":507,"t0":51934,"fs":250,"leads_off":false,"bpm":86.7,"samples":[2162,2170,2178,2166,2173,2185,2143,2138,2131,2113,2090,2077,2054,2041,2028,2012,1997,1998,1982,1989,1981,1969,1978,1958,1968]}
50.714	{"type":"imu","dev":"node-01","seq":507,"t0":51934,"fs":100,"samples":[[-0.005,-0.0057,1.0006,1.19,-1.11,0.79,0.29,-0.32],[-0.0073,-0.0003,1.0013,1.77,-0.2,0.57,0.42,-0.02],[0.0009,-0.0023,0.9938,0.89,-0.19,0.49,-0.05,-0.13],[0.002,-0.0043,1.0032,0.77,-1.51,0.81,-0.12,-0.25],[-0.0102,-0.0059,1.0021,0.94,-0.21,0.77,0.58,-0.34],[-0.0031,-0.0019,0.9987,1.33,-0.98,0.28,0.18,-0.11],[0.002,-0.0168,1.0012,0.86,-0.47,0.84,-0.12,-0.96],[0.0018,0.0036,1.0028,0.34,-1.22,0.68,-0.11,0.2],[-0.0047,0.0008,0.9863,1.42,-1.07,1.35,0.27,0.04],[-0.0046,-0.0089,1.0068,1.31,-1.07,0.24,0.26,-0.51]]}
50.812	{"type":"ecg","dev":"node-01","seq":508,"t0":52034,"fs":250,"leads_off":false,"bpm":88.3,"samples":[1961,1963,1968,1968,1974,1967,1965,1966,1975,1957,1961,1963,1965,1955,1962,1964,1955,1962,1959,1957,1956,1962,1959,1958,1953]}
50.814	{"type":"imu","dev":"node-01","seq":508,"t0":52034,"fs":100,"samples":[[0.0021,-0.0063,0.9967,0.89,0.04,-0.48,-0.12,-0.36],[0.0033,-0.0027,0.993,0.91,-1.54,0.18,-0.19,-0.16],[-0.0023,-0.0115,1.0055,1.9,-0.9,0.62,0.13,-0.65],[-0.0006,-0.0097,0.9988,0.81,-0.19,0.61,0.04,-0.56],[-0.0019,-0.0013,0.9994,1.29,-0.11,0.77,0.11,-0.07],[-0.0036,-0.0036,1.0019,0.65,-0.79,1.05,0.21,-0.21],[-0.0003,-0.0086,1.0029,2.22,-1.73,0.67,0.02,-0.49],[-0.0012,0.0011,0.9987,1.96,-1.57,1.01,0.07,0.06],[-0.0016,-0.0071,0.9948,1.19,-1.25,0.09,0.09,-0.41],[0.003,-0.0042,1.0066,1.61,-0.59,0.5,-0.17,-0.24]]}
50.912	{"type":"ecg","dev":"node-01","seq":509,"t0":52134,"fs":250,"leads_off":false,"bpm":87.3,"samples":[1960,1955,1958,1964,1961,1958,1948,1953,1961,1955,1966,1970,1952,1969,1956,1961,1965,1965,1963,1965,1960,1961,1953,1953,1958]}
50.914	{"type":"imu","dev":"node-01","seq":509,"t0":52134,"fs":100,"samples":[[0.0033,-0.0013,0.9958,1.78,-0.68,0.43,-0.19,-0.07],[0.0026,-0.0083,0.9973,1.38,-0.84,0.61,-0.15,-0.48],[-0.0077,-0.0047,0.9941,2.05,-1.37,0.22,0.44,-0.27],[0.0054,0.0027,0.993,0.79,-1.07,1.32,-0.31,0.15],[-0.0046,-0.0038,0.9969,1.24,-0.56,1.17,0.26,-0.22],[-0.0,-0.0058,1.0008,2.54,-1.88,0.17,0.0,-0.33],[-0.0032,-0.0013,0.9977,1.67,-1.82,1.13,0.19,-0.07],[0.0047,-0.0071,0.9984,0.82,-0.26,0.71,-0.27,-0.41],[0.0045,-0.0011,0.9957,0.86,-0.78,0.85,-0.26,-0.06],[0.0011,-0.0085,1.0059,2.21,-0.46,0.21,-0.06,-0.49]]}
51.010	{"type":"ecg","dev":"node-01","seq":510,"t0":52234,"fs":250,"leads_off":false,"bpm":87.2,"samples":[1966,1965,1967,1966,1963,1965,1969,1962,1955,1960,1951,1965,1961,1965,1956,1970,1964,1958,1963,1966,1951,1958,1962,1954,1965]}
51.012	{"type":"imu","dev":"node-01","seq":510,"t0":52234,"fs":100,"samples":[[0.0028,-0.0079,0.9965,0.86,-0.49,0.81,-0.16,-0.45],[-0.0081,-0.007,1.0011,1.0,-0.61,0.45,0.46,-0.4],[0.0001,-0.0053,1.0013,0.66,-1.18,0.84,-0.01,-0.3],[-0.006,-0.0065,0.998,0.96,-0.66,0.31,0.35,-0.38],[-0.0042,-0.0059,1.0009,1.97,-1.74,-0.2,0.24,-0.34],[0.0014,-0.0019,0.9988,1.29,-1.21,-0.26,-0.08,-0.11],[-0.0013,-0.0024,0.9996,1.36,-0.45,0.25,0.07,-0.14],[-0.0036,-0.0077,1.0022,1.45,-0.54,0.41,0.21,-0.44],[-0.0036,-0.0023,1.0078,1.27,-0.45,0.21,0.21,-0.13],[-0.001,-0.0013,0.9956,1.27,-0.45,-0.1,0.06,-0.08]]}
51.114	{"type":"ecg","dev":"node-01","seq":511,"t0":52334,"fs":250,"leads_off":false,"bpm":87.6,"samples":[1967,1969,1977,1987,1991,2011,2015,2022,2032,2041,2045,2052,2054,2031,2018,2010,1993,1985,1979,1968,1964,1966,1963,1970,1956]}
51.116	{"type":"imu","dev":"node-01","seq":511,"t0":52334,"fs":100,"samples":[[0.0015,-0.0055,1.0048,-0.2,-0.43,0.73,-0.09,-0.31],[0.0077,-0.0035,1.0016,0.92,-0.35,-0.48,-0.44,-0.2],[-0.0017,-0.0019,0.9975,0.79,-0.63,0.33,0.1,-0.11],[-0.0,-0.0087,1.0003,1.86,0.12,0.44,0.0,-0.5],[-0.0019,0.0029,1.0014,1.99,-0.7,0.19,0.11,0.16],[-0.0003,-0.0089,0.9945,1.13,-0.17,-0.42,0.02,-0.51],[-0.003,-0.0052,0.998,1.52,-0.16,0.98,0.17,-0.3],[0.004,-0.0022,1.0003,1.53,-1.8,0.95,-0.23,-0.13],[-0.0067,-0.006,1.002,0.23,-0.83,0.67,0.39,-0.34],[-0.0012,-0.0049,0.9983,0.65,-1.42,0.94,0.07,-0.28]]}
51.212	{"type":"ecg","dev":"node-01","seq":512,"t0":52434,"fs":250,"leads_off":false,"bpm":87.6,"samples":[1952,1942,1930,1980,2234,2553,2647,2375,2021,1859,1889,1923,1962,1960,1967,1967,1963,1969,1965,1955,1962,1962,1970,1972,1971]}
51.214	{"type":"imu","dev":"node-01","seq":512,"t0":52434,"fs":100,"samples":[[-0.0025,-0.0008,1.0036,1.55,-0.86,0.21,0.14,-0.05],[-0.0024,-0.0109,0.9984,1.17,-1.26,0.47,0.14,-0.63],[0.0015,-0.001,0.9995,0.54,-1.57,0.21,-0.08,-0.06],[-0.0091,-0.0029,1.0029,0.7,0.13,0.34,0.52,-0.16],[-0.0015,-0.0199,1.0019,1.1,-0.49,-0.09,0.08,-1.14],[-0.0082,-0.0014,1.0039,1.63,-0.38,0.06,0.47,-0.08],[0.005,-0.0023,0.9946,1.46,-0.73,-0.11,-0.29,-0.13],[0.002,-0.0126,1.0014,0.99,-0.5,0.13,-0.11,-0.72],[0.0026,-0.0032,1.0024,1.36,-1.5,0.14,-0.15,-0.18],[0.0003,-0.0051,0.9977,0.82,-1.61,0.58,-0.01,-0.29]]}
51.314	{"type":"ecg","dev":"node-01","seq":513,"t0":52534,"fs":250,"leads_off":false,"bpm":87.9,"samples":[1968,1960,1962,1965,1973,1973,1976,1982,1980,1988,2015,2010,2020,2050,2048,2080,2092,2101,2137,2135,2156,2174,2176,2175,2180]}
51.316	{"type":"imu","dev":"node-01","seq":513,"t0":52534,"fs":100,"samples":[[-0.0006,-0.0045,0.9948,0.41,-0.59,0.71,0.04,-0.26],[-0.0054,-0.0024,1.0095,1.15,-0.37,0.74,0.3,-0.13],[-0.002,0.0027,1.0003,1.63,-0.37,0.6,0.11,0.15],[-0.0009,-0.0036,0.9903,0.74,-0.78,-0.38,0.05,-0.21],[-0.0055,-0.0057,0.9949,1.12,-1.27,0.61,0.32,-0.33],[-0.0055,-0.0027,0.9978,1.61,-0.87,1.05,0.32,-0.15],[0.0063,0.0032,1.0037,0.91,-0.73,0.08,-0.36,0.18],[0.0039,-0.0035,0.9953,1.51,-1.17,0.43,-0.22,-0.2],[0.0005,0.0027,1.0067,1.35,-0.94,1.76,-0.03,0.16],[-0.0026,0.0009,0.9968,1.56,-0.89,-0.05,0.15,0.05]]}
51.414	{"type":"ecg","dev":"node-01","seq":514,"t0":52634,"fs":250,"leads_off":false,"bpm":86.6,"samples":[2175,2168,2148,2149,2129,2101,2096,2070,2064,2034,2017,2016,2008,2003,1989,1990,1978,1973,1985,1981,1971,1972,1980,1972,1972]}
51.416	{"type":"imu","dev":"node-01","seq":514,"t0":52634,"fs":100,"samples":[[0.0095,-0.0054,0.9962,1.12,-0.99,-0.36,-0.54,-0.31],[-0.0049,-0.0045,1.0002,1.15,-0.95,0.55,0.28,-0.26],[-0.0007,-0.003,1.0017,2.21,-1.24,1.16,0.04,-0.17],[0.0054,-0.0057,0.9963,0.46,-0.77,0.25,-0.31,-0.33],[-0.0035,-0.01,0.9951,0.83,0.04,0.54,0.2,-0.57],[-0.0024,0.0,1.0039,0.88,-1.12,0.38,0.14,0.0],[-0.0015,-0.0029,1.0036,0.88,-0.85,0.54,0.09,-0.16],[0.0014,-0.0018,0.9958,0.33,-0.31,0.68,-0.08,-0.1],[-0.0011,-0.0045,0.9951,0.91,-0.47,0.07,0.06,-0.26],[-0.0004,-0.0068,0.9958,1.27,-0.31,0.15,0.02,-0.39]]}
51.512	{"type":"ecg","dev":"node-01","seq":515,"t0":52734,"fs":250,"leads_off":false,"bpm":88.8,"samples":[1969,1979,1954,1969,1964,1970,1969,1963,1981,1966,1968,1969,1966,1968,1972,1975,1978,1971,1977,1971,1987,1971,1976,1971,1975]}
51.514	{"type":"imu","dev":"node-01","seq":515,"t0":52734,"fs":100,"samples":[[-0.0007,0.0037,0.9964,1.68,-0.9,1.25,0.04,0.21],[0.0025,-0.0042,0.9975,1.03,-1.79,0.45,-0.14,-0.24],[0.0025,0.0011,0.9982,1.14,-1.34,1.01,-0.14,0.06],[0.0023,-0.0031,1.0079,1.24,0.33,-0.45,-0.13,-0.18],[0.0002,-0.0008,0.994,1.33,-0.93,0.28,-0.01,-0.05],[-0.0048,-0.0028,0.995,0.83,-1.06,0.56,0.27,-0.16],[0.003,-0.0021,1.0002,1.38,-0.67,-0.05,-0.17,-0.12],[-0.0026,0.0009,0.9957,1.06,-0.87,0.29,0.15,0.05],[-0.0028,-0.0067,0.9986,0.85,-1.23,0.64,0.16,-0.39],[0.0088,-0.0064,1.0026,0.21,-1.49,0.15,-0.5,-0.36]]}
51.612	{"type":"ecg","dev":"node-01","seq":516,"t0":52834,"fs":250,"leads_off":false,"bpm":87.7,"samples":[1974,1975,1988,1973,1966,1975,1980,1972,1984,1983,1974,1969,1982,1977,1978,1977,1980,1975,1976,1970,1981,1997,1980,1990,1990]}
51.614	{"type":"imu","dev":"node-01","seq":516,"t0":52834,"fs":100,"samples":[[0.0009,-0.0035,1.0025,1.2,-0.46,0.31,-0.05,-0.2],[0.0038,0.0009,1.001,1.63,-1.9,0.87,-0.22,0.05],[-0.0044,0.0023,1.0016,0.83,-0.91,-0.19,0.25,0.13],[0.0021,0.0027,0.9998,1.49,-0.54,0.82,-0.12,0.16],[-0.0018,0.0048,1.0045,0.97,-1.5,0.02,0.1,0.27],[-0.0025,-0.0038,1.0021,0.84,-0.83,0.93,0.14,-0.22],[-0.0005,0.0022,1.0065,1.68,-1.36,0.89,0.03,0.13],[-0.0028,-0.0061,1.0058,0.77,-0.62,0.67,0.16,-0.35],[-0.0006,-0.0071,1.0,-0.22,-0.89,1.1,0.04,-0.41],[-0.0008,-0.0037,1.0098,0.73,-1.09,1.07,0.05,-0.21]]}
51.711	{"type":"ecg","dev":"node-01","seq":517,"t0":52934,"fs":250,"leads_off":false,"bpm":89.3,"samples":[1983,1976,1985,1987,1978,1979,1987,1983,1993,1971,1985,1977,1979,1980,1978,1968,1987,1989,1980,1989,2000,1990,2009,2006,2009]}
51.713	{"type":"imu","dev":"node-01","seq":517,"t0":52934,"fs":100,"samples":[[0.0042,-0.0024,0.9999,1.29,-1.82,0.88,-0.24,-0.14],[0.0035,-0.0053,0.9986,-0.03,-0.6,-0.61,-0.2,-0.31],[0.0072,-0.0008,1.0046,1.55,-0.91,-0.8,-0.41,-0.04],[-0.0022,-0.0069,0.9962,2.71,-1.36,0.5,0.13,-0.4],[0.0072,0.0002,0.9986,1.66,-1.52,0.62,-0.41,0.01],[-0.001,-0.0021,0.9928,0.59,-0.54,0.39,0.06,-0.12],[-0.0005,0.0025,1.001,0.74,-0.83,0.26,0.03,0.14],[-0.0034,0.0011,1.004,0.16,-1.21,0.71,0.19,0.06],[0.0064,0.0081,0.9891,0.71,-0.97,0.34,-0.37,0.47],[0.0003,0.0052,0.9977,1.62,-0.38,0.46,-0.02,0.3]]}
51.811	{"type":"ecg","dev":"node-01","seq":518,"t0":53034,"fs":250,"leads_off":false,"bpm":88.9,"samples":[2022,2031,2045,2062,2066,2077,2081,2073,2070,2059,2050,2033,2009,2011,2017,2003,1992,1987,1988,1999,1985,1990,1967,1972,2116]}
51.813	{"type":"imu","dev":"node-01","seq":518,"t0":53034,"fs":100,"samples":[[0.0001,0.0065,0.9961,1.67,-0.79,0.45,-0.0,0.37],[-0.0041,-0.0051,0.9998,0.51,-1.27,0.49,0.23,-0.29],[0.0026,-0.0004,1.0008,1.58,-0.93,0.49,-0.15,-0.02],[-0.0011,0.0006,1.0044,1.58,-0.96,0.2,0.06,0.03],[0.0008,0.0044,0.9966,0.44,-0.1,0.6,-0.04,0.25],[0.0,-0.0085,1.0026,1.14,-0.04,0.21,-0.0,-0.48],[0.0002,0.0033,1.0033,1.39,-0.41,0.93,-0.01,0.19],[0.0008,-0.0102,0.9994,1.66,-0.86,1.17,-0.05,-0.59],[-0.0068,-0.0102,0.996,1.68,-1.55,0.49,0.39,-0.59],[-0.004,0.0009,0.9993,1.71,-1.09,0.7,0.23,0.05]]}
51.913	{"type":"ecg","dev":"node-01","seq":519,"t0":53134,"fs":250,"leads_off":false,"bpm":86.9,"samples":[2438,2677,2559,2198,1929,1889,1933,1984,1990,1993,1985,1996,2000,1995,1997,2002,1993,1993,1988,1999,2002,1991,1996,2008,2009]}
51.915	{"type":"imu","dev":"node-01","seq":519,"t0":53134,"fs":100,"samples":[[0.0011,0.0013,0.9978,1.06,-1.34,1.0,-0.06,0.08],[-0.0013,-0.007,1.001,0.85,-0.53,-0.18,0.07,-0.4],[0.0037,-0.0017,0.9921,1.19,-1.35,0.11,-0.21,-0.1],[0.0022,0.0063,0.9961,1.66,-0.6,0.48,-0.12,0.36],[0.0011,-0.0006,1.0025,1.29,-1.09,1.01,-0.06,-0.03],[-0.0032,0.0033,0.9995,1.55,-0.23,1.25,0.18,0.19],[-0.0027,-0.0044,0.9994,1.64,-0.77,1.07,0.16,-0.25],[0.0017,0.0046,0.9982,1.13,-0.92,0.15,-0.1,0.26],[-0.0016,0.0051,0.9947,1.04,-1.23,0.94,0.09,0.29],[-0.0016,-0.004,0.9999,1.18,-0.86,0.81,0.09,-0.23]]}
52.013	{"type":"ecg","dev":"node-01","seq":520,"t0":53234,"fs":250,"leads_off":false,"bpm":88.3,"samples":[2013,2003,2012,2020,2029,2045,2049,2054,2066,2080,2112,2110,2127,2158,2167,2185,2213,2208,2207,2220,2208,2205,2194,2186,2172]}
52.015	{"type":"imu","dev":"node-01","seq":520,"t0":53234,"fs":100,"samples":[[0.0021,-0.0028,1.0019,1.41,-1.63,0.31,-0.12,-0.16],[-0.0028,0.0084,0.998,0.88,-1.49,0.09,0.16,0.48],[-0.0006,0.0073,1.001,0.52,-1.45,-0.02,0.03,0.42],[0.0047,0.0049,1.0032,1.03,-1.19,0.26,-0.27,0.28],[-0.0053,-0.0083,1.0023,1.4,-0.78,1.22,0.3,-0.48],[0.0011,0.0041,1.0018,1.13,-0.98,0.59,-0.06,0.23],[0.0018,0.0096,0.9985,1.3,-0.04,-0.04,-0.1,0.55],[0.0042,0.0025,1.0071,1.54,-0.81,0.11,-0.24,0.14],[-0.0049,-0.0004,1.0032,1.05,-0.19,1.33,0.28,-0.03],[0.0079,0.0033,0.9954,1.05,-1.15,1.28,-0.46,0.19]]}
52.111	{"type":"ecg","dev":"node-01","seq":521,"t0":53334,"fs":250,"leads_off":false,"bpm":88.8,"samples":[2153,2126,2119,2103,2085,2066,2054,2048,2040,2031,2026,2026,2021,2009,2014,2007,2005,2013,2018,2000,2004,2008,2007,2011,2018]}
52.113	{"type":"imu","dev":"node-01","seq":521,"t0":53334,"fs":100,"samples":[[-0.0004,-0.0005,1.0034,1.47,-0.66,0.85,0.02,-0.03],[0.0029,0.0028,1.001,0.86,-0.98,-0.32,-0.17,0.16],[0.0028,0.002,0.9956,1.31,-0.36,0.41,-0.16,0.12],[-0.0016,0.0037,1.0022,0.93,-0.56,-0.1,0.09,0.21],[-0.0001,-0.0038,0.9913,1.25,0.03,-0.3,0.0,-0.22],[-0.0032,0.007,0.9966,1.1,-0.16,0.21,0.19,0.41],[-0.0065,0.0027,1.0021,1.32,-0.79,0.97,0.37,0.15],[-0.0041,0.0045,0.9944,0.82,-0.72,0.27,0.24,0.26],[0.0001,-0.0098,1.0,1.57,-0.98,0.06,-0.01,-0.56],[0.0006,0.0011,0.9991,0.91,-0.84,1.45,-0.03,0.06]]}
52.211	{"type":"ecg","dev":"node-01","seq":522,"t0":53434,"fs":250,"leads_off":false,"bpm":88.1,"samples":[2004,2013,2013,2010,2008,2021,2014,2012,2015,2019,2013,2015,2016,2013,2011,2014,2002,2018,2002,2018,2009,2013,2033,2015,2012]}
52.213	{"type":"imu","dev":"node-01","seq":522,"t0":53434,"fs":100,"samples":[[-0.0021,-0.0017,1.0038,2.04,-1.32,1.07,0.12,-0.1],[0.0027,0.0024,0.9969,-0.04,-1.06,0.34,-0.15,0.14],[0.0012,0.0016,0.9952,0.09,-1.19,0.98,-0.07,0.09],[-0.0044,0.0038,0.9992,1.74,-0.17,0.5,0.25,0.22],[-0.001,0.0029,1.0048,1.48,-0.46,1.72,0.06,0.17],[0.0018,-0.0002,1.0065,1.43,-1.7,0.91,-0.1,-0.01],[-0.0068,0.0024,0.9989,1.68,-0.16,0.33,0.39,0.14],[-0.0072,0.0013,0.9974,1.3,-1.38,1.3,0.41,0.08],[-0.0003,0.0015,0.9963,1.5,-0.31,0.69,0.02,0.08],[0.005,0.0013,1.007,1.91,-0.57,-0.06,-0.29,0.07]]}
52.313	{"type":"ecg","dev":"node-01","seq":523,"t0":53534,"fs":250,"leads_off":false,"bpm":86.6,"samples":[2027,2015,2017,2014,2019,2020,2023,2015,2018,2015,2013,2029,2024,2013,2014,2026,2013,2019,2014,2029,2021,2014,2032,2021,2020]}
52.315	{"type":"imu","dev":"node-01","seq":523,"t0":53534,"fs":100,"samples":[[-0.004,0.0044,1.0029,1.79,0.16,0.68,0.23,0.25],[0.0041,-0.0027,0.9988,1.5,-0.11,0.33,-0.23,-0.16],[-0.0071,-0.0013,0.9987,1.03,-0.28,1.23,0.41,-0.08],[-0.0054,0.0011,0.9955,1.15,-0.02,0.67,0.31,0.07],[-0.0033,-0.006,0.9964,2.01,-0.75,0.83,0.19,-0.34],[0.0032,0.0083,0.998,1.93,-1.41,-0.43,-0.18,0.48],[-0.0065,0.0033,1.0067,1.96,-0.19,1.01,0.37,0.19],[0.0025,0.0043,1.0013,1.18,-0.8,1.15,-0.14,0.25],[0.0007,0.0046,0.9986,0.53,-0.6,1.39,-0.04,0.26],[0.0096,-0.0014,0.9995,1.54,-0.26,1.19,-0.55,-0.08]]}
52.412	{"type":"ecg","dev":"node-01","seq":524,"t0":53634,"fs":250,"leads_off":false,"bpm":88.5,"samples":[2019,2025,2027,2020,2023,2021,2030,2020,2019,2016,2033,2021,2038,2014,2028,2033,2033,2036,2040,2042,2061,2065,2082,2102,2107]}
52.414	{"type":"imu","dev":"node-01","seq":524,"t0":53634,"fs":100,"samples":[[0.0006,0.0011,0.9958,1.04,-1.06,-0.5,-0.03,0.07],[-0.0005,0.0018,0.9993,0.67,0.01,1.55,0.03,0.1],[-0.0097,0.0046,0.9987,0.83,-0.76,0.9,0.56,0.27],[0.0023,0.0007,1.005,1.2,-0.76,0.07,-0.13,0.04],[0.0072,0.0063,0.9971,1.75,-0.81,0.38,-0.42,0.36],[0.0075,0.0001,1.0059,0.54,-0.16,0.45,-0.43,0.0],[0.0011,0.0043,1.014,1.74,-1.14,0.84,-0.06,0.24],[-0.0043,-0.0019,0.9969,1.57,-0.57,0.42,0.24,-0.11],[-0.0071,0.0036,0.9979,2.3,-1.65,0.94,0.41,0.21],[-0.0117,-0.0057,0.9962,0.97,-1.02,-0.37,0.67,-0.33]]}
52.513	{"type":"ecg","dev":"node-01","seq":525,"t0":53734,"fs":250,"leads_off":false,"bpm":87.9,"samples":[2109,2115,2121,2102,2117,2100,2084,2070,2049,2051,2050,2033,2039,2024,2032,2036,2023,2014,1996,2066,2335,2658,2703,2419,2065]}
52.515	{"type":"imu","dev":"node-01","seq":525,"t0":53734,"fs":100,"samples":[[-0.0015,0.0041,1.0005,1.37,-1.08,0.3,0.08,0.24],[0.0011,0.0026,1.0034,1.1,-1.68,0.35,-0.06,0.15],[-0.0022,0.0013,1.0041,0.99,-0.77,1.41,0.12,0.08],[0.0006,0.0042,0.9933,2.27,-0.61,0.48,-0.03,0.24],[0.0029,-0.0031,0.9947,0.59,-0.7,1.08,-0.17,-0.18],[-0.0017,0.0024,1.0,2.05,-0.64,1.02,0.1,0.14],[0.0047,0.006,0.9989,2.44,-1.24,0.76,-0.27,0.34],[-0.0003,0.0043,0.9952,1.93,-0.88,0.76,0.02,0.25],[-0.0094,0.0028,0.9988,1.64,-0.7,0.19,0.54,0.16],[-0.0015,0.0041,1.0072,1.1,-0.4,-0.25,0.08,0.23]]}
52.610	{"type":"ecg","dev":"node-01","seq":526,"t0":53834,"fs":250,"leads_off":false,"bpm":87.4,"samples":[1935,1957,2006,2024,2025,2035,2034,2032,2034,2033,2026,2041,2039,2031,2038,2035,2042,2028,2039,2045,2037,2029,2046,2061,2064]}
52.612	{"type":"imu","dev":"node-01","seq":526,"t0":53834,"fs":100,"samples":[[0.0027,0.0014,0.9932,0.9,-0.72,0.02,-0.15,0.08],[-0.0025,0.0097,0.9967,1.14,-1.25,0.31,0.14,0.56],[-0.0024,0.0039,1.0007,1.49,-1.95,0.6,0.14,0.23],[-0.0032,0.0028,1.0029,1.53,-0.6,0.47,0.18,0.16],[-0.002,0.0039,0.994,0.84,-0.58,0.49,0.12,0.22],[0.0015,0.0022,0.9934,0.75,-1.39,0.06,-0.09,0.12],[-0.0025,0.0051,1.0057,1.07,-1.19,0.53,0.14,0.29],[-0.0058,0.0037,1.0026,0.32,-0.13,1.58,0.33,0.21],[-0.0016,0.0098,1.0071,1.04,-0.89,0.74,0.09,0.56],[0.0004,0.0116,1.0017,1.52,-0.83,0.46,-0.02,0.66]]}
52.710	{"type":"ecg","dev":"node-01","seq":527,"t0":53934,"fs":250,"leads_off":false,"bpm":86.8,"samples":[2057,2077,2094,2093,2125,2127,2148,2170,2188,2198,2216,2219,2229,2239,2245,2252,2241,2227,2227,2209,2194,2171,2160,2148,2128]}
52.712	{"type":"imu","dev":"node-01","seq":527,"t0":53934,"fs":100,"samples":[[0.0029,0.0015,1.0026,1.27,-0.33,-0.31,-0.17,0.08],[0.0037,0.0001,1.0087,0.62,-0.31,0.13,-0.21,0.01],[0.0044,0.0105,1.0067,2.68,0.31,1.49,-0.25,0.6],[0.0028,0.0095,0.9973,1.49,-1.22,0.35,-0.16,0.55],[0.001,0.0011,0.9967,1.52,-0.6,0.16,-0.05,0.06],[0.0007,0.0036,1.0062,0.84,-0.43,0.59,-0.04,0.2],[0.0036,0.003,0.9987,0.74,0.03,-0.13,-0.21,0.17],[0.0002,0.0073,0.999,1.28,-1.83,0.58,-0.01,0.42],[0.0018,0.0014,0.9956,0.71,-0.36,-0.47,-0.1,0.08],[0.002,0.0062,1.005,1.39,-1.07,1.09,-0.12,0.35]]}
52.811	{"type":"ecg","dev":"node-01","seq":528,"t0":54034,"fs":250,"leads_off":false,"bpm":86.5,"samples":[2106,2089,2075,2078,2068,2060,2049,2051,2046,2040,2037,2043,2034,2046,2035,2026,2050,2045,2040,2044,2041,2046,2034,2036,2034]}
52.813	{"type":"imu","dev":"node-01","seq":528,"t0":54034,"fs":100,"samples":[[0.0051,0.0059,1.001,1.08,-0.4,0.04,-0.29,0.34],[-0.0019,0.0103,1.0004,1.45,-1.06,-0.16,0.11,0.59],[0.0009,0.007,0.9936,1.61,-0.64,-0.01,-0.05,0.4],[-0.001,0.0019,1.0019,1.99,0.0,0.92,0.06,0.11],[-0.0014,0.0043,1.0022,0.52,-1.72,0.87,0.08,0.25],[-0.0032,-0.002,0.9955,0.48,-1.43,-0.49,0.18,-0.11],[-0.0034,0.0049,0.9986,1.49,-0.89,-0.49,0.2,0.28],[-0.0043,-0.0032,1.0051,1.21,-0.19,0.79,0.25,-0.18],[-0.0017,0.0037,1.0012,1.68,-0.69,-0.14,0.1,0.21],[0.0032,0.0066,1.0014,1.61,-1.39,0.59,-0.18,0.38]]}
52.911	{"type":"ecg","dev":"node-01","seq":529,"t0":54134,"fs":250,"leads_off":false,"bpm":89.3,"samples":[2053,2029,2036,2048,2038,2042,2045,2044,2035,2037,2035,2044,2039,2033,2034,2041,2044,2036,2044,2043,2026,2050,2050,2023,2038]}
52.913	{"type":"imu","dev":"node-01","seq":529,"t0":54134,"fs":100,"samples":[[-0.0026,0.0064,0.995,1.26,-0.66,0.39,0.15,0.37],[-0.0003,0.001,0.9934,0.88,-0.83,1.2,0.02,0.06],[-0.0016,0.0049,0.9977,1.45,-1.14,0.91,0.09,0.28],[-0.002,0.0031,0.9951,0.96,-0.42,-0.39,0.11,0.18],[0.0071,-0.0008,0.991,0.59,-0.47,0.84,-0.41,-0.04],[-0.0062,-0.0056,0.9975,1.21,-0.51,1.06,0.36,-0.32],[-0.0015,0.0116,1.0034,0.82,-1.41,0.8,0.09,0.66],[0.0029,-0.0115,0.9988,0.81,0.58,0.81,-0.17,-0.66],[0.0037,0.0025,0.9925,1.06,-1.58,0.49,-0.21,0.15],[0.0082,0.0038,0.994,1.73,-0.65,0.88,-0.47,0.22]]}
53.012	{"type":"ecg","dev":"node-01","seq":530,"t0":54234,"fs":250,"leads_off":false,"bpm":87.8,"samples":[2041,2045,2043,2037,2050,2041,2049,2044,2041,2044,2044,2048,2030,2037,2024,2037,2043,2043,2047,2057,2040,2034,2039,2040,2033]}
53.014	{"type":"imu","dev":"node-01","seq":530,"t0":54234,"fs":100,"samples":[[-0.0017,-0.0033,0.9983,1.32,-1.3,0.11,0.1,-0.19],[-0.0082,0.0018,1.0041,1.05,-0.63,0.08,0.47,0.1],[0.0,-0.0031,1.0002,1.16,-1.29,0.24,-0.0,-0.17],[-0.002,0.0045,1.0005,1.42,-0.15,0.72,0.12,0.26],[-0.0008,-0.0019,0.997,1.2,-1.33,0.69,0.05,-0.11],[-0.0037,0.0048,0.9957,1.65,-0.82,1.36,0.21,0.28],[0.0043,0.0059,0.9962,1.17,-0.78,0.77,-0.24,0.34],[0.0009,0.0053,0.9984,0.38,-0.44,0.01,-0.05,0.3],[0.0045,0.008,1.0028,1.35,-1.45,0.83,-0.26,0.46],[-0.0008,0.0,0.9984,1.23,-1.72,0.11,0.05,0.0]]}
53.112	{"type":"ecg","dev":"node-01","seq":531,"t0":54334,"fs":250,"leads_off":false,"bpm":87.7,"samples":[2041,2044,2036,2037,2041,2041,2039,2044,2040,2041,2052,2037,2061,2047,2051,2066,2073,2082,2098,2113,2117,2137,2116,2129,2115]}
53.114	{"type":"imu","dev":"node-01","seq":531,"t0":54334,"fs":100,"samples":[[0.0037,0.0112,0.993,0.97,-0.2,0.35,-0.21,0.64],[-0.0062,0.0111,1.0025,0.58,-0.94,0.65,0.36,0.64],[0.0019,0.0059,1.0005,0.35,-0.91,-0.17,-0.11,0.34],[-0.0031,0.0025,1.0015,1.34,-0.29,0.55,0.18,0.14],[0.0003,0.0052,0.9933,1.88,-0.82,1.19,-0.02,0.3],[-0.0113,0.0027,1.0006,1.18,-0.61,0.67,0.65,0.16],[-0.0029,0.0012,0.9991,1.37,-1.66,0.29,0.17,0.07],[-0.0062,-0.0042,0.9964,1.45,-0.28,0.45,0.35,-0.24],[-0.0016,0.0102,0.9986,0.59,-1.31,-0.01,0.09,0.58],[-0.0015,-0.0017,1.0021,0.95,-0.82,0.79,0.08,-0.1]]}
53.213	{"type":"ecg","dev":"node-01","seq":532,"t0":54434,"fs":250,"leads_off":false,"bpm":87.6,"samples":[2095,2090,2087,2069,2057,2047,2050,2034,2027,2045,2044,2045,2029,2006,2016,2195,2518,2744,2566,2203,1964,1935,1993,2030,2028]}
53.215	{"type":"imu","dev":"node-01","seq":532,"t0":54434,"fs":100,"samples":[[-0.0037,-0.0014,0.9993,0.96,-1.03,-0.06,0.21,-0.08],[-0.0005,0.0056,1.0074,0.99,-0.6,0.4,0.03,0.32],[-0.0061,0.0068,1.0047,1.49,-1.71,0.82,0.35,0.39],[-0.0038,-0.0021,0.996,1.34,-0.84,0.49,0.22,-0.12],[-0.002,-0.0037,1.0003,0.97,-1.73,1.11,0.11,-0.21],[0.004,0.004,0.9965,1.62,-1.76,0.25,-0.23,0.23],[-0.0054,0.0038,1.0008,1.12,-0.35,-0.27,0.31,0.22],[-0.0042,0.0057,1.0003,1.03,-0.48,1.24,0.24,0.33],[0.0149,0.0066,0.9992,0.73,-0.41,0.05,-0.85,0.38],[0.0064,0.0004,0.9938,0.52,-0.15,0.78,-0.37,0.02]]}
53.312	{"type":"ecg","dev":"node-01","seq":533,"t0":54534,"fs":250,"leads_off":false,"bpm":87.5,"samples":[2036,2037,2032,2033,2030,2032,2029,2024,2043,2030,2032,2029,2033,2039,2043,2041,2037,2038,2056,2055,2066,2075,2078,2078,2114]}
53.314	{"type":"imu","dev":"node-01","seq":533,"t0":54534,"fs":100,"samples":[[-0.0055,0.0016,1.0022,1.01,-0.26,1.62,0.32,0.09],[-0.0015,0.0052,0.9919,1.28,-0.49,0.39,0.09,0.3],[0.006,0.0018,0.9969,1.68,-0.34,0.47,-0.34,0.1],[-0.0038,0.0082,1.001,1.22,-0.32,0.33,0.22,0.47],[-0.0001,0.0005,0.9988,0.22,-1.02,0.32,0.0,0.03],[0.0008,0.0083,0.9937,1.92,-1.24,0.87,-0.05,0.48],[0.0088,0.0078,0.9967,1.56,-0.75,1.5,-0.51,0.45],[-0.0045,0.0054,1.0057,1.63,-0.9,0.85,0.26,0.31],[-0.0039,0.005,0.9994,0.77,-0.22,0.0,0.22,0.29],[-0.0015,0.0013,0.9965,1.8,-0.6,0.07,0.09,0.08]]}
53.414	{"type":"ecg","dev":"node-01","seq":534,"t0":54634,"fs":250,"leads_off":false,"bpm":87.0,"samples":[2126,2133,2161,2168,2179,2202,2214,2232,2244,2238,2251,2222,2221,2226,2208,2197,2171,2162,2130,2127,2104,2092,2075,2075,2044]}
53.416	{"type":"imu","dev":"node-01","seq":534,"t0":54634,"fs":100,"samples":[[-0.002,0.0049,0.9977,1.05,-0.75,0.6,0.12,0.28],[0.0029,0.0035,0.9987,0.2,-0.93,1.05,-0.17,0.2],[0.0036,-0.0037,0.9999,0.75,-0.57,-0.62,-0.21,-0.21],[-0.0042,0.0005,1.0045,0.82,-1.18,0.14,0.24,0.03],[0.0037,-0.0013,0.9964,1.39,-1.52,-0.36,-0.21,-0.07],[-0.0028,0.0073,1.0028,1.42,-0.23,1.39,0.16,0.42],[0.0057,0.0084,1.0024,1.48,-0.66,0.9,-0.33,0.48],[0.002,0.0072,0.9903,1.44,-0.71,0.05,-0.12,0.42],[-0.0005,-0.0019,0.9987,0.74,-0.73,0.88,0.03,-0.11],[0.0029,0.0064,1.0022,0.15,-1.67,0.18,-0.17,0.37]]}
53.514	{"type":"ecg","dev":"node-01","seq":535,"t0":54734,"fs":250,"leads_off":false,"bpm":86.9,"samples":[2051,2045,2033,2040,2033,2015,2039,2041,2020,2026,2029,2039,2022,2034,2025,2016,2030,2025,2025,2021,2025,2034,2032,2025,2029]}
53.516	{"type":"imu","dev":"node-01","seq":535,"t0":54734,"fs":100,"samples":[[0.0016,-0.008,1.0043,1.32,-1.45,0.44,-0.09,-0.46],[-0.0051,0.0016,1.0034,2.27,-0.6,0.96,0.29,0.09],[-0.0022,0.0094,0.9957,1.36,-0.03,0.52,0.13,0.54],[0.001,0.0084,0.9983,1.73,-0.91,-0.23,-0.06,0.48],[-0.0016,-0.0024,0.9976,1.68,-0.35,0.74,0.09,-0.14],[0.0043,-0.0006,0.9956,1.77,-0.96,-0.37,-0.25,-0.03],[-0.0043,0.0032,1.0027,1.35,-0.65,0.6,0.25,0.19],[-0.0024,0.0027,1.0002,0.57,-0.55,0.87,0.14,0.16],[0.0032,0.004,0.9975,0.37,-0.33,0.46,-0.18,0.23],[0.0023,0.0035,1.0037,1.47,-1.53,-0.26,-0.13,0.2]]}
53.613	{"type":"ecg","dev":"node-01","seq":536,"t0":54834,"fs":250,"leads_off":false,"bpm":88.0,"samples":[2023,2020,2028,2022,2018,2026,2027,2039,2019,2014,2036,2026,2016,2026,2019,2022,2020,2015,2020,2013,2012,2032,2015,2012,2023]}
53.615	{"type":"imu","dev":"node-01","seq":536,"t0":54834,"fs":100,"samples":[[-0.0004,0.0051,1.0098,1.07,-0.23,0.7,0.02,0.29],[-0.0011,0.005,1.0006,1.19,-1.38,1.42,0.06,0.29],[0.0009,0.0009,0.996,0.62,-1.23,-0.33,-0.05,0.05],[-0.0036,0.0013,0.9971,0.54,-0.14,0.01,0.2,0.08],[-0.0021,0.0001,0.9992,0.76,-1.07,0.52,0.12,0.01],[0.0068,-0.0004,1.0013,1.4,-1.03,-0.12,-0.39,-0.02],[0.0044,-0.0017,0.9992,1.2,-0.81,-0.27,-0.25,-0.1],[0.0019,0.0044,0.9965,1.28,-0.62,0.31,-0.11,0.25],[0.0045,0.0061,1.0066,2.16,-0.77,0.29,-0.26,0.35],[-0.0077,-0.0031,0.9996,1.28,-0.22,0.86,0.44,-0.18]]}
53.710	{"type":"ecg","dev":"node-01","seq":537,"t0":54934,"fs":250,"leads_off":false,"bpm":88.4,"samples":[2023,2012,2015,2018,2021,2027,2024,2014,2006,2019,2015,2013,2010,2027,2024,2015,2012,2013,2011,2005,2020,2010,2016,2004,2007]}
53.712	{"type":"imu","dev":"node-01","seq":537,"t0":54934,"fs":100,"samples":[[0.0023,0.0021,1.0,1.22,-0.62,1.23,-0.13,0.12],[-0.0037,0.0024,1.0031,1.12,-0.03,0.51,0.21,0.14],[-0.0016,0.0045,1.0048,0.69,-0.17,0.02,0.09,0.26],[-0.0046,-0.0002,1.0025,0.85,-0.21,0.19,0.26,-0.01],[-0.0029,-0.0032,1.0035,0.65,-0.51,0.43,0.16,-0.18],[-0.0035,0.0033,0.9999,0.8,-1.12,0.98,0.2,0.19],[0.0071,-0.0013,0.9994,1.03,-1.42,1.47,-0.41,-0.07],[0.009,0.0036,1.0033,1.6,-0.77,0.19,-0.51,0.2],[0.0019,0.0057,0.9978,0.17,-0.84,0.99,-0.11,0.33],[-0.0006,-0.0034,0.9937,1.33,-0.69,1.23,0.04,-0.2]]}
53.811	{"type":"ecg","dev":"node-01","seq":538,"t0":55034,"fs":250,"leads_off":false,"bpm":88.9,"samples":[2020,2012,2007,2009,2012,2016,2016,2007,2022,2027,2024,2041,2059,2048,2074,2092,2082,2099,2089,2087,2083,2072,2057,2046,2019]}
53.813	{"type":"imu","dev":"node-01","seq":538,"t0":55034,"fs":100,"samples":[[0.0023,0.0118,1.0042,0.92,-1.7,0.46,-0.13,0.67],[0.0017,-0.0023,0.9974,0.75,-0.81,1.23,-0.1,-0.13],[0.0067,-0.0006,1.0006,1.27,-1.0,1.01,-0.39,-0.03],[0.0002,-0.0012,0.9982,1.2,-0.44,0.07,-0.01,-0.07],[0.0043,0.0035,1.0037,1.11,-0.76,0.25,-0.25,0.2],[-0.0008,0.0043,1.001,1.23,-1.12,0.93,0.05,0.25],[-0.007,-0.0021,1.0023,0.67,-0.55,1.21,0.4,-0.12],[-0.0034,0.0039,1.0044,0.64,-0.34,0.23,0.19,0.22],[-0.0014,0.0008,1.0042,0.92,-0.08,0.62,0.08,0.04],[0.0035,0.0043,1.0019,1.92,-0.73,-0.47,-0.2,0.25]]}
53.914	{"type":"ecg","dev":"node-01","seq":539,"t0":55134,"fs":250,"leads_off":false,"bpm":88.3,"samples":[2026,2018,2016,2011,2003,1999,1998,1997,1981,1977,2057,2313,2649,2669,2353,2011,1898,1932,1970,1990,2002,2005,2013,2006,2006]}
53.916	{"type":"imu","dev":"node-01","seq":539,"t0":55134,"fs":100,"samples":[[-0.0029,-0.0015,0.9964,-0.03,-1.19,0.29,0.17,-0.09],[0.0026,-0.002,0.9984,1.67,-0.15,0.43,-0.15,-0.11],[0.0019,0.0068,1.0078,1.37,-1.59,0.39,-0.11,0.38],[-0.0018,-0.0022,0.9999,1.59,-0.01,1.76,0.11,-0.12],[-0.0024,-0.0015,0.9926,1.08,-1.33,0.7,0.14,-0.08],[0.0099,-0.0036,0.9958,1.82,-0.53,-0.23,-0.57,-0.21],[-0.0047,0.003,0.9957,1.03,-0.66,0.05,0.27,0.17],[0.0043,-0.0022,1.0002,1.74,-1.49,1.16,-0.25,-0.13],[-0.006,-0.0039,0.998,1.82,-0.55,0.24,0.35,-0.22],[-0.0015,-0.001,1.0017,0.33,-1.54,0.22,0.09,-0.06]]}
54.012	{"type":"ecg","dev":"node-01","seq":540,"t0":55234,"fs":250,"leads_off":false,"bpm":87.3,"samples":[1993,2006,2013,2001,2001,2001,1997,2000,1998,1995,1988,2007,2005,2020,2021,2018,2027,2027,2043,2045,2065,2086,2111,2110,2146]}
54.014	{"type":"imu","dev":"node-01","seq":540,"t0":55234,"fs":100,"samples":[[0.002,0.0004,0.9979,1.46,-1.33,-0.89,-0.11,0.02],[0.0005,-0.0078,1.0023,0.99,-1.34,0.64,-0.03,-0.44],[-0.0007,0.0037,1.0103,0.82,-1.13,0.23,0.04,0.21],[0.0016,0.0011,1.0019,0.66,-1.42,1.35,-0.09,0.06],[-0.0053,0.0002,0.9965,1.32,-1.23,1.51,0.3,0.01],[0.0023,0.0008,0.9955,1.37,-0.38,0.52,-0.13,0.05],[-0.0043,-0.0025,1.001,1.59,-1.19,0.72,0.24,-0.14],[0.0021,0.0045,0.9932,0.45,-0.86,-0.38,-0.12,0.26],[-0.0036,-0.0025,0.9963,0.43,-0.51,0.41,0.21,-0.14],[0.0035,-0.0051,0.9983,1.79,-1.03,0.8,-0.2,-0.29]]}
54.110	{"type":"ecg","dev":"node-01","seq":541,"t0":55334,"fs":250,"leads_off":false,"bpm":88.3,"samples":[2152,2164,2194,2194,2204,2202,2197,2196,2194,2171,2167,2143,2122,2097,2088,2067,2049,2044,2038,2020,2011,2019,2002,1993,1998]}
54.112	{"type":"imu","dev":"node-01","seq":541,"t0":55334,"fs":100,"samples":[[0.0021,-0.0009,0.998,1.77,-1.2,0.44,-0.12,-0.05],[-0.0024,0.0057,0.9988,0.66,-1.12,0.82,0.14,0.33],[0.0012,0.0032,1.0054,1.5,-1.31,0.46,-0.07,0.18],[-0.0007,0.0014,0.9999,2.19,-1.11,1.25,0.04,0.08],[0.001,-0.0051,0.9975,1.16,-0.07,0.32,-0.06,-0.29],[-0.0029,-0.0022,1.0038,1.16,-0.03,1.1,0.16,-0.13],[0.0027,-0.0034,0.9993,1.88,-0.29,0.61,-0.15,-0.2],[0.008,-0.0088,1.004,0.76,-0.67,-0.07,-0.46,-0.5],[0.0002,-0.0023,1.0023,1.06,-0.37,1.33,-0.01,-0.13],[0.0025,0.001,0.992,0.46,-0.17,0.34,-0.14,0.06]]}
54.212	{"type":"ecg","dev":"node-01","seq":542,"t0":55434,"fs":250,"leads_off":false,"bpm":89.5,"samples":[1988,1998,1991,1988,1986,1989,1988,1981,1994,1982,1983,1990,1987,1975,1991,1978,1986,1985,1984,1984,1988,1987,1984,1986,1985]}
54.214	{"type":"imu","dev":"node-01","seq":542,"t0":55434,"fs":100,"samples":[[-0.0004,0.0011,1.005,1.59,-2.15,1.0,0.02,0.06],[-0.0014,-0.0013,1.0038,1.28,-1.26,1.11,0.08,-0.08],[0.0037,0.0032,0.9987,0.87,-0.49,-0.26,-0.21,0.18],[0.004,0.0014,1.0039,1.28,-1.07,0.13,-0.23,0.08],[-0.0063,-0.0019,0.9953,1.73,-0.84,0.74,0.36,-0.11],[-0.0014,-0.0039,1.0112,1.62,-0.87,-0.76,0.08,-0.22],[0.0008,0.002,1.0049,0.68,-0.35,0.73,-0.05,0.12],[0.0025,-0.003,1.0049,1.61,-1.69,0.33,-0.14,-0.17],[-0.0003,-0.0014,0.9916,1.25,-0.45,1.42,0.02,-0.08],[-0.0001,0.0033,1.0028,1.9,-1.67,0.12,0.0,0.19]]}
54.312	{"type":"ecg","dev":"node-01","seq":543,"t0":55534,"fs":250,"leads_off":false,"bpm":87.3,"samples":[1973,1967,1973,1978,1985,1975,1973,1976,1970,1976,1979,1986,1978,1982,1975,1969,1971,1977,1983,1970,1972,1981,1976,1980,1981]}
54.314	{"type":"imu","dev":"node-01","seq":543,"t0":55534,"fs":100,"samples":[[-0.0006,-0.0077,0.9947,0.99,-0.23,0.8,0.03,-0.44],[0.0025,-0.004,1.0052,0.74,-1.09,0.73,-0.14,-0.23],[-0.002,-0.0135,1.0089,1.34,-0.38,0.56,0.11,-0.76],[0.0001,0.0037,0.9993,1.79,-0.25,0.34,-0.01,0.21],[-0.0012,-0.0007,1.0066,1.39,-0.85,0.84,0.07,-0.04],[-0.0014,0.0029,0.9967,-0.07,-0.16,0.07,0.08,0.16],[-0.0059,0.0003,1.0022,0.54,-2.17,0.29,0.34,0.02],[-0.0008,-0.0003,1.0015,0.23,-0.64,0.62,0.05,-0.02],[-0.0058,0.0005,1.0051,2.56,-0.91,0.99,0.33,0.03],[0.0039,-0.0001,0.9974,1.67,-1.95,-0.28,-0.23,-0.01]]}
54.411	{"type":"ecg","dev":"node-01","seq":544,"t0":55634,"fs":250,"leads_off":false,"bpm":88.3,"samples":[1969,1977,1976,1976,1973,1977,1974,1978,1972,1970,1972,1971,1974,1971,1976,1970,1965,1963,1974,1973,1971,1972,1982,1976,1977]}
54.413	{"type":"imu","dev":"node-01","seq":544,"t0":55634,"fs":100,"samples":[[-0.0022,-0.0054,0.9957,0.87,-0.81,0.42,0.13,-0.31],[-0.0004,-0.0024,1.005,0.97,-0.67,0.97,0.02,-0.14],[-0.0025,-0.0111,0.9979,1.28,-0.9,1.78,0.14,-0.64],[-0.0034,0.0083,1.0042,1.68,-1.23,0.77,0.19,0.47],[-0.0011,-0.0017,0.9954,1.18,-1.31,0.92,0.06,-0.1],[0.0005,0.0027,0.9988,1.61,-0.83,1.18,-0.03,0.15],[0.001,0.0008,1.0041,0.73,-1.06,1.42,-0.06,0.05],[-0.0028,-0.007,1.0023,1.37,-1.3,0.55,0.16,-0.4],[-0.0008,-0.0037,1.0018,0.99,-1.31,1.22,0.04,-0.21],[-0.0049,-0.008,1.0028,2.19,-0.5,0.69,0.28,-0.46]]}
54.512	{"type":"ecg","dev":"node-01","seq":545,"t0":55734,"fs":250,"leads_off":false,"bpm":86.9,"samples":[1972,1968,1973,1980,1988,2000,2001,2005,2023,2044,2040,2058,2053,2059,2054,2053,2044,2017,2009,2017,1991,1980,1980,1972,1976]}
54.514	{"type":"imu","dev":"node-01","seq":545,"t0":55734,"fs":100,"samples":[[-0.0015,0.004,1.0045,1.42,0.01,0.15,0.09,0.23],[-0.0028,-0.0056,1.0026,1.56,-0.78,0.23,0.16,-0.32],[0.0016,0.0013,1.0006,1.46,-0.16,0.92,-0.09,0.08],[0.0004,-0.0024,1.0011,1.4,-1.78,0.16,-0.02,-0.14],[0.0054,-0.002,1.0034,1.25,-0.11,0.39,-0.31,-0.11],[0.0066,-0.0024,1.0019,0.87,-1.21,0.82,-0.38,-0.13],[-0.0013,0.0023,0.9938,2.1,-0.69,0.82,0.08,0.13],[0.0002,-0.0077,1.0019,1.89,-1.07,0.34,-0.01,-0.44],[0.0016,-0.0014,1.0008,1.31,-0.71,0.6,-0.09,-0.08],[0.0032,0.0007,1.0041,1.59,0.06,0.47,-0.18,0.04]]}
54.613	{"type":"ecg","dev":"node-01","seq":546,"t0":55834,"fs":250,"leads_off":false,"bpm":88.1,"samples":[1973,1961,1975,1957,1938,1963,2148,2473,2673,2482,2125,1887,1863,1923,1952,1975,1959,1959,1969,1974,1959,1962,1965,1971,1964]}
54.615	{"type":"imu","dev":"node-01","seq":546,"t0":55834,"fs":100,"samples":[[-0.0054,-0.0043,0.9977,1.41,-1.32,-0.47,0.31,-0.25],[-0.0005,-0.0045,0.9995,1.92,-0.5,0.81,0.03,-0.26],[-0.0025,0.0031,0.9999,1.67,-0.97,1.09,0.14,0.18],[-0.0014,0.0022,0.9993,0.57,-0.54,0.5,0.08,0.13],[0.0047,0.0027,0.9962,0.99,-1.08,-0.53,-0.27,0.15],[-0.0006,-0.0059,0.9989,1.05,-1.35,0.82,0.04,-0.34],[-0.0056,-0.0126,1.0025,1.36,-1.26,0.16,0.32,-0.72],[0.0,-0.0074,0.9916,1.37,-1.59,0.49,-0.0,-0.43],[0.0013,-0.0056,0.9973,1.36,-0.65,-0.05,-0.08,-0.32],[0.0,-0.0036,0.994,0.61,-1.12,0.46,-0.0,-0.2]]}
54.711	{"type":"ecg","dev":"node-01","seq":547,"t0":55934,"fs":250,"leads_off":false,"bpm":86.7,"samples":[1962,1959,1965,1972,1964,1964,1951,1986,1974,1978,1982,1989,1997,2014,2014,2036,2049,2066,2090,2102,2110,2133,2146,2168,2166]}
54.713	{"type":"imu","dev":"node-01","seq":547,"t0":55934,"fs":100,"samples":[[0.0007,0.0011,1.0016,1.43,-0.72,-0.37,-0.04,0.06],[0.0012,0.0001,1.0052,1.71,-1.6,-0.16,-0.07,0.01],[-0.0011,-0.009,1.0001,2.32,-0.5,-0.13,0.07,-0.51],[0.0013,-0.0034,0.9995,1.66,-0.11,0.12,-0.07,-0.19],[-0.0057,-0.0022,1.0002,0.91,-1.77,-0.52,0.33,-0.13],[0.0028,-0.0079,1.0033,1.36,-0.76,0.67,-0.16,-0.45],[-0.0038,-0.0027,1.0117,1.44,0.53,0.78,0.21,-0.15],[0.0069,-0.0054,0.9933,1.66,-0.87,0.73,-0.4,-0.31],[0.0008,-0.0041,0.9945,1.22,-0.25,0.72,-0.04,-0.24],[0.003,-0.003,0.9966,2.08,0.07,-0.47,-0.17,-0.17]]}
54.814	{"type":"ecg","dev":"node-01","seq":548,"t0":56034,"fs":250,"leads_off":false,"bpm":88.6,"samples":[2184,2167,2172,2169,2138,2143,2116,2095,2086,2071,2048,2047,2026,1995,1994,1992,1987,1973,1982,1978,1973,1970,1968,1967,1966]}
54.816	{"type":"imu","dev":"node-01","seq":548,"t0":56034,"fs":100,"samples":[[0.0039,0.0,0.996,1.37,-1.56,0.16,-0.22,0.0],[0.0002,-0.0055,0.9991,1.4,-1.56,1.01,-0.01,-0.32],[0.0054,0.0019,0.9966,2.17,-1.84,0.51,-0.31,0.11],[-0.0036,0.001,1.0018,0.66,-2.07,0.47,0.21,0.06],[0.0023,-0.0068,0.9992,1.05,-1.17,0.92,-0.13,-0.39],[0.0006,-0.0018,1.0002,1.26,-0.42,0.0,-0.03,-0.11],[-0.0077,0.0045,1.0079,0.9,-1.32,0.78,0.44,0.26],[-0.004,-0.0022,1.0018,0.8,-1.5,0.08,0.23,-0.13],[-0.0012,-0.0084,1.0038,1.31,-0.67,-0.11,0.07,-0.48],[-0.0006,-0.007,1.0024,0.46,-0.56,0.44,0.03,-0.4]]}
54.913	{"type":"ecg","dev":"node-01","seq":549,"t0":56134,"fs":250,"leads_off":false,"bpm":89.3,"samples":[1956,1961,1961,1953,1956,1963,1965,1964,1961,1959,1967,1960,1958,1962,1959,1959,1958,1952,1951,1955,1959,1967,1952,1949,1952]}
54.915	{"type":"imu","dev":"node-01","seq":549,"t0":56134,"fs":100,"samples":[[0.0026,-0.0075,0.9983,1.18,-1.28,-0.3,-0.15,-0.43],[-0.0018,-0.0014,1.0005,1.42,-1.74,0.6,0.1,-0.08],[0.0003,-0.0086,1.0038,1.83,-0.21,0.81,-0.02,-0.49],[0.0011,-0.0017,1.0065,1.99,-0.42,0.16,-0.06,-0.1],[0.0005,-0.007,1.0049,0.65,-1.0,0.37,-0.03,-0.4],[-0.0019,-0.0014,0.9963,0.95,-1.57,0.47,0.11,-0.08],[0.0027,-0.0051,0.9997,2.26,-1.55,0.51,-0.16,-0.3],[0.0043,-0.0097,0.9945,0.74,-0.64,-0.13,-0.25,-0.56],[-0.0057,-0.006,1.0025,1.16,-1.53,0.39,0.33,-0.34],[-0.0004,-0.0111,1.0015,1.27,-0.89,0.61,0.02,-0.63]]}
55.000	{"type":"status","dev":"node-01","fw":"0.1.0","uptime_ms":56234,"ecg":{"fs":250},"imu":{"ok":true,"fs":100,"errors":0,"fields":["ax","ay","az","gx","gy","gz","pitch","roll"]}}
55.012	{"type":"ecg","dev":"node-01","seq":550,"t0":56234,"fs":250,"leads_off":false,"bpm":89.3,"samples":[1958,1958,1959,1954,1959,1953,1950,1962,1967,1957,1953,1977,1945,1962,1960,1956,1955,1957,1965,1950,1955,1958,1971,1959,1968]}
55.014	{"type":"imu","dev":"node-01","seq":550,"t0":56234,"fs":100,"samples":[[0.0002,-0.0024,0.999,1.47,-0.53,-0.26,-0.01,-0.14],[-0.0004,-0.0112,0.991,1.38,-0.49,0.22,0.02,-0.65],[0.0086,-0.0046,1.0042,1.19,-0.93,0.92,-0.49,-0.26],[0.0049,0.0025,1.0006,1.75,-1.84,0.29,-0.28,0.14],[0.008,-0.0039,0.996,1.11,-0.15,-0.24,-0.46,-0.23],[-0.0073,-0.0011,0.9999,1.49,-1.36,1.18,0.42,-0.06],[0.0006,0.0019,0.9973,2.06,-1.12,0.8,-0.03,0.11],[0.0057,0.0014,1.0008,2.0,-0.69,0.78,-0.33,0.08],[0.001,-0.0069,0.9984,1.23,-0.45,0.7,-0.06,-0.4],[-0.003,-0.0105,1.0081,0.74,-0.43,0.73,0.17,-0.6]]}
55.111	{"type":"ecg","dev":"node-01","seq":551,"t0":56334,"fs":250,"leads_off":false,"bpm":88.0,"samples":[1948,1960,1965,1963,1963,1957,1967,1954,1959,1966,1964,1960,1964,1956,1966,1954,1954,1972,1959,1973,1970,1969,1971,1963,1969]}
55.113	{"type":"imu","dev":"node-01","seq":551,"t0":56334,"fs":100,"samples":[[-0.0003,0.0001,0.9922,1.95,-0.17,0.64,0.02,0.01],[0.002,0.0003,0.9969,2.01,-0.46,0.1,-0.11,0.02],[0.001,-0.0015,0.9971,1.16,0.03,-0.07,-0.06,-0.09],[-0.0006,-0.0081,1.0001,1.3,0.15,1.33,0.03,-0.46],[0.0033,-0.0079,0.997,1.57,-0.94,0.2,-0.19,-0.45],[0.0035,0.0026,1.0034,0.79,-0.38,0.38,-0.2,0.15],[-0.0038,-0.0074,1.0006,1.61,-1.49,0.22,0.22,-0.42],[0.0007,-0.007,0.9986,0.93,-0.44,0.99,-0.04,-0.4],[0.0012,-0.0045,1.0046,1.42,-0.64,0.84,-0.07,-0.26],[-0.001,-0.0005,0.997,0.78,-1.44,0.02,0.06,-0.03]]}
55.212	{"type":"ecg","dev":"node-01","seq":552,"t0":56434,"fs":250,"leads_off":false,"bpm":87.3,"samples":[1981,1983,1996,2004,2025,2028,2040,2045,2054,2057,2038,2026,2020,2015,1993,1992,1976,1972,1968,1968,1976,1965,1957,1963,1929]}
55.214	{"type":"imu","dev":"node-01","seq":552,"t0":56434,"fs":100,"samples":[[-0.0029,-0.0028,0.9997,1.74,-1.42,-0.14,0.16,-0.16],[-0.0117,-0.0056,0.9958,1.69,-0.91,0.35,0.68,-0.32],[-0.005,-0.004,0.9945,1.44,-1.65,0.47,0.29,-0.23],[-0.0049,-0.0015,1.0003,0.38,-0.75,0.11,0.28,-0.09],[0.0006,-0.0012,0.9929,1.11,0.13,-0.23,-0.04,-0.07],[-0.0031,-0.006,1.0061,1.4,-0.33,1.05,0.18,-0.34],[0.002,0.0028,0.9933,1.04,-0.76,0.27,-0.11,0.16],[-0.0038,-0.0017,0.9996,1.47,-1.59,0.31,0.22,-0.1],[-0.0005,-0.0042,0.9909,0.81,-0.36,1.33,0.03,-0.24],[-0.0014,-0.0,1.0019,0.71,-0.55,-0.12,0.08,-0.0]]}
55.313	{"type":"ecg","dev":"node-01","seq":553,"t0":56534,"fs":250,"leads_off":false,"bpm":89.3,"samples":[1932,2029,2326,2615,2602,2270,1963,1848,1879,1937,1966,1970,1966,1962,1955,1969,1963,1963,1966,1978,1969,1975,1964,1965,1963]}
55.315	{"type":"imu","dev":"node-01","seq":553,"t0":56534,"fs":100,"samples":[[0.0035,-0.001,1.0,1.23,-0.55,1.01,-0.2,-0.06],[0.0071,-0.0104,1.0086,1.88,-0.64,-0.05,-0.41,-0.59],[0.0006,-0.0006,0.9992,0.6,-0.63,0.87,-0.03,-0.03],[0.0006,-0.0076,0.9998,1.96,-1.34,1.01,-0.04,-0.44],[-0.0025,-0.003,1.0014,0.74,-1.41,1.04,0.14,-0.17],[-0.0018,-0.0089,1.0015,1.82,-0.62,1.14,0.1,-0.51],[0.0018,0.0011,0.9912,1.2,-0.84,0.91,-0.1,0.06],[0.0058,0.0029,0.9958,1.42,-0.32,0.16,-0.33,0.17],[-0.0036,0.001,1.0093,0.17,-0.34,0.65,0.21,0.06],[0.0011,-0.0016,1.0031,0.3,-0.56,-0.24,-0.06,-0.09]]}
55.413	{"type":"ecg","dev":"node-01","seq":554,"t0":56634,"fs":250,"leads_off":false,"bpm":88.1,"samples":[1975,1980,1974,1977,1979,1987,1991,1998,1991,2014,2035,2054,2060,2080,2090,2107,2128,2145,2155,2163,2188,2179,2182,2176,2171]}
55.415	{"type":"imu","dev":"node-01","seq":554,"t0":56634,"fs":100,"samples":[[0.001,0.0077,1.0014,1.6,-0.69,0.9,-0.06,0.44],[0.0016,0.0019,0.9988,1.36,-1.36,1.2,-0.09,0.11],[0.0003,-0.0095,0.9963,1.72,-0.9,0.05,-0.02,-0.55],[-0.0041,-0.0021,1.003,0.29,-0.67,0.94,0.23,-0.12],[0.005,0.0052,0.9946,0.69,-0.56,-0.01,-0.29,0.3],[-0.0049,-0.0049,0.9904,2.14,-1.13,-0.63,0.28,-0.28],[-0.0034,0.0021,1.0016,-0.29,-0.78,0.63,0.2,0.12],[-0.0067,-0.0016,0.9978,1.18,-0.79,0.56,0.39,-0.09],[-0.0053,0.0033,1.0069,1.19,-1.05,-0.37,0.3,0.19],[0.0006,0.0002,1.002,0.77,-0.81,0.45,-0.03,0.01]]}
55.511	{"type":"ecg","dev":"node-01","seq":555,"t0":56734,"fs":250,"leads_off":false,"bpm":88.9,"samples":[2152,2131,2115,2116,2086,2077,2067,2037,2025,2015,2001,1989,1995,1979,1977,1977,1975,1972,1984,1982,1973,1982,1975,1987,1966]}
55.513	{"type":"imu","dev":"node-01","seq":555,"t0":56734,"fs":100,"samples":[[0.0027,0.0019,0.9956,0.11,-0.58,0.93,-0.15,0.11],[-0.0021,-0.0073,1.0012,1.51,-1.15,-0.19,0.12,-0.42],[-0.0033,-0.0007,0.9985,0.62,-0.63,0.89,0.19,-0.04],[-0.0039,-0.003,1.0008,0.99,-0.66,0.26,0.22,-0.17],[0.001,-0.0077,0.9936,2.22,-0.27,0.61,-0.06,-0.44],[0.0017,0.0013,0.9995,0.79,-0.55,0.66,-0.1,0.08],[0.0038,0.008,1.0051,1.08,-1.61,1.23,-0.22,0.46],[0.0034,-0.0042,0.9982,0.57,-0.92,0.52,-0.2,-0.24],[-0.0038,-0.0006,1.0062,1.08,-1.26,1.16,0.21,-0.04],[0.0029,-0.0089,0.9967,1.26,-0.13,0.98,-0.17,-0.51]]}
55.613	{"type":"ecg","dev":"node-01","seq":556,"t0":56834,"fs":250,"leads_off":false,"bpm":87.2,"samples":[1983,1973,1977,1975,1967,1973,1991,1982,1989,1985,1977,1983,1975,1975,1979,1978,1972,1985,1979,1982,1984,1985,1969,1980,1975]}
55.615	{"type":"imu","dev":"node-01","seq":556,"t0":56834,"fs":100,"samples":[[-0.0008,0.0077,0.9962,0.48,-1.06,1.02,0.05,0.44],[-0.0007,-0.0013,1.0035,1.49,0.44,1.24,0.04,-0.07],[0.0003,-0.0026,1.0087,1.61,-0.8,0.49,-0.01,-0.15],[0.0042,-0.0003,0.9967,1.57,-0.37,0.41,-0.24,-0.02],[0.0001,-0.0025,0.9993,0.92,-0.6,-0.08,-0.01,-0.14],[0.0007,-0.0048,1.0065,2.33,-0.34,0.67,-0.04,-0.27],[-0.004,-0.0011,1.0013,1.76,-0.72,-0.03,0.23,-0.07],[0.0062,0.0049,0.9955,1.38,-0.05,0.62,-0.35,0.28],[0.0046,0.0008,1.0013,0.87,-1.31,0.59,-0.26,0.05],[0.0037,0.0031,1.0036,1.57,0.32,0.69,-0.21,0.18]]}
55.711	{"type":"ecg","dev":"node-01","seq":557,"t0":56934,"fs":250,"leads_off":false,"bpm":86.5,"samples":[1983,1991,1987,1977,1976,1979,1978,1987,1985,1982,1984,1980,1986,1991,1990,1975,1992,1990,1976,1994,1978,1990,1993,1992,1983]}
55.713	{"type":"imu","dev":"node-01","seq":557,"t0":56934,"fs":100,"samples":[[0.0039,0.0003,0.9963,1.31,-1.99,0.68,-0.22,0.02],[0.0035,-0.0048,1.0038,0.24,-1.6,0.74,-0.2,-0.28],[0.0032,-0.003,1.0074,1.75,-0.89,1.3,-0.18,-0.17],[0.0019,-0.0007,0.9971,1.81,-0.97,1.01,-0.11,-0.04],[0.001,-0.008,1.0015,1.68,-0.89,-0.58,-0.06,-0.46],[0.0039,-0.0004,1.0032,0.98,-0.72,0.85,-0.22,-0.02],[0.0055,0.0021,0.9989,1.03,-1.05,0.34,-0.31,0.12],[-0.0047,-0.0022,1.0077,2.12,-0.47,0.33,0.27,-0.12],[-0.0142,-0.0005,1.0033,0.96,-0.71,0.6,0.81,-0.03],[0.0042,-0.0056,0.9984,0.68,-0.86,0.57,-0.24,-0.32]]}
55.813	{"type":"ecg","dev":"node-01","seq":558,"t0":57034,"fs":250,"leads_off":false,"bpm":88.4,"samples":[1992,1995,1991,1988,1975,1991,1990,1981,1989,1986,1993,1984,1985,1991,1998,1994,1991,1991,2002,1993,2009,2021,2018,2023,2051]}
55.815	{"type":"imu","dev":"node-01","seq":558,"t0":57034,"fs":100,"samples":[[0.0059,-0.0003,0.9936,2.04,0.05,0.01,-0.34,-0.02],[0.0012,-0.0083,1.0012,0.81,-0.75,0.62,-0.07,-0.47],[0.0026,0.005,1.0003,0.98,-0.91,-0.3,-0.15,0.28],[0.0013,-0.0016,1.0007,0.87,-1.02,1.09,-0.07,-0.09],[0.0051,-0.0026,0.9929,1.48,-1.13,0.84,-0.3,-0.15],[-0.0048,-0.0035,0.9941,1.1,-0.43,1.11,0.28,-0.2],[-0.0015,-0.0017,0.9996,1.01,-0.63,0.36,0.09,-0.1],[-0.0026,-0.0063,0.9939,1.15,-0.01,1.01,0.15,-0.36],[-0.0042,-0.0025,1.0045,1.64,-0.86,1.27,0.24,-0.14],[-0.0009,0.0034,1.007,1.57,-0.95,0.53,0.05,0.19]]}
55.912	{"type":"ecg","dev":"node-01","seq":559,"t0":57134,"fs":250,"leads_off":false,"bpm":89.0,"samples":[2056,2061,2076,2085,2087,2075,2072,2065,2042,2029,2019,2003,2001,1989,1998,1999,2001,1989,1988,1982,1967,2002,2207,2528,2694]}
55.914	{"type":"imu","dev":"node-01","seq":559,"t0":57134,"fs":100,"samples":[[-0.0053,0.0032,0.9933,1.0,-0.4,1.27,0.31,0.18],[0.0005,-0.0089,1.0064,1.35,-0.96,-0.28,-0.03,-0.51],[-0.0002,0.0058,0.997,1.14,-0.91,0.52,0.01,0.33],[-0.005,0.0007,1.0006,1.68,-0.86,1.27,0.28,0.04],[0.0022,-0.0025,1.0009,0.02,-1.39,1.09,-0.12,-0.14],[0.0064,0.0033,0.9931,1.68,-1.63,0.26,-0.37,0.19],[-0.0027,-0.0053,0.9979,1.0,-0.98,0.66,0.16,-0.31],[0.0038,-0.0054,0.9968,0.52,-1.01,-0.22,-0.22,-0.31],[0.0032,-0.0024,0.9983,1.91,0.06,0.77,-0.19,-0.14],[0.0034,-0.0046,0.9961,1.38,-0.74,0.58,-0.2,-0.27]]}
56.010	{"type":"ecg","dev":"node-01","seq":560,"t0":57234,"fs":250,"leads_off":false,"bpm":87.8,"samples":[2486,2106,1907,1910,1951,1986,2000,2005,2000,1993,2008,1997,2002,2000,2007,2006,1997,2007,2006,2008,2008,2010,2010,2018,2009]}
56.012	{"type":"imu","dev":"node-01","seq":560,"t0":57234,"fs":100,"samples":[[-0.0012,-0.002,1.0015,1.2,-0.37,-0.25,0.07,-0.11],[0.0025,-0.0032,1.0018,0.68,-0.52,0.38,-0.14,-0.18],[-0.0032,-0.0041,1.0045,0.67,-0.54,0.29,0.18,-0.23],[-0.0044,0.0057,0.9962,1.79,-0.49,-0.59,0.25,0.33],[0.0076,-0.0003,1.0029,2.07,-1.0,-0.29,-0.43,-0.02],[-0.0014,-0.0042,1.0027,1.84,-0.59,1.03,0.08,-0.24],[0.0069,0.0008,0.9998,0.76,-0.54,0.96,-0.39,0.05],[0.0035,0.0043,0.9979,1.45,-0.28,-0.59,-0.2,0.24],[-0.0094,0.0003,1.004,1.24,-1.35,0.57,0.54,0.02],[0.0014,0.0017,0.9936,1.88,-0.84,0.17,-0.08,0.1]]}
56.114	{"type":"ecg","dev":"node-01","seq":561,"t0":57334,"fs":250,"leads_off":false,"bpm":87.5,"samples":[2012,2028,2030,2042,2058,2056,2079,2099,2111,2127,2146,2159,2187,2185,2203,2204,2215,2217,2219,2208,2198,2188,2172,2148,2130]}
56.116	{"type":"imu","dev":"node-01","seq":561,"t0":57334,"fs":100,"samples":[[0.0006,-0.0016,0.9958,1.13,-1.1,-0.31,-0.03,-0.09],[-0.0031,0.0038,0.9968,0.64,-0.65,0.58,0.18,0.22],[-0.0052,-0.0068,0.9991,1.5,-0.87,-0.19,0.3,-0.39],[0.0025,-0.0012,1.0041,0.97,-1.06,0.63,-0.14,-0.07],[-0.0052,-0.0043,0.9925,0.84,-1.12,0.96,0.3,-0.25],[0.0068,0.002,0.9979,0.78,-1.42,0.41,-0.39,0.11],[0.0038,-0.0003,1.0037,1.79,0.1,0.8,-0.22,-0.02],[-0.0006,-0.0074,1.0003,1.68,-0.71,0.11,0.03,-0.42],[-0.0099,0.0068,0.9947,1.4,-0.52,0.36,0.57,0.39],[0.002,0.0016,0.9941,0.9,-0.64,0.06,-0.11,0.09]]}
56.212	{"type":"ecg","dev":"node-01","seq":562,"t0":57434,"fs":250,"leads_off":false,"bpm":87.1,"samples":[2116,2101,2093,2069,2052,2047,2038,2034,2022,2028,2032,2017,2023,2011,2015,2017,2020,2020,2009,2009,2020,2025,2015,2021,2022]}
56.214	{"type":"imu","dev":"node-01","seq":562,"t0":57434,"fs":100,"samples":[[-0.0087,-0.0014,1.0019,1.29,-0.68,0.15,0.5,-0.08],[-0.0002,0.0126,0.9986,-0.05,-1.48,0.71,0.01,0.72],[0.0069,0.0072,0.9989,0.33,-0.58,0.88,-0.4,0.41],[0.0032,-0.0078,1.0043,1.56,-0.54,0.67,-0.18,-0.44],[0.0002,0.0029,0.9965,1.24,-0.52,0.51,-0.01,0.16],[-0.0003,-0.0022,0.9947,1.67,-0.42,0.21,0.02,-0.13],[-0.0002,-0.0011,0.9984,1.42,-1.35,0.2,0.01,-0.06],[-0.0037,0.0003,0.9996,1.53,-1.26,0.73,0.21,0.01],[-0.0027,0.0023,0.9987,1.42,-1.19,0.06,0.16,0.13],[0.0012,-0.0024,0.9964,0.25,-0.92,0.27,-0.07,-0.14]]}
56.314	{"type":"ecg","dev":"node-01","seq":563,"t0":57534,"fs":250,"leads_off":false,"bpm":88.7,"samples":[2019,2005,2027,2023,2024,2018,2011,2028,2019,2027,2016,2029,2024,2030,2028,2023,2027,2020,2022,2022,2023,2022,2010,2013,2030]}
56.316	{"type":"imu","dev":"node-01","seq":563,"t0":57534,"fs":100,"samples":[[0.0069,-0.002,0.9993,0.48,-0.0,0.98,-0.4,-0.12],[0.0051,-0.0038,1.0088,1.92,-1.56,-0.22,-0.29,-0.21],[0.003,0.0001,0.989,0.73,-1.56,0.45,-0.17,0.01],[-0.0011,0.0027,0.9977,1.83,-0.81,0.68,0.06,0.16],[0.0018,0.0048,0.9998,1.4,-2.15,0.88,-0.1,0.28],[-0.0027,0.0077,1.0029,0.92,-0.74,1.03,0.15,0.44],[0.0005,0.0004,1.0045,1.74,-0.16,-0.16,-0.03,0.02],[-0.0026,-0.0014,0.9954,2.03,-1.49,0.57,0.15,-0.08],[-0.0012,0.0015,1.0027,1.56,-0.79,1.42,0.07,0.08],[-0.0046,-0.002,1.0078,1.14,-1.33,1.27,0.26,-0.12]]}
56.412	{"type":"ecg","dev":"node-01","seq":564,"t0":57634,"fs":250,"leads_off":false,"bpm":89.0,"samples":[2013,2023,2024,2016,2022,2029,2022,2016,2021,2026,2021,2028,2019,2028,2031,2041,2020,2023,2022,2024,2033,2020,2030,2022,2024]}
56.414	{"type":"imu","dev":"node-01","seq":564,"t0":57634,"fs":100,"samples":[[-0.0048,0.0096,0.9979,1.78,-0.28,0.43,0.28,0.55],[-0.0007,0.0052,1.0023,0.58,-0.24,0.43,0.04,0.29],[-0.0035,0.0015,0.9981,1.79,-1.54,0.67,0.2,0.08],[0.0005,0.005,0.9993,0.72,-0.41,0.48,-0.03,0.29],[0.0,-0.0038,1.0023,1.92,-2.36,1.25,-0.0,-0.22],[-0.0002,-0.0014,1.0047,2.02,-0.72,0.77,0.01,-0.08],[-0.0007,0.0124,0.9947,2.14,-0.24,0.34,0.04,0.71],[-0.0001,0.0047,0.9956,1.18,-0.58,-0.59,0.0,0.27],[0.0021,0.0015,1.0033,0.78,-0.44,-0.74,-0.12,0.08],[-0.0009,0.0019,1.0021,1.35,-0.8,1.0,0.05,0.11]]}
56.513	{"type":"ecg","dev":"node-01","seq":565,"t0":57734,"fs":250,"leads_off":false,"bpm":88.2,"samples":[2022,2037,2029,2039,2025,2022,2031,2024,2032,2036,2038,2029,2030,2027,2033,2031,2038,2054,2058,2079,2085,2103,2109,2120,2125]}
56.515	{"type":"imu","dev":"node-01","seq":565,"t0":57734,"fs":100,"samples":[[-0.0104,-0.0017,1.0027,0.97,-0.8,1.4,0.59,-0.1],[-0.0048,0.007,0.999,1.5,-1.16,0.86,0.28,0.4],[0.001,0.0091,0.9977,1.35,-0.53,0.25,-0.06,0.52],[0.0015,0.0008,1.0072,0.92,-0.46,0.6,-0.08,0.05],[0.0019,0.0013,0.9955,2.29,-2.11,0.14,-0.11,0.07],[0.0018,0.0,0.9968,1.47,-1.34,0.46,-0.1,0.0],[0.0101,-0.0036,1.0035,1.12,-1.51,0.84,-0.58,-0.21],[-0.0029,0.003,1.0012,0.3,-1.57,0.72,0.16,0.17],[0.0015,0.0033,0.9971,1.35,-0.86,0.11,-0.09,0.19],[-0.0014,0.0003,1.0004,1.03,-0.17,0.55,0.08,0.02]]}
56.611	{"type":"ecg","dev":"node-01","seq":566,"t0":57834,"fs":250,"leads_off":false,"bpm":89.5,"samples":[2123,2105,2102,2095,2076,2062,2052,2049,2045,2042,2037,2041,2038,2027,2030,2018,2017,2131,2432,2720,2658,2324,1996,1927,1970]}
56.613	{"type":"imu","dev":"node-01","seq":566,"t0":57834,"fs":100,"samples":[[-0.0002,0.0003,1.0034,0.84,-0.87,0.5,0.01,0.01],[-0.0049,0.0072,1.0,1.61,-1.17,0.85,0.28,0.41],[0.0022,0.0068,1.0097,0.85,-2.31,0.59,-0.13,0.39],[0.0016,-0.0008,0.9994,1.56,-0.19,0.35,-0.09,-0.05],[-0.0024,0.0019,1.0036,0.42,-1.37,0.97,0.14,0.11],[0.0043,0.0019,1.0004,0.72,-1.39,0.43,-0.25,0.11],[-0.0056,0.0084,0.9952,0.86,-0.23,-0.45,0.32,0.49],[-0.0014,-0.0035,1.0,0.44,-0.03,1.28,0.08,-0.2],[-0.0003,0.0084,1.0045,1.86,-0.64,-0.74,0.02,0.48],[-0.0007,0.0043,0.9984,0.76,-0.17,0.41,0.04,0.24]]}
56.712	{"type":"ecg","dev":"node-01","seq":567,"t0":57934,"fs":250,"leads_off":false,"bpm":87.0,"samples":[2010,2033,2030,2030,2031,2036,2025,2030,2020,2034,2046,2034,2020,2035,2050,2043,2041,2050,2034,2047,2054,2050,2061,2073,2081]}
56.714	{"type":"imu","dev":"node-01","seq":567,"t0":57934,"fs":100,"samples":[[0.0099,0.0037,0.9991,2.21,-1.5,1.21,-0.57,0.21],[0.0065,0.0092,1.0,0.71,-0.5,0.52,-0.37,0.53],[-0.0033,0.0063,0.9992,0.74,-0.91,0.25,0.19,0.36],[0.0023,0.0043,0.9985,1.73,-1.71,0.44,-0.13,0.25],[0.0032,-0.0021,1.0005,1.24,-0.69,0.55,-0.18,-0.12],[0.0082,0.003,0.9958,0.69,-0.39,-0.03,-0.47,0.17],[-0.0007,0.0025,1.0024,0.35,-1.27,0.06,0.04,0.14],[-0.0011,0.0021,0.9955,1.73,-1.09,0.61,0.06,0.12],[0.0043,0.0064,1.0014,0.94,-1.21,-0.25,-0.25,0.37],[0.0019,0.0039,0.9993,1.23,-0.69,0.72,-0.11,0.22]]}
56.813	{"type":"ecg","dev":"node-01","seq":568,"t0":58034,"fs":250,"leads_off":false,"bpm":87.2,"samples":[2082,2096,2115,2129,2158,2175,2172,2206,2213,2229,2234,2246,2252,2245,2245,2238,2225,2214,2188,2167,2155,2136,2123,2108,2090]}
56.815	{"type":"imu","dev":"node-01","seq":568,"t0":58034,"fs":100,"samples":[[0.0003,0.0086,0.9983,1.33,-0.85,-0.37,-0.01,0.5],[-0.0038,0.001,0.9924,1.13,-1.36,1.02,0.22,0.06],[0.0002,0.0116,0.9964,0.49,-1.18,-0.1,-0.01,0.66],[0.001,0.0031,1.0042,1.11,-0.63,0.51,-0.06,0.18],[-0.0095,0.0121,1.0033,1.56,-0.66,0.61,0.54,0.69],[-0.0025,0.0049,0.9988,1.17,0.04,0.8,0.14,0.28],[-0.0057,0.0048,0.9948,0.66,-1.07,0.61,0.33,0.28],[0.0045,0.0111,0.9952,0.68,-0.31,1.28,-0.26,0.64],[-0.0006,0.0077,0.9967,1.21,-0.46,1.34,0.03,0.44],[0.01,0.0043,0.9978,1.22,-0.11,0.81,-0.57,0.25]]}
56.912	{"type":"ecg","dev":"node-01","seq":569,"t0":58134,"fs":250,"leads_off":false,"bpm":88.2,"samples":[2078,2067,2055,2058,2040,2059,2046,2048,2037,2034,2038,2039,2044,2040,2039,2037,2027,2034,2042,2041,2050,2045,2041,2039,2031]}
56.914	{"type":"imu","dev":"node-01","seq":569,"t0":58134,"fs":100,"samples":[[0.0005,0.0099,1.0005,1.19,-0.52,0.96,-0.03,0.57],[-0.0014,0.0019,0.9973,1.49,-0.42,1.76,0.08,0.11],[0.0018,0.0024,1.0017,1.4,-0.4,-0.47,-0.1,0.14],[0.0033,0.0018,0.9987,1.53,-1.58,-0.1,-0.19,0.1],[0.0072,-0.0017,0.9956,1.6,-0.22,0.15,-0.41,-0.1],[0.0013,0.0049,0.9998,0.05,-0.28,1.21,-0.07,0.28],[0.0062,0.0112,0.9932,1.34,-0.8,0.3,-0.36,0.65],[-0.0061,0.0078,0.9983,1.48,-0.38,0.18,0.35,0.45],[0.0004,0.005,0.9973,1.51,-0.34,2.01,-0.02,0.29],[0.001,-0.0003,1.0045,0.7,-0.96,0.58,-0.05,-0.02]]}
57.013	{"type":"ecg","dev":"node-01","seq":570,"t0":58234,"fs":250,"leads_off":false,"bpm":91.0,"samples":[2051,2037,2041,2037,2030,2048,2042,2041,2041,2040,2038,2039,2033,2036,2034,2047,2034,2029,2041,2036,2033,2038,2037,2042,2040]}
57.015	{"type":"imu","dev":"node-01","seq":570,"t0":58234,"fs":100,"samples":[[0.0651,-0.0702,0.9984,38.54,-9.63,-6.15,-3.72,-4.02],[0.0723,-0.0842,1.0005,38.98,-11.35,-8.39,-4.12,-4.81],[0.0702,-0.1031,0.9918,37.08,-12.72,-9.54,-4.03,-5.93],[0.0692,-0.1294,0.9917,36.38,-13.01,-10.76,-3.96,-7.43],[0.0756,-0.1518,0.993,35.19,-13.84,-11.89,-4.31,-8.69],[0.0641,-0.1698,1.0045,34.03,-14.58,-13.97,-3.6,-9.59],[0.071,-0.1836,0.9983,33.68,-14.91,-15.22,-4.0,-10.42],[0.0624,-0.2114,0.9918,32.02,-15.65,-16.22,-3.52,-12.03],[0.0553,-0.2261,0.9883,29.93,-16.79,-17.12,-3.12,-12.88],[0.0539,-0.2479,0.9915,28.68,-15.58,-17.58,-3.02,-14.04]]}
57.114	{"type":"ecg","dev":"node-01","seq":571,"t0":58334,"fs":250,"leads_off":false,"bpm":89.7,"samples":[2034,2037,2038,2049,2038,2034,2037,2049,2040,2026,2038,2035,2060,2037,2041,2042,2043,2031,2030,2042,2029,2045,2036,2034,2035]}
57.116	{"type":"imu","dev":"node-01","seq":571,"t0":58334,"fs":100,"samples":[[0.0516,-0.2572,0.9868,26.6,-15.41,-19.53,-2.9,-14.61],[0.047,-0.2587,0.9812,25.22,-15.23,-19.54,-2.65,-14.77],[0.0506,-0.2665,0.9837,22.34,-15.27,-20.24,-2.84,-15.16],[0.0382,-0.2557,0.9791,21.59,-13.65,-22.03,-2.16,-14.64],[0.0364,-0.2504,0.9806,19.71,-12.21,-21.94,-2.06,-14.32],[0.0257,-0.2237,0.969,16.48,-12.06,-22.68,-1.48,-13.0],[0.0316,-0.2061,0.9697,14.74,-10.85,-22.86,-1.82,-12.0],[0.0227,-0.172,0.9624,13.06,-9.07,-23.36,-1.33,-10.13],[0.0195,-0.1358,0.9629,10.8,-7.37,-23.71,-1.15,-8.03],[0.0126,-0.0904,0.958,8.24,-6.35,-23.64,-0.75,-5.39]]}
57.210	{"type":"ecg","dev":"node-01","seq":572,"t0":58434,"fs":250,"leads_off":false,"bpm":89.6,"samples":[2043,2037,2039,2046,2043,2029,2031,2049,2042,2037,2056,2060,2073,2068,2093,2096,2123,2131,2118,2124,2126,2108,2086,2080,2069]}
57.212	{"type":"imu","dev":"node-01","seq":572,"t0":58434,"fs":100,"samples":[[0.0097,-0.0445,0.9519,6.72,-4.69,-24.01,-0.58,-2.68],[0.0064,0.0089,0.9517,4.62,-2.5,-25.44,-0.38,0.54],[0.0018,0.0495,0.9431,2.0,-0.76,-24.41,-0.11,3.0],[-0.0063,0.1006,0.935,-0.69,0.26,-24.12,0.38,6.14],[-0.0067,0.158,0.9295,-2.95,2.51,-24.09,0.41,9.65],[-0.0118,0.2005,0.9272,-4.16,4.16,-24.58,0.71,12.2],[-0.0178,0.2412,0.9277,-7.26,5.08,-24.7,1.06,14.58],[-0.0254,0.2827,0.9142,-9.38,6.31,-23.17,1.52,17.19],[-0.0216,0.3192,0.9098,-11.76,8.61,-22.76,1.28,19.33],[-0.0337,0.3538,0.9071,-13.2,8.96,-22.99,1.98,21.31]]}
57.314	{"type":"ecg","dev":"node-01","seq":573,"t0":58534,"fs":250,"leads_off":false,"bpm":90.1,"samples":[2049,2040,2044,2032,2038,2036,2029,2029,2025,2003,2041,2259,2611,2729,2475,2098,1932,1939,2005,2023,2045,2033,2028,2039,2046]}
57.316	{"type":"imu","dev":"node-01","seq":573,"t0":58534,"fs":100,"samples":[[-0.0393,0.377,0.8949,-16.04,10.38,-22.56,2.32,22.84],[-0.0397,0.3959,0.8913,-17.27,12.56,-21.48,2.33,23.95],[-0.0384,0.4049,0.8905,-20.16,12.65,-20.61,2.25,24.45],[-0.0452,0.4145,0.8717,-21.73,11.91,-19.64,2.68,25.43],[-0.0548,0.4145,0.8688,-24.44,13.54,-18.68,3.26,25.51],[-0.0622,0.4073,0.8621,-25.82,14.12,-17.94,3.73,25.29],[-0.057,0.3989,0.8563,-26.84,13.54,-17.76,3.45,24.98],[-0.0607,0.3926,0.8486,-28.64,15.14,-16.89,3.71,24.83],[-0.0643,0.366,0.8474,-29.98,14.25,-15.77,3.99,23.36],[-0.0627,0.3608,0.8296,-30.92,13.61,-13.96,3.96,23.51]]}
57.412	{"type":"ecg","dev":"node-01","seq":574,"t0":58634,"fs":250,"leads_off":false,"bpm":89.8,"samples":[2030,2024,2030,2039,2037,2026,2041,2037,2042,2032,2035,2045,2039,2043,2048,2056,2056,2078,2099,2091,2111,2140,2139,2168,2177]}
57.414	{"type":"imu","dev":"node-01","seq":574,"t0":58634,"fs":100,"samples":[[-0.0688,0.3443,0.8271,-33.05,12.81,-12.75,4.39,22.6],[-0.076,0.3291,0.8179,-33.94,11.8,-10.93,4.93,21.92],[-0.0716,0.3168,0.8055,-35.64,9.93,-10.4,4.73,21.47],[-0.0686,0.3005,0.7994,-36.65,9.94,-9.72,4.59,20.6],[-0.0645,0.2952,0.7905,-37.04,8.29,-8.02,4.37,20.47],[-0.0802,0.2768,0.7782,-36.99,6.75,-6.35,5.55,19.58],[-0.0772,0.2744,0.7789,-37.09,6.59,-4.48,5.34,19.41],[-0.0782,0.2762,0.7691,-38.54,5.07,-3.36,5.47,19.76],[-0.0805,0.2633,0.7527,-38.6,2.83,-1.97,5.77,19.28],[-0.0773,0.2661,0.741,-38.63,1.0,-0.54,5.6,19.75]]}
57.512	{"type":"ecg","dev":"node-01","seq":575,"t0":58734,"fs":250,"leads_off":false,"bpm":89.0,"samples":[2192,2211,2233,2239,2240,2246,2240,2231,2195,2194,2173,2172,2138,2132,2119,2090,2086,2075,2059,2052,2038,2038,2039,2044,2034]}
57.514	{"type":"imu","dev":"node-01","seq":575,"t0":58734,"fs":100,"samples":[[-0.0806,0.2574,0.738,-38.13,-0.4,0.47,5.88,19.23],[-0.0802,0.2561,0.7356,-38.75,-2.31,2.44,5.88,19.2],[-0.0854,0.2583,0.7213,-38.26,-3.74,2.9,6.36,19.7],[-0.0797,0.2535,0.7116,-37.89,-6.35,4.15,6.02,19.61],[-0.078,0.256,0.7044,-39.03,-7.44,6.2,5.94,19.98],[-0.0818,0.2439,0.7029,-37.27,-8.62,7.39,6.27,19.14],[-0.0852,0.2327,0.6847,-36.79,-10.45,8.71,6.72,18.77],[-0.0648,0.2258,0.6721,-35.42,-11.56,10.43,5.22,18.57],[-0.0737,0.2192,0.6678,-34.8,-11.77,11.76,5.98,18.17],[-0.0712,0.2082,0.652,-33.19,-14.21,13.18,5.94,17.71]]}
57.612	{"type":"ecg","dev":"node-01","seq":576,"t0":58834,"fs":250,"leads_off":false,"bpm":91.1,"samples":[2028,2040,2031,2027,2027,2017,2032,2018,2022,2029,2014,2030,2032,2026,2021,2023,2015,2018,2036,2027,2016,2016,2029,2014,1998]}
57.614	{"type":"imu","dev":"node-01","seq":576,"t0":58834,"fs":100,"samples":[[-0.0722,0.1939,0.6489,-32.59,-14.17,13.79,6.09,16.63],[-0.0621,0.1729,0.6409,-31.44,-15.23,15.09,5.34,15.1],[-0.058,0.1683,0.6291,-29.14,-15.9,16.28,5.09,14.98],[-0.0564,0.1496,0.6207,-28.66,-15.34,17.41,5.05,13.55],[-0.0525,0.1432,0.6061,-26.45,-15.32,18.22,4.81,13.29],[-0.0506,0.1348,0.6,-24.46,-15.29,19.72,4.7,12.66],[-0.0493,0.1261,0.5892,-23.15,-15.45,19.24,4.68,12.09],[-0.0478,0.1385,0.5856,-22.11,-16.05,21.48,4.54,13.31],[-0.0469,0.146,0.5667,-19.43,-15.21,21.43,4.59,14.45],[-0.0328,0.1564,0.5646,-17.47,-13.94,22.23,3.21,15.49]]}
57.713	{"type":"ecg","dev":"node-01","seq":577,"t0":58934,"fs":250,"leads_off":false,"bpm":89.1,"samples":[2026,2015,2023,2025,2027,2015,2013,2008,2018,2016,2016,2019,2006,2018,2016,2012,2014,2007,2012,2021,2016,2015,2016,2015,2010]}
57.715	{"type":"imu","dev":"node-01","seq":577,"t0":58934,"fs":100,"samples":[[-0.0361,0.1865,0.5478,-15.56,-12.18,23.25,3.57,18.8],[-0.0352,0.207,0.5411,-13.53,-11.24,23.43,3.48,20.94],[-0.0331,0.239,0.5271,-11.31,-9.59,24.13,3.27,24.39],[-0.0215,0.2824,0.5231,-10.14,-8.96,24.88,2.07,28.36],[-0.0125,0.3223,0.5152,-6.97,-7.29,25.35,1.18,32.03],[-0.0148,0.3771,0.4982,-5.06,-5.83,24.87,1.36,37.12],[-0.0064,0.4299,0.4904,-3.18,-4.97,25.14,0.56,41.24],[-0.0036,0.4874,0.4715,-0.4,-3.21,25.16,0.3,45.95],[0.0032,0.5432,0.4728,1.36,-1.01,25.6,-0.26,48.96],[0.0007,0.6005,0.4609,4.23,1.52,25.19,-0.05,52.49]]}
57.811	{"type":"ecg","dev":"node-01","seq":578,"t0":59034,"fs":250,"leads_off":false,"bpm":89.8,"samples":[2005,2014,2011,2002,2027,2024,2017,2018,2000,2006,2005,2018,2005,2015,2004,2008,2005,2008,2008,2022,2013,2009,2021,2006,2014]}
57.813	{"type":"imu","dev":"node-01","seq":578,"t0":59034,"fs":100,"samples":[[0.014,0.6442,0.4493,6.56,2.96,24.59,-1.02,55.11],[0.019,0.7115,0.4362,9.05,5.07,24.68,-1.3,58.49],[0.0206,0.7477,0.4342,10.33,6.15,24.51,-1.36,59.86],[0.0274,0.7862,0.426,12.57,8.01,24.27,-1.76,61.55],[0.0278,0.8281,0.4167,14.85,8.63,23.23,-1.72,63.29],[0.0288,0.8612,0.4003,17.82,9.66,23.09,-1.74,65.07],[0.027,0.8911,0.3875,18.73,11.97,22.33,-1.59,66.5],[0.042,0.9069,0.3865,21.84,12.93,22.45,-2.44,66.92],[0.0512,0.9139,0.3732,23.84,13.48,20.95,-2.97,67.79],[0.0506,0.9307,0.3677,24.77,13.73,20.47,-2.9,68.44]]}
57.914	{"type":"ecg","dev":"node-01","seq":579,"t0":59134,"fs":250,"leads_off":false,"bpm":89.1,"samples":[2008,2023,2029,2026,2052,2051,2068,2078,2092,2096,2096,2095,2075,2062,2055,2045,2030,2020,2007,2012,2003,2002,2003,1998,1989]}
57.916	{"type":"imu","dev":"node-01","seq":579,"t0":59134,"fs":100,"samples":[[0.0496,0.9243,0.3449,26.16,13.75,19.48,-2.88,69.53],[0.0533,0.9206,0.351,28.29,14.68,18.64,-3.1,69.13],[0.0635,0.9139,0.329,30.72,14.39,17.94,-3.74,70.2],[0.0617,0.905,0.3146,30.48,13.69,17.04,-3.68,70.83],[0.0661,0.8788,0.3133,33.27,13.56,16.17,-4.05,70.38],[0.0573,0.875,0.3035,34.22,12.8,14.22,-3.54,70.87],[0.0686,0.8599,0.2962,35.77,13.08,13.66,-4.31,70.99],[0.0726,0.8476,0.2895,36.32,12.31,11.33,-4.64,71.14],[0.0702,0.8459,0.2825,37.48,9.5,11.29,-4.5,71.53],[0.0768,0.8169,0.2657,38.49,9.04,10.14,-5.11,71.98]]}
58.011	{"type":"ecg","dev":"node-01","seq":580,"t0":59234,"fs":250,"leads_off":false,"bpm":91.2,"samples":[2005,1981,2069,2344,2657,2642,2310,1967,1880,1934,1974,2004,1988,1996,1995,2001,2000,1992,1994,1992,1993,1995,1993,1995,1998]}
58.013	{"type":"imu","dev":"node-01","seq":580,"t0":59234,"fs":100,"samples":[[0.0735,0.8065,0.2575,38.87,7.56,8.22,-4.96,72.29],[0.0724,0.8055,0.2553,39.78,7.03,7.06,-4.9,72.42],[0.0874,0.7977,0.2482,39.94,5.76,6.3,-5.97,72.72],[0.0741,0.7967,0.2304,41.06,3.23,3.83,-5.1,73.87],[0.0803,0.7957,0.2255,41.21,2.12,2.9,-5.55,74.18],[0.0811,0.7901,0.2218,42.15,-0.37,1.68,-5.64,74.32],[0.0759,0.7872,0.2069,41.64,-1.6,-0.48,-5.33,75.27],[0.076,0.7847,0.1998,41.07,-2.65,-1.87,-5.36,75.72],[0.0774,0.7844,0.1978,40.53,-4.63,-1.85,-5.47,75.84],[0.0807,0.7792,0.1837,40.4,-6.31,-5.19,-5.76,76.74]]}
58.111	{"type":"ecg","dev":"node-01","seq":581,"t0":59334,"fs":250,"leads_off":false,"bpm":90.4,"samples":[1994,1986,1997,1999,1993,2000,2018,2024,2034,2035,2057,2064,2079,2101,2105,2142,2149,2167,2178,2185,2205,2197,2202,2199,2188]}
58.113	{"type":"imu","dev":"node-01","seq":581,"t0":59334,"fs":100,"samples":[[0.0813,0.7662,0.1722,40.44,-7.75,-5.09,-5.91,77.33],[0.0769,0.7623,0.1675,39.3,-8.85,-7.46,-5.63,77.6],[0.0742,0.7581,0.1599,38.44,-11.28,-7.71,-5.47,78.09],[0.0742,0.7399,0.1535,38.24,-12.46,-10.04,-5.61,78.28],[0.0618,0.7302,0.1446,37.25,-13.32,-12.38,-4.75,78.8],[0.066,0.7161,0.1418,35.93,-13.01,-12.6,-5.17,78.8],[0.0615,0.6944,0.1341,34.36,-14.4,-13.5,-4.97,79.07],[0.0626,0.6783,0.1241,32.88,-16.26,-14.69,-5.19,79.64],[0.0634,0.665,0.1263,30.66,-14.92,-15.34,-5.35,79.25],[0.0567,0.6488,0.1057,29.57,-15.09,-16.89,-4.93,80.75]]}
58.212	{"type":"ecg","dev":"node-01","seq":582,"t0":59434,"fs":250,"leads_off":false,"bpm":89.3,"samples":[2165,2154,2129,2109,2101,2080,2066,2045,2028,2032,2015,2009,1996,2005,1994,1992,1982,1981,1987,1983,1980,1990,1976,1986,1983]}
58.214	{"type":"imu","dev":"node-01","seq":582,"t0":59434,"fs":100,"samples":[[0.0544,0.6339,0.1043,28.38,-15.33,-16.82,-4.84,80.66],[0.054,0.6228,0.102,26.79,-16.17,-18.51,-4.89,80.7],[0.0496,0.625,0.0927,25.63,-15.29,-19.91,-4.49,81.56],[0.0448,0.623,0.0812,23.32,-14.56,-20.45,-4.08,82.57],[0.0425,0.6338,0.0839,20.26,-14.03,-20.42,-3.81,82.46],[0.0434,0.6424,0.0727,19.53,-12.92,-22.22,-3.84,83.54],[0.0299,0.6704,0.0675,16.86,-11.05,-22.49,-2.54,84.25],[0.0322,0.6945,0.0654,15.63,-10.74,-22.72,-2.64,84.62],[0.0233,0.7207,0.0617,13.16,-8.99,-22.59,-1.85,85.11],[0.0204,0.7647,0.0585,10.3,-8.39,-23.14,-1.53,85.62]]}
58.313	{"type":"ecg","dev":"node-01","seq":583,"t0":59534,"fs":250,"leads_off":false,"bpm":91.5,"samples":[1983,1974,1981,1978,1972,1979,1978,1989,1967,1967,1980,1971,1974,1974,1981,1982,1968,1971,1981,1980,1973,1979,1977,1976,1982]}
58.315	{"type":"imu","dev":"node-01","seq":583,"t0":59534,"fs":100,"samples":[[0.0076,0.8014,0.0512,8.34,-6.31,-23.72,-0.54,86.35],[0.011,0.8538,0.0458,6.88,-5.55,-23.97,-0.74,86.93],[0.011,0.8922,0.0451,5.14,-3.54,-24.98,-0.7,87.11],[0.0028,0.9514,0.0374,2.69,-2.0,-24.86,-0.17,87.75],[0.0032,0.994,0.031,0.5,0.53,-23.88,-0.18,88.21],[-0.0056,1.0482,0.0199,-2.61,1.85,-24.06,0.31,88.91],[-0.0163,1.0959,0.028,-5.09,2.47,-24.01,0.85,88.54],[-0.0135,1.1278,0.02,-7.15,5.54,-24.3,0.68,88.98],[-0.0184,1.173,0.0208,-9.06,6.82,-23.18,0.9,88.98],[-0.0275,1.2059,0.0183,-11.45,8.18,-22.87,1.31,89.13]]}
58.411	{"type":"ecg","dev":"node-01","seq":584,"t0":59634,"fs":250,"leads_off":false,"bpm":91.1,"samples":[1984,1983,1972,1983,1963,1966,1981,1978,1965,1970,1975,1980,1973,1970,1976,1976,1974,1975,1979,1984,1966,1961,1970,1987,1976]}
58.413	{"type":"imu","dev":"node-01","seq":584,"t0":59634,"fs":100,"samples":[[-0.0319,1.229,0.0131,-13.13,9.19,-22.54,1.49,89.39],[-0.0367,1.2566,0.0083,-16.65,10.85,-22.73,1.67,89.62],[-0.0373,1.2702,0.0158,-16.47,10.76,-21.03,1.68,89.29],[-0.0508,1.2824,0.0045,-18.51,13.2,-20.7,2.27,89.8],[-0.0481,1.2874,0.0062,-21.49,13.28,-19.37,2.14,89.72],[-0.0491,1.2726,0.0031,-22.92,14.03,-19.09,2.21,89.86],[-0.053,1.2664,-0.0025,-25.12,14.42,-18.66,2.4,90.11],[-0.0647,1.2502,0.0042,-26.5,13.31,-17.62,2.96,89.81],[-0.0628,1.2282,0.0027,-28.39,14.81,-16.81,2.93,89.88],[-0.0626,1.2142,-0.0014,-30.04,14.09,-14.53,2.95,90.07]]}
58.511	{"type":"ecg","dev":"node-01","seq":585,"t0":59734,"fs":250,"leads_off":false,"bpm":89.7,"samples":[1975,1969,1966,1968,1969,1973,1980,1969,1970,1972,1961,1974,1977,1968,1980,1969,1970,1970,1982,1982,2001,2007,2011,2035,2039]}
58.513	{"type":"imu","dev":"node-01","seq":585,"t0":59734,"fs":100,"samples":[[-0.0712,1.1902,0.0022,-31.6,13.54,-13.67,3.43,89.89],[-0.0649,1.1614,0.0005,-32.03,13.25,-12.68,3.2,89.97],[-0.069,1.1479,0.0034,-33.86,12.8,-11.55,3.44,89.83],[-0.0677,1.1093,0.0031,-34.8,11.41,-11.01,3.49,89.84],[-0.0751,1.0907,-0.0025,-35.25,10.43,-9.73,3.94,90.13],[-0.0811,1.0819,0.0018,-35.96,9.3,-7.83,4.29,89.91],[-0.0785,1.0577,0.0056,-37.41,7.31,-6.88,4.25,89.7],[-0.0812,1.0466,0.0016,-37.87,6.03,-5.31,4.44,89.91],[-0.0725,1.0325,0.0062,-37.84,3.89,-3.63,4.02,89.66],[-0.0849,1.0206,0.0019,-39.38,2.86,-2.9,4.75,89.89]]}
58.611	{"type":"ecg","dev":"node-01","seq":586,"t0":59834,"fs":250,"leads_off":false,"bpm":88.7,"samples":[2055,2053,2051,2050,2032,2020,2003,2006,1989,1976,1983,1969,1970,1952,1983,1973,1953,1940,1961,2097,2440,2676,2521,2149,1891]}
58.613	{"type":"imu","dev":"node-01","seq":586,"t0":59834,"fs":100,"samples":[[-0.0783,1.0077,0.0041,-38.11,0.16,-0.92,4.44,89.77],[-0.084,0.9908,-0.0068,-38.65,0.0,1.06,4.84,90.39],[-0.0936,0.9881,0.0021,-38.89,-2.81,1.61,5.41,89.88],[-0.0865,0.9815,0.0009,-38.75,-3.49,3.5,5.03,89.95],[-0.0819,0.966,0.0063,-39.05,-5.48,4.87,4.85,89.62],[-0.0813,0.9529,-0.0081,-37.91,-7.11,6.3,4.87,90.49],[-0.0748,0.9422,-0.0033,-37.27,-9.22,7.32,4.54,90.2],[-0.0746,0.9177,-0.0002,-37.18,-10.05,8.13,4.65,90.01],[-0.0699,0.8975,0.0022,-35.04,-11.01,10.54,4.45,89.86],[-0.0691,0.8781,0.0018,-34.96,-11.97,10.65,4.5,89.89]]}
58.712	{"type":"ecg","dev":"node-01","seq":587,"t0":59934,"fs":250,"leads_off":false,"bpm":91.1,"samples":[1863,1921,1964,1963,1969,1960,1964,1969,1953,1948,1966,1961,1960,1973,1968,1964,1957,1970,1967,1974,1968,1970,1979,1986,1999]}
58.714	{"type":"imu","dev":"node-01","seq":587,"t0":59934,"fs":100,"samples":[[-0.0733,0.86,-0.0023,-34.73,-13.29,12.67,4.87,90.15],[-0.0699,0.8334,-0.0033,-32.25,-13.81,13.95,4.79,90.23],[-0.0684,0.8193,-0.0018,-31.13,-14.35,14.77,4.77,90.13],[-0.0601,0.7747,0.0016,-30.75,-15.71,16.7,4.44,89.88],[-0.0599,0.7656,-0.002,-28.75,-15.03,17.38,4.47,90.15],[-0.0605,0.7457,-0.0022,-27.12,-15.12,18.49,4.64,90.17],[-0.0523,0.7399,0.0019,-24.93,-16.24,19.02,4.04,89.85],[-0.0494,0.7238,-0.0023,-23.94,-15.54,18.89,3.9,90.18],[-0.0495,0.7082,0.0121,-22.09,-15.29,20.73,4.0,89.02],[-0.0335,0.7083,-0.0053,-19.53,-13.76,21.65,2.71,90.43]]}
58.810	{"type":"ecg","dev":"node-01","seq":588,"t0":60034,"fs":250,"leads_off":false,"bpm":90.2,"samples":[1997,2014,2026,2037,2053,2069,2100,2119,2116,2130,2156,2160,2179,2169,2163,2161,2154,2143,2125,2111,2088,2056,2049,2044,2022]}
58.812	{"type":"imu","dev":"node-01","seq":588,"t0":60034,"fs":100,"samples":[[-0.0346,0.7139,-0.0013,-18.42,-13.26,22.51,2.77,90.1],[-0.0319,0.718,0.0025,-16.17,-12.28,22.09,2.55,89.8],[-0.0346,0.7333,0.0023,-14.06,-11.84,23.49,2.7,89.82],[-0.0218,0.7657,-0.0045,-12.32,-8.93,23.82,1.63,90.34],[-0.0264,0.7969,0.0033,-9.25,-8.81,24.8,1.9,89.76],[-0.0153,0.8309,0.0021,-7.09,-7.95,24.72,1.06,89.86],[-0.0144,0.8627,0.0063,-5.97,-6.05,25.78,0.96,89.58],[-0.0178,0.905,-0.0025,-2.74,-3.19,25.55,1.12,90.16],[-0.004,0.9612,-0.0048,-0.89,-2.31,24.98,0.24,90.28],[0.005,0.9949,0.0066,1.15,-0.45,25.78,-0.29,89.62]]}
58.911	{"type":"ecg","dev":"node-01","seq":589,"t0":60134,"fs":250,"leads_off":false,"bpm":88.9,"samples":[2014,2002,1984,1978,1973,1974,1947,1967,1958,1967,1970,1954,1959,1954,1961,1960,1964,1962,1963,1950,1964,1954,1960,1959,1949]}
58.913	{"type":"imu","dev":"node-01","seq":589,"t0":60134,"fs":100,"samples":[[0.0005,1.0522,-0.0015,3.89,0.77,25.26,-0.03,90.08],[0.0109,1.0928,0.0059,5.6,3.36,26.28,-0.57,89.69],[0.017,1.141,0.0025,7.86,4.32,25.1,-0.85,89.88],[0.0202,1.1773,0.0005,9.83,6.71,25.87,-0.98,89.97],[0.022,1.2079,-0.002,12.32,7.14,24.79,-1.04,90.09],[0.024,1.2335,0.0061,14.67,8.68,24.04,-1.11,89.72],[0.0286,1.2563,-0.0039,16.52,9.52,23.65,-1.3,90.18],[0.0357,1.2753,-0.0002,19.77,10.49,22.24,-1.6,90.01],[0.0371,1.2798,0.0006,20.37,13.05,21.93,-1.66,89.97],[0.0415,1.2857,-0.0055,22.2,12.57,21.9,-1.85,90.25]]}
59.012	{"type":"ecg","dev":"node-01","seq":590,"t0":60234,"fs":250,"leads_off":false,"bpm":91.1,"samples":[1958,1953,1959,1967,1952,1960,1962,1961,1961,1956,1959,1960,1958,1963,1959,1961,1965,1956,1960,1953,1974,1969,1951,1961,1961]}
59.014	{"type":"imu","dev":"node-01","seq":590,"t0":60234,"fs":100,"samples":[[0.0491,1.2813,0.0022,24.85,13.19,21.2,-2.19,89.9],[0.0608,1.2737,0.0024,26.49,13.01,19.08,-2.73,89.89],[0.0549,1.254,-0.0013,28.71,13.21,19.07,-2.51,90.06],[0.0593,1.2415,-0.0028,29.84,15.04,18.25,-2.73,90.13],[0.0571,1.215,-0.0018,31.55,15.08,17.39,-2.69,90.08],[0.0595,1.2019,-0.0011,33.12,13.9,16.46,-2.83,90.05],[0.0661,1.1734,0.0005,33.98,14.2,15.23,-3.23,89.98],[0.0689,1.1551,0.0041,35.49,13.29,13.61,-3.41,89.8],[0.0689,1.1282,-0.0027,37.26,11.49,12.69,-3.49,90.14],[0.0726,1.1008,-0.0026,38.13,10.06,10.48,-3.77,90.13]]}
59.112	{"type":"ecg","dev":"node-01","seq":591,"t0":60334,"fs":250,"leads_off":false,"bpm":89.9,"samples":[1966,1950,1955,1957,1955,1961,1967,1964,1960,1955,1972,1959,1962,1965,1948,1967,1961,1969,1954,1965,1951,1974,1967,1947,1960]}
59.114	{"type":"imu","dev":"node-01","seq":591,"t0":60334,"fs":100,"samples":[[0.0793,1.0809,0.0016,38.88,10.04,10.32,-4.2,89.91],[0.0765,1.0674,0.0045,38.8,8.12,8.57,-4.1,89.76],[0.0797,1.0524,-0.0033,39.56,6.33,7.07,-4.33,90.18],[0.0763,1.0413,-0.0025,40.69,4.38,5.49,-4.19,90.14],[0.0816,1.0219,-0.0014,40.26,4.14,3.82,-4.57,90.08],[0.0754,1.0214,-0.0001,41.07,1.73,2.26,-4.22,90.01],[0.0771,1.0037,-0.0042,40.58,0.85,1.92,-4.39,90.24],[0.0792,0.9905,-0.0058,41.14,-1.3,0.27,-4.57,90.33],[0.0776,0.981,-0.0019,41.01,-2.62,-1.17,-4.52,90.11],[0.0859,0.9694,-0.0037,41.04,-4.87,-3.03,-5.06,90.22]]}
59.214	{"type":"ecg","dev":"node-01","seq":592,"t0":60434,"fs":250,"leads_off":false,"bpm":88.7,"samples":[1967,1968,1954,1971,1967,1966,1968,1958,1963,1959,1981,1988,1995,2007,2016,2036,2054,2049,2061,2053,2037,2031,2024,2005,1991]}
59.216	{"type":"imu","dev":"node-01","seq":592,"t0":60434,"fs":100,"samples":[[0.0819,0.9579,-0.0002,40.67,-5.88,-4.81,-4.89,90.01],[0.0713,0.9432,0.0064,39.37,-7.62,-4.94,-4.32,89.61],[0.0726,0.9345,0.0035,40.22,-10.12,-6.24,-4.44,89.79],[0.0746,0.9109,0.0008,39.03,-10.03,-7.84,-4.68,89.95],[0.0677,0.8997,-0.0041,37.56,-11.61,-10.03,-4.3,90.26],[0.0732,0.8793,0.0032,36.56,-12.92,-10.93,-4.76,89.79],[0.0695,0.8496,-0.0002,35.91,-14.25,-11.65,-4.68,90.01],[0.0728,0.8262,0.0114,35.1,-14.39,-12.89,-5.04,89.21],[0.0712,0.7965,0.0039,33.34,-15.27,-14.76,-5.11,89.72],[0.0602,0.7813,-0.0059,31.65,-15.7,-15.31,-4.4,90.43]]}
59.311	{"type":"ecg","dev":"node-01","seq":593,"t0":60534,"fs":250,"leads_off":false,"bpm":90.6,"samples":[1988,1967,1973,1963,1962,1960,1968,1962,1950,1933,1967,2200,2527,2651,2404,2030,1856,1876,1937,1961,1975,1968,1968,1971,1979]}
59.313	{"type":"imu","dev":"node-01","seq":593,"t0":60534,"fs":100,"samples":[[0.0537,0.7566,0.0019,30.41,-15.5,-17.15,-4.06,89.85],[0.061,0.7354,0.0092,28.82,-16.27,-17.96,-4.74,89.28],[0.0515,0.7227,0.0069,26.58,-16.01,-18.12,-4.08,89.45],[0.0451,0.7114,-0.0041,25.79,-15.12,-20.14,-3.63,90.33],[0.0473,0.7167,0.0019,23.7,-15.32,-20.24,-3.78,89.85],[0.0336,0.7081,0.0018,20.79,-12.67,-20.93,-2.72,89.86],[0.0244,0.719,-0.0002,19.75,-12.65,-21.01,-1.94,90.02],[0.0299,0.7246,-0.002,16.85,-12.17,-22.63,-2.36,90.16],[0.0296,0.7553,-0.002,15.47,-10.6,-22.31,-2.24,90.15],[0.0238,0.7837,-0.0017,13.33,-9.34,-22.88,-1.74,90.13]]}
59.411	{"type":"ecg","dev":"node-01","seq":594,"t0":60634,"fs":250,"leads_off":false,"bpm":90.9,"samples":[1962,1968,1966,1961,1964,1956,1972,1982,1973,1977,1969,1978,1974,1972,1992,1993,2000,2025,2029,2049,2064,2082,2087,2112,2120]}
59.413	{"type":"imu","dev":"node-01","seq":594,"t0":60634,"fs":100,"samples":[[0.0168,0.8093,0.005,10.91,-6.47,-23.97,-1.19,89.65],[0.0136,0.8405,0.0066,8.62,-6.58,-24.02,-0.93,89.55],[0.0086,0.8871,0.0007,6.96,-5.41,-24.82,-0.55,89.95],[0.003,0.9285,-0.0001,4.27,-2.64,-24.13,-0.18,90.01],[-0.0042,0.9709,-0.0032,1.14,-1.7,-24.66,0.25,90.19],[-0.0019,1.0304,-0.0042,0.05,0.32,-23.82,0.1,90.23],[-0.0041,1.0721,-0.0031,-2.33,2.28,-24.16,0.22,90.17],[-0.0164,1.1081,0.0002,-4.2,3.0,-24.4,0.85,89.99],[-0.0235,1.1585,-0.0001,-6.62,5.81,-24.19,1.16,90.0],[-0.0205,1.1915,-0.0035,-8.21,6.91,-23.19,0.98,90.17]]}
59.511	{"type":"ecg","dev":"node-01","seq":595,"t0":60734,"fs":250,"leads_off":false,"bpm":89.4,"samples":[2157,2147,2167,2188,2178,2184,2196,2173,2154,2143,2125,2124,2090,2078,2052,2047,2031,2015,2003,1998,1993,1995,1980,1976,1976]}
59.513	{"type":"imu","dev":"node-01","seq":595,"t0":60734,"fs":100,"samples":[[-0.0266,1.2212,-0.0021,-9.74,7.47,-23.0,1.25,90.1],[-0.0288,1.2424,0.0005,-13.46,9.55,-21.68,1.33,89.98],[-0.0383,1.2652,-0.0043,-15.77,10.33,-22.9,1.73,90.19],[-0.0352,1.2734,0.0074,-17.43,10.78,-21.5,1.58,89.67],[-0.0356,1.2805,0.0056,-19.61,12.13,-21.23,1.59,89.75],[-0.0424,1.2853,0.0026,-22.0,13.47,-20.69,1.89,89.88],[-0.0432,1.2759,0.0039,-23.26,12.83,-18.41,1.94,89.82],[-0.0488,1.2631,0.0038,-24.33,14.09,-17.49,2.21,89.83],[-0.0496,1.2475,-0.0016,-27.12,13.61,-17.34,2.28,90.07],[-0.0557,1.2328,0.004,-28.87,13.85,-16.16,2.59,89.81]]}
59.611	{"type":"ecg","dev":"node-01","seq":596,"t0":60834,"fs":250,"leads_off":false,"bpm":91.2,"samples":[1976,1969,1980,1993,1982,1981,1978,1968,1979,1976,1981,1980,1977,1985,1971,1976,1980,1993,1981,1975,1974,1976,1978,1976,1980]}
59.613	{"type":"imu","dev":"node-01","seq":596,"t0":60834,"fs":100,"samples":[[-0.0573,1.2087,0.0041,-30.13,14.3,-15.43,2.71,89.81],[-0.0659,1.197,0.0036,-31.21,13.41,-14.05,3.15,89.83],[-0.0571,1.1724,0.0045,-32.11,12.87,-13.49,2.79,89.78],[-0.0659,1.1515,0.0005,-33.13,12.79,-11.34,3.28,89.98],[-0.0753,1.1182,0.0019,-34.51,11.01,-10.61,3.85,89.9],[-0.0713,1.1015,0.0075,-35.73,10.04,-9.64,3.7,89.61],[-0.0802,1.0749,-0.0,-35.86,8.96,-7.7,4.27,90.0],[-0.0759,1.0572,-0.0006,-37.32,7.79,-6.79,4.11,90.03],[-0.072,1.0427,-0.0096,-38.56,5.78,-4.66,3.95,90.53],[-0.0845,1.0361,0.0054,-38.4,4.59,-4.54,4.66,89.7]]}
59.712	{"type":"ecg","dev":"node-01","seq":597,"t0":60934,"fs":250,"leads_off":false,"bpm":88.8,"samples":[1985,1972,1981,1984,1971,1982,1982,1993,1981,1985,1977,1984,1989,1992,1990,1993,1987,1978,1985,1977,1983,2003,1996,1976,1978]}
59.714	{"type":"imu","dev":"node-01","seq":597,"t0":60934,"fs":100,"samples":[[-0.0796,1.0283,-0.0015,-38.86,3.16,-2.23,4.43,90.08],[-0.0833,1.0131,-0.0034,-38.66,0.65,-0.65,4.7,90.19],[-0.0841,0.9984,-0.0027,-38.79,-0.88,0.24,4.82,90.16],[-0.0796,0.9941,0.0006,-39.04,-1.81,2.85,4.58,89.97],[-0.0829,0.9798,-0.0022,-38.45,-4.43,2.85,4.83,90.13],[-0.0783,0.968,0.003,-38.65,-4.9,4.76,4.62,89.82],[-0.0739,0.9578,-0.0015,-37.68,-6.54,5.55,4.41,90.09],[-0.0719,0.9349,-0.0008,-37.4,-8.02,6.99,4.4,90.05],[-0.0742,0.9199,0.0045,-35.39,-10.58,7.88,4.61,89.72],[-0.0749,0.9015,0.0048,-35.72,-11.6,9.91,4.75,89.69]]}
59.811	{"type":"ecg","dev":"node-01","seq":598,"t0":61034,"fs":250,"leads_off":false,"bpm":89.1,"samples":[1982,1989,1982,1988,1980,1990,1994,1996,1990,1977,1987,1986,1980,1993,1994,1987,1990,1999,1995,1994,1991,1991,1998,1994,1995]}
59.813	{"type":"imu","dev":"node-01","seq":598,"t0":61034,"fs":100,"samples":[[-0.0709,0.8859,-0.0017,-35.4,-11.98,10.93,4.58,90.11],[-0.0685,0.8632,0.0034,-34.69,-13.78,11.97,4.54,89.77],[-0.0658,0.834,0.0086,-32.73,-15.21,13.68,4.51,89.41],[-0.064,0.8109,0.0018,-31.5,-14.5,14.62,4.51,89.87],[-0.0611,0.7888,0.0023,-30.23,-15.01,15.83,4.43,89.83],[-0.0582,0.7776,0.0017,-28.75,-15.96,16.54,4.28,89.87],[-0.06,0.7539,-0.0038,-27.81,-16.01,17.7,4.55,90.29],[-0.0546,0.7335,-0.0022,-26.03,-15.77,19.16,4.26,90.17],[-0.0517,0.7177,-0.0055,-24.47,-14.87,20.23,4.12,90.44],[-0.0485,0.7144,0.0001,-23.47,-14.57,21.24,3.89,89.99]]}
59.914	{"type":"ecg","dev":"node-01","seq":599,"t0":61134,"fs":250,"leads_off":false,"bpm":89.4,"samples":[2002,2007,2009,2016,2036,2045,2058,2064,2079,2088,2093,2081,2072,2063,2039,2018,2024,2011,2015,2004,2000,1994,1991,1999,2006]}
59.916	{"type":"imu","dev":"node-01","seq":599,"t0":61134,"fs":100,"samples":[[-0.0392,0.7144,-0.0055,-20.33,-14.6,21.2,3.14,90.44],[-0.0402,0.7128,0.0023,-18.31,-13.74,23.06,3.23,89.82],[-0.0379,0.7131,-0.0013,-16.72,-13.45,22.42,3.04,90.1],[-0.0352,0.7449,-0.0058,-14.19,-11.35,23.96,2.7,90.45],[-0.0206,0.7657,-0.0053,-12.58,-10.09,24.06,1.54,90.4],[-0.0223,0.7967,0.0022,-9.21,-8.4,23.92,1.61,89.84],[-0.0127,0.8254,-0.0014,-7.74,-7.51,24.87,0.88,90.1],[-0.0155,0.8716,-0.0003,-5.67,-5.72,25.87,1.02,90.02],[-0.0093,0.9082,-0.0001,-4.21,-3.63,24.94,0.59,90.01],[-0.0104,0.9505,0.0024,-1.12,-2.73,25.78,0.63,89.86]]}
60.000	{"type":"status","dev":"node-01","fw":"0.1.0","uptime_ms":61234,"ecg":{"fs":250},"imu":{"ok":true,"fs":100,"errors":0,"fields":["ax","ay","az","gx","gy","gz","pitch","roll"]}}
60.014	{"type":"ecg","dev":"node-01","seq":600,"t0":61234,"fs":250,"leads_off":false,"bpm":90.6,"samples":[1989,1974,2055,2342,2659,2639,2310,1977,1891,1938,1989,2012,1991,2002,2007,2000,2006,2008,2004,2000,1998,2010,2007,1998,2010]}
60.016	{"type":"imu","dev":"node-01","seq":600,"t0":61234,"fs":100,"samples":[[-0.0011,1.0025,0.0003,1.84,-1.23,26.13,0.06,89.98],[0.0088,1.0519,0.0008,3.95,0.48,25.21,-0.48,89.95],[0.004,1.0895,-0.0012,5.42,3.47,25.67,-0.21,90.06],[0.0134,1.1289,0.0037,7.37,4.51,25.39,-0.68,89.81],[0.0166,1.1704,0.0034,9.83,5.27,24.93,-0.81,89.83],[0.0264,1.2025,-0.0011,12.65,7.87,23.61,-1.26,90.05],[0.0274,1.2315,0.0017,14.4,8.92,23.79,-1.27,89.92],[0.0339,1.2579,0.0042,17.04,9.88,23.64,-1.54,89.81],[0.0386,1.2682,0.0037,19.19,10.65,22.36,-1.74,89.83],[0.0398,1.2875,-0.0004,20.65,11.68,22.32,-1.77,90.02]]}
60.030	{"type":"imu","dev":"node-01","seq":999999,"samples":"oops"}
60.030	{"type":"ecg","dev":"node-01","sam
60.111	{"type":"ecg","dev":"node-01","seq":601,"t0":61334,"fs":250,"leads_off":false,"bpm":89.3,"samples":[2014,2008,2007,2011,2023,2031,2020,2041,2046,2054,2069,2082,2103,2116,2131,2146,2177,2187,2194,2205,2216,2211,2223,2215,2202]}
60.113	{"type":"imu","dev":"node-01","seq":601,"t0":61334,"fs":100,"samples":[[0.0437,1.2875,-0.0044,22.61,13.17,22.04,-1.95,90.2],[0.0418,1.2843,-0.0057,23.45,12.59,20.93,-1.86,90.25],[0.0476,1.2807,0.001,26.06,13.46,20.47,-2.13,89.96],[0.0487,1.2715,-0.0013,28.02,14.01,19.17,-2.19,90.06],[0.0612,1.2458,-0.0019,29.19,14.21,18.41,-2.81,90.09],[0.0465,1.2271,0.0024,31.14,15.19,17.29,-2.17,89.89],[0.0666,1.2078,0.0049,32.7,13.99,16.43,-3.16,89.77],[0.0637,1.1769,-0.0004,33.67,13.67,14.68,-3.1,90.02],[0.0659,1.1669,-0.0032,34.71,12.71,13.38,-3.23,90.16],[0.0678,1.1447,-0.0071,36.52,12.25,12.29,-3.39,90.36]]}
60.210	{"type":"ecg","dev":"node-01","seq":602,"t0":61434,"fs":250,"leads_off":false,"bpm":90.8,"samples":[2194,2181,2149,2148,2123,2113,2099,2087,2067,2052,2049,2034,2026,2030,2029,2019,2024,2013,2011,2041,2013,2017,2018,2013,2022]}
60.212	{"type":"imu","dev":"node-01","seq":602,"t0":61434,"fs":100,"samples":[[0.0704,1.1168,0.0011,36.89,10.65,11.54,-3.61,89.94],[0.0709,1.0936,-0.0035,38.28,9.28,9.98,-3.71,90.18],[0.0756,1.0776,0.0007,39.01,8.98,8.71,-4.01,89.96],[0.0752,1.0514,-0.0004,39.57,6.41,7.19,-4.09,90.02],[0.0745,1.0463,0.0024,40.29,4.9,5.96,-4.07,89.87],[0.0804,1.035,0.0041,41.03,2.93,3.85,-4.44,89.78],[0.0855,1.0194,-0.0005,41.3,2.81,3.31,-4.79,90.03],[0.0755,1.0107,0.0041,40.74,1.04,2.31,-4.27,89.77],[0.0834,1.0009,-0.0077,41.17,-1.11,0.08,-4.76,90.44],[0.0822,0.9963,0.0062,41.87,-2.48,-0.96,-4.72,89.64]]}
60.311	{"type":"ecg","dev":"node-01","seq":603,"t0":61534,"fs":250,"leads_off":false,"bpm":90.1,"samples":[2023,2018,2026,2030,2021,2019,2024,2011,2018,2009,2012,2006,2019,2020,2021,2027,2025,2024,2019,2019,2023,2022,2022,2017,2023]}
60.313	{"type":"imu","dev":"node-01","seq":603,"t0":61534,"fs":100,"samples":[[0.0719,0.9788,-0.0059,41.87,-5.07,-2.93,-4.2,90.35],[0.0787,0.9592,0.0034,40.97,-6.44,-4.47,-4.69,89.8],[0.081,0.9569,0.0,40.71,-7.99,-5.32,-4.84,90.0],[0.0735,0.9338,0.0033,39.16,-9.03,-7.29,-4.5,89.8],[0.07,0.9214,-0.0016,39.19,-9.73,-7.22,-4.35,90.1],[0.075,0.8979,0.0067,37.77,-12.18,-9.58,-4.78,89.57],[0.0716,0.8816,-0.0054,37.01,-12.96,-10.71,-4.64,90.35],[0.0683,0.8613,0.0067,35.24,-13.69,-11.76,-4.54,89.56],[0.0635,0.8352,0.0031,34.29,-14.15,-13.52,-4.35,89.79],[0.0619,0.809,0.0002,33.43,-14.99,-14.45,-4.37,89.99]]}
60.414	{"type":"ecg","dev":"node-01","seq":604,"t0":61634,"fs":250,"leads_off":false,"bpm":91.1,"samples":[2015,2015,2028,2032,2032,2017,2025,2029,2026,2030,2033,2025,2030,2032,2036,2035,2033,2035,2027,2032,2032,2031,2024,2019,2022]}
60.416	{"type":"imu","dev":"node-01","seq":604,"t0":61634,"fs":100,"samples":[[0.0614,0.7881,-0.0007,31.8,-16.03,-14.97,-4.45,90.05],[0.0554,0.7636,0.0013,30.71,-17.09,-17.36,-4.15,89.9],[0.0557,0.7371,0.0049,28.74,-15.83,-18.4,-4.32,89.62],[0.0531,0.7349,-0.0035,28.44,-15.43,-18.67,-4.13,90.27],[0.0456,0.716,0.0031,26.1,-15.02,-19.59,-3.65,89.75],[0.0461,0.7112,0.0065,23.19,-14.25,-20.26,-3.71,89.47],[0.0372,0.7189,-0.0021,21.84,-14.88,-21.64,-2.96,90.17],[0.036,0.7264,-0.0066,20.24,-14.24,-21.7,-2.83,90.52],[0.0323,0.7394,-0.0008,17.32,-12.81,-21.29,-2.5,90.06],[0.0357,0.758,0.0013,15.36,-11.2,-23.75,-2.7,89.9]]}
60.511	{"type":"ecg","dev":"node-01","seq":605,"t0":61734,"fs":250,"leads_off":false,"bpm":89.8,"samples":[2022,2030,2027,2019,2033,2021,2032,2035,2028,2036,2028,2022,2031,2032,2040,2027,2035,2046,2042,2046,2054,2075,2084,2092,2105]}
60.513	{"type":"imu","dev":"node-01","seq":605,"t0":61734,"fs":100,"samples":[[0.0272,0.7824,-0.0059,13.9,-9.64,-23.53,-1.99,90.43],[0.0192,0.815,-0.0011,10.38,-8.77,-24.45,-1.35,90.08],[0.0175,0.8496,0.001,8.84,-6.2,-23.66,-1.18,89.93],[0.0106,0.8944,0.0061,6.67,-5.4,-24.21,-0.68,89.61],[0.0116,0.9306,0.0065,4.61,-3.11,-24.3,-0.72,89.6],[0.0068,0.9819,-0.0012,1.44,-2.03,-24.08,-0.4,90.07],[-0.0081,1.0172,-0.0014,0.31,-0.92,-24.33,0.46,90.08],[-0.0113,1.0701,-0.0007,-2.32,1.69,-24.1,0.61,90.04],[-0.0149,1.1155,0.0003,-4.22,2.8,-24.54,0.76,89.99],[-0.0137,1.1578,0.0052,-6.54,5.18,-24.32,0.68,89.74]]}
60.612	{"type":"ecg","dev":"node-01","seq":606,"t0":61834,"fs":250,"leads_off":false,"bpm":91.3,"samples":[2113,2129,2115,2134,2099,2086,2066,2066,2053,2041,2037,2034,2036,2042,2038,2032,2024,2014,2021,2156,2490,2734,2592,2216,1971]}
60.614	{"type":"imu","dev":"node-01","seq":606,"t0":61834,"fs":100,"samples":[[-0.0223,1.1908,-0.0026,-9.12,6.3,-23.19,1.07,90.13],[-0.0242,1.2235,0.0027,-11.37,8.45,-23.42,1.13,89.87],[-0.0296,1.2509,0.0021,-13.33,8.9,-23.01,1.36,89.91],[-0.0364,1.2751,0.0003,-14.09,9.79,-22.8,1.64,89.99],[-0.0336,1.2818,0.0023,-17.69,11.12,-21.68,1.5,89.9],[-0.041,1.2862,0.0063,-19.1,12.49,-21.51,1.83,89.72],[-0.042,1.2876,0.0052,-20.78,13.78,-20.68,1.87,89.77],[-0.0467,1.2905,-0.0004,-22.57,13.82,-19.27,2.07,90.02],[-0.057,1.2775,0.0013,-25.8,13.82,-19.26,2.56,89.94],[-0.0573,1.262,0.0037,-25.53,13.76,-16.97,2.6,89.83]]}
60.713	{"type":"ecg","dev":"node-01","seq":607,"t0":61934,"fs":250,"leads_off":false,"bpm":90.5,"samples":[1932,1980,2013,2048,2030,2038,2039,2032,2051,2031,2041,2034,2028,2043,2042,2037,2038,2035,2039,2034,2042,2046,2047,2063,2067]}
60.715	{"type":"imu","dev":"node-01","seq":607,"t0":61934,"fs":100,"samples":[[-0.0596,1.2442,-0.0026,-28.35,13.82,-16.96,2.74,90.12],[-0.0635,1.2218,0.0008,-30.27,13.72,-15.99,2.98,89.96],[-0.0623,1.1958,-0.0004,-30.56,13.84,-14.44,2.98,90.02],[-0.0701,1.1816,0.0043,-31.58,13.16,-13.13,3.4,89.79],[-0.0732,1.1555,0.001,-33.52,12.79,-12.62,3.62,89.95],[-0.0722,1.1233,0.0038,-34.15,11.39,-10.33,3.68,89.81],[-0.0689,1.1151,-0.0054,-34.72,10.16,-10.09,3.54,90.28],[-0.076,1.0872,-0.0039,-35.59,9.16,-8.4,4.0,90.21],[-0.0817,1.0708,0.0027,-36.75,7.61,-8.15,4.36,89.86],[-0.0753,1.0534,-0.0052,-37.45,6.6,-5.86,4.09,90.28]]}
60.813	{"type":"ecg","dev":"node-01","seq":608,"t0":62034,"fs":250,"leads_off":false,"bpm":89.8,"samples":[2080,2082,2112,2112,2132,2154,2167,2190,2209,2213,2239,2238,2260,2254,2248,2235,2227,2213,2201,2175,2169,2142,2127,2116,2108]}
60.815	{"type":"imu","dev":"node-01","seq":608,"t0":62034,"fs":100,"samples":[[-0.0772,1.0349,-0.0059,-37.92,4.3,-4.08,4.27,90.32],[-0.0805,1.0249,-0.0008,-38.31,3.44,-3.48,4.49,90.04],[-0.0879,1.0183,-0.0012,-39.19,1.14,-1.42,4.94,90.07],[-0.0707,1.0084,-0.0018,-38.88,-0.64,-0.35,4.01,90.1],[-0.0809,0.995,-0.0001,-38.22,-1.57,2.28,4.65,90.01],[-0.0813,0.9884,0.0031,-39.55,-4.01,3.56,4.7,89.82],[-0.0841,0.9745,0.004,-38.66,-6.22,3.78,4.93,89.77],[-0.0749,0.9636,-0.0009,-37.1,-5.89,5.65,4.44,90.05],[-0.085,0.9522,0.0057,-37.49,-8.88,6.21,5.1,89.66],[-0.0706,0.9251,0.0055,-36.58,-9.96,8.95,4.36,89.66]]}
60.911	{"type":"ecg","dev":"node-01","seq":609,"t0":62134,"fs":250,"leads_off":false,"bpm":91.5,"samples":[2097,2077,2060,2055,2058,2048,2037,2036,2044,2050,2042,2031,2033,2030,2049,2042,2052,2031,2031,2039,2036,2040,2041,2039,2045]}
60.913	{"type":"imu","dev":"node-01","seq":609,"t0":62134,"fs":100,"samples":[[-0.0746,0.9085,-0.0009,-35.0,-10.71,10.24,4.69,90.05],[-0.0654,0.8943,0.0068,-35.8,-12.11,11.08,4.18,89.57],[-0.0771,0.8704,0.0001,-34.09,-13.63,12.6,5.06,89.99],[-0.0683,0.8528,0.0033,-33.03,-15.09,13.96,4.58,89.78],[-0.0693,0.8239,-0.0019,-32.19,-15.45,15.02,4.81,90.13],[-0.057,0.8046,-0.0033,-30.74,-14.58,15.81,4.05,90.24],[-0.0566,0.7775,-0.0,-28.18,-16.4,16.36,4.16,90.0],[-0.0572,0.7618,0.0027,-27.58,-15.67,17.75,4.29,89.8],[-0.05,0.7407,0.0027,-26.21,-14.92,18.91,3.86,89.79],[-0.0526,0.7375,0.0073,-23.41,-15.33,19.02,4.08,89.43]]}
61.010	{"type":"ecg","dev":"node-01","seq":610,"t0":62234,"fs":250,"leads_off":false,"bpm":78.7,"samples":[2034,2045,2042,2035,2048,2046,2038,2033,2030,2041,2040,2044,2034,2039,2055,2035,2042,2029,2033,2044,2043,2034,2049,2043,2032]}
61.012	{"type":"imu","dev":"node-01","seq":610,"t0":62234,"fs":100,"samples":[[0.0017,1.0047,0.0024,1.8,-0.88,0.61,-0.1,89.86],[-0.0467,0.7191,-0.0057,-21.08,-13.95,21.5,3.71,90.45],[-0.0381,0.7201,-0.0009,-18.24,-14.23,22.14,3.03,90.07],[-0.0431,0.7255,-0.0,-15.49,-12.82,22.17,3.4,90.0],[-0.0353,0.7368,0.0006,-14.47,-12.02,23.58,2.74,89.95],[-0.0291,0.763,-0.0045,-11.7,-10.65,23.76,2.18,90.34],[-0.0267,0.7933,0.0035,-10.36,-9.56,24.03,1.93,89.75],[-0.0239,0.8208,0.0006,-7.79,-7.53,25.78,1.67,89.96],[-0.0219,0.8691,0.0077,-5.23,-4.83,25.23,1.44,89.49],[-0.0137,0.9094,0.0064,-3.21,-3.82,25.78,0.86,89.6]]}
61.110	{"type":"ecg","dev":"node-01","seq":611,"t0":62334,"fs":250,"leads_off":false,"bpm":80.2,"samples":[2033,2041,2041,2043,2033,2034,2037,2034,2038,2044,2037,2053,2046,2033,2044,2037,2039,2037,2024,2038,2030,2035,2039,2030,2033]}
61.112	{"type":"imu","dev":"node-01","seq":611,"t0":62334,"fs":100,"samples":[[-0.0067,0.9528,-0.0012,-0.75,-2.34,25.11,0.4,90.07],[-0.0045,0.9975,0.0012,2.1,-0.33,25.58,0.26,89.93],[0.0033,1.0421,-0.0066,3.21,0.54,25.25,-0.18,90.36],[0.0094,1.0942,0.0059,5.11,2.8,25.32,-0.49,89.69],[0.0097,1.1288,0.0059,8.43,4.06,24.51,-0.49,89.7],[0.0188,1.1697,-0.0018,9.48,5.45,24.98,-0.92,90.09],[0.0285,1.2084,-0.0015,12.32,6.97,24.98,-1.35,90.07],[0.0296,1.2357,-0.0004,14.03,8.03,25.41,-1.37,90.02],[0.0327,1.2589,0.0071,16.45,8.56,23.29,-1.49,89.68],[0.0375,1.2738,0.0034,18.87,11.16,22.33,-1.69,89.85]]}
61.211	{"type":"ecg","dev":"node-01","seq":612,"t0":62434,"fs":250,"leads_off":false,"bpm":79.6,"samples":[2034,2033,2042,2045,2042,2046,2040,2040,2042,2035,2032,2034,2042,2050,2035,2044,2047,2046,2044,2059,2069,2090,2089,2097,2111]}
61.213	{"type":"imu","dev":"node-01","seq":612,"t0":62434,"fs":100,"samples":[[0.0456,1.2913,-0.0028,19.97,12.3,21.48,-2.02,90.12],[0.0389,1.2841,0.0051,22.8,13.47,21.06,-1.73,89.77],[0.0454,1.2859,-0.0069,24.53,13.01,20.78,-2.02,90.31],[0.0495,1.2843,0.0041,25.93,13.53,19.19,-2.21,89.82],[0.0548,1.2746,-0.0035,27.92,13.14,19.1,-2.46,90.16],[0.0614,1.2587,-0.0057,28.74,13.76,18.68,-2.79,90.26],[0.0578,1.2316,-0.0031,31.04,14.0,16.7,-2.69,90.15],[0.0715,1.214,-0.0022,31.31,13.89,15.63,-3.37,90.1],[0.061,1.1926,-0.0031,33.65,13.5,15.13,-2.93,90.15],[0.0715,1.1617,-0.0077,35.43,12.83,13.81,-3.52,90.38]]}
61.312	{"type":"ecg","dev":"node-01","seq":613,"t0":62534,"fs":250,"leads_off":false,"bpm":78.5,"samples":[2113,2120,2135,2124,2113,2107,2097,2080,2063,2059,2053,2042,2047,2029,2043,2031,2033,2031,2033,2016,2004,2065,2296,2600,2730]}
61.314	{"type":"imu","dev":"node-01","seq":613,"t0":62534,"fs":100,"samples":[[0.0667,1.1405,-0.0032,34.53,11.64,13.22,-3.35,90.16],[0.0701,1.1238,0.0022,37.17,12.05,11.38,-3.57,89.89],[0.075,1.1062,0.0033,37.28,9.15,10.55,-3.88,89.83],[0.0763,1.082,0.001,38.48,8.19,7.98,-4.04,89.95],[0.0782,1.0607,0.0021,40.28,6.93,6.53,-4.22,89.89],[0.0753,1.052,0.009,39.83,5.34,6.94,-4.09,89.51],[0.0862,1.0376,-0.0035,40.97,3.93,4.2,-4.75,90.19],[0.0814,1.0301,-0.0017,40.35,2.12,4.54,-4.52,90.1],[0.0818,1.01,0.0004,40.8,1.25,1.46,-4.63,89.98],[0.0768,1.0007,-0.003,41.55,-2.18,1.57,-4.39,90.17]]}
61.411	{"type":"ecg","dev":"node-01","seq":614,"t0":62634,"fs":250,"leads_off":false,"bpm":81.1,"samples":[2556,2209,1987,1921,1952,2005,2024,2026,2022,2024,2018,2030,2025,2039,2019,2034,2029,2032,2039,2033,2014,2026,2026,2025,2032]}
61.413	{"type":"imu","dev":"node-01","seq":614,"t0":62634,"fs":100,"samples":[[0.0787,0.9926,0.0041,41.36,-2.63,-1.56,-4.54,89.76],[0.0796,0.9807,-0.0019,41.15,-3.62,-2.48,-4.64,90.11],[0.0757,0.9693,-0.009,40.52,-5.59,-4.59,-4.46,90.53],[0.0704,0.9493,-0.0047,39.82,-7.41,-5.77,-4.24,90.29],[0.0814,0.9427,-0.0055,38.95,-9.25,-7.29,-4.93,90.33],[0.0702,0.9231,-0.0006,38.39,-10.75,-8.54,-4.35,90.04],[0.069,0.9007,-0.0035,38.52,-11.75,-9.25,-4.38,90.23],[0.07,0.8753,0.0026,37.24,-12.06,-11.06,-4.58,89.83],[0.0563,0.8568,0.0004,36.04,-13.72,-11.05,-3.76,89.97],[0.0618,0.8367,0.0001,34.65,-14.64,-12.62,-4.22,90.0]]}
61.512	{"type":"ecg","dev":"node-01","seq":615,"t0":62734,"fs":250,"leads_off":false,"bpm":79.5,"samples":[2029,2043,2043,2049,2043,2049,2052,2068,2081,2097,2108,2130,2136,2149,2165,2189,2196,2203,2225,2224,2229,2231,2233,2231,2219]}
61.514	{"type":"imu","dev":"node-01","seq":615,"t0":62734,"fs":100,"samples":[[0.0673,0.8169,0.0048,33.11,-15.25,-14.64,-4.71,89.66],[0.0612,0.7826,-0.0018,31.83,-15.59,-16.05,-4.48,90.13],[0.0637,0.7664,0.0026,30.4,-15.01,-16.46,-4.75,89.8],[0.0556,0.7522,-0.0077,29.12,-16.33,-17.0,-4.23,90.58],[0.0439,0.7306,-0.0022,27.69,-15.23,-17.31,-3.44,90.17],[0.0444,0.721,-0.0009,25.68,-14.34,-18.73,-3.53,90.07],[0.0453,0.713,0.0042,24.05,-14.32,-19.33,-3.64,89.66],[0.047,0.7134,-0.0035,22.76,-13.76,-21.75,-3.77,90.28],[0.0365,0.7227,0.001,20.08,-12.9,-20.89,-2.89,89.92],[0.0366,0.7367,-0.0048,18.39,-12.12,-21.6,-2.84,90.37]]}
61.614	{"type":"ecg","dev":"node-01","seq":616,"t0":62834,"fs":250,"leads_off":false,"bpm":80.2,"samples":[2207,2198,2176,2161,2153,2127,2114,2100,2096,2080,2055,2067,2044,2040,2034,2033,2025,2026,2027,2017,2019,2021,2020,2024,2013]}
61.616	{"type":"imu","dev":"node-01","seq":616,"t0":62834,"fs":100,"samples":[[0.029,0.7482,0.0024,16.36,-11.3,-22.0,-2.22,89.81],[0.0173,0.7809,0.0017,13.03,-10.1,-22.69,-1.27,89.87],[0.0196,0.8067,0.0023,10.15,-8.68,-24.8,-1.39,89.84],[0.0259,0.8409,0.003,9.77,-6.8,-24.41,-1.76,89.79],[0.0134,0.8666,-0.008,7.61,-6.29,-23.66,-0.89,90.53],[0.0043,0.9239,-0.0035,4.44,-3.3,-24.48,-0.27,90.21],[0.0013,0.9736,0.0037,2.94,-2.1,-24.17,-0.08,89.78],[0.0033,1.0141,0.0008,0.42,0.51,-24.76,-0.19,89.95],[-0.0035,1.0598,0.0019,-2.1,1.44,-23.64,0.19,89.9],[-0.0114,1.1054,0.0066,-4.61,2.78,-25.01,0.59,89.66]]}
61.713	{"type":"ecg","dev":"node-01","seq":617,"t0":62934,"fs":250,"leads_off":false,"bpm":79.8,"samples":[2002,2020,2021,2013,2001,2023,2026,2019,2029,2021,2029,2013,2013,2023,2014,2010,2011,2010,2009,1997,2013,2007,2019,2011,2016]}
61.715	{"type":"imu","dev":"node-01","seq":617,"t0":62934,"fs":100,"samples":[[-0.0218,1.1507,-0.0012,-5.99,5.28,-23.8,1.08,90.06],[-0.0193,1.1882,-0.0024,-7.6,6.12,-24.3,0.93,90.12],[-0.0216,1.2269,0.0027,-10.02,8.25,-24.54,1.01,89.88],[-0.0331,1.2467,-0.0046,-12.57,8.9,-22.68,1.52,90.21],[-0.0361,1.2667,-0.0058,-14.55,11.0,-22.9,1.63,90.26],[-0.0338,1.2793,-0.0015,-17.4,11.18,-20.74,1.52,90.07],[-0.0377,1.2876,0.0024,-18.31,12.49,-20.58,1.68,89.89],[-0.0421,1.287,-0.0021,-20.48,13.38,-19.8,1.87,90.1],[-0.0448,1.279,0.0073,-23.15,13.51,-19.21,2.01,89.68],[-0.055,1.278,0.0011,-24.4,13.32,-18.27,2.46,89.95]]}
61.811	{"type":"ecg","dev":"node-01","seq":618,"t0":63034,"fs":250,"leads_off":false,"bpm":80.5,"samples":[2012,2014,2022,2000,2012,2018,2003,2008,2023,2012,2014,2009,2014,2012,2008,2015,2011,2007,2018,2008,2015,1996,2005,2001,2002]}
61.813	{"type":"imu","dev":"node-01","seq":618,"t0":63034,"fs":100,"samples":[[-0.0543,1.2639,-0.0008,-25.91,14.55,-18.51,2.46,90.04],[-0.054,1.2435,-0.0002,-27.91,13.8,-16.28,2.48,90.01],[-0.0586,1.2243,0.0047,-28.99,13.91,-15.56,2.74,89.78],[-0.0663,1.202,0.0004,-31.07,12.25,-14.99,3.16,89.98],[-0.0642,1.175,0.0042,-32.11,13.29,-13.52,3.13,89.79],[-0.0698,1.151,-0.0036,-32.68,12.01,-12.97,3.47,90.18],[-0.0675,1.1304,-0.0116,-34.48,11.17,-11.59,3.42,90.59],[-0.07,1.1066,-0.0019,-35.53,10.42,-9.96,3.62,90.1],[-0.0705,1.0837,-0.0051,-35.96,8.79,-7.58,3.72,90.27],[-0.0795,1.066,-0.0057,-37.15,9.25,-6.82,4.26,90.31]]}
61.911	{"type":"ecg","dev":"node-01","seq":619,"t0":63134,"fs":250,"leads_off":false,"bpm":81.3,"samples":[2004,1998,2010,2011,2010,2004,2000,2016,1998,2011,2010,2000,1998,2002,2007,2009,1995,1993,2003,2011,2003,1996,1998,1997,2006]}
61.913	{"type":"imu","dev":"node-01","seq":619,"t0":63134,"fs":100,"samples":[[-0.082,1.0482,-0.0034,-38.25,5.97,-5.17,4.48,90.19],[-0.0767,1.0321,0.0016,-38.44,5.23,-4.9,4.25,89.91],[-0.0882,1.0281,0.0028,-38.08,3.98,-4.12,4.9,89.85],[-0.0741,1.0165,0.0023,-37.87,1.78,-1.76,4.17,89.87],[-0.0761,1.0049,-0.0032,-39.42,0.39,-0.39,4.33,90.18],[-0.0823,0.9987,0.0047,-39.01,-1.62,0.9,4.71,89.73],[-0.0781,0.9833,0.0,-38.65,-3.32,3.02,4.54,90.0],[-0.0809,0.9692,-0.004,-37.71,-5.82,3.27,4.77,90.23],[-0.0864,0.9608,-0.0029,-37.75,-6.77,6.07,5.14,90.17],[-0.0795,0.9447,0.0014,-37.4,-7.87,6.8,4.81,89.91]]}
66.000	{"type":"status","dev":"node-01","fw":"0.1.0","uptime_ms":67234,"ecg":{"fs":250},"imu":{"ok":true,"fs":100,"errors":0,"fields":["ax","ay","az","gx","gy","gz","pitch","roll"]}}
66.014	{"type":"ecg","dev":"node-01","seq":660,"t0":67234,"fs":250,"leads_off":false,"bpm":75.9,"samples":[2004,2006,2011,2007,2028,2021,2032,2029,2048,2060,2066,2079,2094,2113,2127,2134,2149,2161,2188,2192,2212,2197,2194,2205,2204]}
66.016	{"type":"imu","dev":"node-01","seq":660,"t0":67234,"fs":100,"samples":[[0.0006,1.0037,-0.0008,1.36,-1.1,1.15,-0.04,90.04],[0.0416,0.7094,0.0034,22.83,-15.14,-19.98,-3.36,89.73],[0.0369,0.7122,0.0017,19.81,-13.82,-21.96,-2.96,89.87],[0.0363,0.7224,-0.0016,18.46,-12.85,-21.43,-2.87,90.13],[0.0376,0.7437,0.0026,16.64,-12.03,-23.34,-2.89,89.8],[0.025,0.7617,0.0022,15.31,-10.62,-23.48,-1.88,89.83],[0.027,0.7873,-0.0005,12.12,-9.79,-23.92,-1.96,90.03],[0.0176,0.833,-0.0027,9.76,-8.47,-23.17,-1.21,90.19],[0.0134,0.8656,0.0085,8.74,-5.62,-24.01,-0.88,89.44],[0.0062,0.9047,-0.0049,6.49,-4.49,-24.03,-0.39,90.31]]}
66.113	{"type":"ecg","dev":"node-01","seq":661,"t0":67334,"fs":250,"leads_off":false,"bpm":75.7,"samples":[2180,2178,2171,2146,2139,2128,2114,2094,2083,2074,2057,2031,2029,2036,2015,2004,2008,2005,1999,1991,1988,1983,1985,1977,2002]}
66.115	{"type":"imu","dev":"node-01","seq":661,"t0":67334,"fs":100,"samples":[[0.008,0.9488,-0.0036,3.51,-1.62,-23.94,-0.48,90.22],[-0.0017,0.9898,0.0019,1.47,-0.77,-24.54,0.1,89.89],[0.0031,1.0389,-0.0039,-0.44,1.0,-24.41,-0.17,90.22],[-0.0169,1.081,0.0005,-3.21,2.74,-24.69,0.9,89.97],[-0.0147,1.1266,-0.0033,-5.61,4.15,-23.56,0.75,90.17],[-0.0147,1.1689,0.0001,-7.77,5.74,-23.64,0.72,90.0],[-0.0233,1.2077,-0.0035,-9.22,7.29,-23.73,1.1,90.17],[-0.0245,1.234,0.0004,-11.8,8.19,-22.7,1.14,89.98],[-0.0214,1.2535,-0.0024,-13.15,9.04,-22.95,0.98,90.11],[-0.0408,1.2758,-0.0037,-15.86,10.61,-21.4,1.83,90.17]]}
66.211	{"type":"ecg","dev":"node-01","seq":662,"t0":67434,"fs":250,"leads_off":false,"bpm":76.4,"samples":[1988,1987,1986,1982,1988,1980,1987,1996,1983,1983,1981,1990,1990,1999,1996,1988,1975,1984,1974,1982,1978,1984,1979,1985,1970]}
66.213	{"type":"imu","dev":"node-01","seq":662,"t0":67434,"fs":100,"samples":[[-0.0318,1.286,0.0022,-18.54,11.97,-22.17,1.41,89.9],[-0.0386,1.2876,0.0009,-20.29,12.45,-21.17,1.72,89.96],[-0.0484,1.2891,0.0079,-22.12,13.37,-19.89,2.15,89.65],[-0.0473,1.275,0.0022,-24.12,13.45,-20.05,2.12,89.9],[-0.0529,1.2605,-0.0012,-25.11,14.06,-17.59,2.4,90.05],[-0.0595,1.2477,0.0018,-26.65,15.28,-16.86,2.73,89.92],[-0.0602,1.2162,0.0075,-28.72,14.45,-16.7,2.83,89.65],[-0.0615,1.2111,-0.0047,-29.72,13.45,-15.33,2.91,90.22],[-0.0625,1.1838,0.0118,-30.77,13.49,-14.21,3.02,89.43],[-0.0706,1.1603,0.001,-32.92,12.22,-12.4,3.48,89.95]]}
66.311	{"type":"ecg","dev":"node-01","seq":663,"t0":67534,"fs":250,"leads_off":false,"bpm":76.8,"samples":[1983,1987,1976,1978,1974,1987,1975,1982,1974,1982,1983,1973,1985,1972,1985,1973,1980,1972,1974,1965,1986,1976,1982,1988,1974]}
66.313	{"type":"imu","dev":"node-01","seq":663,"t0":67534,"fs":100,"samples":[[-0.0706,1.1387,-0.0024,-33.61,12.38,-11.49,3.55,90.12],[-0.0728,1.1102,0.0032,-35.18,11.05,-10.29,3.75,89.83],[-0.0751,1.0948,0.0034,-35.97,10.08,-9.1,3.93,89.82],[-0.0778,1.0756,0.0005,-37.36,8.63,-6.66,4.14,89.98],[-0.0773,1.054,-0.0027,-37.9,6.21,-6.11,4.19,90.15],[-0.0738,1.0486,0.0041,-37.89,5.35,-4.78,4.03,89.78],[-0.075,1.0286,0.01,-38.3,4.29,-3.71,4.17,89.44],[-0.0754,1.0131,-0.0034,-37.94,2.28,-2.79,4.25,90.19],[-0.0756,0.9991,0.0058,-38.16,0.62,-1.06,4.33,89.67],[-0.0834,1.0014,-0.007,-37.64,-0.11,0.91,4.76,90.4]]}
66.412	{"type":"ecg","dev":"node-01","seq":664,"t0":67634,"fs":250,"leads_off":false,"bpm":74.6,"samples":[1971,1970,1978,1979,1982,1978,1981,1989,1976,1970,1972,1974,1974,1976,1960,1969,1974,1978,1973,1975,1977,1973,1969,1965,1966]}
66.414	{"type":"imu","dev":"node-01","seq":664,"t0":67634,"fs":100,"samples":[[-0.0778,0.9867,0.0057,-39.21,-2.9,1.58,4.51,89.67],[-0.0791,0.973,-0.003,-39.35,-3.71,3.25,4.65,90.17],[-0.0856,0.9537,-0.0031,-38.16,-6.48,4.13,5.13,90.19],[-0.0756,0.9487,0.0041,-37.71,-7.6,5.77,4.56,89.75],[-0.0745,0.934,0.0001,-37.47,-9.34,6.93,4.56,89.99],[-0.0716,0.9131,-0.002,-36.51,-9.72,8.41,4.48,90.13],[-0.0721,0.892,-0.0028,-36.05,-11.52,9.74,4.62,90.18],[-0.0726,0.878,0.0001,-34.45,-13.09,11.83,4.72,89.99],[-0.0689,0.8547,0.009,-34.58,-14.02,13.16,4.61,89.4],[-0.0694,0.8262,-0.0005,-32.52,-14.89,12.99,4.8,90.04]]}
66.510	{"type":"ecg","dev":"node-01","seq":665,"t0":67734,"fs":250,"leads_off":false,"bpm":76.7,"samples":[1977,1973,1966,1974,1972,1968,1965,1963,1973,1974,1986,1980,1990,1995,1995,1995,2019,2033,2043,2041,2050,2067,2048,2049,2050]}
66.512	{"type":"imu","dev":"node-01","seq":665,"t0":67734,"fs":100,"samples":[[-0.0605,0.8123,-0.008,-31.11,-15.18,14.78,4.26,90.56],[-0.0673,0.7844,0.0013,-29.79,-15.44,16.89,4.91,89.9],[-0.0626,0.7632,-0.0036,-28.48,-14.83,16.62,4.69,90.27],[-0.0561,0.7381,-0.0018,-25.89,-16.16,18.59,4.35,90.14],[-0.0568,0.7322,0.0013,-25.16,-15.96,18.6,4.44,89.9],[-0.0577,0.7107,-0.0014,-23.91,-15.79,20.28,4.64,90.12],[-0.0447,0.7114,-0.0028,-21.5,-14.89,21.95,3.59,90.23],[-0.0342,0.7074,-0.0039,-19.26,-14.37,21.79,2.77,90.31],[-0.0356,0.7115,-0.0055,-17.55,-13.59,21.77,2.86,90.44],[-0.036,0.7274,-0.0029,-15.0,-11.58,23.72,2.84,90.23]]}
66.611	{"type":"ecg","dev":"node-01","seq":666,"t0":67834,"fs":250,"leads_off":false,"bpm":76.9,"samples":[2032,2023,2007,2004,1994,1976,1979,1971,1979,1967,1971,1964,1960,1967,1966,1938,1933,2017,2254,2545,2670,2511,2189,1947,1857]}
66.613	{"type":"imu","dev":"node-01","seq":666,"t0":67834,"fs":100,"samples":[[-0.0282,0.7474,0.0009,-14.03,-10.06,23.45,2.16,89.93],[-0.023,0.7715,-0.0031,-11.59,-9.49,24.28,1.71,90.23],[-0.0192,0.802,0.0038,-9.11,-9.01,24.57,1.37,89.73],[-0.0233,0.8391,-0.0064,-6.9,-6.78,24.21,1.59,90.44],[-0.0087,0.8848,-0.0064,-5.46,-5.78,25.1,0.56,90.41],[-0.0125,0.9313,-0.0015,-3.16,-3.1,24.76,0.77,90.09],[-0.0016,0.9707,-0.0016,-0.43,-2.02,26.56,0.1,90.09],[-0.0026,1.0101,0.0008,1.23,-0.29,25.05,0.15,89.95],[0.0072,1.0629,-0.0031,4.85,2.21,25.39,-0.39,90.17],[0.0125,1.1037,0.0006,6.45,2.9,26.0,-0.65,89.97]]}
66.710	{"type":"ecg","dev":"node-01","seq":667,"t0":67934,"fs":250,"leads_off":false,"bpm":76.2,"samples":[1891,1925,1960,1970,1962,1954,1965,1962,1957,1971,1964,1965,1952,1967,1966,1957,1967,1950,1969,1974,1975,1968,1971,1967,1967]}
66.712	{"type":"imu","dev":"node-01","seq":667,"t0":67934,"fs":100,"samples":[[0.0064,1.1419,-0.0022,8.97,4.48,24.77,-0.32,90.11],[0.0206,1.1868,0.0063,11.1,6.4,25.35,-0.99,89.7],[0.0298,1.2143,-0.0009,13.24,7.84,23.73,-1.41,90.04],[0.031,1.2367,-0.0066,14.54,10.02,23.59,-1.44,90.3],[0.0259,1.263,0.0002,17.24,10.37,23.02,-1.17,89.99],[0.0395,1.2733,-0.0027,18.37,11.6,23.52,-1.78,90.12],[0.0406,1.2822,0.0005,21.63,11.41,22.6,-1.81,89.98],[0.0518,1.2787,0.0061,23.08,13.12,20.64,-2.32,89.73],[0.047,1.2823,-0.0091,25.03,13.51,20.2,-2.1,90.41],[0.0561,1.266,0.0014,27.38,14.67,20.63,-2.54,89.94]]}
66.810	{"type":"ecg","dev":"node-01","seq":668,"t0":68034,"fs":250,"leads_off":false,"bpm":75.7,"samples":[1976,1975,1991,1984,2000,2010,2030,2040,2040,2055,2077,2072,2110,2120,2139,2149,2148,2148,2169,2180,2174,2165,2160,2161,2131]}
66.812	{"type":"imu","dev":"node-01","seq":668,"t0":68034,"fs":100,"samples":[[0.0589,1.2504,0.0029,29.31,13.58,18.77,-2.7,89.87],[0.0572,1.2383,-0.0039,30.19,14.48,19.07,-2.64,90.18],[0.0686,1.2163,-0.0034,31.25,14.45,17.12,-3.23,90.16],[0.0681,1.1931,0.0047,33.64,13.55,15.39,-3.27,89.77],[0.0661,1.1687,-0.0042,35.11,12.95,14.47,-3.24,90.21],[0.067,1.1462,-0.0057,35.24,12.82,13.69,-3.34,90.29],[0.0719,1.1188,-0.0042,36.07,11.09,11.31,-3.68,90.21],[0.067,1.1012,0.0005,37.32,10.31,12.11,-3.48,89.97],[0.0707,1.0814,-0.0038,38.74,8.62,9.47,-3.74,90.2],[0.0758,1.0617,-0.0024,38.92,8.34,8.31,-4.08,90.13]]}
66.913	{"type":"ecg","dev":"node-01","seq":669,"t0":68134,"fs":250,"leads_off":false,"bpm":76.7,"samples":[2132,2109,2102,2085,2071,2053,2050,2020,2020,2007,1993,1987,1975,1974,1976,1961,1971,1961,1974,1963,1956,1967,1956,1952,1967]}
66.915	{"type":"imu","dev":"node-01","seq":669,"t0":68134,"fs":100,"samples":[[0.0804,1.0454,-0.0007,39.58,6.6,7.33,-4.4,90.04],[0.0743,1.0395,0.0028,41.04,5.58,5.65,-4.09,89.85],[0.0866,1.028,0.0013,41.14,4.01,3.58,-4.81,89.93],[0.0798,1.0113,-0.0002,40.71,0.69,1.81,-4.51,90.01],[0.0778,1.006,-0.0007,40.68,0.85,0.06,-4.42,90.04],[0.0825,0.9953,-0.0003,42.18,-1.94,-0.36,-4.74,90.02],[0.0764,0.9791,-0.001,41.53,-2.76,-2.15,-4.46,90.06],[0.0848,0.9667,0.0063,40.81,-4.75,-3.53,-5.01,89.63],[0.07,0.9589,-0.0027,39.91,-7.02,-4.95,-4.17,90.16],[0.0781,0.9407,0.0039,39.68,-8.4,-5.53,-4.75,89.76]]}
67.010	{"type":"ecg","dev":"node-01","seq":670,"t0":68234,"fs":250,"leads_off":false,"bpm":75.8,"samples":[1964,1970,1950,1962,1965,1961,1960,1960,1968,1950,1960,1963,1954,1952,1957,1960,1958,1950,1973,1958,1966,1952,1960,1958,1966]}
67.012	{"type":"imu","dev":"node-01","seq":670,"t0":68234,"fs":100,"samples":[[0.0747,0.9197,0.002,38.75,-10.72,-7.71,-4.65,89.87],[0.0724,0.9048,0.0045,38.28,-10.87,-7.48,-4.57,89.72],[0.0747,0.8914,-0.0064,37.97,-12.16,-10.09,-4.79,90.41],[0.0642,0.8599,0.0067,35.79,-14.26,-12.14,-4.27,89.55],[0.0694,0.8463,-0.0013,35.51,-13.4,-12.19,-4.69,90.09],[0.0669,0.8207,-0.0046,33.55,-15.13,-13.6,-4.66,90.32],[0.0626,0.7903,0.0069,34.0,-15.18,-15.14,-4.53,89.5],[0.0578,0.7717,0.0008,32.1,-14.72,-15.48,-4.28,89.94],[0.0549,0.7476,0.0041,29.25,-16.25,-17.01,-4.2,89.68],[0.0562,0.7295,-0.0023,28.7,-15.77,-18.92,-4.4,90.18]]}
67.111	{"type":"ecg","dev":"node-01","seq":671,"t0":68334,"fs":250,"leads_off":false,"bpm":75.8,"samples":[1954,1961,1957,1953,1957,1962,1951,1970,1955,1954,1951,1957,1961,1972,1959,1960,1963,1966,1964,1955,1948,1972,1958,1962,1964]}
67.113	{"type":"imu","dev":"node-01","seq":671,"t0":68334,"fs":100,"samples":[[0.0475,0.7197,-0.0008,26.63,-15.35,-18.06,-3.78,90.07],[0.0471,0.7127,0.0047,24.87,-15.82,-19.61,-3.78,89.62],[0.0459,0.712,-0.0049,23.62,-14.28,-20.24,-3.69,90.4],[0.0301,0.7088,0.0018,21.49,-13.13,-21.19,-2.43,89.86],[0.0361,0.719,0.001,18.39,-11.93,-22.55,-2.88,89.92],[0.0337,0.7409,-0.0039,17.73,-11.64,-22.61,-2.6,90.3],[0.0271,0.7526,0.0057,15.56,-10.91,-22.92,-2.06,89.56],[0.022,0.7837,-0.0036,12.99,-9.39,-23.86,-1.61,90.27],[0.0121,0.8173,-0.0061,10.62,-7.91,-24.57,-0.85,90.43],[0.0109,0.8467,0.0049,8.96,-5.35,-24.0,-0.74,89.67]]}
67.212	{"type":"ecg","dev":"node-01","seq":672,"t0":68434,"fs":250,"leads_off":false,"bpm":76.9,"samples":[1956,1961,1953,1956,1959,1972,1963,1959,1961,1961,1963,1950,1967,1962,1956,1964,1963,1963,1953,1978,1961,1960,1951,1969,1974]}
67.214	{"type":"imu","dev":"node-01","seq":672,"t0":68434,"fs":100,"samples":[[0.0149,0.8947,0.0016,6.23,-5.01,-23.83,-0.95,89.9],[0.0127,0.9352,0.0014,4.29,-3.02,-24.18,-0.78,89.91],[0.001,0.9872,-0.0005,2.64,-1.44,-24.43,-0.06,90.03],[0.0049,1.0355,-0.0016,-1.42,-0.26,-23.87,-0.27,90.09],[-0.0074,1.0849,0.003,-2.57,2.38,-24.68,0.39,89.84],[-0.0101,1.1165,-0.0075,-5.23,4.38,-24.0,0.52,90.39],[-0.0128,1.1593,-0.0029,-7.12,5.74,-24.21,0.63,90.14],[-0.0255,1.2002,0.0022,-9.3,5.93,-23.53,1.22,89.9],[-0.0302,1.2252,0.0031,-11.93,8.39,-22.41,1.41,89.86],[-0.0357,1.2444,-0.0034,-13.71,9.87,-22.01,1.64,90.16]]}
67.312	{"type":"ecg","dev":"node-01","seq":673,"t0":68534,"fs":250,"leads_off":false,"bpm":75.8,"samples":[1957,1954,1960,1971,1965,1967,1977,1975,1975,1992,1986,1987,1992,2007,2026,2041,2051,2058,2050,2060,2054,2037,2038,2019,2027]}
67.314	{"type":"imu","dev":"node-01","seq":673,"t0":68534,"fs":100,"samples":[[-0.0265,1.2685,-0.0002,-15.4,11.18,-21.78,1.2,90.01],[-0.0401,1.2766,-0.006,-18.38,12.37,-21.36,1.8,90.27],[-0.0459,1.2808,-0.0001,-19.34,12.21,-20.83,2.05,90.0],[-0.0455,1.2842,-0.0,-22.29,13.28,-19.43,2.03,90.0],[-0.0465,1.2769,-0.0048,-23.28,13.83,-19.52,2.09,90.21],[-0.0461,1.2609,0.0017,-25.85,13.28,-18.09,2.09,89.92],[-0.0541,1.2485,-0.0047,-27.31,14.1,-17.85,2.48,90.22],[-0.0615,1.2272,-0.0059,-28.67,12.84,-16.15,2.87,90.28],[-0.0572,1.2197,0.0013,-30.15,12.46,-15.67,2.69,89.94],[-0.0621,1.183,-0.0029,-31.16,13.0,-13.64,3.0,90.14]]}
67.411	{"type":"ecg","dev":"node-01","seq":674,"t0":68634,"fs":250,"leads_off":false,"bpm":77.4,"samples":[2012,2004,1988,1981,1983,1977,1982,1963,1969,1978,1974,1957,1957,1945,1975,2140,2445,2653,2604,2311,2013,1863,1860,1922,1951]}
67.413	{"type":"imu","dev":"node-01","seq":674,"t0":68634,"fs":100,"samples":[[-0.0701,1.1605,0.0063,-32.62,11.68,-13.27,3.45,89.69],[-0.074,1.1395,-0.0055,-32.71,11.47,-11.27,3.72,90.28],[-0.0715,1.1186,0.0057,-34.42,11.17,-11.0,3.66,89.71],[-0.0769,1.0976,0.0093,-35.85,10.27,-9.52,4.01,89.52],[-0.0704,1.0739,0.0008,-36.98,9.47,-7.4,3.75,89.96],[-0.078,1.0561,-0.007,-37.61,8.02,-6.67,4.22,90.38],[-0.0796,1.0348,-0.0064,-37.68,6.56,-5.04,4.4,90.35],[-0.0742,1.0299,-0.0045,-38.2,4.53,-3.55,4.12,90.25],[-0.0774,1.025,-0.0027,-39.77,2.54,-2.64,4.32,90.15],[-0.0824,1.0089,0.0009,-39.61,1.45,-1.6,4.67,89.95]]}
67.510	{"type":"ecg","dev":"node-01","seq":675,"t0":68734,"fs":250,"leads_off":false,"bpm":76.5,"samples":[1961,1965,1970,1973,1970,1977,1977,1974,1964,1971,1977,1978,1972,1966,1976,1977,1977,1972,1990,1977,1983,1997,1977,1993,1992]}
67.512	{"type":"imu","dev":"node-01","seq":675,"t0":68734,"fs":100,"samples":[[0.0006,0.9964,0.003,1.25,-1.12,0.89,-0.03,89.83],[-0.0021,1.0009,-0.0029,0.67,-0.66,0.46,0.12,90.16],[-0.0017,0.9968,0.003,1.8,-1.02,-0.28,0.1,89.83],[-0.007,0.9975,-0.0001,1.4,-0.92,0.16,0.4,90.0],[0.0065,0.9977,-0.0008,1.65,-1.21,1.2,-0.38,90.05],[-0.0023,0.9885,-0.0037,0.7,-0.82,-0.37,0.13,90.22],[0.0028,0.9956,0.0014,1.1,-1.06,0.63,-0.16,89.92],[0.0039,1.0026,-0.0021,1.48,-0.55,0.39,-0.22,90.12],[0.0014,0.9927,-0.0065,0.81,-0.64,1.31,-0.08,90.38],[0.0031,0.9992,-0.0005,1.6,0.42,0.37,-0.18,90.03]]}
67.614	{"type":"ecg","dev":"node-01","seq":676,"t0":68834,"fs":250,"leads_off":false,"bpm":76.6,"samples":[2002,2010,2020,2044,2045,2063,2076,2091,2100,2111,2131,2143,2161,2167,2184,2181,2187,2189,2192,2188,2161,2167,2151,2131,2131]}
67.616	{"type":"imu","dev":"node-01","seq":676,"t0":68834,"fs":100,"samples":[[-0.0028,0.9983,0.0055,0.99,-1.46,0.64,0.16,89.69],[-0.0037,0.996,0.0041,2.08,-0.4,0.4,0.21,89.76],[-0.001,1.0011,-0.0066,1.3,-1.14,0.93,0.06,90.38],[-0.0037,0.9994,-0.0024,0.84,-0.41,0.46,0.21,90.14],[0.0045,0.9999,0.001,0.67,-0.32,0.78,-0.26,89.94],[-0.009,0.9975,-0.0024,1.62,-1.6,0.88,0.52,90.14],[-0.0026,0.9957,0.0059,2.15,-0.82,0.76,0.15,89.66],[-0.0014,0.9964,0.0036,1.88,-0.56,-0.31,0.08,89.8],[-0.0077,1.0022,0.0064,0.27,-0.99,0.34,0.44,89.63],[-0.006,1.0008,0.0041,1.27,-0.34,0.77,0.34,89.77]]}
67.714	{"type":"ecg","dev":"node-01","seq":677,"t0":68934,"fs":250,"leads_off":false,"bpm":76.3,"samples":[2101,2099,2091,2066,2043,2041,2033,2024,2014,2018,1997,1995,1989,2002,1991,1993,2001,1986,1996,1981,1982,1987,1988,1985,1990]}
67.716	{"type":"imu","dev":"node-01","seq":677,"t0":68934,"fs":100,"samples":[[0.0076,1.0007,0.0017,1.37,-1.11,0.29,-0.44,89.9],[-0.0036,0.9958,0.0078,0.67,0.19,0.27,0.21,89.55],[-0.0023,0.9958,0.0025,1.18,-1.34,0.64,0.13,89.85],[-0.0064,0.9956,0.0067,0.93,-2.09,0.17,0.37,89.62],[-0.0016,0.9875,-0.0008,1.17,-0.89,-0.23,0.09,90.05],[-0.0,0.9954,-0.0039,1.3,-0.44,0.69,0.0,90.22],[-0.002,0.9992,-0.0023,1.67,-0.06,-0.19,0.12,90.13],[-0.0018,1.0006,-0.0031,1.32,-1.09,0.25,0.1,90.18],[-0.0028,0.9927,0.0012,0.67,-1.06,0.01,0.16,89.93],[0.0049,1.0014,-0.0034,1.46,-0.31,0.26,-0.28,90.2]]}
67.814	{"type":"ecg","dev":"node-01","seq":678,"t0":69034,"fs":250,"leads_off":false,"bpm":77.0,"samples":[1989,1996,1987,1993,1987,1993,1989,1983,1987,1987,1991,1990,1987,1995,1979,1991,1989,1988,2000,2001,2003,1990,1995,2001,1994]}
67.816	{"type":"imu","dev":"node-01","seq":678,"t0":69034,"fs":100,"samples":[[-0.0007,1.0017,0.0015,1.44,-0.73,1.16,0.04,89.91],[0.001,0.9976,-0.0019,0.56,-0.39,0.21,-0.06,90.11],[-0.0025,0.998,-0.0037,0.92,-1.16,0.56,0.14,90.21],[0.0015,0.9893,0.0017,0.37,-0.79,0.02,-0.09,89.9],[-0.002,0.9924,-0.0029,0.38,-1.26,1.27,0.12,90.17],[0.0013,1.0,-0.002,1.08,-0.8,-0.99,-0.08,90.11],[0.0008,0.9892,-0.0021,1.57,-0.35,0.89,-0.05,90.12],[-0.0053,1.0039,-0.0031,1.63,-1.13,1.31,0.3,90.18],[-0.0001,0.9998,-0.0047,1.58,-0.33,0.86,0.01,90.27],[-0.0033,0.9949,0.002,1.27,-0.39,0.99,0.19,89.88]]}
67.911	{"type":"ecg","dev":"node-01","seq":679,"t0":69134,"fs":250,"leads_off":false,"bpm":76.8,"samples":[1986,1991,1989,1996,1999,1999,1995,1995,1993,2004,1996,2008,1994,1998,1995,1995,1992,1989,1999,1997,1985,1997,2006,2003,1996]}
67.913	{"type":"imu","dev":"node-01","seq":679,"t0":69134,"fs":100,"samples":[[-0.005,0.999,-0.004,1.65,-1.17,0.25,0.29,90.23],[0.0036,0.992,-0.0004,1.85,-0.39,1.53,-0.21,90.02],[-0.0016,1.0021,0.01,1.18,-1.58,0.39,0.09,89.43],[-0.0004,0.9972,-0.0089,1.77,-0.27,0.86,0.03,90.51],[-0.0025,1.0038,-0.0012,1.46,-0.52,1.72,0.14,90.07],[0.01,0.9988,-0.002,1.11,-0.02,0.94,-0.57,90.11],[0.0024,1.0036,0.0018,0.66,-0.79,0.47,-0.13,89.9],[0.0035,0.9992,0.0007,0.85,-0.33,0.94,-0.2,89.96],[0.0012,0.9999,-0.005,1.54,-1.31,-0.22,-0.07,90.29],[0.0035,1.0009,-0.0048,0.89,-0.65,0.8,-0.2,90.27]]}
68.013	{"type":"ecg","dev":"node-01","seq":680,"t0":69234,"fs":250,"leads_off":false,"bpm":74.8,"samples":[2005,1996,2010,1995,1999,2008,1999,2009,2000,2006,1992,2009,2003,2006,2005,2010,2010,2000,2007,2005,2004,1998,2004,1995,2016]}
68.015	{"type":"imu","dev":"node-01","seq":680,"t0":69234,"fs":100,"samples":[[-0.0104,0.9996,-0.004,1.39,-0.58,1.07,0.59,90.23],[0.0093,1.0052,0.0019,0.79,-0.98,1.29,-0.53,89.89],[0.0005,1.0002,-0.0035,1.61,-1.39,0.51,-0.03,90.2],[0.0009,1.0048,0.0003,1.9,-0.09,0.38,-0.05,89.99],[-0.0022,1.0055,-0.0029,1.6,-0.15,0.75,0.13,90.17],[-0.0025,1.0062,-0.002,1.94,-0.52,-0.19,0.14,90.12],[0.0033,1.0016,-0.0066,0.86,-0.27,1.57,-0.19,90.38],[0.0065,1.0004,-0.0056,1.62,-0.13,0.95,-0.37,90.32],[-0.003,1.0009,-0.0012,0.92,-1.62,1.16,0.17,90.07],[0.0007,0.9903,-0.0038,1.47,-2.25,0.93,-0.04,90.22]]}
68.113	{"type":"ecg","dev":"node-01","seq":681,"t0":69334,"fs":250,"leads_off":false,"bpm":76.0,"samples":[2009,2007,2010,2002,2023,2008,2016,2026,2022,2050,2037,2056,2064,2079,2083,2091,2092,2116,2092,2081,2080,2069,2052,2035,2039]}
68.115	{"type":"imu","dev":"node-01","seq":681,"t0":69334,"fs":100,"samples":[[-0.0087,1.0052,-0.0022,1.09,-0.44,-0.41,0.49,90.12],[-0.0052,1.0012,-0.0029,0.53,-1.48,0.75,0.3,90.17],[-0.0063,0.9978,-0.0007,1.22,-1.29,1.29,0.36,90.04],[-0.0085,0.9984,0.0002,1.56,-1.1,0.9,0.49,89.99],[0.0051,0.9999,0.004,1.84,0.32,0.67,-0.29,89.77],[-0.0079,0.9943,-0.0003,2.26,-0.66,-0.57,0.45,90.02],[-0.0043,0.9993,-0.0034,1.14,-0.32,-0.21,0.25,90.2],[-0.0036,1.0,0.0046,1.36,0.28,0.48,0.21,89.74],[-0.0017,0.9967,0.0,1.05,-1.35,0.21,0.1,90.0],[0.0019,1.0012,0.0019,1.51,-0.77,0.52,-0.11,89.89]]}
68.210	{"type":"ecg","dev":"node-01","seq":682,"t0":69434,"fs":250,"leads_off":false,"bpm":77.0,"samples":[2030,2025,2017,2020,2024,2010,2017,2017,2015,1998,1986,1998,2106,2371,2649,2707,2486,2162,1946,1911,1941,1990,2017,2015,2016]}
68.212	{"type":"imu","dev":"node-01","seq":682,"t0":69434,"fs":100,"samples":[[0.0013,0.9981,0.0016,1.04,-0.78,0.3,-0.08,89.91],[-0.0006,0.9981,-0.0058,1.29,-0.77,0.7,0.03,90.33],[0.0025,0.9954,-0.0031,1.96,-0.65,0.92,-0.15,90.18],[-0.0011,0.9982,0.0013,0.89,-1.17,-0.31,0.06,89.92],[0.0038,0.9995,0.0006,0.61,-0.61,0.49,-0.22,89.97],[-0.0006,0.998,-0.0033,1.6,-1.67,0.75,0.04,90.19],[-0.0022,1.0015,-0.0053,1.55,-0.55,1.2,0.13,90.3],[-0.0005,1.0072,0.0091,1.2,-1.34,0.45,0.03,89.48],[-0.0005,1.0076,-0.0053,0.34,-0.18,0.32,0.03,90.3],[0.0022,1.0075,0.0048,1.11,-0.36,0.28,-0.12,89.73]]}
68.313	{"type":"ecg","dev":"node-01","seq":683,"t0":69534,"fs":250,"leads_off":false,"bpm":77.2,"samples":[2029,2025,2016,2025,2028,2028,2032,2019,2019,2026,2022,2025,2030,2016,2029,2018,2030,2016,2031,2037,2043,2038,2055,2064,2055]}
68.315	{"type":"imu","dev":"node-01","seq":683,"t0":69534,"fs":100,"samples":[[-0.0041,1.0011,-0.0025,1.24,-0.47,0.17,0.24,90.14],[0.0002,1.0,0.0003,1.94,-0.07,0.21,-0.01,89.98],[-0.0006,1.0064,0.0023,1.13,-1.42,0.88,0.03,89.87],[0.0011,1.0077,0.0034,0.45,-0.26,0.61,-0.07,89.81],[0.0035,1.0039,-0.0031,1.6,-0.54,0.42,-0.2,90.18],[-0.0026,1.0066,-0.001,1.86,-0.43,-0.1,0.15,90.06],[-0.0004,1.0034,0.0051,1.2,-1.11,0.68,0.02,89.71],[0.0041,1.0019,0.0084,2.35,-1.22,0.55,-0.23,89.52],[-0.0001,1.0034,-0.0035,1.45,-1.42,0.95,0.0,90.2],[0.0051,0.9918,0.0042,1.48,-0.94,0.47,-0.29,89.76]]}
68.411	{"type":"ecg","dev":"node-01","seq":684,"t0":69634,"fs":250,"leads_off":false,"bpm":77.1,"samples":[2081,2093,2091,2114,2131,2140,2159,2178,2187,2200,2216,2218,2217,2235,2239,2240,2223,2228,2207,2199,2194,2184,2155,2142,2127]}
68.413	{"type":"imu","dev":"node-01","seq":684,"t0":69634,"fs":100,"samples":[[-0.0026,0.9978,0.0022,1.08,-0.8,0.92,0.15,89.88],[0.0038,1.0001,0.0054,1.14,0.06,1.33,-0.22,89.69],[0.0001,0.997,0.0052,1.05,-0.67,0.37,-0.01,89.7],[-0.0001,1.0035,0.0033,2.07,-1.59,0.42,0.01,89.81],[-0.0051,1.0066,0.0018,1.06,-0.55,0.23,0.29,89.9],[-0.0004,1.0036,-0.0025,0.61,-1.49,1.62,0.03,90.14],[-0.0011,1.0015,0.0002,1.55,-0.42,1.56,0.06,89.99],[0.0042,0.9981,-0.0036,1.28,-0.33,1.15,-0.24,90.21],[-0.004,1.0077,-0.0016,1.48,-0.31,1.47,0.23,90.09],[-0.0008,1.0091,-0.0023,1.55,-0.12,1.06,0.05,90.13]]}
68.512	{"type":"ecg","dev":"node-01","seq":685,"t0":69734,"fs":250,"leads_off":false,"bpm":76.2,"samples":[2124,2103,2103,2079,2072,2073,2044,2053,2033,2041,2032,2034,2039,2035,2027,2047,2025,2034,2028,2033,2039,2039,2030,2032,2029]}
68.514	{"type":"imu","dev":"node-01","seq":685,"t0":69734,"fs":100,"samples":[[-0.0012,0.9996,-0.0021,1.14,-1.16,1.05,0.07,90.12],[0.0052,1.0018,-0.0044,1.45,-0.58,0.41,-0.3,90.25],[-0.0055,1.0098,-0.0015,1.04,-0.9,0.64,0.31,90.09],[0.0013,1.0038,-0.0031,0.89,-0.67,1.27,-0.07,90.18],[-0.0013,0.999,-0.0094,1.2,-0.56,0.17,0.08,90.54],[0.0035,1.0112,0.0014,1.18,-0.92,1.08,-0.2,89.92],[-0.0009,0.9991,0.0004,1.2,-0.54,0.44,0.05,89.98],[0.0058,0.9999,0.0029,1.76,-0.49,-0.43,-0.33,89.83],[0.004,1.002,-0.004,0.32,0.11,0.61,-0.23,90.23],[-0.0044,1.0018,0.0008,0.68,-0.24,1.27,0.25,89.95]]}
68.614	{"type":"ecg","dev":"node-01","seq":686,"t0":69834,"fs":250,"leads_off":false,"bpm":76.7,"samples":[2037,2031,2024,2037,2025,2034,2038,2038,2038,2026,2043,2028,2022,2039,2022,2041,2041,2040,2031,2041,2043,2038,2031,2032,2030]}
68.616	{"type":"imu","dev":"node-01","seq":686,"t0":69834,"fs":100,"samples":[[-0.004,0.9973,-0.0017,2.05,-1.57,0.99,0.23,90.1],[0.0017,0.9952,-0.0024,2.11,-1.01,-0.26,-0.1,90.14],[0.0015,1.0051,0.0086,1.03,-1.33,0.38,-0.09,89.51],[-0.0004,1.0035,0.0019,1.56,-1.08,-0.42,0.02,89.89],[0.0022,1.0006,0.0024,0.86,-1.6,0.43,-0.13,89.86],[0.003,1.0019,0.0087,1.66,-0.63,0.84,-0.17,89.5],[-0.002,1.0052,-0.0054,1.27,-0.47,0.52,0.11,90.31],[-0.0033,0.9995,-0.005,0.6,-0.64,1.03,0.19,90.29],[0.002,1.0067,0.0012,1.61,-1.56,0.15,-0.11,89.93],[-0.0085,0.9953,-0.0056,1.82,-1.19,-0.01,0.49,90.32]]}
68.713	{"type":"ecg","dev":"node-01","seq":687,"t0":69934,"fs":250,"leads_off":false,"bpm":76.6,"samples":[2026,2046,2044,2027,2037,2037,2038,2035,2033,2038,2051,2036,2023,2037,2043,2043,2032,2032,2027,2032,2035,2034,2037,2031,2052]}
68.715	{"type":"imu","dev":"node-01","seq":687,"t0":69934,"fs":100,"samples":[[0.0052,1.0059,0.0022,0.61,-0.59,0.51,-0.29,89.88],[0.0029,1.0101,0.0081,1.15,-1.34,1.03,-0.17,89.54],[0.0007,1.003,0.0015,1.53,-0.46,1.16,-0.04,89.91],[0.0044,1.0018,0.0026,0.88,-0.05,0.28,-0.25,89.85],[-0.001,1.0016,0.0017,0.7,-0.72,0.57,0.06,89.91],[0.0101,1.004,0.0022,2.04,-0.71,0.8,-0.57,89.88],[0.0044,1.0025,-0.0046,0.93,0.72,-0.51,-0.25,90.26],[0.0,1.0011,0.0029,1.17,-0.41,1.09,-0.0,89.83],[0.0032,1.004,-0.0028,1.75,-0.8,0.86,-0.18,90.16],[0.005,0.9934,-0.0038,1.99,-0.97,0.55,-0.29,90.22]]}
68.812	{"type":"ecg","dev":"node-01","seq":688,"t0":70034,"fs":250,"leads_off":false,"bpm":76.2,"samples":[2039,2036,2041,2039,2037,2026,2044,2033,2044,2048,2039,2026,2043,2045,2028,2037,2033,2033,2043,2035,2040,2036,2036,2047,2039]}
68.814	{"type":"imu","dev":"node-01","seq":688,"t0":70034,"fs":100,"samples":[[-0.0039,1.0003,-0.002,0.84,-1.44,0.58,0.22,90.12],[0.0027,1.0095,-0.0006,1.07,-0.56,0.03,-0.15,90.04],[-0.0008,1.0087,-0.0016,1.56,-0.73,1.01,0.05,90.09],[0.0028,1.005,0.0038,1.01,-0.79,1.54,-0.16,89.78],[0.002,1.0059,0.0022,1.3,-1.03,0.39,-0.11,89.87],[0.004,1.0024,0.0022,1.07,-1.62,1.09,-0.23,89.87],[0.0043,0.9999,0.0067,1.62,-0.23,0.24,-0.24,89.62],[-0.0077,1.0027,0.0031,1.43,-0.49,0.42,0.44,89.82],[-0.005,0.9999,-0.0025,1.21,-1.04,0.8,0.29,90.14],[0.005,1.0035,-0.0046,1.49,-2.14,0.79,-0.29,90.26]]}
68.912	{"type":"ecg","dev":"node-01","seq":689,"t0":70134,"fs":250,"leads_off":false,"bpm":75.9,"samples":[2040,2044,2044,2045,2055,2058,2061,2062,2091,2102,2107,2121,2121,2142,2125,2127,2109,2107,2099,2083,2075,2075,2068,2061,2041]}
68.914	{"type":"imu","dev":"node-01","seq":689,"t0":70134,"fs":100,"samples":[[-0.0064,1.0062,-0.009,0.25,-1.46,0.67,0.37,90.51],[-0.0087,1.0089,0.0002,1.62,-1.16,-0.23,0.5,89.99],[-0.0014,0.9998,-0.001,0.97,-1.1,0.23,0.08,90.06],[-0.0018,1.0054,0.0047,0.91,-1.1,0.51,0.1,89.73],[0.0093,1.0036,0.0008,1.3,-1.11,0.89,-0.53,89.95],[-0.0001,1.0057,-0.001,0.25,-0.01,0.26,0.0,90.06],[-0.0025,1.0001,0.0073,1.47,-0.76,0.77,0.14,89.58],[0.0037,1.004,-0.004,1.06,-0.58,0.59,-0.21,90.23],[-0.0042,0.9997,-0.0021,1.29,-0.45,0.38,0.24,90.12],[0.0041,1.0062,0.0051,0.5,-0.91,0.34,-0.23,89.71]]}
69.013	{"type":"ecg","dev":"node-01","seq":690,"t0":70234,"fs":250,"leads_off":false,"bpm":74.8,"samples":[2044,2038,2038,2038,2042,2046,2031,2020,2001,2063,2297,2582,2742,2619,2307,2026,1934,1948,2008,2024,2039,2032,2034,2043,2049]}
69.015	{"type":"imu","dev":"node-01","seq":690,"t0":70234,"fs":100,"samples":[[0.0051,1.0126,-0.0026,1.14,-0.12,-0.02,-0.29,90.15],[0.0065,1.0065,0.0002,0.99,-1.31,0.72,-0.37,89.99],[-0.0037,1.0098,-0.0011,0.76,-0.63,0.81,0.21,90.06],[0.0012,1.005,0.0102,1.01,-0.95,1.35,-0.07,89.42],[-0.0065,0.9971,0.0066,0.78,-1.55,0.16,0.37,89.62],[0.0032,1.003,-0.0041,1.07,-0.59,0.6,-0.19,90.23],[0.0012,1.0085,-0.0006,0.91,-0.83,0.7,-0.07,90.04],[-0.0054,1.0047,0.0034,0.92,-0.55,0.72,0.31,89.81],[-0.0024,1.0015,0.0041,1.05,-1.36,0.25,0.13,89.77],[-0.0072,1.007,-0.0,0.96,-0.42,0.88,0.41,90.0]]}
69.030	{"type":"imu","dev":"node-01","seq":999999,"samples":"oops"}
69.030	{"type":"ecg","dev":"node-01","sam
69.113	{"type":"ecg","dev":"node-01","seq":691,"t0":70334,"fs":250,"leads_off":false,"bpm":74.9,"samples":[2033,2048,2050,2044,2038,2038,2036,2042,2037,2036,2036,2038,2044,2049,2040,2046,2051,2047,2053,2062,2075,2075,2087,2089,2105]}
69.115	{"type":"imu","dev":"node-01","seq":691,"t0":70334,"fs":100,"samples":[[0.0027,1.0081,-0.0011,2.22,-1.35,0.22,-0.16,90.06],[-0.001,1.0017,-0.008,1.73,-0.51,1.66,0.06,90.46],[-0.0008,1.0043,-0.0002,1.87,-1.0,1.2,0.05,90.01],[-0.0002,1.0077,0.0016,1.39,-1.03,0.39,0.01,89.91],[0.0026,1.0009,-0.0025,1.56,-0.81,-0.18,-0.15,90.14],[0.0027,1.0033,0.0019,1.04,-1.19,0.66,-0.15,89.89],[-0.0013,1.0079,0.0036,1.51,-0.82,0.06,0.07,89.79],[-0.0047,1.0033,0.0017,0.82,-0.74,0.09,0.27,89.91],[0.001,0.9942,0.0044,1.09,-0.77,-0.27,-0.06,89.75],[0.0051,1.0093,0.0016,1.24,-0.14,0.72,-0.29,89.91]]}
69.214	{"type":"ecg","dev":"node-01","seq":692,"t0":70434,"fs":250,"leads_off":false,"bpm":77.1,"samples":[2119,2133,2144,2156,2177,2177,2202,2212,2222,2240,2246,2241,2251,2254,2235,2234,2218,2198,2190,2172,2163,2154,2121,2104,2098]}
69.216	{"type":"imu","dev":"node-01","seq":692,"t0":70434,"fs":100,"samples":[[0.0032,1.0012,-0.0007,1.63,-1.38,1.75,-0.18,90.04],[-0.0081,1.0067,0.0006,1.36,-1.14,0.14,0.46,89.97],[0.0043,0.9993,0.0027,1.19,-1.27,0.35,-0.24,89.85],[-0.0031,1.006,0.0027,1.34,-1.2,0.72,0.17,89.85],[-0.0012,1.0037,-0.0059,0.9,-0.52,0.74,0.07,90.33],[0.0079,0.9984,-0.0001,0.33,-1.67,0.26,-0.45,90.01],[-0.0044,1.0018,0.0025,1.05,-0.52,0.34,0.25,89.86],[-0.004,0.9982,-0.0076,1.15,-0.65,1.36,0.23,90.44],[-0.0062,1.0023,-0.004,1.48,-0.06,1.12,0.35,90.23],[-0.0058,1.001,0.0006,0.64,0.19,0.89,0.33,89.96]]}
69.311	{"type":"ecg","dev":"node-01","seq":693,"t0":70534,"fs":250,"leads_off":false,"bpm":74.6,"samples":[2096,2083,2083,2056,2064,2053,2052,2041,2047,2035,2025,2041,2035,2041,2046,2042,2035,2037,2040,2041,2036,2036,2035,2024,2033]}
69.313	{"type":"imu","dev":"node-01","seq":693,"t0":70534,"fs":100,"samples":[[0.0104,1.0052,0.0066,0.91,-1.02,0.63,-0.59,89.62],[-0.0049,1.0042,-0.0063,1.54,-0.86,0.09,0.28,90.36],[0.0008,1.0073,-0.0027,1.59,-0.16,0.03,-0.05,90.15],[-0.0007,0.9956,-0.0045,1.03,-0.76,0.46,0.04,90.26],[0.0004,1.0035,0.0045,1.94,-1.42,-0.18,-0.03,89.74],[-0.0054,1.009,0.0004,1.54,-0.96,-0.17,0.31,89.97],[0.0022,1.0074,0.0019,1.22,-1.03,-0.68,-0.12,89.89],[-0.0063,1.0074,-0.0023,1.77,-1.19,0.56,0.36,90.13],[-0.0047,0.9998,0.002,1.92,-1.44,0.05,0.27,89.89],[-0.0005,0.9982,0.0001,0.47,-0.78,0.29,0.03,89.99]]}
69.411	{"type":"ecg","dev":"node-01","seq":694,"t0":70634,"fs":250,"leads_off":false,"bpm":76.7,"samples":[2037,2019,2033,2033,2035,2034,2034,2031,2033,2026,2036,2027,2032,2036,2027,2024,2029,2032,2027,2033,2026,2028,2033,2030,2034]}
69.413	{"type":"imu","dev":"node-01","seq":694,"t0":70634,"fs":100,"samples":[[0.0019,1.0061,0.0025,1.24,-0.8,0.66,-0.11,89.86],[0.0008,1.001,-0.0068,0.82,-0.26,1.43,-0.05,90.39],[-0.0017,1.0041,0.0032,1.43,0.34,0.79,0.1,89.82],[-0.0014,1.0017,-0.0056,0.8,0.53,1.07,0.08,90.32],[-0.007,0.9965,0.0038,0.74,-0.96,-0.21,0.4,89.78],[0.0002,1.0095,0.0068,0.67,-1.52,0.55,-0.01,89.61],[-0.0013,1.0079,-0.0013,1.0,-0.29,-0.33,0.07,90.08],[0.0078,1.0053,-0.0027,0.77,-1.68,0.7,-0.44,90.15],[0.0048,1.005,0.0093,1.04,-1.26,0.08,-0.27,89.47],[0.0015,1.0078,-0.0012,0.97,-1.15,0.5,-0.09,90.07]]}
69.512	{"type":"ecg","dev":"node-01","seq":695,"t0":70734,"fs":250,"leads_off":false,"bpm":76.2,"samples":[2027,2029,2029,2021,2025,2027,2033,2021,2032,2029,2038,2034,2020,2016,2028,2031,2027,2025,2020,2029,2034,2028,2015,2032,2018]}
69.514	{"type":"imu","dev":"node-01","seq":695,"t0":70734,"fs":100,"samples":[[-0.0001,1.0047,0.0045,1.21,-0.97,1.33,0.01,89.74],[-0.0034,1.0022,-0.0037,1.47,-0.55,0.33,0.2,90.21],[-0.0043,1.003,0.002,1.17,-1.14,0.6,0.24,89.89],[0.0018,1.0041,0.0031,0.56,-0.46,0.68,-0.1,89.82],[-0.0036,0.9996,0.0005,1.71,-0.42,0.62,0.21,89.97],[-0.0006,1.0007,-0.0005,1.48,-0.63,-0.22,0.03,90.03],[-0.0014,0.996,-0.0016,1.01,0.55,1.21,0.08,90.09],[0.0021,1.0011,-0.0011,2.03,-1.22,0.6,-0.12,90.06],[0.0012,1.0066,-0.0051,1.65,-0.94,-0.36,-0.07,90.29],[-0.0025,1.0047,-0.0014,0.48,-1.01,0.06,0.14,90.08]]}
69.612	{"type":"ecg","dev":"node-01","seq":696,"t0":70834,"fs":250,"leads_off":false,"bpm":75.3,"samples":[2032,2035,2024,2021,2025,2016,2013,2015,2014,2026,2022,2027,2021,2017,2014,2014,2029,2021,2028,2022,2019,2022,2013,2019,2024]}
69.614	{"type":"imu","dev":"node-01","seq":696,"t0":70834,"fs":100,"samples":[[0.002,1.0004,0.0008,1.78,-0.28,0.32,-0.11,89.95],[0.0,1.0038,0.0005,1.59,-1.69,-0.0,-0.0,89.97],[-0.0018,1.0029,-0.0025,1.64,-0.68,0.44,0.1,90.14],[0.0004,0.9966,-0.0051,1.77,-0.44,0.24,-0.02,90.29],[-0.0023,0.9999,0.006,1.09,-0.73,0.68,0.13,89.66],[0.0009,1.0041,-0.0014,0.97,-0.94,1.19,-0.05,90.08],[-0.0052,1.0081,-0.0047,0.72,-0.94,0.72,0.3,90.27],[-0.0014,0.9976,0.0033,1.48,-0.66,0.55,0.08,89.81],[0.0011,1.0,-0.0091,1.23,-0.93,-0.03,-0.06,90.52],[-0.0022,1.0067,0.0021,0.9,-1.15,1.15,0.13,89.88]]}
69.713	{"type":"ecg","dev":"node-01","seq":697,"t0":70934,"fs":250,"leads_off":false,"bpm":76.1,"samples":[2025,2033,2036,2041,2046,2060,2080,2074,2093,2097,2104,2106,2111,2110,2078,2059,2066,2066,2045,2036,2032,2027,2021,2014,2017]}
69.715	{"type":"imu","dev":"node-01","seq":697,"t0":70934,"fs":100,"samples":[[-0.0055,1.001,-0.0029,1.23,0.03,-0.13,0.32,90.16],[-0.0036,0.9962,-0.0015,2.05,-1.39,0.66,0.2,90.09],[-0.0066,0.999,0.0001,1.33,0.7,-0.16,0.38,89.99],[0.0026,1.0044,0.0039,0.75,-0.77,-0.16,-0.15,89.77],[0.0029,0.9995,0.0019,1.93,-0.66,1.09,-0.17,89.89],[0.0061,1.004,-0.0033,1.41,-0.36,-0.33,-0.35,90.19],[0.0,1.0017,0.0065,1.51,-0.79,1.25,-0.0,89.63],[0.0055,1.0031,-0.0042,0.63,-0.25,-0.18,-0.32,90.24],[-0.0012,0.9958,0.0049,1.83,-0.59,0.21,0.07,89.72],[0.0007,0.998,-0.0053,1.19,-1.03,-0.46,-0.04,90.3]]}
69.813	{"type":"ecg","dev":"node-01","seq":698,"t0":71034,"fs":250,"leads_off":false,"bpm":77.3,"samples":[2012,2007,2008,2010,1990,1983,2006,2158,2458,2684,2660,2383,2082,1917,1899,1949,1984,2010,2007,2009,2008,2018,2009,2000,2006]}
69.815	{"type":"imu","dev":"node-01","seq":698,"t0":71034,"fs":100,"samples":[[-0.0024,1.0061,-0.0007,1.1,-0.74,1.03,0.14,90.04],[-0.0054,0.9973,0.0034,1.5,-0.73,0.54,0.31,89.8],[0.0018,1.0066,-0.0027,1.37,-1.05,-0.22,-0.1,90.15],[0.0059,1.0,0.0016,1.28,-0.52,0.25,-0.34,89.91],[-0.0015,1.0029,0.0029,1.04,-0.02,1.22,0.09,89.84],[-0.0005,0.9963,0.0066,0.19,-0.61,0.35,0.03,89.62],[-0.0027,0.9985,-0.0062,1.31,-1.61,0.31,0.16,90.35],[-0.0049,1.0016,-0.002,2.43,-1.55,-0.01,0.28,90.11],[0.0038,0.9945,-0.0017,1.32,-1.04,0.22,-0.22,90.1],[0.0069,0.997,0.0015,1.97,-0.07,0.61,-0.4,89.92]]}
69.914	{"type":"ecg","dev":"node-01","seq":699,"t0":71134,"fs":250,"leads_off":false,"bpm":77.1,"samples":[2009,2009,1996,2004,1997,2004,2016,2008,2017,2013,2004,2005,2000,2009,2014,2012,2033,2031,2029,2048,2052,2056,2062,2092,2108]}
69.916	{"type":"imu","dev":"node-01","seq":699,"t0":71134,"fs":100,"samples":[[-0.001,1.0043,-0.0004,1.19,-1.04,-0.21,0.06,90.03],[0.0027,1.0004,-0.0073,1.12,-0.47,0.56,-0.15,90.42],[-0.0057,1.0027,-0.0023,1.62,-1.3,0.98,0.33,90.13],[-0.0011,1.0059,-0.0005,1.08,-1.17,0.38,0.06,90.03],[0.0005,1.0038,-0.0018,1.22,-0.8,-0.14,-0.03,90.1],[-0.0015,0.9984,-0.0018,1.35,-1.31,0.4,0.08,90.1],[-0.0034,0.9995,0.0072,0.56,-1.18,0.7,0.2,89.59],[0.0054,1.0011,0.0066,1.66,-0.51,0.99,-0.31,89.62],[-0.007,1.0066,-0.0004,1.69,-1.47,0.61,0.4,90.02],[-0.0041,0.9992,0.0002,0.37,-1.42,0.45,0.23,89.99]]}
70.013	{"type":"ecg","dev":"node-01","seq":700,"t0":71234,"fs":250,"leads_off":false,"bpm":77.0,"samples":[2110,2134,2147,2163,2176,2195,2195,2193,2204,2208,2207,2195,2188,2186,2154,2152,2136,2126,2112,2105,2080,2070,2056,2039,2032]}
70.015	{"type":"imu","dev":"node-01","seq":700,"t0":71234,"fs":100,"samples":[[0.0108,1.0065,0.0069,1.52,-0.69,-0.17,-0.62,89.61],[0.0033,0.9989,0.0034,0.34,-0.46,0.05,-0.19,89.8],[0.0007,1.0026,-0.0007,1.24,-0.47,0.04,-0.04,90.04],[-0.0008,0.999,0.0009,0.9,-0.93,0.82,0.05,89.95],[0.0035,0.9938,0.0026,1.42,-0.66,0.49,-0.2,89.85],[-0.0017,0.9985,0.0037,-0.1,-0.83,0.29,0.1,89.79],[0.0017,1.0051,0.0003,1.83,-0.81,-0.19,-0.1,89.98],[-0.0009,0.994,-0.001,1.41,-0.64,0.26,0.05,90.06],[0.0028,0.9988,-0.0022,0.98,-0.6,1.29,-0.16,90.12],[-0.0032,1.002,-0.0025,1.27,-1.23,-0.68,0.18,90.14]]}
70.110	{"type":"ecg","dev":"node-01","seq":701,"t0":71334,"fs":250,"leads_off":false,"bpm":76.7,"samples":[2015,2035,2010,2011,2003,1990,2005,1994,1995,2006,1999,1984,1993,1992,1989,1992,1989,1986,1985,1987,1978,1981,1989,1992,1995]}
70.112	{"type":"imu","dev":"node-01","seq":701,"t0":71334,"fs":100,"samples":[[0.0046,1.0009,0.0004,1.56,-0.53,0.19,-0.26,89.98],[-0.0036,0.9948,0.0008,1.16,-2.01,0.16,0.21,89.96],[-0.0015,0.9982,-0.0058,0.2,-1.12,0.36,0.09,90.33],[0.0048,0.9996,0.0035,0.96,-0.5,0.46,-0.28,89.8],[0.0084,1.0067,-0.0025,1.53,-0.76,0.93,-0.48,90.14],[-0.0011,1.0012,0.0032,0.9,-0.72,-0.03,0.06,89.81],[-0.0017,0.9954,-0.0002,1.48,-0.55,0.53,0.1,90.01],[-0.0043,0.9893,0.0036,0.51,-1.05,0.12,0.25,89.79],[0.0017,1.0055,-0.0006,1.13,-0.95,-0.4,-0.1,90.03],[-0.0096,0.9965,0.008,1.23,0.21,0.88,0.55,89.54]]}
70.212	{"type":"ecg","dev":"node-01","seq":702,"t0":71434,"fs":250,"leads_off":false,"bpm":74.6,"samples":[1982,1989,1990,1978,1995,1986,1985,1979,1989,1994,1983,1987,1988,1981,1991,1990,1977,1979,1987,1978,1988,1972,1979,1988,1990]}
70.214	{"type":"imu","dev":"node-01","seq":702,"t0":71434,"fs":100,"samples":[[0.0023,1.0011,-0.0001,1.0,-0.31,0.53,-0.13,90.0],[-0.0036,1.0006,0.0003,0.78,-0.54,0.36,0.21,89.98],[0.0007,1.0089,0.0038,0.82,-0.64,0.83,-0.04,89.79],[0.0018,0.9974,-0.0033,1.29,-2.02,0.13,-0.1,90.19],[-0.0004,0.9948,0.0039,1.6,-0.8,-0.45,0.02,89.77],[0.0012,0.992,0.0048,0.74,-0.4,1.06,-0.07,89.72],[-0.0021,0.9908,-0.0044,1.3,-0.3,-0.16,0.12,90.25],[-0.0072,1.0013,0.0002,0.42,-0.91,0.11,0.41,89.99],[0.0034,1.0034,-0.002,1.23,-1.0,0.53,-0.19,90.12],[0.0014,1.0008,-0.0034,0.9,-0.31,0.31,-0.08,90.2]]}
70.311	{"type":"ecg","dev":"node-01","seq":703,"t0":71534,"fs":250,"leads_off":false,"bpm":76.3,"samples":[1981,1988,1981,1977,1974,1985,1979,1984,1978,1975,1974,1978,1978,1973,1975,1968,1973,1987,1984,1984,1983,1979,1975,1972,1977]}
70.313	{"type":"imu","dev":"node-01","seq":703,"t0":71534,"fs":100,"samples":[[0.0006,0.9985,0.009,0.93,-1.59,0.15,-0.03,89.49],[0.0027,0.9967,0.0082,0.93,-1.42,0.31,-0.16,89.53],[-0.0005,0.9967,0.0014,1.05,-1.23,0.42,0.03,89.92],[-0.0013,0.9891,0.0006,0.25,-1.68,0.0,0.07,89.97],[-0.0027,0.9957,-0.0006,1.25,-0.09,0.63,0.16,90.03],[0.0023,0.994,0.0063,1.08,-0.58,0.17,-0.13,89.64],[-0.0013,0.9968,0.0067,1.31,-1.45,0.25,0.08,89.62],[-0.0005,1.0019,-0.0039,-0.09,-0.06,0.26,0.03,90.22],[0.0081,0.9972,-0.0053,1.05,-1.68,0.26,-0.47,90.31],[-0.0033,0.997,0.0009,0.68,-1.15,0.67,0.19,89.95]]}
70.412	{"type":"ecg","dev":"node-01","seq":704,"t0":71634,"fs":250,"leads_off":false,"bpm":77.5,"samples":[1977,1967,1981,1979,1980,1971,1976,1976,1978,1964,1975,1968,1977,1974,1976,1973,1993,1966,1970,1982,1968,1972,1974,1975,1987]}
70.414	{"type":"imu","dev":"node-01","seq":704,"t0":71634,"fs":100,"samples":[[0.0027,0.9932,-0.003,2.05,-0.44,1.35,-0.16,90.18],[-0.009,0.9884,0.0057,1.19,-1.23,0.03,0.52,89.67],[0.0041,1.0026,-0.0004,1.71,-1.3,0.6,-0.23,90.02],[0.0025,0.9945,-0.0065,1.9,-1.04,0.63,-0.14,90.37],[-0.0015,0.9924,0.0047,1.86,-0.85,0.41,0.08,89.73],[0.0008,1.0029,-0.0032,0.77,-0.4,0.53,-0.04,90.18],[0.0044,0.998,-0.0008,1.24,-0.81,-0.03,-0.25,90.04],[-0.0006,0.9973,-0.0005,0.95,-1.5,0.58,0.03,90.03],[-0.0011,0.9951,0.0058,2.03,-1.26,0.5,0.06,89.67],[0.0004,0.996,-0.0047,1.36,-0.48,1.46,-0.02,90.27]]}
70.512	{"type":"ecg","dev":"node-01","seq":705,"t0":71734,"fs":250,"leads_off":false,"bpm":76.5,"samples":[1996,1996,2014,2040,2035,2049,2053,2050,2062,2054,2056,2037,2030,2032,2018,1999,1994,1972,1991,1982,1975,1966,1968,1976,1981]}
70.514	{"type":"imu","dev":"node-01","seq":705,"t0":71734,"fs":100,"samples":[[0.0009,0.9994,0.0003,1.71,-0.39,0.39,-0.05,89.98],[0.0047,0.9957,0.0047,0.67,-1.6,-0.01,-0.27,89.73],[0.0064,1.0016,-0.0011,1.2,0.01,0.29,-0.37,90.07],[-0.006,0.9946,-0.0038,0.52,-0.52,0.31,0.35,90.22],[-0.0,1.0025,0.0014,1.1,-1.63,0.91,0.0,89.92],[-0.0018,0.9998,-0.0031,0.32,-0.91,0.94,0.1,90.17],[-0.0027,0.9932,0.0005,0.64,-0.82,0.38,0.16,89.97],[0.0041,0.9981,-0.0022,1.28,-1.41,-0.3,-0.24,90.13],[-0.0013,1.0025,0.005,1.32,-1.34,0.57,0.08,89.71],[-0.0053,0.9949,-0.0027,1.17,-0.09,0.81,0.31,90.16]]}
70.611	{"type":"ecg","dev":"node-01","seq":706,"t0":71834,"fs":250,"leads_off":false,"bpm":74.8,"samples":[1968,1956,1944,1957,2038,2292,2581,2671,2461,2136,1913,1852,1881,1917,1953,1965,1973,1961,1968,1960,1967,1967,1959,1960,1962]}
70.613	{"type":"imu","dev":"node-01","seq":706,"t0":71834,"fs":100,"samples":[[-0.0027,0.9978,0.0044,1.77,-0.06,1.07,0.16,89.75],[-0.0012,0.9985,0.0077,2.3,-0.95,1.08,0.07,89.56],[-0.0054,0.997,0.0004,0.83,-1.06,0.48,0.31,89.98],[-0.0028,0.9924,0.0085,1.22,-0.72,0.09,0.16,89.51],[-0.0001,0.9973,-0.0061,1.52,-0.56,0.74,0.01,90.35],[-0.0027,0.9931,0.0044,1.13,-0.65,-0.06,0.15,89.75],[0.0021,1.0039,-0.0037,0.26,-0.1,0.5,-0.12,90.21],[0.0058,0.9996,0.0042,1.79,-1.47,0.89,-0.33,89.76],[0.0035,1.002,0.0063,0.81,-1.34,1.84,-0.2,89.64],[-0.0052,0.9968,0.0066,1.37,-0.76,0.85,0.3,89.62]]}
70.711	{"type":"ecg","dev":"node-01","seq":707,"t0":71934,"fs":250,"leads_off":false,"bpm":76.3,"samples":[1972,1964,1967,1969,1978,1970,1963,1966,1965,1969,1983,1976,1978,1983,1995,1994,2011,2016,2029,2035,2041,2058,2070,2092,2109]}
70.713	{"type":"imu","dev":"node-01","seq":707,"t0":71934,"fs":100,"samples":[[0.0044,0.9961,-0.0044,0.48,-1.26,-0.73,-0.25,90.26],[0.0049,0.9981,-0.0005,1.53,-0.38,0.55,-0.28,90.03],[-0.0055,0.9969,-0.0028,1.57,-0.77,-0.27,0.32,90.16],[0.0037,0.9959,-0.0066,0.96,-0.61,-0.29,-0.21,90.38],[-0.0053,0.993,-0.0007,1.28,-0.17,0.04,0.31,90.04],[0.0012,0.9928,0.0036,0.99,-0.53,-0.13,-0.07,89.79],[0.0024,0.9941,0.0069,0.85,-0.84,0.98,-0.14,89.6],[-0.0038,1.0038,0.0106,1.61,-0.63,0.31,0.22,89.39],[0.0025,0.9923,0.0063,0.81,-0.93,0.14,-0.14,89.64],[-0.0041,0.999,-0.0094,1.46,-0.4,-0.68,0.24,90.54]]}
70.812	{"type":"ecg","dev":"node-01","seq":708,"t0":72034,"fs":250,"leads_off":false,"bpm":76.1,"samples":[2117,2130,2144,2153,2171,2178,2167,2164,2155,2161,2144,2153,2128,2101,2093,2091,2072,2040,2039,2036,2016,2002,2009,1984,1980]}
70.814	{"type":"imu","dev":"node-01","seq":708,"t0":72034,"fs":100,"samples":[[-0.0012,0.9976,0.0016,1.2,-1.4,0.15,0.07,89.91],[0.0016,0.9953,-0.0023,0.54,-0.91,-0.03,-0.09,90.13],[-0.0047,0.9914,-0.0043,1.55,-1.21,0.65,0.27,90.25],[-0.0025,0.998,-0.0019,1.9,-1.65,0.46,0.14,90.11],[0.0051,0.9907,0.0033,1.19,-0.7,-0.03,-0.29,89.81],[-0.0072,0.9963,-0.0047,1.39,-0.55,1.03,0.42,90.27],[-0.0001,0.9932,0.0008,0.21,-0.57,-0.17,0.01,89.95],[0.0037,0.997,-0.0044,0.46,-0.35,0.43,-0.21,90.25],[-0.0046,0.9932,-0.0048,1.83,-0.77,1.11,0.26,90.28],[-0.0074,0.9982,-0.006,1.4,-0.91,0.04,0.42,90.34]]}
70.913	{"type":"ecg","dev":"node-01","seq":709,"t0":72134,"fs":250,"leads_off":false,"bpm":76.9,"samples":[1972,1978,1974,1967,1968,1967,1968,1970,1954,1961,1953,1956,1963,1956,1960,1960,1952,1967,1967,1944,1968,1946,1953,1953,1957]}
70.915	{"type":"imu","dev":"node-01","seq":709,"t0":72134,"fs":100,"samples":[[0.0011,0.9933,-0.0016,0.93,-0.9,0.4,-0.06,90.09],[-0.0025,0.9902,0.0008,1.6,-1.19,0.44,0.15,89.95],[0.0039,0.9998,0.0008,1.34,-0.95,1.01,-0.23,89.96],[-0.0039,0.9918,-0.0003,1.09,-0.08,-0.2,0.23,90.02],[-0.0075,1.0008,-0.0062,1.21,-0.87,0.84,0.43,90.35],[-0.005,0.9932,-0.0048,0.72,-0.79,-0.29,0.29,90.28],[-0.0012,0.996,-0.0038,1.12,-0.57,0.35,0.07,90.22],[0.0015,1.0025,-0.0037,2.52,-0.46,0.13,-0.08,90.21],[0.0008,0.9987,0.0041,1.08,-0.88,0.52,-0.05,89.76],[0.0017,0.9971,-0.0025,1.82,-1.25,0.15,-0.1,90.15]]}
71.000	{"type":"status","dev":"node-01","fw":"0.1.0","uptime_ms":72234,"ecg":{"fs":250},"imu":{"ok":true,"fs":100,"errors":0,"fields":["ax","ay","az","gx","gy","gz","pitch","roll"]}}
71.011	{"type":"ecg","dev":"node-01","seq":710,"t0":72234,"fs":250,"leads_off":false,"bpm":77.2,"samples":[1973,1962,1962,1962,1946,1961,1956,1960,1962,1956,1960,1957,1959,1956,1955,1964,1962,1959,1964,1948,1974,1961,1964,1961,1951]}
71.013	{"type":"imu","dev":"node-01","seq":710,"t0":72234,"fs":100,"samples":[[0.0005,0.995,0.0059,1.82,-0.58,0.4,-0.03,89.66],[0.0055,0.9937,0.004,0.82,-1.16,0.43,-0.32,89.77],[0.0022,0.9953,0.002,1.29,-0.65,0.34,-0.12,89.88],[-0.0007,0.9952,-0.0042,1.8,-0.96,1.61,0.04,90.24],[0.0015,0.9966,-0.0021,2.02,-1.66,0.05,-0.09,90.12],[-0.0005,0.9911,0.0007,1.34,-0.41,0.81,0.03,89.96],[-0.0032,0.9975,0.0085,0.22,-1.98,1.2,0.18,89.51],[0.005,0.9954,0.0016,1.6,1.05,0.27,-0.29,89.91],[-0.0011,0.9969,0.0028,0.61,-0.58,0.51,0.06,89.84],[0.0005,1.002,-0.0043,1.74,-1.69,1.33,-0.03,90.25]]}
71.111	{"type":"ecg","dev":"node-01","seq":711,"t0":72334,"fs":250,"leads_off":false,"bpm":76.5,"samples":[1964,1958,1957,1951,1954,1971,1965,1942,1960,1949,1955,1965,1956,1970,1961,1962,1962,1961,1956,1956,1969,1965,1963,1947,1959]}
71.113	{"type":"imu","dev":"node-01","seq":711,"t0":72334,"fs":100,"samples":[[-0.0009,0.9986,0.0089,1.39,-0.26,-0.06,0.05,89.49],[0.0006,1.0037,-0.0021,1.73,-1.15,0.89,-0.03,90.12],[-0.006,0.9948,0.0011,1.88,-0.34,0.19,0.35,89.93],[0.0014,0.9973,-0.0044,1.53,-0.44,0.22,-0.08,90.25],[-0.0049,0.9959,0.0005,1.65,0.17,-0.84,0.28,89.97],[0.0006,0.994,-0.0006,1.52,-1.27,1.42,-0.03,90.03],[0.0019,1.0043,0.0016,0.27,-0.64,0.06,-0.11,89.91],[-0.0067,0.9975,-0.0018,2.68,-1.31,0.61,0.39,90.1],[0.0007,0.9899,0.0104,0.81,-0.32,0.14,-0.04,89.4],[0.004,0.9997,-0.0035,0.34,-0.83,0.33,-0.23,90.2]]}
71.210	{"type":"ecg","dev":"node-01","seq":712,"t0":72434,"fs":250,"leads_off":false,"bpm":77.1,"samples":[1968,1955,1972,1963,1961,1954,1953,1959,1962,1962,1959,1966,1961,1954,1969,1958,1963,1969,1978,1964,1965,1975,1985,1991,2002]}
71.212	{"type":"imu","dev":"node-01","seq":712,"t0":72434,"fs":100,"samples":[[-0.002,1.0045,-0.0,1.46,-1.03,1.9,0.12,90.0],[-0.0048,1.0001,-0.0069,0.96,-0.91,0.39,0.28,90.4],[0.0028,0.9946,-0.0037,1.48,-1.27,0.22,-0.16,90.21],[0.0013,0.9971,0.0001,0.7,-1.23,0.96,-0.07,89.99],[-0.0069,0.9954,0.0012,0.65,-0.36,1.1,0.4,89.93],[0.005,0.9975,-0.0038,0.88,-0.88,1.89,-0.29,90.22],[-0.0068,0.9936,-0.0051,1.23,-1.13,1.58,0.39,90.29],[-0.0035,0.9928,-0.0005,1.39,-0.95,0.01,0.2,90.03],[-0.004,0.9903,0.0023,0.49,0.08,0.04,0.23,89.86],[-0.0034,0.9899,-0.0016,0.63,-1.05,0.45,0.2,90.09]]}
71.313	{"type":"ecg","dev":"node-01","seq":713,"t0":72534,"fs":250,"leads_off":false,"bpm":77.1,"samples":[2017,2024,2031,2046,2033,2060,2050,2072,2045,2040,2028,2003,1992,1987,1988,1981,1976,1969,1970,1967,1956,1971,1971,1962,1949]}
71.315	{"type":"imu","dev":"node-01","seq":713,"t0":72534,"fs":100,"samples":[[0.0,0.9947,0.0005,1.22,-0.69,0.15,-0.0,89.97],[0.0002,1.0065,0.0033,1.93,-0.45,0.3,-0.01,89.81],[-0.0025,0.9988,0.0005,1.19,-0.3,0.33,0.14,89.97],[-0.0047,1.0004,-0.0058,1.14,-0.23,0.64,0.27,90.33],[-0.0031,0.9952,-0.0046,1.19,-0.71,0.93,0.18,90.27],[0.0059,1.0005,0.0065,1.41,-0.31,-0.05,-0.34,89.63],[0.0061,0.997,0.0001,0.52,-0.3,0.51,-0.35,89.99],[-0.0009,0.9965,-0.0074,1.15,-0.51,0.16,0.05,90.43],[-0.0013,0.9916,0.0019,1.93,-0.58,0.47,0.08,89.89],[0.0056,1.0002,0.0041,1.6,-0.26,0.54,-0.32,89.76]]}
71.413	{"type":"ecg","dev":"node-01","seq":714,"t0":72634,"fs":250,"leads_off":false,"bpm":77.0,"samples":[1940,1992,2189,2485,2665,2573,2268,1989,1859,1882,1925,1950,1961,1975,1970,1961,1966,1967,1975,1978,1982,1982,1964,1974,1973]}
71.415	{"type":"imu","dev":"node-01","seq":714,"t0":72634,"fs":100,"samples":[[0.0031,1.0047,0.0041,2.08,-1.14,-0.13,-0.18,89.77],[-0.0007,0.9959,-0.0083,1.87,-0.82,1.15,0.04,90.47],[0.0011,0.9928,-0.0015,0.82,-1.14,0.88,-0.06,90.09],[-0.0041,1.0025,0.0037,1.42,-0.72,1.26,0.23,89.79],[0.0027,0.9975,0.0056,1.08,-0.98,-0.09,-0.15,89.68],[-0.002,0.9938,-0.0059,1.08,-1.03,1.63,0.11,90.34],[0.0071,0.9997,-0.0073,1.19,-0.76,0.61,-0.41,90.42],[0.0019,1.0023,-0.0035,1.49,-0.84,-0.03,-0.11,90.2],[0.0082,1.0019,-0.0024,1.06,-0.86,1.05,-0.47,90.14],[0.0082,1.0016,0.0002,0.8,-1.11,-0.35,-0.47,89.99]]}
71.513	{"type":"ecg","dev":"node-01","seq":715,"t0":72734,"fs":250,"leads_off":false,"bpm":74.8,"samples":[1962,1966,1973,1971,1975,1978,1975,1985,1981,1981,1987,1998,2007,2013,2021,2020,2040,2061,2074,2103,2111,2114,2142,2148,2154]}
71.515	{"type":"imu","dev":"node-01","seq":715,"t0":72734,"fs":100,"samples":[[0.0006,0.9969,0.005,1.33,-0.23,0.43,-0.03,89.71],[0.0025,0.999,0.0019,0.68,-0.14,-0.27,-0.14,89.89],[-0.0058,0.9942,-0.0089,0.79,-0.48,0.2,0.34,90.51],[0.005,0.989,0.0042,0.32,-1.92,-0.21,-0.29,89.76],[0.0001,1.0018,0.0049,0.85,-1.59,0.02,-0.0,89.72],[-0.0032,1.0037,0.0023,0.48,-0.76,-0.55,0.18,89.87],[-0.0004,0.9909,-0.0022,0.52,-0.61,0.42,0.03,90.13],[0.0022,0.9983,0.0007,1.29,-0.41,0.76,-0.13,89.96],[-0.005,0.9989,0.0021,1.6,0.33,0.2,0.29,89.88],[0.0084,1.0014,-0.0037,-0.1,-1.23,-0.63,-0.48,90.21]]}
71.612	{"type":"ecg","dev":"node-01","seq":716,"t0":72834,"fs":250,"leads_off":false,"bpm":76.6,"samples":[2174,2172,2179,2181,2179,2175,2182,2172,2165,2142,2142,2122,2114,2092,2088,2073,2063,2035,2027,2021,2005,2006,1986,1999,1996]}
71.614	{"type":"imu","dev":"node-01","seq":716,"t0":72834,"fs":100,"samples":[[0.0005,0.9989,-0.0035,0.64,-0.17,-0.32,-0.03,90.2],[0.0012,1.0014,0.0015,1.29,-0.69,0.39,-0.07,89.91],[0.0039,0.9962,0.0062,0.97,0.12,0.38,-0.22,89.64],[0.0044,0.9876,-0.0071,1.26,-0.27,0.79,-0.25,90.41],[0.0011,0.9981,0.0049,-0.15,-0.18,0.9,-0.06,89.72],[-0.0024,1.0014,-0.0004,1.36,-1.09,1.09,0.14,90.02],[-0.0014,0.9992,0.0012,1.36,0.09,0.13,0.08,89.93],[-0.0031,1.0012,-0.0026,1.39,-0.77,1.08,0.18,90.15],[0.0046,1.0,-0.003,1.58,-0.7,0.4,-0.27,90.17],[-0.0036,1.0043,0.002,0.92,-1.03,0.81,0.2,89.88]]}
71.713	{"type":"ecg","dev":"node-01","seq":717,"t0":72934,"fs":250,"leads_off":false,"bpm":75.2,"samples":[1989,1983,1981,1985,1975,1977,1990,1989,1987,1984,1986,1986,1984,1986,1987,1981,1991,1976,1989,1992,1992,1986,1982,1996,1980]}
71.715	{"type":"imu","dev":"node-01","seq":717,"t0":72934,"fs":100,"samples":[[-0.0069,1.001,0.0013,0.8,-0.85,0.31,0.39,89.93],[-0.0011,0.9943,0.0004,0.67,-0.45,0.46,0.06,89.98],[-0.0028,0.9953,-0.0059,0.98,-1.07,0.3,0.16,90.34],[0.0029,0.9984,-0.0008,0.7,-0.15,0.38,-0.17,90.05],[-0.002,0.9964,0.006,2.05,-1.14,0.62,0.12,89.66],[-0.0018,0.9995,-0.0006,1.1,0.03,-0.22,0.1,90.03],[0.0004,0.9943,0.0015,0.88,-0.86,0.56,-0.02,89.92],[-0.0078,1.0031,0.0012,0.88,-0.41,0.7,0.44,89.93],[-0.0002,1.005,-0.0017,1.12,-0.68,0.16,0.01,90.1],[0.0084,0.999,0.0018,1.05,-1.38,0.33,-0.48,89.9]]}
71.811	{"type":"ecg","dev":"node-01","seq":718,"t0":73034,"fs":250,"leads_off":false,"bpm":75.5,"samples":[1978,1986,1993,1983,1994,1981,1981,1981,1984,1986,1990,1981,1985,1993,1989,2000,1994,1992,1984,1993,1997,1997,1986,1980,1992]}
71.813	{"type":"imu","dev":"node-01","seq":718,"t0":73034,"fs":100,"samples":[[-0.003,1.0029,-0.0004,1.14,-0.38,0.04,0.17,90.02],[-0.005,0.9957,-0.003,0.56,-0.56,0.09,0.29,90.17],[-0.0015,0.9968,0.0025,0.78,-1.23,0.18,0.09,89.86],[-0.0057,1.0,-0.0015,1.33,-0.46,1.36,0.33,90.08],[0.0,0.9979,-0.0051,1.49,-0.28,0.54,-0.0,90.29],[0.0036,1.0019,0.0065,1.39,-0.14,-0.13,-0.21,89.63],[-0.006,1.002,0.001,1.42,-0.78,0.12,0.34,89.94],[0.0039,1.0011,0.002,1.17,-0.78,0.16,-0.22,89.88],[-0.0008,0.9977,0.0006,1.13,-1.03,0.41,0.05,89.97],[-0.0032,0.9983,0.0021,0.94,-0.95,0.17,0.18,89.88]]}
71.911	{"type":"ecg","dev":"node-01","seq":719,"t0":73134,"fs":250,"leads_off":false,"bpm":75.8,"samples":[1990,2001,1994,1995,2000,2001,1988,1998,1991,1992,1996,2002,2005,1988,1985,1996,1991,1998,1989,2005,1991,2005,1987,2004,2013]}
71.913	{"type":"imu","dev":"node-01","seq":719,"t0":73134,"fs":100,"samples":[[0.0016,1.0033,0.0006,1.6,-0.48,0.45,-0.09,89.97],[0.0036,0.9967,-0.0097,1.26,-1.16,0.78,-0.21,90.56],[0.0016,0.9937,-0.0022,1.69,-1.26,0.75,-0.09,90.12],[-0.0092,0.9973,-0.0014,0.31,-1.08,0.05,0.53,90.08],[0.0024,1.0033,0.0039,1.95,0.34,0.81,-0.14,89.78],[0.0004,1.0006,-0.0023,1.22,-0.84,-0.36,-0.02,90.13],[-0.0055,0.9977,-0.0047,0.93,-0.43,0.26,0.31,90.27],[0.0025,0.9982,0.001,1.67,-0.56,1.36,-0.15,89.95],[0.0023,0.998,-0.0067,1.47,-1.27,0.41,-0.13,90.38],[0.0053,0.9967,0.0004,0.9,-0.37,0.85,-0.3,89.98]]}
